$MeshFormat
2.2 0 8
$EndMeshFormat
$PhysicalNames
4
2 15431 "top"
3 1 "cathode"
3 2 "cat_inside"
3 3 "block_0"
$EndPhysicalNames
$Nodes
1713
1 -0.98 -0.98 0.834
2 -0.98 -0.98 0.604
3 -0.98 0.97 0.834
4 -0.98 0.97 0.604
5 0.97 -0.98 0.834
6 0.97 -0.98 0.604
7 0.97 0.97 0.834
8 0.97 0.97 0.604
9 -0.98 -0.2447304357307467 0.5023323958564851
10 -0.979013621807 -0.246693447232 0.506615161896
11 -0.98 -0.2475515697519106 0.5069030979251729
12 -0.959807813168 -0.218990653753 0.430819571018
13 -0.98 -0.2271799799270104 0.4599540551303667
14 -0.98 -0.2175043705008882 0.4159826876963688
15 -0.98 -0.217532256130703 0.4111068187445101
16 -0.98 -0.2184688906901036 0.3796441641181928
17 -0.98 -0.2203798945447412 0.3642776701307696
18 -0.98 -0.2306198493109569 0.3230116003004243
19 -0.98 -0.2378411888948566 0.3074201334878084
20 -0.98 -0.2658350553427014 0.2671656049835956
21 -0.98 -0.2688484615167318 0.2636631787270943
22 -0.98 -0.2917131313093088 0.247044726738859
23 -0.98 -0.3157057851791505 0.2354160823271005
24 -0.98 -0.35459272960551 0.2217495598604034
25 -0.98 -0.3983765205227432 0.2143944216660839
26 -0.98 -0.4009079861633639 0.2141814228334803
27 -0.98 -0.4473479615353637 0.2200808462081314
28 -0.98 -0.4584423813156807 0.2215553928296074
29 -0.98 -0.4612865304818053 0.2225385815776241
30 -0.98 -0.5004244447357968 0.2390911815657812
31 -0.98 -0.5117408621843029 0.2484833971147881
32 -0.98 -0.5415230147285469 0.2756100662158352
33 -0.98 -0.5504920953890384 0.2890557377349279
34 -0.98 -0.5716362071701792 0.3282594643994385
35 -0.98 -0.5755106548255581 0.3470044292726689
36 -0.98 -0.5816001830546351 0.3942646513177629
37 -0.98 -0.5766363058702199 0.4369686240335897
38 -0.98 -0.576328776683151 0.4501962216476643
39 -0.98 -0.5608195794905683 0.4888039384749748
40 -0.98 -0.5515824340644413 0.5073520651642106
41 -0.98 -0.5422392567911453 0.5184652205300337
42 -0.98 -0.5317293326791369 0.52787647185107
43 -0.98 -0.5286850178034723 0.5323193751349197
44 -0.98 -0.5063447176115188 0.5508481481541676
45 -0.98 -0.4912405019509176 0.5602839360410208
46 -0.98 -0.4854997659573778 0.5623102321710836
47 -0.98 -0.4457477376793315 0.5758492255598719
48 -0.98 -0.4328527297947845 0.5764580783367496
49 -0.98 -0.377932530115631 0.5776542691546535
50 -0.98 -0.3187699586770474 0.5653461495608693
51 -0.98 -0.3184899658623451 0.5652577405846663
52 -0.98 -0.3159057597306728 0.5637554114747171
53 -0.98 -0.2875998830456146 0.5468568280907894
54 -0.98 -0.285148433004286 0.5453121768119975
55 -0.98 -0.2494262889853175 0.5090685071694445
56 -0.963702917099 -0.232400611043 0.47844350338
57 -0.978035986423 -0.217886015773 0.375971734524
58 -0.974454522133 -0.23570497334 0.307160824537
59 -0.978888809681 -0.267546147108 0.2640376091
60 -0.97163015604 -0.295900791883 0.239691704512
61 -0.965246081352 -0.357535660267 0.215982854366
62 -0.8836171031 -0.411192476749 0.201244056225
63 -0.979780673981 -0.458938449621 0.221520811319
64 -0.787203967571 -0.521837294102 0.226438313723
65 -0.971349298954 -0.539757907391 0.270371377468
66 -0.966292977333 -0.5670863986020001 0.30982452631
67 -0.961143910885 -0.584194004536 0.393936723471
68 -0.97214859724 -0.575184166431 0.458616197109
69 -0.921042144299 -0.543017327785 0.514460265636
70 -0.972342014313 -0.525829911232 0.5375831723209999
71 -0.849105119705 -0.475983470678 0.5511443018910001
72 -0.941931664944 -0.442561179399 0.5732418894770001
73 -0.9633570313449999 -0.366685062647 0.578376591206
74 -0.8864002823829999 -0.307966679335 0.550130426884
75 -0.978898823261 -0.285378992558 0.54590266943
76 -0.760431408882 -0.238489404321 0.465851873159
77 -0.627247810364 -0.216305717826 0.320846706629
78 -0.7855380773540001 -0.236895248294 0.276838213205
79 -0.896768093109 -0.331975370646 0.213574558496
80 -0.785158097744 -0.474865376949 0.19773080945
81 -0.8274842500689999 -0.549574255943 0.262788385153
82 -0.936936080456 -0.581800341606 0.362211614847
83 -0.926203012466 -0.565753281116 0.477908164263
84 -0.798298239708 -0.505660533905 0.529951393604
85 -0.831436574459 -0.390755861998 0.563041448593
86 -0.961719512939 -0.277758508921 0.539962172508
87 -0.608549118042 -0.218124255538 0.365152031183
88 -0.615881025791 -0.227969631553 0.257957994938
89 -0.778915941715 -0.2625644207 0.239510834217
90 -0.96383190155 -0.265366971493 0.262821853161
91 -0.727605462074 -0.379788249731 0.175352677703
92 -0.797942578793 -0.397232592106 0.187871515751
93 -0.590544939041 -0.525785446167 0.181883081794
94 -0.691639006138 -0.548653721809 0.235022649169
95 -0.8479900956150001 -0.572733581066 0.310665041208
96 -0.680602431297 -0.581990897655 0.379870980978
97 -0.837015688419 -0.579260408878 0.429888725281
98 -0.7576575875280001 -0.552374243736 0.477359950542
99 -0.710543394089 -0.428225070238 0.538321077824
100 -0.788845777512 -0.319012761116 0.539771974087
101 -0.754118680954 -0.275427371264 0.507786870003
102 -0.508433938026 -0.242912441492 0.399654865265
103 -0.499597221613 -0.221532002091 0.238255083561
104 -0.5923327207570001 -0.257389008999 0.200539827347
105 -0.7608087658879999 -0.291813194752 0.211478054523
106 -0.704768359661 -0.34302803874 0.176772221923
107 -0.686969339848 -0.488822162151 0.183839052916
108 -0.650732517242 -0.570579826832 0.265362203121
109 -0.805635631084 -0.560109257698 0.275685757399
110 -0.394379019737 -0.5833970308300001 0.271765500307
111 -0.607027649879 -0.581123232841 0.295077562332
112 -0.70184057951 -0.53372502327 0.487148165703
113 -0.603508174419 -0.501696169376 0.486115098
114 -0.793064594269 -0.34878513217 0.551819324493
115 -0.45070502162 -0.220618903637 0.318284779787
116 -0.517698168755 -0.216419860721 0.282366007566
117 -0.460098922253 -0.243050545454 0.166042521596
118 -0.605277478695 -0.291965812445 0.172628641129
119 -0.503278195858 -0.464301079512 0.115737214684
120 -0.601457118988 -0.470973342657 0.151261076331
121 -0.468825876713 -0.563359320164 0.182362288237
122 -0.645384788513 -0.562466263771 0.433136045933
123 -0.536924421787 -0.575819075108 0.36774456501
124 -0.565823018551 -0.427823334932 0.498676300049
125 -0.569391846657 -0.363548278809 0.498342126608
126 -0.615337669849 -0.29226398468 0.48588681221
127 -0.194247052073 -0.229128673673 0.208810508251
128 -0.367833346128 -0.244724839926 0.119427621365
129 -0.352656722069 -0.262878358364 0.08998803794384
130 -0.406993299723 -0.289232522249 0.0959724187851
131 -0.6229325532909999 -0.328908860683 0.158756047487
132 -0.589319705963 -0.396896123886 0.137205347419
133 -0.413300395012 -0.521860659122 0.10745793581
134 -0.233694285154 -0.5825968980789999 0.133659943938
135 -0.241636425257 -0.558174967766 0.264390528202
136 -0.484956681728 -0.548212826252 0.401833057404
137 -0.510043501854 -0.466336965561 0.467787623405
138 -0.504899084568 -0.261659294367 0.421883761883
139 -0.360090017319 -0.26059833169 0.353621155024
140 -0.229054614902 -0.215274006128 0.141605645418
141 -0.263335973024 -0.228846773505 0.09812366217375
142 -0.416046112776 -0.330196171999 0.08095844835043001
143 -0.5061211586 -0.380883932114 0.107479602098
144 -0.390131294727 -0.554612517357 0.131766006351
145 0.227186471224 -0.583975315094 -0.155324667692
146 -0.140313282609 -0.5758094191549999 0.154241889715
147 -0.415450811386 -0.5069868564609999 0.408523023129
148 -0.403204143047 -0.395533204079 0.430666446686
149 -0.47216591239 -0.307815074921 0.444608479738
150 -0.261319994926 -0.249230653048 0.283935397863
151 -0.126998946071 -0.217181444168 0.111910246313
152 -0.33258703351 -0.243936210871 0.104936145246
153 -0.276437371969 -0.310763984919 0.01259871944785
154 -0.230755060911 -0.376201450825 -0.03076696954668
155 -0.440494865179 -0.430926144123 0.08144398778677001
156 -0.283548384905 -0.5045766830440001 0.02719231322408
157 -0.232256323099 -0.557479798794 0.0472897477448
158 -0.174541413784 -0.578590154648 0.06932713836432
159 -0.0525133498013 -0.549119591713 0.148658514023
160 -0.316212266684 -0.535775542259 0.333435177803
161 -0.365041613579 -0.44437110424 0.408389240503
162 -0.114405199885 -0.239078894258 0.17495290935
163 -0.300512164831 -0.278622686863 0.337829262018
164 0.251480579376 -0.21672219038 -0.214008152485
165 -0.05703007802367 -0.235908046365 -0.0546224527061
166 -0.161241799593 -0.255498379469 -0.01454245764762
167 -0.134496822953 -0.303949981928 -0.07284604012966001
168 -0.348819464445 -0.388312071562 0.03423103690147
169 0.314140766859 -0.5809921026230001 -0.268059134483
170 0.118153296411 -0.561432301998 0.004422333091497
171 -0.07860942184925 -0.511206865311 0.204778388143
172 -0.201524063945 -0.540321409702 0.259483575821
173 -0.214855462313 -0.502302408218 0.301421821117
174 -0.245568662882 -0.44403386116 0.342581361532
175 -0.290794402361 -0.376202732325 0.371297985315
176 -0.268537580967 -0.323970735073 0.346767306328
177 -0.04233172163367 -0.279058814049 0.171990171075
178 0.196903511882 -0.219746306539 -0.111319489777
179 0.179370641708 -0.228888988495 -0.210818350315
180 0.003687504678965 -0.261528670788 -0.136770918965
181 -0.004219851922244 -0.399020880461 -0.186534196138
182 -0.360272675753 -0.448467075825 0.04624677821994
183 -0.18874694407 -0.44436532259 -0.05395431816578
184 -0.06589352339505999 -0.547621786594 -0.07555548846722
185 -0.008852062746882 -0.570500612259 -0.07601018249989
186 0.452320098877 -0.58446598053 -0.301983714104
187 0.367339074612 -0.578099966049 -0.207917958498
188 0.136490061879 -0.510273993015 0.04644205421209
189 0.241320759058 -0.553387403488 -0.06879634410143
190 0.0587020367384 -0.243751376867 0.05718380585313
191 0.502363741398 -0.217385232449 -0.36166331172
192 0.391059547663 -0.240686118603 -0.372222930193
193 0.201001882553 -0.254238188267 -0.272227436304
194 -0.08072457462549 -0.288079530001 -0.0987541899085
195 0.008289188146590999 -0.376140683889 -0.194230377674
196 -0.03106688894331 -0.441544771194 -0.163763433695
197 -0.196576699615 -0.496550232172 -0.03190740197897
198 0.164707556367 -0.558310270309 -0.231800094247
199 0.369233310223 -0.564640402794 -0.352549433708
200 0.270187437534 -0.462091475725 -0.02403705194592
201 -0.09526494145393 -0.444925844669 0.243054717779
202 -0.09259276092052 -0.380207061768 0.24446284771
203 -0.10863237083 -0.328617453575 0.244294241071
204 0.292156636715 -0.246939688921 -0.1033244133
205 0.447592526674 -0.220355257392 -0.254660993814
206 0.277118831873 -0.226944878697 -0.13597021997
207 0.213927015662 -0.284929275513 -0.312091261148
208 0.08101542294025001 -0.323626250029 -0.235567122698
209 -0.003817135235295 -0.398392409086 -0.186690405011
210 0.05566132068634 -0.478985667229 -0.215925186872
211 -0.02626426517963 -0.509017705917 -0.14047908783
212 0.258280724287 -0.558469891548 -0.294967204332
213 0.541785538197 -0.581955313683 -0.369310289621
214 0.490568429232 -0.57884734869 -0.268578380346
215 0.348354816437 -0.551010429859 -0.131560221314
216 0.327348291874 -0.499481707811 -0.07390130311251
217 0.300883471966 -0.285848617554 -0.06840696930885
218 0.12363409996 -0.330395787954 0.07704234868288
219 0.732840061188 -0.216365009546 -0.374501168728
220 0.522610962391 -0.251424819231 -0.447068333626
221 0.408599585295 -0.283591359854 -0.429870814085
222 0.288703978062 -0.286251008511 -0.361126452684
223 0.169099584222 -0.514283776283 -0.280313968658
224 0.225929602981 -0.52691411972 -0.310034006834
225 0.532518625259 -0.559555411339 -0.434481531382
226 0.86202198267 -0.578442573547 -0.349298387766
227 0.770883381367 -0.560065925121 -0.291229486465
228 0.539778649807 -0.557012856007 -0.229724347591
229 0.455065757036 -0.548228263855 -0.183733612299
230 0.179422602057 -0.393358290195 0.04703041911125
231 0.307508051395 -0.469955772161 -0.04934615641832
232 0.391408383846 -0.262077331543 -0.139123335481
233 0.589245975018 -0.226162716746 -0.286751002073
234 0.680015563965 -0.220700100064 -0.422890901566
235 0.63514906168 -0.242544904351 -0.469774514437
236 0.278815418482 -0.321536809206 -0.375071495771
237 0.261863797903 -0.359414190054 -0.37512460351
238 0.178843423724 -0.401736915112 -0.320359051228
239 0.04996373131871 -0.467733711004 -0.215333342552
240 0.08931232243775999 -0.5114630460739999 -0.222739979625
241 0.349032610655 -0.5072134137149999 -0.403195351362
242 0.728476166725 -0.577318549156 -0.444078922272
243 0.369718939066 -0.523366808891 -0.404765367508
244 0.96937251091 -0.5833924412730001 -0.421021968126
245 0.699271917343 -0.5456693768500001 -0.258264064789
246 0.425392776728 -0.509080708027 -0.132825002074
247 0.322828620672 -0.365440666676 -0.04852281883359
248 0.405782312155 -0.421618491411 -0.09405001997948
249 0.479963839054 -0.352656960487 -0.132590651512
250 0.168975383043 -0.359680950642 0.05161974206567
251 0.408636540174 -0.28961533308 -0.126948878169
252 0.375789642334 -0.233905404806 -0.174277812243
253 0.772816240788 -0.222066685557 -0.338362306356
254 0.969031751156 -0.216122820973 -0.4009937644
255 0.647054314613 -0.292670756578 -0.52465057373
256 0.524508416653 -0.301773399115 -0.492157608271
257 0.408839672804 -0.328434914351 -0.452341020107
258 0.206240445375 -0.467030286789 -0.33018001914
259 0.680651426315 -0.545868515968 -0.496553242207
260 0.600519120693 -0.513804793358 -0.506965100765
261 0.97 -0.5810612308575276 -0.3665127782145279
262 0.97 -0.5832690989450997 -0.4178972500665757
263 0.97 -0.5696286377271381 -0.3241934730497114
264 0.97 -0.5709578808941699 -0.3282744263119812
265 0.852743506432 -0.503498017788 -0.23713080585
266 0.630803346634 -0.507317185402 -0.20644800365
267 0.547624230385 -0.5024786591530001 -0.180213600397
268 0.409950852394 -0.485439330339 -0.11256788671
269 0.542144060135 -0.293501615524 -0.180388733745
270 0.610948979855 -0.242824599147 -0.253574281931
271 0.54207277298 -0.245962575078 -0.22743819654
272 0.736820995808 -0.249590367079 -0.498755037785
273 0.78448754549 -0.224453210831 -0.452699899673
274 0.436541050673 -0.380750119686 -0.478295058012
275 0.288835406303 -0.430765748024 -0.393948167562
276 0.454330414534 -0.4851821661 -0.469158142805
277 0.826098740101 -0.570802569389 -0.469621121883
278 0.97 -0.2165011332253901 -0.396701755210295
279 0.97 -0.2194437786795683 -0.3634880763631868
280 0.97 -0.2163384813294895 -0.4022019435071963
281 0.97 -0.2168433981628543 -0.4049066626735934
282 0.97 -0.2227548031747266 -0.447488501117931
283 0.97 -0.2307637261655429 -0.4716234587133358
284 0.97 -0.2366549228424737 -0.4904101887516197
285 0.97 -0.2421921868913592 -0.5002945369934345
286 0.97 -0.255197409956853 -0.5185325152103841
287 0.97 -0.2749052442514585 -0.5383802195714644
288 0.97 -0.280706664124384 -0.5445062000238424
289 0.97 -0.283505760290943 -0.5470129858141208
290 0.97 -0.299559505808371 -0.556184531958789
291 0.97 -0.3214756435618325 -0.5680349143914886
292 0.97 -0.342311107671971 -0.5736141804545055
293 0.97 -0.3698231725782589 -0.5805585363235204
294 0.97 -0.3726772852568688 -0.5809512802776114
295 0.97 -0.3986521797722276 -0.5813663677612713
296 0.97 -0.4464685668877865 -0.5782516476114744
297 0.97 -0.4521438754750527 -0.5770540378008036
298 0.97 -0.4856230784720398 -0.5655092212362607
299 0.97 -0.5242971850130689 -0.5415494420937458
300 0.97 -0.5243489321051126 -0.5415130238755265
301 0.97 -0.52439152986152 -0.5414703230051634
302 0.97 -0.5271228829494792 -0.5384352732781782
303 0.97 -0.5528289618703951 -0.5095860373351544
304 0.97 -0.5531943070441269 -0.5085698771336956
305 0.97 -0.5727460411728329 -0.4668471363775509
306 0.97 -0.5739315064752165 -0.463302834031885
307 0.97 -0.5831377639659191 -0.4218290925461684
308 0.97 -0.5832640231056462 -0.4205965067165332
309 0.97 -0.5557104422461949 -0.2966445744095647
310 0.97 -0.5479830390075964 -0.2829196639967291
311 0.97 -0.5389919334205625 -0.2735738150310865
312 0.97 -0.5172733827398051 -0.2525647418275184
313 0.97 -0.4722356915673153 -0.2283095148879741
314 0.97 -0.4682955172234493 -0.2261578438494907
315 0.97 -0.4675959323483377 -0.2258691887736403
316 0.97 -0.4448034244402068 -0.2203260323307158
317 0.97 -0.3875253794282713 -0.2161920222602082
318 0.97 -0.3845256015251473 -0.2163224430076502
319 0.97 -0.3469230547801795 -0.222877913512507
320 0.97 -0.336679743970962 -0.2252950526964919
321 0.97 -0.2988341934133099 -0.2420417572987989
322 0.97 -0.2899867660254675 -0.2479100804108617
323 0.97 -0.2754278534446604 -0.2585851397930546
324 0.97 -0.2515637629007894 -0.2843607052929634
325 0.97 -0.2474576838227817 -0.2895531040596598
326 0.97 -0.2331865070061339 -0.3172702962828093
327 0.97 -0.2307424857784109 -0.3228211931019973
328 0.97 -0.2290347812400434 -0.328439035443319
329 0.964549124241 -0.548751354218 -0.282485902309
330 0.695598304272 -0.503759324551 -0.219226211309
331 0.873192429543 -0.534316837788 -0.263583391905
332 0.516696512699 -0.443456828594 -0.148369282484
333 0.572802007198 -0.382503628731 -0.160981327295
334 0.511027514935 -0.274367958307 -0.183700159192
335 0.611838459969 -0.339334845543 -0.181947290897
336 0.73228508234 -0.241763681173 -0.279133230448
337 0.955746769905 -0.217883840203 -0.431209295988
338 0.595966398716 -0.376806348562 -0.537940502167
339 0.876572310925 -0.290120065212 -0.5504540205
340 0.425287276506 -0.426903635263 -0.471588879824
341 0.895186603069 -0.55160677433 -0.509748518467
342 0.707009911537 -0.503753423691 -0.536784231663
343 0.9680159688 -0.573532819748 -0.466174513102
344 0.544986367226 -0.432253301144 -0.519555985928
345 0.875194966793 -0.231239974499 -0.47752648592
346 0.960906505585 -0.248908236623 -0.5119744539260001
347 0.944021761417 -0.257776200771 -0.523280084133
348 0.9662684202189999 -0.320229828358 -0.567980051041
349 0.84548997879 -0.337842673063 -0.570465445518
350 0.8726987242699999 -0.404823452234 -0.5809263587
351 0.896953701973 -0.485453933477 -0.565435528755
352 0.781282007694 -0.516692638397 -0.537986159325
353 0.969022452831 -0.552822828293 -0.509858429432
354 0.952885448933 -0.519159197807 -0.252729505301
355 0.802707850933 -0.445299714804 -0.211601987481
356 0.946047484875 -0.372599035501 -0.216543421149
357 0.878256797791 -0.316463768482 -0.229009598494
358 0.926540791988 -0.269468992949 -0.260884910822
359 0.8696109056470001 -0.240695893764 -0.296178489923
360 0.968644797802 -0.230837374926 -0.321744889021
361 0.682619929314 -0.422834306955 -0.191186726093
362 0.742843031883 -0.435358017683 -0.201917141676
363 0.677485466003 -0.273741453886 -0.232389688492
364 0.816108584404 -0.252952337265 -0.511897206306
365 0.747944951057 -0.359245151281 -0.566651046276
366 0.655952751637 -0.426607996225 -0.551491856575
367 0.693833470345 -0.43421831727 -0.561046302319
368 0.79113638401 -0.380718439817 -0.205169454217
369 0.777215123177 -0.282780200243 -0.241117596626
370 0.66384524107 -0.356988191605 -0.190123677254
371 0.720034003258 -0.465725302696 -0.555566430092
372 -0.98 -0.98 0.604
373 -0.98 -0.98 -0.9
374 -0.98 0.97 0.604
375 -0.98 0.97 -0.9
376 0.97 -0.98 -0.9
377 0.97 -0.98 0.604
378 0.97 0.97 0.604
379 0.97 0.97 -0.9
380 -0.98 -0.6549999999999995 0.834
381 -0.98 -0.3299999999999986 0.834
382 -0.98 -0.004999999999999227 0.834
383 -0.98 0.3200000000000014 0.834
384 -0.98 0.6450000000000007 0.834
385 -0.98 -0.6549999999999995 0.604
386 -0.98 -0.3299999999999986 0.604
387 -0.98 -0.004999999999999227 0.604
388 -0.98 0.3200000000000014 0.604
389 -0.98 0.6450000000000007 0.604
390 0.97 -0.6549999999999995 0.834
391 0.97 -0.3299999999999986 0.834
392 0.97 -0.004999999999999227 0.834
393 0.97 0.3200000000000014 0.834
394 0.97 0.6450000000000007 0.834
395 0.97 -0.6549999999999995 0.604
396 0.97 -0.3299999999999986 0.604
397 0.97 -0.004999999999999227 0.604
398 0.97 0.3200000000000014 0.604
399 0.97 0.6450000000000007 0.604
400 -0.6549999999999995 -0.98 0.604
401 -0.3299999999999986 -0.98 0.604
402 -0.004999999999999227 -0.98 0.604
403 0.3200000000000014 -0.98 0.604
404 0.6450000000000007 -0.98 0.604
405 -0.6549999999999995 -0.98 0.834
406 -0.3299999999999986 -0.98 0.834
407 -0.004999999999999227 -0.98 0.834
408 0.3200000000000014 -0.98 0.834
409 0.6450000000000007 -0.98 0.834
410 -0.6549999999999995 0.97 0.604
411 -0.3299999999999986 0.97 0.604
412 -0.004999999999999227 0.97 0.604
413 0.3200000000000014 0.97 0.604
414 0.6450000000000007 0.97 0.604
415 -0.6549999999999995 0.97 0.834
416 -0.3299999999999986 0.97 0.834
417 -0.004999999999999227 0.97 0.834
418 0.3200000000000014 0.97 0.834
419 0.6450000000000007 0.97 0.834
420 -0.7935278117659396 -0.2176481857896958 0.3758331388236784
421 -0.8026418983934949 -0.2170958667995364 0.3484092205765308
422 -0.7841784656050034 -0.2185574546456474 0.3979858011004797
423 -0.7969585061070541 -0.2229278236630625 0.3169648647308399
424 -0.6656575500964864 -0.5825986862178777 0.31698855757708
425 -0.7719818651675139 -0.5814617872236751 0.3286445885894323
426 -0.3513404950495456 -0.2360205575827036 0.3042326867579097
427 -0.4203609675164861 -0.5818600654597129 0.21436875313503
428 -0.003253906965055788 -0.583286106586537 -0.01083236187709024
429 -0.187190522750022 -0.5835897922512037 0.1294021109739677
430 0.01999797423695606 -0.5837825536724073 -0.01296127835906454
431 0.02632252872009157 -0.5812827348709153 -0.04299876466367871
432 0.04343659430739721 -0.5798923671244336 -0.0005413889886240112
433 0.06224081665241638 -0.2169518172739975 -0.05104895308609692
434 0.01121298223696479 -0.215998098253893 -0.03620125353354781
435 0.06979967653753934 -0.5797911286354207 -0.09936599805928344
436 0.03495228290542927 -0.2184638753532474 0.0002953782678942755
437 -0.02484198659685958 -0.2220814973117188 -0.03460635244832947
438 0.04124915599838787 -0.2294126003985305 0.03181670978637625
439 -0.1298242341725057 -0.2451877221462903 -0.01932362839564085
440 -0.140328611945679 -0.3548924326899336 -0.0869677383451825
441 0.1526443520559737 -0.5757463574410356 -0.1720346584915863
442 0.09440370462841637 -0.5512534976006054 0.03993108496087646
443 0.3496336266400775 -0.2185657694939976 -0.236491400748405
444 0.07198590226469105 -0.2450731173159771 -0.1634249445050211
445 0.09578900784256292 -0.4866491705183266 0.09037066809875553
446 0.1249124575408386 -0.2629992514850927 0.03433287888770064
447 0.08746124804004449 -0.4535086601970913 0.1095088329165578
448 0.1292758751662065 -0.2824537158014747 0.05179160088313366
449 0.6571710407734996 -0.5814542770382114 -0.3256410509349633
450 0.04207883030160624 -0.4191420674321131 0.1450425684451947
451 0.04341492056841374 -0.386782675981938 0.145746633410894
452 0.7555790245535147 -0.5826738774780889 -0.3951661288733802
453 0.4061657488344781 -0.3777965456244578 -0.1022128928454527
454 -0.98 -0.98 -0.5992
455 -0.98 -0.98 -0.2984
456 -0.98 -0.98 0.002399999999999958
457 -0.98 -0.98 0.3032
458 -0.98 -0.6549999999999995 0.604
459 -0.98 -0.3299999999999986 0.604
460 -0.98 -0.004999999999999227 0.604
461 -0.98 0.3200000000000014 0.604
462 -0.98 0.6450000000000007 0.604
463 -0.98 -0.6549999999999995 -0.9
464 -0.98 -0.3299999999999986 -0.9
465 -0.98 -0.004999999999999227 -0.9
466 -0.98 0.3200000000000014 -0.9
467 -0.98 0.6450000000000007 -0.9
468 -0.98 0.97 -0.5992
469 -0.98 0.97 -0.2984
470 -0.98 0.97 0.002399999999999958
471 -0.98 0.97 0.3032
472 -0.6549999999999995 -0.98 -0.9
473 -0.3299999999999986 -0.98 -0.9
474 -0.004999999999999227 -0.98 -0.9
475 0.3200000000000014 -0.98 -0.9
476 0.6450000000000007 -0.98 -0.9
477 0.97 -0.98 -0.5992
478 0.97 -0.98 -0.2984
479 0.97 -0.98 0.002399999999999958
480 0.97 -0.98 0.3032
481 -0.6549999999999995 -0.98 0.604
482 -0.3299999999999986 -0.98 0.604
483 -0.004999999999999227 -0.98 0.604
484 0.3200000000000014 -0.98 0.604
485 0.6450000000000007 -0.98 0.604
486 -0.6549999999999995 0.97 0.604
487 -0.3299999999999986 0.97 0.604
488 -0.004999999999999227 0.97 0.604
489 0.3200000000000014 0.97 0.604
490 0.6450000000000007 0.97 0.604
491 0.97 -0.6549999999999995 0.604
492 0.97 -0.3299999999999986 0.604
493 0.97 -0.004999999999999227 0.604
494 0.97 0.3200000000000014 0.604
495 0.97 0.6450000000000007 0.604
496 -0.6549999999999995 0.97 -0.9
497 -0.3299999999999986 0.97 -0.9
498 -0.004999999999999227 0.97 -0.9
499 0.3200000000000014 0.97 -0.9
500 0.6450000000000007 0.97 -0.9
501 0.97 -0.6549999999999995 -0.9
502 0.97 -0.3299999999999986 -0.9
503 0.97 -0.004999999999999227 -0.9
504 0.97 0.3200000000000014 -0.9
505 0.97 0.6450000000000007 -0.9
506 0.97 0.97 -0.5992
507 0.97 0.97 -0.2984
508 0.97 0.97 0.002399999999999958
509 0.97 0.97 0.3032
510 -0.98 -0.492499999999999 0.719
511 -0.98 -0.8174999999999997 0.719
512 -0.98 0.1575000000000011 0.719
513 -0.98 -0.1674999999999989 0.719
514 -0.98 0.8075000000000001 0.719
515 -0.98 0.482500000000001 0.7189999999999999
516 0.97 -0.492499999999999 0.719
517 0.97 -0.8174999999999997 0.719
518 0.97 0.1575000000000011 0.719
519 0.97 -0.1674999999999989 0.719
520 0.97 0.8075000000000001 0.719
521 0.97 0.482500000000001 0.7189999999999999
522 -0.492499999999999 -0.98 0.719
523 -0.8174999999999997 -0.98 0.719
524 0.1575000000000011 -0.98 0.719
525 -0.1674999999999989 -0.98 0.719
526 0.482500000000001 -0.98 0.719
527 0.8075000000000003 -0.98 0.719
528 -0.492499999999999 0.97 0.719
529 -0.8174999999999997 0.97 0.719
530 0.1575000000000011 0.97 0.719
531 -0.1674999999999989 0.97 0.719
532 0.482500000000001 0.97 0.719
533 0.8075000000000003 0.97 0.719
534 -0.1956858377796382 -0.6887037593894855 0.604
535 -0.1956858377796381 0.678703759389486 0.604
536 0.6758568371629323 -0.1639463658264042 0.604
537 -0.6985417437700578 -0.1674999999999986 0.604
538 0.4905343325269511 0.7055209924182959 0.604
539 -0.7047990853568551 0.4811228549837163 0.604
540 0.4869727637543693 -0.7092659413451785 0.604
541 -0.6995846340345241 0.1572704758306205 0.604
542 -0.4172573025841935 -0.005038254028228439 0.604
543 -0.3893119140502627 -0.380703260854938 0.604
544 -0.1356252313101736 -0.1674999999999981 0.604
545 -0.1302114825129295 0.148066560271144 0.604
546 0.1409966339702611 -0.006572239954808268 0.604
547 0.1458330249197686 -0.3299999999999979 0.604
548 0.1481776789613194 0.3070949747028937 0.604
549 0.4170025969544153 0.1111514925473294 0.604
550 0.1492034349587652 -0.6520123565040361 0.604
551 -0.7049404936335932 -0.4948834987505791 0.604
552 0.1502165449813582 0.6409076443773776 0.604
553 -0.389581411629408 0.3691151727162283 0.604
554 -0.4953300012590254 -0.7101140094194486 0.604
555 -0.4953452499855022 0.6994772556211664 0.604
556 0.7029487831363279 -0.4981220537407627 0.604
557 0.7139508290757346 0.4984758999856316 0.604
558 0.7064284129455116 0.1783143873454462 0.604
559 0.3549924220613725 -0.1659092584744775 0.604
560 0.417509500662574 0.4177771532141206 0.604
561 0.4193012109989227 -0.4198759959818096 0.604
562 -0.09832200063008967 -0.4379800614314818 0.604
563 -0.08341690159585957 0.4287776222914261 0.604
564 -0.742083487540114 -0.742083487540114 0.604
565 -0.7420834875401153 0.7320834875401154 0.604
566 0.7320834875401152 -0.7420834875401153 0.604
567 0.7337382390196074 0.7337382390196074 0.604
568 -0.6985417437700578 -0.1674999999999986 0.834
569 0.6758568371629321 -0.1639463658264042 0.834
570 -0.1956858377796385 0.678703759389486 0.834
571 -0.1956858377796382 -0.6887037593894854 0.834
572 0.6749492242200485 0.4583702606947251 0.834
573 -0.7047990853568551 0.4811228549837163 0.834
574 0.4869727637543693 -0.7092659413451785 0.834
575 -0.6995846340345241 0.1572704758306205 0.834
576 -0.4172573025841935 -0.005038254028228439 0.834
577 -0.3893119140502627 -0.3807032608549381 0.834
578 -0.1356252313101736 -0.167499999999998 0.834
579 -0.1302114825129297 0.1480665602711442 0.834
580 0.1409966339702609 -0.006572239954807824 0.834
581 0.148380300219245 0.3074459250163157 0.834
582 0.1458330249197686 -0.3299999999999975 0.834
583 0.4391463354234229 0.1512317383590562 0.834
584 0.1492034349587652 -0.6520123565040361 0.834
585 -0.7049404936335931 -0.4948834987505791 0.834
586 0.146994635257589 0.64014748104701 0.834
587 -0.3895814116294082 0.3691151727162283 0.834
588 -0.4953300012590254 -0.7101140094194486 0.834
589 0.7029487831363279 -0.4981220537407627 0.834
590 -0.4953452499855023 0.6994772556211661 0.834
591 0.4716527666893033 0.6984088882108674 0.834
592 0.7459904793612806 0.1521311266454759 0.834
593 0.3594211697551741 -0.1578932093121319 0.834
594 0.3762246523619217 0.4511208586655948 0.834
595 0.4200393356145562 -0.4185399877880853 0.834
596 -0.09832200063008967 -0.4379800614314819 0.834
597 -0.08402075928902841 0.4286957796880366 0.834
598 -0.7420834875401141 -0.7420834875401141 0.834
599 -0.7420834875401153 0.7320834875401154 0.834
600 0.7320834875401154 0.7320834875401154 0.834
601 0.7320834875401152 -0.7420834875401153 0.834
602 -0.98 -0.2435077274185752 0.3495378170225455
603 -0.98 -0.5312510880144232 0.5172882791768368
604 -0.98 -0.5513812005517054 0.4123925048687117
605 -0.98 -0.5148857461753799 0.2749427820069047
606 -0.98 -0.2960526289068041 0.5307242148804338
607 -0.98 -0.4012979798359608 0.2339660335474788
608 -0.98 -0.3173348850975217 0.261891276302055
609 -0.98 -0.4597611957103422 0.5518665956949106
610 -0.98 -0.2510916254326691 0.4330249464468762
611 -0.98 -0.5535547144019335 0.3416994053041188
612 -0.98 -0.4723816914010959 0.2469398644209618
613 -0.98 -0.2692688442701462 0.2994145689824058
614 -0.98 -0.5085802234821323 0.5308111846424458
615 -0.98 -0.5425099539877976 0.4912597258953731
616 -0.98 -0.3552184112603749 0.5394958768408341
617 -0.98 -0.2313881354417111 0.3944697097558726
618 -0.98 -0.5522226978262008 0.4606324847673545
619 -0.98 -0.4937182156729568 0.544735225614127
620 -0.98 -0.4882463378234855 0.5291613298130432
621 -0.98 -0.5022719164845697 0.5130819485518793
622 -0.98 -0.4805859540779515 0.5091706484881099
623 -0.98 -0.4952533875801817 0.4903407347118706
624 -0.98 -0.4702676330242086 0.4861666154249512
625 -0.98 -0.4866168949267863 0.4656654199951767
626 -0.98 -0.4601026646719039 0.4611588458859569
627 -0.98 -0.4432652854324174 0.4824643510990952
628 -0.98 -0.4326173007877692 0.4569418010210099
629 -0.98 -0.4494982890533691 0.435263199780853
630 -0.98 -0.4220951104960228 0.4313847663033695
631 -0.98 -0.4388452781767171 0.409848663700679
632 -0.98 -0.4121130263236108 0.4063161158058822
633 -0.98 -0.395374703501318 0.427295773245509
634 -0.98 -0.3857037623824604 0.4025544911002285
635 -0.98 -0.4285932417303053 0.3849804683171513
636 -0.98 -0.3692091450828798 0.423131377655518
637 -0.98 -0.3596979983188157 0.3984045211391262
638 -0.98 -0.376169605614701 0.3781746923159631
639 -0.98 -0.3504468182399081 0.3739848302783936
640 -0.98 -0.3666760468896306 0.3540069901126867
641 -0.98 -0.4549828530006619 0.3883886470192598
642 -0.98 -0.4447997725640583 0.3639003852544215
643 -0.98 -0.3784677866192876 0.4479477754351274
644 -0.98 -0.3524923672715921 0.4436943477390308
645 -0.98 -0.3410256923917236 0.3496749606818889
646 -0.98 -0.3259473076345465 0.3686403703984132
647 -0.98 -0.3572469224678145 0.329644214741731
648 -0.98 -0.4717994796608947 0.3672847410375965
649 -0.98 -0.4616610063436302 0.3425775678439132
650 -0.98 -0.4350428835607685 0.3398028852753229
651 -0.98 -0.4516027232666651 0.3186591018045307
652 -0.98 -0.4249276870016283 0.3161597513667195
653 -0.98 -0.3315433967517141 0.3251625816358955
654 -0.98 -0.4883846900131389 0.3459389952163915
655 -0.98 -0.36179159819558 0.4684726956034965
656 -0.98 -0.3362877308999985 0.4646314001337647
657 -0.98 -0.3263923026355874 0.4394219484164815
658 -0.98 -0.3096392706604443 0.4598966023712426
659 -0.98 -0.440454600782652 0.29610057628985
660 -0.98 -0.4838823182735429 0.3930787458808894
661 -0.98 -0.3478588451328548 0.3055543075347055
662 -0.98 -0.4143783649849658 0.2922648388412948
663 -0.98 -0.4652140090971051 0.2975640245441508
664 -0.98 -0.4157410848604927 0.4781374042502297
665 -0.98 -0.4266075460534801 0.50360949070089
666 -0.98 -0.3999171505841329 0.4996639684074141
667 -0.98 -0.4104295814738287 0.5244628349329744
668 -0.98 -0.3190501943029233 0.484497582757729
669 -0.98 -0.287566776661234 0.4809170090409302
670 -0.98 -0.3002741252693973 0.4348206689699389
671 -0.98 -0.3925183914355361 0.357888036107726
672 -0.98 -0.4518160064709329 0.233914312108865
673 -0.98 -0.4326351803257228 0.2733214424730871
674 -0.98 -0.5104492181174174 0.4714302667587015
675 -0.98 -0.5030592258160759 0.4456754381981288
676 -0.98 -0.3172850996346832 0.4132758849119061
677 -0.98 -0.2908247274365904 0.4063361842540126
678 -0.98 -0.3985120020436554 0.3130977784428611
679 -0.98 -0.3862728380724777 0.2840991965745446
680 -0.98 -0.3226775106418849 0.3015258790519114
681 -0.98 -0.3067544055273216 0.3206328641928308
682 -0.98 -0.236857952551579 0.3736927931151314
683 -0.98 -0.257723611887442 0.3675816012908756
684 -0.98 -0.266169533286239 0.3448627087147959
685 -0.98 -0.2795907131189943 0.3639373761082604
686 -0.98 -0.523353982463403 0.5227015675368206
687 -0.98 -0.2800279181810015 0.2763292689511804
688 -0.98 -0.2721665895662895 0.3858406311136803
689 -0.98 -0.3854548259987642 0.5198235265625971
690 -0.98 -0.4396589613089273 0.531721245599175
691 -0.98 -0.5434483928562035 0.315555061890831
692 -0.98 -0.5287540955049524 0.3334007739538111
693 -0.98 -0.5331476011426478 0.3583812447242932
694 -0.98 -0.5206130382068849 0.3102105687556843
695 -0.98 -0.3734679345825986 0.4941568711761789
696 -0.98 -0.3271556502566756 0.5468733847079833
697 -0.98 -0.259009533523376 0.4704530010389915
698 -0.98 -0.3390364821816365 0.2790186299553664
699 -0.98 -0.2926299879540206 0.3816193585513307
700 -0.98 -0.2955703993737261 0.2959475267287747
701 -0.98 -0.3379418277837936 0.2514348794695923
702 -0.98 -0.3612753355173279 0.2629001200851308
703 -0.98 -0.3027831589155224 0.5041777463876361
704 -0.98 -0.3280464006357295 0.5080198612273935
705 -0.98 -0.2777672666747785 0.4999296225881796
706 -0.98 -0.4156701335516582 0.5521076017169687
707 -0.98 -0.5196796840858645 0.4948490277976697
708 -0.98 -0.2907128083250544 0.3388087627835373
709 -0.98 -0.3889633940076739 0.4734891249041379
710 -0.98 -0.3467549301514217 0.4895962710162235
711 -0.98 -0.2538894265381422 0.3244098685374021
712 -0.98 -0.5051667577969736 0.3265723230630891
713 -0.98 -0.5000213350996306 0.303161246142554
714 -0.98 -0.3086613788517371 0.5433289496950889
715 -0.98 -0.316168069020009 0.3440999543861173
716 -0.98 -0.5300017168728088 0.456831040228192
717 -0.98 -0.5239734692127507 0.4285087388620478
718 -0.98 -0.4943131485726325 0.4199370368389846
719 -0.98 -0.5142384758304537 0.3994916045007303
720 -0.98 -0.5060473399071366 0.3714322236345319
721 -0.98 -0.4947839280515626 0.2587106532300897
722 -0.98 -0.4738881961280502 0.2731029922969707
723 -0.98 -0.4793601440258085 0.31819823995164
724 -0.98 -0.4545226611216804 0.5070582007805388
725 -0.98 -0.4055432300454274 0.4525327741932305
726 -0.98 -0.3165695607932286 0.5270458089447984
727 -0.98 -0.4187551501889227 0.3608715402360633
728 -0.98 -0.2822056027827987 0.4546515318534167
729 -0.98 -0.3351159837840361 0.3935408244508879
730 -0.98 -0.4664862469939215 0.5295685503339419
731 -0.98 -0.3433654827879324 0.418578150718825
732 -0.98 -0.4023088629459228 0.3817975573138356
733 -0.98 -0.3942869558610783 0.5444504620561691
734 -0.98 -0.4526747298243475 0.2587755741530714
735 -0.98 -0.4272914812321843 0.2432298509909147
736 -0.98 -0.27462653907793 0.3235906392714222
737 -0.98 -0.4087690805393576 0.3370088003961224
738 -0.98 -0.2643547951907598 0.4097665884138763
739 -0.98 -0.556614502855185 0.36563811495503
740 -0.98 -0.5345851350066886 0.5067699964237334
741 -0.98 -0.4663053592158664 0.4143865455806969
742 -0.98 -0.3828007274559821 0.3335589125082744
743 -0.98 -0.4766492637094391 0.4403477477132992
744 -0.98 -0.4061618651890809 0.265765439166273
745 -0.98 -0.5392593608514606 0.3868408441562464
746 -0.98 -0.372838066901073 0.3090566629679942
747 -0.98 -0.5517573611695415 0.4409216024012664
748 -0.98 -0.2494286403821895 0.3908317998911793
749 -0.98 -0.2340807576553557 0.4136394756576408
750 -0.98 -0.3573136623431845 0.5170767742164778
751 -0.98 -0.3367908971239928 0.5284117398402771
752 -0.98 -0.5202483930967936 0.5114056599786666
753 -0.98 -0.5123000968729698 0.3471451121184236
754 -0.98 -0.3031704007032813 0.364161274370202
755 -0.98 -0.4536579449914223 0.2797773997111531
756 -0.98 -0.2777501752224429 0.4277199839876241
757 -0.98 -0.4958280475565218 0.2803039637162029
758 -0.98 -0.3007029691089376 0.2738904374430514
759 -0.98 -0.5308891853234902 0.2929545199448863
760 -0.98 -0.3139735181670628 0.3878618239935522
761 -0.98 -0.361456313561074 0.2881257834235483
762 -0.98 -0.5283404442923469 0.4804323826994422
763 -0.98 -0.4808253773514757 0.5463209782779904
764 -0.98 -0.4387381516089787 0.5576005493813504
765 -0.98 -0.3836593755621823 0.253214510727528
766 -0.98 -0.4834704865635157 0.2929144210468509
767 -0.98 -0.5124972963729746 0.5196624187822442
768 -0.98 -0.3178761317310546 0.2816800342613605
769 -0.98 -0.513671164923424 0.2923389500939034
770 -0.98 -0.2839896329030791 0.5169306517078075
771 -0.98 -0.5427788784938827 0.4755919144130424
772 -0.98 -0.3755349865804984 0.5392943159218634
773 -0.98 -0.2610086452214375 0.4949339389363944
774 -0.98 -0.28967944395234 0.3138554789016416
775 0.97 -0.2913351482808531 -0.263721691201379
776 0.97 -0.2429981970122163 -0.4538246233469205
777 0.97 -0.4455810555619915 -0.5599997939027113
778 0.97 -0.3679255397881516 -0.2382256600039389
779 0.97 -0.5580884482238817 -0.3296570326322096
780 0.97 -0.5561063210942705 -0.4596378766773399
781 0.97 -0.372854436236819 -0.5690969606688339
782 0.97 -0.2406886221385514 -0.3540944748700285
783 0.97 -0.2859403342678707 -0.5374065040410456
784 0.97 -0.4866814143814585 -0.2645744856121951
785 0.97 -0.3171474038893043 -0.5481895385392446
786 0.97 -0.260770370333299 -0.2958608819956245
787 0.97 -0.2605864333949938 -0.5009337832500658
788 0.97 -0.5340686559089166 -0.2865502729697146
789 0.97 -0.553929979403869 -0.3934182126564842
790 0.97 -0.5274838368064469 -0.5128795966178885
791 0.97 -0.3283787669799336 -0.2529490516453168
792 0.97 -0.3947732301792184 -0.5562663110215442
793 0.97 -0.3739265443404248 -0.5457910298902866
794 0.97 -0.3930495724128231 -0.5337297406781241
795 0.97 -0.37326762620163 -0.5235678749473931
796 0.97 -0.3918412034624945 -0.5117243332863505
797 0.97 -0.3725814023346798 -0.5016765238290792
798 0.97 -0.3906265126174732 -0.4903202441617245
799 0.97 -0.3716736627863932 -0.4800011963366766
800 0.97 -0.389371332091573 -0.4684952737850416
801 0.97 -0.3705556829397811 -0.4584316869080892
802 0.97 -0.3885311034018476 -0.4465250357322846
803 0.97 -0.3695738784809512 -0.4369157435014655
804 0.97 -0.3876912780488723 -0.4251582270885624
805 0.97 -0.3686397735806954 -0.4153201723507042
806 0.97 -0.3879703519260777 -0.403507342178426
807 0.97 -0.367933426685243 -0.3936924847963347
808 0.97 -0.4069910524603522 -0.435626280622844
809 0.97 -0.3873839860125645 -0.3819240224912986
810 0.97 -0.367146868533556 -0.3721396243213606
811 0.97 -0.3852699826830809 -0.3605304186463144
812 0.97 -0.4042670914609858 -0.3704161238283455
813 0.97 -0.3498277646873612 -0.4053705321919897
814 0.97 -0.3658854429925392 -0.3507169822545507
815 0.97 -0.3823482832447527 -0.3395940514365391
816 0.97 -0.3493407025516921 -0.4720112465328468
817 0.97 -0.3482722001551763 -0.3620401729915349
818 0.97 -0.347153909107643 -0.3414922644212431
819 0.97 -0.4102819273782041 -0.4998864912312416
820 0.97 -0.3302361029765745 -0.3522108968648642
821 0.97 -0.3292159720170633 -0.3322856354731524
822 0.97 -0.3457710253111077 -0.3215714366165008
823 0.97 -0.312871072355878 -0.3428722625099262
824 0.97 -0.313499798909834 -0.3624827077053633
825 0.97 -0.3283997395433973 -0.3125798828474585
826 0.97 -0.3447267172803921 -0.3020482395871426
827 0.97 -0.4125703373388956 -0.2426248983954936
828 0.97 -0.2964181152432673 -0.3534250711347647
829 0.97 -0.2968663685008521 -0.37278509353308
830 0.97 -0.2957486521825332 -0.3342413818110073
831 0.97 -0.2404688575445681 -0.3237901557052728
832 0.97 -0.3539194938490028 -0.5141311929621974
833 0.97 -0.3273402457922223 -0.2935026642137568
834 0.97 -0.3435350442030727 -0.2826400117439288
835 0.97 -0.3617725326287882 -0.2912539500128403
836 0.97 -0.4555765344466687 -0.2411358567533491
837 0.97 -0.4916966803361384 -0.5321204476455339
838 0.97 -0.3112761550562654 -0.3041564471485891
839 0.97 -0.3138207677634215 -0.382718439118635
840 0.97 -0.2971534979640275 -0.3922483466816057
841 0.97 -0.2803313921108419 -0.3829441776060687
842 0.97 -0.2807400937366964 -0.4020659598201181
843 0.97 -0.2975642547254488 -0.4116029560360014
844 0.97 -0.2641564330878798 -0.3926641341123861
845 0.97 -0.2809635127810899 -0.4215744653994751
846 0.97 -0.297884204475297 -0.4312254080171525
847 0.97 -0.2811628822781079 -0.4413025649274809
848 0.97 -0.2981906240032937 -0.4510039663888916
849 0.97 -0.3155126429365722 -0.4423572371261494
850 0.97 -0.281801435659814 -0.4606764704787128
851 0.97 -0.298614625613559 -0.4708741603632906
852 0.97 -0.2798022882417651 -0.3444406113131137
853 0.97 -0.2791020658320151 -0.3259119402230977
854 0.97 -0.538650544814669 -0.4930935557235263
855 0.97 -0.5153524032431136 -0.4947584703374815
856 0.97 -0.5235343100852541 -0.474549231746964
857 0.97 -0.5023072476089288 -0.4773127917277252
858 0.97 -0.5108609266913885 -0.4570083190209299
859 0.97 -0.4889405998728553 -0.4596433979749753
860 0.97 -0.4976305210448314 -0.4391368937224896
861 0.97 -0.4801072330151083 -0.4798094173943811
862 0.97 -0.4754861651089677 -0.4418230424642727
863 0.97 -0.4842116345509977 -0.4212091401153493
864 0.97 -0.4619547992363852 -0.4239163110278872
865 0.97 -0.4706552177567722 -0.4031457927487599
866 0.97 -0.4932345570667735 -0.4004036759660664
867 0.97 -0.4794409078071951 -0.3820574211646944
868 0.97 -0.5027040098532614 -0.3791958972614878
869 0.97 -0.4884413342534992 -0.3605992692049248
870 0.97 -0.4652519827379261 -0.3635986340373448
871 0.97 -0.4742043862597016 -0.3419753605476938
872 0.97 -0.4509140499819501 -0.3448869240082341
873 0.97 -0.4601479830676556 -0.3232178025454884
874 0.97 -0.4835334163517868 -0.3204808095606347
875 0.97 -0.4365767831526384 -0.3261534062375853
876 0.97 -0.4459213927786635 -0.3043300101119732
877 0.97 -0.4220977071858019 -0.307374374853597
878 0.97 -0.4483372916920723 -0.4060616443250455
879 0.97 -0.4533099691164103 -0.4445076708198105
880 0.97 -0.5224466083754306 -0.4341640141978236
881 0.97 -0.5118461051433421 -0.3573717876503842
882 0.97 -0.4312666128715861 -0.2854602001426089
883 0.97 -0.4043101313555991 -0.2885794082430617
884 0.97 -0.2415565593503868 -0.4242312832622083
885 0.97 -0.251287236422835 -0.4719619547461759
886 0.97 -0.3102934393527835 -0.2850510591478659
887 0.97 -0.2940659716278786 -0.2971744055452236
888 0.97 -0.4431004827068767 -0.367016982280748
889 0.97 -0.5146121119891954 -0.3978215723802824
890 0.97 -0.2806154381076376 -0.2748495735735493
891 0.97 -0.3609182183735729 -0.2712710364284144
892 0.97 -0.4094796077076813 -0.5440228136537828
893 0.97 -0.2641664658353865 -0.3740695634585981
894 0.97 -0.2494918409878297 -0.3842662880124553
895 0.97 -0.2821033540185991 -0.479019966161906
896 0.97 -0.2991524843431164 -0.490052993423898
897 0.97 -0.31538442506932 -0.481225797790818
898 0.97 -0.3159291446530758 -0.4999477399415671
899 0.97 -0.300960348196761 -0.509047189893385
900 0.97 -0.3985609847716782 -0.3102751540712523
901 0.97 -0.3333194536143069 -0.4902388322221348
902 0.97 -0.3162888607875736 -0.5198128222529238
903 0.97 -0.2646051975013679 -0.3339097770866533
904 0.97 -0.4549230029968021 -0.2830439131410006
905 0.97 -0.2655278964119645 -0.4313335773061323
906 0.97 -0.3457571809093671 -0.2408502259658204
907 0.97 -0.2639563575181113 -0.3156821264167703
908 0.97 -0.38071622919965 -0.2797353253722478
909 0.97 -0.2728039279283109 -0.5133720081660752
910 0.97 -0.2781332004096024 -0.3069726967598813
911 0.97 -0.2511695220081831 -0.401952749207255
912 0.97 -0.2255457854971159 -0.4011518555963163
913 0.97 -0.2266271154545394 -0.3861635346387822
914 0.97 -0.2498101757134682 -0.3112028231983471
915 0.97 -0.2494664408142911 -0.488078522811428
916 0.97 -0.5644261171688474 -0.4411734133855273
917 0.97 -0.5461055622765074 -0.4382409889856068
918 0.97 -0.3119404418572225 -0.3236764243630359
919 0.97 -0.3766042593601686 -0.2580919549956729
920 0.97 -0.3023561860810842 -0.5375073597880455
921 0.97 -0.4135168345799243 -0.3287574151957616
922 0.97 -0.3491515580721746 -0.3834204697745327
923 0.97 -0.3314927857033174 -0.3935186653100086
924 0.97 -0.3323247205362256 -0.4146705366087844
925 0.97 -0.3266759398494197 -0.2740104252370879
926 0.97 -0.3091993507702802 -0.2664102301116159
927 0.97 -0.3442439908479089 -0.2623395831282566
928 0.97 -0.280292747507628 -0.3635722741268322
929 0.97 -0.5037507692504677 -0.5136357271908328
930 0.97 -0.4269961028428904 -0.3486403693444134
931 0.97 -0.2609908642244005 -0.353493826887215
932 0.97 -0.3514248809070415 -0.4489739146725041
933 0.97 -0.3330167276987318 -0.4574091165869509
934 0.97 -0.3510960489304981 -0.426699396600091
935 0.97 -0.3637871301022306 -0.3302144382355527
936 0.97 -0.295044414494253 -0.3153555493084726
937 0.97 -0.3552825032947066 -0.535248846701778
938 0.97 -0.3365813496332825 -0.5249174493635043
939 0.97 -0.266093971782531 -0.4118406176448293
940 0.97 -0.4405319355174372 -0.4261367150056881
941 0.97 -0.4272866468163674 -0.4086090334982372
942 0.97 -0.428132125580747 -0.4457069556447807
943 0.97 -0.4440840920389132 -0.46463914331689
944 0.97 -0.4245512192159834 -0.4662141767106971
945 0.97 -0.4318195426122232 -0.4861309652329656
946 0.97 -0.4576826710645885 -0.4825225933883335
947 0.97 -0.4488538505367943 -0.5029693769351499
948 0.97 -0.4352637072642679 -0.3884493173526378
949 0.97 -0.4108414375596239 -0.3913060174007305
950 0.97 -0.4974363455492646 -0.3389022384012266
951 0.97 -0.5062661829596204 -0.3176388168212447
952 0.97 -0.4928926861775041 -0.2996199629587466
953 0.97 -0.517947260880276 -0.2965124336565952
954 0.97 -0.5243736834133474 -0.316447548587208
955 0.97 -0.5028986222920179 -0.2785800280537344
956 0.97 -0.5188141080441544 -0.3356999062659717
957 0.97 -0.5334230205533281 -0.3538464871996508
958 0.97 -0.4666017883694739 -0.4621575442264439
959 0.97 -0.4712203229304996 -0.4994814480160134
960 0.97 -0.461712766184131 -0.5196416076764684
961 0.97 -0.4395796770073579 -0.5225929819571954
962 0.97 -0.4695654883941305 -0.3022352761187929
963 0.97 -0.5252295532884528 -0.3763996376903906
964 0.97 -0.4570082649941851 -0.3850549653182052
965 0.97 -0.2937137875495911 -0.279748474928354
966 0.97 -0.5653533434435656 -0.4194268363545302
967 0.97 -0.5410120264697151 -0.416260862988718
968 0.97 -0.4152411539572191 -0.522973587408052
969 0.97 -0.2630498401050029 -0.4525150809232541
970 0.97 -0.3310788689300831 -0.3727318919608232
971 0.97 -0.5064303148976016 -0.4186220796630236
972 0.97 -0.3521679513391657 -0.494316396294324
973 0.97 -0.2788492200578345 -0.2894167177288427
974 0.97 -0.5524195589086969 -0.479714559814971
975 0.97 -0.4421306381169218 -0.2635214655989229
976 0.97 -0.3587870001886396 -0.5584625326871552
977 0.97 -0.5325828505195729 -0.4546662715996005
978 0.97 -0.5222359710483739 -0.2775562583076709
979 0.97 -0.4033528669351107 -0.347714027432286
980 0.97 -0.4929255724729653 -0.4964961489752016
981 0.97 -0.4071659597972378 -0.4150541825408529
982 0.97 -0.3385242370096234 -0.5464656420841232
983 0.97 -0.39755609075607 -0.2625764698083483
984 0.97 -0.3009993354506282 -0.2549703729264131
985 0.97 -0.3151666853287325 -0.4629945210002926
986 0.97 -0.3627292499564435 -0.3110676653523431
987 0.97 -0.3800172833652398 -0.3010550653297951
988 0.97 -0.4213597232707299 -0.5603936800957411
989 0.97 -0.3139392333013373 -0.4021349761484479
990 0.97 -0.3153350552275991 -0.4234894323686057
991 0.97 -0.3335946115683786 -0.4365558079313477
992 0.97 -0.2816674006218109 -0.4995359613606001
993 0.97 -0.265318515232994 -0.4846692436963738
994 0.97 -0.5489335088443381 -0.3715967937063754
995 0.97 -0.4071090370367588 -0.455884609148599
996 0.97 -0.5521983249514728 -0.3166419561637721
997 0.97 -0.4529393738937082 -0.5397206215397049
998 0.97 -0.4086580438217325 -0.4785786032185518
999 0.97 -0.4292523902164881 -0.5064036044253089
1000 0.97 -0.2492845114993352 -0.3677471981721128
1001 0.97 -0.2371800265295984 -0.3751225059562482
1002 0.97 -0.4781368029269253 -0.2816251578365526
1003 0.97 -0.3804800288304441 -0.3199849780820044
1004 0.97 -0.2481349334507239 -0.3364646074536994
1005 0.97 -0.3347010423127346 -0.5072274055061086
1006 0.97 -0.4823357299247328 -0.5165257078489338
1007 0.97 -0.5400020391808775 -0.3026401575641634
1008 0.97 -0.4235602703979243 -0.3724248191658585
1009 0.97 -0.4727082683741948 -0.5377788675895525
1010 0.97 -0.4306967652331146 -0.5416172464261979
1011 0.97 -0.2694453289687749 -0.2806146036767106
1012 0.97 -0.4200874712934481 -0.265425353992723
1013 0.97 -0.464106937693366 -0.2629403802138505
1014 0.97 -0.2889738547315286 -0.521778289788552
1015 0.97 -0.3594066826890489 -0.2536302794314349
1016 0.97 -0.3877845346994629 -0.2390055747452174
1017 0.97 -0.268712076287849 -0.4697685432012845
1018 0.97 -0.5550043577923498 -0.3466603435379204
1019 0.97 -0.4632938142886398 -0.5559355237970749
1020 0.97 -0.5344175755986057 -0.3948716933878038
1021 0.97 -0.5406587170844926 -0.4723322991124803
1022 0.97 -0.2379074364490514 -0.392545617190824
1023 0.97 -0.5120522803841137 -0.5350857187239111
1024 0.97 -0.4222149919721333 -0.4261181944563171
1025 0.97 -0.5709034131627614 -0.399313769323019
1026 0.97 -0.3295414467949458 -0.4734390299463362
1027 0.97 -0.3229837737684383 -0.5340936719902031
1028 0.97 -0.3957888057070831 -0.3278487268869857
1029 0.97 -0.2372250144811584 -0.4368649994186419
1030 0.97 -0.5385496448697342 -0.3296097175594462
1031 0.97 -0.3021448124492369 -0.5220364154307267
1032 0.97 -0.239640219841692 -0.4091627147290869
1033 0.97 -0.2305942967513124 -0.4206343361329684
1034 0.97 -0.2424489665116371 -0.4804735270918549
1035 0.97 -0.2510255114772928 -0.437651551026555
1036 0.97 -0.2942726756144195 -0.5455579020225135
1037 0.97 -0.2532882968342693 -0.3244528913314869
1038 0.97 -0.5227882735960636 -0.4137330809045722
1039 0.97 -0.3148182781169898 -0.2483332929356749
1040 0.97 -0.4350336811272069 -0.2466067214143288
1041 0.97 -0.2534582339944342 -0.4206908893284199
1042 0.97 -0.4725868357883646 -0.2467248401306937
1043 0.97 -0.2755641542271836 -0.5258939073555424
1044 0.97 -0.4150325210859749 -0.3592251349911325
1045 -0.98 -0.3269673370820368 0.1965539190362738
1046 -0.98 -0.213666375451921 0.3083638206043945
1047 -0.98 -0.2546555986782791 0.2544995147594126
1048 -0.98 0.7400812385568754 -0.1662509364730917
1049 -0.98 -0.6031142074516871 0.4322158912304458
1050 -0.98 -0.1686889929740216 -0.6634940978701674
1051 -0.98 -0.4250091530581963 0.1946757462504639
1052 -0.98 -0.7602067925192191 -0.1528489457153069
1053 -0.98 0.1573264881441778 0.3611826189014969
1054 -0.98 -0.6010929411713402 0.3336347001754886
1055 -0.98 -0.5641903097145626 0.2697898001508298
1056 -0.98 -0.5201025600247517 0.231271702007294
1057 -0.98 -0.5945078535576234 0.4804778955538108
1058 -0.98 0.4809456247707304 -0.608643168194722
1059 -0.98 -0.7795211492204484 0.1296309651011479
1060 -0.98 -0.1806305225888185 0.4462476247316337
1061 -0.98 -0.1954545248126041 0.3738855040856192
1062 -0.98 -0.8174999999999997 0.4629082355011248
1063 -0.98 -0.2097846124182637 0.5159055827698072
1064 -0.98 -0.112435868937657 0.4543165888467996
1065 -0.98 0.4345885019194113 0.3725178448301291
1066 -0.98 0.296018390869881 0.1771195503737012
1067 -0.98 0.100092627490008 0.1647278671369686
1068 -0.98 0.2021914677037258 0.003715355030133982
1069 -0.98 0.007568893679671729 0.004954581915289413
1070 -0.98 0.1247093315506267 -0.1547996445120771
1071 -0.98 -0.05033343844094629 -0.1683846593631638
1072 -0.98 -0.1196785159407967 -0.05491562388848747
1073 -0.98 -0.2132338129901021 -0.1607964285761371
1074 -0.98 -0.3062448881525054 -0.06498995430679333
1075 -0.98 -0.3860999326659531 -0.1648151478702324
1076 -0.98 -0.2377375563092206 0.08260835702759339
1077 -0.98 0.3247295427889634 -0.1293139746294155
1078 -0.98 0.08175675607954735 -0.3561973371970166
1079 -0.98 -0.472001696779347 -0.04350494735019583
1080 -0.98 -0.4086379489123771 0.05906172355270956
1081 -0.98 -0.5113092393068714 0.06889326435770649
1082 -0.98 0.5043649172762912 0.1560158209879673
1083 -0.98 -0.006277723526421752 0.2827570217219607
1084 -0.98 -0.05716968908699605 0.1558239201032613
1085 -0.98 -0.1045524039476708 0.2513786708109035
1086 -0.98 -0.1031740151267918 0.3470571066361822
1087 -0.98 0.1385727241696109 -0.6214799206677737
1088 -0.98 -0.3044380213539527 -0.3063065334479148
1089 -0.98 -0.4861634662886951 -0.3545352342534203
1090 -0.98 -0.2058198992583675 0.3391994845672229
1091 -0.98 -0.1876735711248507 0.3128099811532142
1092 -0.98 -0.1651179423191471 0.2401605041568201
1093 -0.98 -0.01081641588937854 0.4102246485595381
1094 -0.98 -0.4477840396947728 0.1253404352677138
1095 -0.98 -0.4636620305444195 0.2110614376004977
1096 -0.98 -0.5596749648974518 0.1462517210945086
1097 -0.98 -0.4923995839016115 0.215471961840361
1098 -0.98 -0.4865561198454149 0.190785775937432
1099 -0.98 -0.3862591050232532 0.1439655492122748
1100 -0.98 -0.3703262736629185 0.1900657746718667
1101 -0.98 -0.231172520806415 0.2779994227905468
1102 -0.98 -0.337920817164671 0.162336771569677
1103 -0.98 -0.3015433400005294 0.1710323275143654
1104 -0.98 -0.7277073416599752 -0.3960145187296784
1105 -0.98 -0.3114207993212661 0.1154096097392751
1106 -0.98 -0.458791175794836 -0.6771433703330441
1107 -0.98 0.7315604264843083 -0.4366960609712954
1108 -0.98 -0.2849075488336402 0.2088890814126493
1109 -0.98 -0.2495066847169314 0.1640452934775954
1110 -0.98 -0.1774150201053486 0.1335416586676322
1111 -0.98 -0.6318415900444653 0.07917229955788729
1112 -0.98 -0.6424282062046306 0.1805702135947901
1113 -0.98 -0.7526496690556477 0.2439940637651109
1114 -0.98 0.2975671803681079 -0.4293983828830654
1115 -0.98 -0.5747034169126142 0.2011821938521884
1116 -0.98 -0.6332814540625679 0.2520659172799894
1117 -0.98 -0.7236269745353487 0.350944113699282
1118 -0.98 0.4732475631663879 -0.3022320600147435
1119 -0.98 -0.5246622765194587 0.2015247247457165
1120 -0.98 -0.5876917959955268 -0.02673513848621378
1121 -0.98 -0.5630991344057749 -0.1775627023439555
1122 -0.98 -0.4536922549628036 0.181600236692156
1123 -0.98 0.7121716672848986 0.3539973743370061
1124 -0.98 -0.4251110357794559 0.1629064145662577
1125 -0.98 0.7350551193027781 0.09799289501902886
1126 -0.98 0.5164353049759143 -0.05959540833795018
1127 -0.98 -0.7233979242370574 -0.6613871796977624
1128 -0.98 -0.1262346232778624 0.06961584831664258
1129 -0.98 -0.3979865268500847 0.1946098109516509
1130 -0.98 -0.2449865411474466 0.2157327796346403
1131 -0.98 -0.1970783439811086 0.1975718037251505
1132 -0.98 -0.1678691638553501 0.3422362162523268
1133 -0.98 -0.158008950928794 0.3961869625723063
1134 -0.98 -0.1979332526084145 0.4038422936581093
1135 -0.98 -0.1403438728963988 -0.3342871252271253
1136 -0.98 -0.3132376886341519 0.02912093311819508
1137 -0.98 0.7528194027649679 -0.6842118326204183
1138 -0.98 -0.8184441608977491 0.3402616032413793
1139 -0.98 -0.7044145834841686 0.452757708972063
1140 -0.98 -0.6458189399261871 0.384858053322419
1141 -0.98 -0.6601917863054052 0.3090214024916057
1142 -0.98 -0.6046807390813391 0.2886315667073459
1143 -0.98 -0.5778658671818582 0.3002664623611152
1144 -0.98 -0.6388770627227238 0.4602941934646702
1145 -0.98 0.3684055145528018 0.02601068394813588
1146 -0.98 -0.2690223134294251 0.2357137243208519
1147 -0.98 -0.05297741100691922 -0.495085461631772
1148 -0.98 -0.214745287889816 0.2447120107254793
1149 -0.98 -0.1942690059878914 0.279226904712308
1150 -0.98 -0.6198902303781182 0.5293267495717492
1151 -0.98 -0.7385087829930859 -0.001329134918733321
1152 -0.98 -0.5918424749369788 0.2425903431893789
1153 -0.98 -0.5549091620045514 0.2349739666365475
1154 -0.98 -0.5363459383531808 0.2513818090513084
1155 -0.98 -0.1258677495338185 0.1837111627925186
1156 -0.98 -0.3818872975643972 -0.01968428680469103
1157 -0.98 -0.2193945142174398 -0.01655947805149782
1158 -0.98 -0.1528051778232139 0.29217615497615
1159 -0.98 -0.3155344139316462 -0.4899274733750544
1160 -0.98 -0.5550715590420097 -0.5142827338883313
1161 -0.98 -0.4972798158711289 0.1523993596825387
1162 -0.98 0.2500403495639838 -0.2771107736663044
1163 0.7293337481132214 -0.98 -0.1474694017139729
1164 -0.7375491898818509 -0.98 -0.147485343949891
1165 -0.1646043178619218 -0.98 -0.6188776491847348
1166 -0.1836957100406047 -0.98 0.2753009588885676
1167 0.493794029647862 -0.98 -0.6002280999269058
1168 0.5068507314121731 -0.98 0.3474766728248321
1169 0.1602027796385834 -0.98 -0.6174961325627437
1170 -0.001797262431108781 -0.98 -0.3419595982615491
1171 -0.3033089071016926 -0.98 -0.321869630710662
1172 -0.1493433633473122 -0.98 -0.06062887255426086
1173 0.1596363848309419 -0.98 -0.06723971463943956
1174 -0.490545772652127 -0.98 -0.6068198899864055
1175 0.1722820394575928 -0.98 0.28641991125168
1176 -0.5187866791821478 -0.98 0.3393561694288109
1177 0.3013400271816524 -0.98 -0.3199566592790792
1178 -0.7494010786255119 -0.98 -0.4401391535855473
1179 -0.7358270333236763 -0.98 0.1505032003765735
1180 -0.4541338315929953 -0.98 -0.009794820401298643
1181 0.7198991286378464 -0.98 0.1527999999999997
1182 0.4476408119535251 -0.98 -0.007466545868537344
1183 0.7425394493974093 -0.98 -0.4391449553377219
1184 0.00014553295385622 -0.98 0.1136579610347123
1185 0.762349972010004 -0.98 0.4022953345649664
1186 0.756282336024436 -0.98 -0.6865199938163928
1187 -0.7626610080117808 -0.98 -0.686662621242707
1188 -0.7739227425011648 -0.98 0.4002118739610768
1189 -0.5504259382736814 -0.98 -0.3037402242882271
1190 0.5441436240412494 -0.98 -0.3042966295237809
1191 -0.6985417437700578 -0.1674999999999986 0.604
1192 0.6758568371629319 -0.1639463658264043 0.604
1193 -0.1956858377796384 0.6787037593894865 0.604
1194 -0.1956858377796382 -0.6887037593894854 0.604
1195 0.4905343325269511 0.7055209924182959 0.604
1196 -0.7047990853568551 0.4811228549837163 0.604
1197 0.4869727637543693 -0.7092659413451785 0.604
1198 -0.6995846340345241 0.1572704758306205 0.604
1199 -0.4172573025841935 -0.005038254028228439 0.604
1200 -0.3893119140502627 -0.380703260854938 0.604
1201 -0.1356252313101736 -0.167499999999998 0.604
1202 -0.1302114825129297 0.1480665602711442 0.604
1203 0.1409966339702611 -0.006572239954807824 0.604
1204 0.1458330249197686 -0.3299999999999976 0.604
1205 0.1481776789613187 0.3070949747028942 0.604
1206 0.4170025969544149 0.11115149254733 0.604
1207 0.1492034349587652 -0.6520123565040361 0.604
1208 -0.7049404936335931 -0.4948834987505791 0.604
1209 0.1502165449813577 0.6409076443773778 0.604
1210 -0.3895814116294082 0.3691151727162283 0.604
1211 -0.4953300012590254 -0.7101140094194486 0.604
1212 -0.4953452499855023 0.6994772556211661 0.604
1213 0.7029487831363277 -0.4981220537407628 0.604
1214 0.7139508290757346 0.4984758999856316 0.604
1215 0.7064284129455114 0.1783143873454462 0.604
1216 0.3549924220613725 -0.1659092584744771 0.604
1217 0.4175095006625735 0.417777153214121 0.604
1218 0.4193012109989227 -0.4198759959818095 0.604
1219 -0.09832200063008978 -0.4379800614314818 0.604
1220 -0.0834169015958599 0.4287776222914261 0.604
1221 -0.7420834875401141 -0.7420834875401141 0.604
1222 -0.7420834875401153 0.7320834875401154 0.604
1223 0.7320834875401152 -0.7420834875401153 0.604
1224 0.7337382390196074 0.7337382390196074 0.604
1225 -0.6985417437700578 -0.1674999999999986 -0.9
1226 0.6758568371629321 -0.1639463658264042 -0.9
1227 -0.1956858377796382 0.678703759389486 -0.9
1228 -0.1956858377796382 -0.6887037593894854 -0.9
1229 0.4905343325269513 0.7055209924182961 -0.9
1230 -0.7047990853568551 0.4811228549837163 -0.9
1231 0.4869727637543693 -0.7092659413451785 -0.9
1232 -0.6995846340345241 0.1572704758306205 -0.9
1233 -0.4172573025841935 -0.005038254028228439 -0.9
1234 -0.3893119140502627 -0.380703260854938 -0.9
1235 -0.1356252313101736 -0.167499999999998 -0.9
1236 -0.1302114825129297 0.1480665602711442 -0.9
1237 0.1409966339702609 -0.006572239954807602 -0.9
1238 0.1458330249197686 -0.3299999999999974 -0.9
1239 0.1481776789613192 0.3070949747028946 -0.9
1240 0.4170025969544151 0.1111514925473303 -0.9
1241 0.1492034349587652 -0.6520123565040361 -0.9
1242 0.1502165449813579 0.6409076443773782 -0.9
1243 -0.7049404936335931 -0.4948834987505791 -0.9
1244 -0.3895814116294082 0.3691151727162283 -0.9
1245 -0.4953300012590254 -0.7101140094194486 -0.9
1246 -0.4953452499855023 0.6994772556211661 -0.9
1247 0.7029487831363279 -0.4981220537407627 -0.9
1248 0.7139508290757346 0.4984758999856316 -0.9
1249 0.7064284129455114 0.1783143873454462 -0.9
1250 0.3549924220613725 -0.165909258474477 -0.9
1251 0.4175095006625738 0.4177771532141212 -0.9
1252 0.4193012109989227 -0.4198759959818095 -0.9
1253 -0.09832200063008967 -0.4379800614314818 -0.9
1254 -0.08341690159585979 0.4287776222914264 -0.9
1255 -0.7420834875401141 -0.7420834875401141 -0.9
1256 -0.7420834875401153 0.7320834875401154 -0.9
1257 0.7320834875401152 -0.7420834875401153 -0.9
1258 0.7337382390196072 0.7337382390196072 -0.9
1259 0.7288888217982792 0.97 -0.1485327762908026
1260 -0.7379536438452874 0.97 -0.1487221187271919
1261 -0.1659106638800441 0.97 0.3234734111710383
1262 -0.1846007506782528 0.97 -0.5717091895486374
1263 0.4927598536271993 0.97 0.3042371212329497
1264 0.5071560995600659 0.97 -0.6435542246346879
1265 0.1591384304321819 0.97 0.3216008599638415
1266 -0.003356275419218679 0.97 0.04614690288584811
1267 -0.3046653937924493 0.97 0.02627941371310871
1268 -0.1476141767875974 0.97 -0.2371556128573313
1269 0.1566055387037437 0.97 -0.2293227374417438
1270 -0.4925521063520318 0.97 0.3097021325630486
1271 0.1686771348506273 0.97 -0.5934651074758193
1272 -0.5193702966018231 0.97 -0.6355632065046264
1273 0.2997803701429813 0.97 0.02391091481601315
1274 -0.749905274514117 0.97 0.1438285691326139
1275 0.7421019677858869 0.97 0.1431526981129386
1276 0.7198991286378462 0.97 -0.4488000000000002
1277 0.4462864186287514 0.97 -0.2902039554504607
1278 -0.7364052082705694 0.97 -0.4466518303227308
1279 -0.4545293059723825 0.97 -0.2866086868561585
1280 -0.002120902326311125 0.97 -0.4166373348124366
1281 0.7561321668782948 0.97 0.3905217044369297
1282 0.7624110456395825 0.97 -0.6983108449269376
1283 -0.7714914761732297 0.97 0.3929461403391327
1284 -0.7741551009744784 0.97 -0.6962830073654714
1285 -0.5510956718306981 0.97 0.007261736254299267
1286 0.5429978367077182 0.97 0.008336242873815736
1287 0.97 -0.2040672182691851 -0.3352412812434818
1288 0.97 -0.1980930490361207 -0.4278089398222928
1289 0.97 -0.3571186299096353 -0.1968213968066115
1290 0.97 0.7094995585416408 -0.148
1291 0.97 -0.5062100910700371 -0.219166179180935
1292 0.97 -0.5548247198037383 -0.2660952088327795
1293 0.97 0.2052430264651064 0.3541375950445745
1294 0.97 -0.2722339705009812 -0.2426431076089004
1295 0.97 -0.2381889568113426 -0.279513152250921
1296 0.97 -0.2213790755062931 -0.3186597688380528
1297 0.97 -0.2003780210223262 -0.3061096802847347
1298 0.97 -0.5835707318539896 -0.4979217236746977
1299 0.97 -0.4931838736159082 0.3449498868289375
1300 0.97 -0.6008460939858304 -0.3408312839640165
1301 0.97 0.1677183120890349 -0.6133223558110095
1302 0.97 -0.4711498234827262 -0.5975229007865459
1303 0.97 -0.3853951252856584 -0.5980300129024692
1304 0.97 -0.07508617295862519 -0.6810276014012573
1305 0.97 -0.2967991763780693 -0.5850736176924445
1306 0.97 -0.2410532805557476 -0.5188615161656166
1307 0.97 -0.1666035334870272 0.3908004485893247
1308 0.97 -0.001548165553902914 0.1309055757916954
1309 0.97 -0.7927226010532016 -0.1467545935713804
1310 0.97 -0.7608275042444987 0.0722867878038902
1311 0.97 -0.5914206771742057 -0.006435472601203696
1312 0.97 -0.6592775739703929 -0.1647748148747682
1313 0.97 0.5278824514699609 -0.6474092717442199
1314 0.97 -0.7790813389943657 -0.3632630410959131
1315 0.97 -0.7812893688281879 -0.5447014795198162
1316 0.97 0.4471869798757206 0.3429297254447093
1317 0.97 0.3063236168082155 0.1220590947128458
1318 0.97 0.5632249307381443 0.1159068750002429
1319 0.97 0.4476232633808463 -0.0842691401759158
1320 0.97 0.2353830185715609 -0.0966795558421617
1321 0.97 0.3431354723799473 -0.2567554030368505
1322 0.97 0.1578141417693715 -0.2493416069825142
1323 0.97 0.0616155724369849 -0.1096290154916457
1324 0.97 0.02193931247278869 -0.2411703839202763
1325 0.97 -0.1714018767671288 -0.3319998806561782
1326 0.97 -0.0559572380874922 -0.1620869060091996
1327 0.97 -0.1632566191964052 -0.293560893876318
1328 0.97 -0.1300910468726408 -0.3248883694224457
1329 0.97 -0.1440913549117554 -0.3690952871718411
1330 0.97 -0.08706873471886067 -0.3619791314986731
1331 0.97 -0.1105773017371439 -0.4232012121890545
1332 0.97 -0.02729030330751525 -0.4073603149219954
1333 0.97 -0.1191245454324696 -0.2762080554562822
1334 0.97 -0.1599700471696276 -0.2487723667786467
1335 0.97 -0.1959779682214302 -0.2693139077137149
1336 0.97 -0.2095780986304845 -0.2289723700438631
1337 0.97 -0.1650269914587529 -0.1981165628789285
1338 0.97 -0.2170421664125168 -0.1774579395954746
1339 0.97 -0.3087398013197696 -0.2181511195524932
1340 0.97 -0.1739175070308236 -0.1420008245544371
1341 0.97 -0.2390084203864669 -0.1158259151520379
1342 0.97 -0.1783727444013663 -0.06359332209745328
1343 0.97 -0.2619073877930281 -0.03399901555999618
1344 0.97 -0.3341517631558938 -0.1152609573588534
1345 0.97 -0.4208736291894992 -0.1923901798983167
1346 0.97 -0.4652704702170292 -0.2071169480178522
1347 0.97 -0.3594629294441329 -0.01354820203426443
1348 0.97 -0.4574549883846653 -0.161524142775897
1349 0.97 -0.1845714691661053 0.03892436260320686
1350 0.97 -0.09925093650425321 -0.01430230553931089
1351 0.97 -0.1146279669210165 -0.2185958420781561
1352 0.97 -0.4029770823547196 -0.1512394859375445
1353 0.97 -0.4343850852195822 -0.09021391524889533
1354 0.97 -0.5069763143290633 -0.1302985561490043
1355 0.97 -0.2796008662323605 -0.1719001518684622
1356 0.97 -0.4699784498376315 0.01283054146985274
1357 0.97 -0.3788753847491604 0.1434965975385699
1358 0.97 -0.05443690914071686 -0.4972517158589005
1359 0.97 -0.1475154934484756 -0.501540695711025
1360 0.97 -0.2189162373829845 -0.4871821039958169
1361 0.97 -0.2501125068194785 -0.2094419080067879
1362 0.97 0.2201067703843171 -0.4197942631100931
1363 0.97 -0.1964710873284087 -0.3817241548061575
1364 0.97 0.6969670443470168 -0.4344814389251421
1365 0.97 -0.2518157322959959 -0.2622797723017666
1366 0.97 -0.2279803646589778 -0.2996026980053287
1367 0.97 0.06352874476705272 -0.4797727433025544
1368 0.97 -0.3851264873454442 -0.1955794665963422
1369 0.97 -0.360401378017653 -0.1624426841805888
1370 0.97 -0.3292261643002774 -0.1743765764135357
1371 0.97 -0.2383562682097389 -0.7453694827921543
1372 0.97 -0.1675131367178826 -0.4033457231540676
1373 0.97 -0.5618294508616316 0.1461977235050688
1374 0.97 -0.2269570825820946 -0.2602675669126543
1375 0.97 -0.2503153770546823 -0.23913087006866
1376 0.97 0.1229014636757859 0.03658277344696148
1377 0.97 0.06542271429169766 -0.3504182457668076
1378 0.97 -0.5632265990932296 -0.1866919109257718
1379 0.97 -0.6220238559657976 -0.2406650812015544
1380 0.97 -0.583273076308866 -0.3058140504488021
1381 0.97 0.7132328175654945 0.340377565781845
1382 0.97 -0.738473471453673 0.3457723996896492
1383 0.97 -0.1877674668788542 -0.6358291767649489
1384 0.97 -0.2712102352922161 -0.5503733611396792
1385 0.97 -0.2422727170406775 -0.5416200168050365
1386 0.97 -0.7002365449100643 -0.2306420985628327
1387 0.97 -0.6696059374729786 -0.2978283217567584
1388 0.97 -0.6987715305872854 -0.4071833961135784
1389 0.97 -0.5997242748684437 -0.4477700845980456
1390 0.97 -0.2876630576089332 -0.2306932069275964
1391 0.97 -0.2836900503499797 -0.2080282980801377
1392 0.97 -0.2688029924668109 -0.2259874781384165
1393 0.97 -0.5473441440632465 -0.2242054886560494
1394 0.97 -0.1908561755656729 -0.4030708373053689
1395 0.97 -0.1684115280540616 -0.4509762778164064
1396 0.97 -0.3133042187963579 0.333048903739101
1397 0.97 0.5379484544570337 -0.2616725953763512
1398 0.97 0.4410066988397128 -0.431541252010161
1399 0.97 -0.1958029262456729 -0.4589771617857717
1400 0.97 -0.4394527095685884 -0.7771475838294296
1401 0.97 -0.5835873631343331 -0.7383374241632136
1402 0.97 -0.7746407442733299 -0.7302418122802747
1403 0.97 0.7619698991633954 -0.6962181421338725
1404 0.97 -0.02959557975882787 -0.3221126650129289
1405 0.97 0.01072063073444796 -0.5964937863972609
1406 0.97 0.06050696735226624 -0.7260999489090688
1407 0.97 -0.2614462398770456 -0.2509663448183549
1408 0.97 -0.2856196864272853 0.06208558305973166
1409 0.97 -0.1778324010757697 0.1848315716032071
1410 0.97 -0.4929752266570361 -0.1786130066002422
1411 0.97 0.1284263948685072 0.1854958373819399
1412 0.97 0.7851914613690558 0.1227768881564174
1413 0.97 -0.3378456178418338 -0.2073227402434402
1414 0.97 -0.1056886094930911 -0.5792065189501516
1415 0.97 -0.1882045111471038 -0.5586194454505974
1416 0.97 -0.2058505541080013 -0.4027357155541733
1417 0.97 -0.660809169249063 -0.3610351871162772
1418 0.97 -0.6084310039332443 -0.3982534143211416
1419 0.97 -0.6217296216366607 -0.3026173666877009
1420 0.97 0.3353428465566055 -0.6024134285350967
1421 0.97 -0.2169021360401634 -0.2826841413094852
1422 0.97 -0.5940459064518868 -0.2716333907952719
1423 0.97 -0.5712714419232546 -0.2799031239412276
1424 0.97 -0.5720150036573217 -0.2465760901871857
1425 0.97 -0.2762436530683769 -0.6508148761809871
1426 0.97 -0.2437496266342165 -0.587055082338949
1427 0.97 -0.1077611545540667 -0.1033832243613794
1428 0.97 -0.09002074598376153 0.07326685285942924
1429 0.97 -0.08633541660540756 -0.3088277101944776
1430 0.97 -0.06395023905540431 -0.2548335937785535
1431 0.97 -0.1878828563141912 -0.5165904310837894
1432 0.97 -0.2189312574346364 -0.5127428747577931
1433 0.97 -0.476549062431386 -0.6611352398789441
1434 0.97 -0.5801341866779275 -0.6430688183109516
1435 0.97 -0.5545975930470868 -0.5454112849856207
1436 0.97 -0.5355150588606659 -0.599840408106098
1437 0.97 -0.6824815428788542 -0.07441965598646871
1438 0.97 -0.1832917904955184 -0.3564293299097001
1439 0.97 -0.3584173564648564 -0.6773239833254099
1440 0.97 -0.3333590116868564 -0.623925444261751
1441 0.97 -0.3522778428629271 -0.5920987503497478
1442 0.97 -0.3292445564323818 -0.5885493814298687
1443 0.97 -0.03180113009449947 -0.07216810056732792
1444 0.97 -0.5401657884436123 -0.2468995943470017
1445 0.97 0.003039679506253057 0.2963286837069053
1446 0.97 -0.5159219451634276 -0.5652243801806125
1447 0.97 -0.1234581716104304 -0.1648366719764202
1448 0.97 -0.2609504730700332 -0.5378340533032665
1449 0.97 -0.5166290564793625 -0.06480778847027102
1450 0.97 -0.584873235468131 -0.106099987450064
1451 0.97 -0.6758316829375872 -0.631448999106101
1452 0.97 -0.6727388600136599 -0.5417211143683708
1453 0.97 -0.6126231816120322 -0.5813565161503552
1454 0.97 -0.6407006454551589 -0.4875407582411797
1455 0.97 -0.6507041082754645 -0.4321473023261231
1456 0.97 0.008036273986501641 0.02115091631610522
1457 0.97 -0.3078205000088442 -0.1959557772316138
1458 0.97 -0.212502208054377 -0.4707271968858437
1459 0.97 -0.1932579468757432 -0.4863426598696085
1460 0.97 -0.7070573295867282 -0.4743325684249312
1461 0.97 -0.6165638673440887 -0.5312141529209948
1462 0.8091067059220369 -0.3812592955479574 -0.4142480795779397
1463 -0.8275355022705897 -0.3947756063466235 0.3428811461672979
1464 0.8691437278267223 -0.2860931212453165 -0.3923862874441677
1465 0.857851148889868 -0.4634013514222837 -0.3501675806374452
1466 0.8699141843200042 -0.3571363384076455 -0.3209792907925272
1467 -0.8484771159617491 -0.4526988742617359 0.2852191379756469
1468 -0.8273687288076054 -0.3949137589626981 0.4619673919574777
1469 -0.8707962928320109 -0.3004145284079514 0.3946122625175244
1470 -0.8277221866885593 -0.3425802311536326 0.2801116404285247
1471 0.871020832777282 -0.3132668146591372 -0.4731181262741552
1472 -0.877702548156814 -0.481863853242901 0.4093172799647892
1473 0.870727744646302 -0.4651549208758893 -0.4494172973830429
1474 0.4903530925846254 -0.3591327239971216 -0.4072960974279735
1475 0.8908544100340275 -0.3622171789379668 -0.4047045521148715
1476 -0.887477987396714 -0.2704101232969514 0.3193841856492087
1477 0.9060298143949163 -0.4141500920165002 -0.3691497829960352
1478 -0.901472382747129 -0.4557654977852698 0.4916159638415087
1479 -0.9033398523606497 -0.3881941589102111 0.3875264262187964
1480 -0.9104231862883517 -0.4475631264562994 0.3487575309478544
1481 -0.9116492767577895 -0.515666936903557 0.3344546160075265
1482 0.9039553279640741 -0.3770510954317324 -0.468908747985924
1483 -0.9120685396959246 -0.3844917573481891 0.3185947935960595
1484 -0.9145785754396563 -0.340719482138845 0.4337560627462374
1485 0.8819976995351824 -0.5182674500472078 -0.3202648282690865
1486 0.8917574451341428 -0.5254062331682805 -0.4023314139076414
1487 -0.9162262715858869 -0.302753184878867 0.4875899661612401
1488 0.9102682816438658 -0.4475206721378926 -0.3179271520666938
1489 0.9045421642600977 -0.4473106141805271 -0.2514018763360871
1490 0.9123176535664387 -0.4691022730078631 -0.3901245135570705
1491 0.9066870408709906 -0.3259565764012242 -0.3623755920372297
1492 0.8982064954933267 -0.2842846674837398 -0.3427784457954559
1493 0.8854657587844366 -0.2467640189782614 -0.3853112880724338
1494 0.9000531744364064 -0.427351329227364 -0.5190049042779573
1495 -0.9315446991815616 -0.4690009041329731 0.5342698656011321
1496 -0.9257966551767819 -0.3365472326254774 0.3788755788483875
1497 -0.9277721425071009 -0.2844018720033619 0.3934427346528179
1498 0.899259344097173 -0.2998816406707385 -0.2904791125689119
1499 0.2066812372017553 -0.4494359198681163 -0.2745941914100803
1500 0.9113505323162301 -0.3494325528235325 -0.2726833754314716
1501 -0.9283128097358078 -0.3160619636370528 0.3338602672434203
1502 0.9188574977401108 -0.3090279461395374 -0.4166746749197354
1503 0.9117661621144898 -0.2751629721315937 -0.4413413523185795
1504 -0.9118218082975222 -0.372170455319178 0.5103952208576861
1505 0.4112473382674433 -0.3975831287158726 -0.2804121078119575
1506 0.5997592395432503 -0.3769485285065212 -0.4662290294030943
1507 0.6179029641539153 -0.5232505298134406 -0.3059719238120582
1508 -0.9274363565953572 -0.3932631495389567 0.4428136221287268
1509 0.9199591475100342 -0.3686040930410759 -0.3416444502887634
1510 0.9081259766004497 -0.3487009673147474 -0.5250708291033469
1511 0.7280859949550367 -0.3998935172410877 -0.3733488358985148
1512 -0.8983447855358647 -0.5094541272270522 0.4664111774353839
1513 -0.9348108752342188 -0.2389358278201588 0.3853482848341118
1514 0.9256145333775929 -0.3394536886922422 -0.4471528352729944
1515 0.9220517157496964 -0.4184100130564978 -0.415526953656648
1516 -0.9351979696249222 -0.4368886463668304 0.4256088043203243
1517 -0.9305985403991796 -0.2669999568350266 0.4433327654725583
1518 -0.9394210951386683 -0.4808046051484922 0.4120624359314728
1519 -0.9082823536782485 -0.5062695847387324 0.2756778815351983
1520 -0.9263451554940632 -0.4283983909507126 0.2875074680249003
1521 0.9307723530042482 -0.3438109662508781 -0.3945704422266505
1522 0.9235704107186965 -0.3934436156422495 -0.2973094996881687
1523 -0.9399306405642796 -0.3714910341956013 0.4080610004331532
1524 -0.9428811240977695 -0.390237835199856 0.3727811402453705
1525 -0.9419489637499933 -0.4211128406493215 0.3458640417925032
1526 -0.9430924202605456 -0.3688669933903064 0.3391529635407918
1527 0.9331717194766005 -0.291506997373971 -0.3825979015525449
1528 0.9127289661214523 -0.2684078197494463 -0.4855648536303308
1529 0.9299913631946707 -0.3752673828911117 -0.4258514863282129
1530 -0.7051106329621332 -0.3875131069996552 0.360703521027513
1531 -0.9359975419203435 -0.3478484450740059 0.4744610211873129
1532 -0.9395264422887259 -0.4009572855157317 0.483849280056966
1533 -0.938344044008247 -0.4269167873151729 0.5205514805346257
1534 0.9318320937509226 -0.2471441660232109 -0.3189841809700839
1535 0.9271638649074474 -0.4336573636840513 -0.4572380091527453
1536 0.925942067333303 -0.4784658640580987 -0.4670727853680965
1537 0.9141289533649217 -0.5295592205273363 -0.4620958074471628
1538 0.9264200093460812 -0.471064252960788 -0.5117298129335369
1539 0.9275004101543963 -0.4960668436282937 -0.4263214218381948
1540 0.9318949728851517 -0.3093880874480134 -0.4721804745860684
1541 0.9281082623462114 -0.3082742412690792 -0.514928866418474
1542 0.9385029536925443 -0.2766969198647991 -0.4118677959612583
1543 -0.9076133179735144 -0.3614472396211564 0.2563853263328513
1544 -0.9408274241849057 -0.4451895047082073 0.4666791287835558
1545 -0.9415547965968356 -0.4681358867938205 0.5009389244521012
1546 -0.9366615989754873 -0.4653848758049066 0.3126130525695045
1547 0.5913711473467389 -0.4184714100265115 -0.3420033487014205
1548 -0.9346183760729649 -0.5029137841914382 0.5083889144687532
1549 0.9399446403856102 -0.2456034090658095 -0.4160604875360073
1550 -0.9433847594494402 -0.4427666516365207 0.3791072007989182
1551 -0.3308829510024371 -0.3949944002037568 0.2054472156009541
1552 -0.9346627643821713 -0.531449323259952 0.4098590860642857
1553 0.9279804014582951 -0.4805318436883226 -0.2947085787177989
1554 -0.9455153775833942 -0.3364013187076824 0.5219542657591993
1555 0.9348307297697985 -0.3947552687798674 -0.4572881849200579
1556 0.9277931671364827 -0.3977535705863809 -0.5006522923604376
1557 0.9257740605939085 -0.387119197212709 -0.5455175119624387
1558 -0.9394806721796348 -0.4900784936756323 0.3677067044061567
1559 -0.5245851595227458 -0.4123677456322634 0.2980547267982372
1560 0.9340095634873925 -0.3017498683181512 -0.3436354802488197
1561 0.9325726691758337 -0.3344330982858376 -0.3221997558494176
1562 0.9301384233998889 -0.4861691823928541 -0.3360270515061964
1563 0.9275796787958713 -0.5192397054184862 -0.3692155217882143
1564 0.9322529888511274 -0.4530623825567908 -0.3580898624667887
1565 -0.9415024000371914 -0.3090161543626992 0.2905066565024129
1566 0.9386474601522141 -0.3745440546736858 -0.3826604513547407
1567 0.9394616579863427 -0.397981080406929 -0.3592998082356539
1568 -0.9415120026064512 -0.4612842194182054 0.2688964426023945
1569 0.9414598233885552 -0.3194314594033168 -0.3725090339599207
1570 0.9419155807240567 -0.3420055791992385 -0.3520768400359506
1571 0.9409795743755344 -0.2683677598426124 -0.362888222477548
1572 0.9070689654089824 -0.5260197239534952 -0.2935684713667771
1573 0.9435446141475053 -0.2748543915718378 -0.3353500320187408
1574 0.2540055360734257 0.5770739370156835 -0.2839780621377375
1575 -0.3161530885688588 0.3597209923946656 -0.2508823513121787
1576 0.5553653560227008 0.05848476381417698 0.08085219834749433
1577 -0.2255807807659336 -0.3976593548843637 -0.7536008258178835
1578 -0.5154752464856411 -0.1703680649271052 -0.368734921694678
1579 0.6672298769597169 -0.08175237374266099 -0.0949408996449729
1580 -0.5511733235029288 0.2015187766053107 0.1161657472144758
1581 0.5774166460567384 -0.1468625680319797 0.2415280490089813
1582 0.4641060395411216 0.2306511098826457 0.06318962268748496
1583 0.5960285602541082 0.2480779138387062 -0.3129632154444977
1584 0.1317595659217738 0.1131104610431952 -0.8225233425552367
1585 -0.3528891656729374 -0.6054465092214979 -0.4190874967288262
1586 -0.01209682809390326 0.2465334580491139 0.09999422437703567
1587 -0.6886879825455582 -0.1822502106293906 -0.06762786772016469
1588 -0.05130682429010563 -0.5647784303229262 -0.4991424412527917
1589 -0.1361433841287652 0.01613937431668566 -0.4295593751895268
1590 0.7154856566140496 -0.5316552572461709 0.04501382499840467
1591 -0.6933290602922172 -0.7701615697917357 0.4095944620025416
1592 -0.05357596326819974 0.1328184181642452 -0.3764098047032128
1593 0.8424579926319355 -0.1132616150847792 -0.3031042335674671
1594 0.2375950226469637 0.09778953654464739 -0.5259824204567354
1595 0.8314226998413947 -0.8032187366424646 -0.3084042312981649
1596 0.6699285113115925 -0.7486595861612249 -0.4576605123318582
1597 -0.6726544705709829 -0.3469016724143124 -0.1762658965364853
1598 -0.6317040244728493 -0.7287226618291605 -0.1348047344988799
1599 0.7279738717318585 0.01008566372213605 -0.525899996311733
1600 0.8056345617675453 -0.0914094584112551 -0.4417134978578648
1601 -0.7152953544953897 0.04396424789876177 0.3398701764837214
1602 -0.6246927497221846 0.1588504613565607 -0.2451838615278457
1603 -0.3531410937415991 -0.823268876309036 -0.01361956072949972
1604 0.8315455644543265 -0.1551947065482953 -0.1677966774006883
1605 0.6964922980035839 -0.276545904816806 0.0704841812509788
1606 0.5248660977049221 -0.4407996410113413 0.3035014261842072
1607 0.177339927272483 0.1280666596254711 -0.02770881037975303
1608 -0.2601893023441929 0.05327752861894691 -0.1155895486402062
1609 -0.910827154884547 -0.5245011057918439 0.1672011862485987
1610 0.4955018603419812 -0.05211826217884158 -0.6479725054153639
1611 0.5405311357857868 0.02451152168713498 -0.1804140589709935
1612 -0.7489635004858394 -0.7759878065535017 0.1319307696404087
1613 -0.5825025753369116 0.571747983245132 -0.03718011340294161
1614 0.4751617161588494 -0.6855392339862295 0.09054569165987281
1615 0.2034217360824113 -0.7049536160254019 -0.507423194308414
1616 -0.4230503041283751 0.01884920139055155 -0.09579579916331403
1617 -0.2655545200541806 -0.3229265015897982 -0.3736473539359147
1618 -0.4776565403041636 -0.1408079717519002 -0.1996977595237777
1619 0.1303560562222071 -0.8329840775052739 0.2614846587997058
1620 0.6206102617439446 0.5749048093280235 -0.1311599014773316
1621 -0.6099444289102721 0.5645245340485592 -0.4422326223726621
1622 0.2585893001651697 -0.4847889720380659 -0.660787393561715
1623 0.01303498009445865 -0.3426165370490171 -0.5329921987612249
1624 0.03210185235834464 -0.1311551296068075 0.3844352082145875
1625 -0.6698324701053027 -0.4358320233057404 -0.496901957921489
1626 -0.8057790090795995 -0.1205154666395007 0.1266457054350404
1627 0.5927737442229788 0.5835588716779229 -0.5292845126515036
1628 0.2235642998193628 -0.1541858028965029 -0.6629375537597203
1629 0.2449050250083296 0.5771196820636229 0.1800530858884939
1630 -0.2268469367283812 0.5915629910842569 0.1709354127394856
1631 -0.4356975044511877 0.1968558402198984 -0.5684963995199337
1632 -0.2677041453285302 0.1004315047173889 0.2889520742931218
1633 0.8682899027472439 -0.1802909229228524 -0.408633999646405
1634 0.7671506398033048 0.08302205532855117 -0.3013525872802519
1635 0.8268669195504783 -0.5630284687979652 -0.1177833553468658
1636 -0.8032346459110179 -0.3340169480266213 -0.01507909404065485
1637 -0.7549343401645446 -0.257386410234137 0.1132560232743454
1638 -0.5684162191550777 -0.006451363704082919 0.1228500958555289
1639 -0.066902379493608 0.4953038385231797 -0.517046401299166
1640 0.1643339687063652 0.1142266645815921 -0.08187591316429096
1641 0.6677856160787043 -0.7535052639771481 -0.105076779257147
1642 -0.732703936890986 -0.5426344708394841 -0.02084177504240739
1643 -0.8899854721694246 -0.168919173445848 0.3151437184357428
1644 -0.8693081177938645 -0.2051054835373819 0.1964977275649337
1645 0.7754814595747663 -0.1238576469909412 -0.7062507816563915
1646 0.7920650370625455 -0.6342417218526745 -0.6888044826337159
1647 -0.8515978712786321 -0.4574609047206209 0.07492525103433501
1648 0.6159695152707598 0.5634302041336363 0.2457147594071421
1649 0.8817411456931722 -0.1569704831972478 -0.537842746487924
1650 -0.4371757982657107 -0.2530548109040014 -0.08999433436921707
1651 0.6131296329006618 -0.5424085288798095 -0.7119373664767017
1652 0.4621035795459468 -0.7702379985618036 -0.6212486108464752
1653 0.8836117151127278 -0.6252001666183007 -0.2716570081331611
1654 0.8574245123830744 -0.6184057427950379 -0.3111992424204272
1655 -0.7401935503847648 0.2921687055639497 -0.03635515936241265
1656 0.7833435287809054 -0.02708269002335496 0.07337993164054343
1657 0.2432580746566255 -0.4156658616681248 0.3487510378251668
1658 0.5995965046857473 -0.3081554435716581 -0.7417709562172601
1659 -0.5362224571211156 0.4970173489319705 0.2997424815670111
1660 -0.7426547068518026 0.04662066940439288 -0.0407756817145094
1661 -0.4619577027409453 -0.4910270331747887 -0.1955118165803227
1662 -0.2861893623906462 -0.8468572079331267 -0.1376605250018612
1663 -0.1942736465881241 -0.158478565125424 -0.2310151367717999
1664 -0.6881265705339763 0.03357592038744478 -0.516120156941927
1665 -0.07808656147740031 0.620509285891111 -0.1605452858230488
1666 0.2736607638021208 -0.1039364425970592 0.2144265362477796
1667 0.03866425690278859 -0.7835913194750729 -0.3367684460709776
1668 0.8167465612191467 -0.3921217957773676 -0.07924484148866971
1669 0.8050821251186527 -0.3931109362157149 -0.7486364645076741
1670 0.7353462366166181 0.1783683882985818 -0.05222141237039586
1671 0.8305315375184068 -0.05437722070332586 -0.08733595894876375
1672 -0.2809272671468933 -0.07741449558540245 -0.04516815191933829
1673 -0.02244028689467993 0.01771461820143209 0.1532832360929207
1674 -0.849262376807379 -0.0655038772648126 0.2986652660314532
1675 -0.3280986779966025 0.01960515378643893 0.3067491098680059
1676 0.8956366851689901 -0.1714705174329436 -0.2704433123682211
1677 0.902059293565782 -0.1759309633193672 -0.3369505839901517
1678 0.7158499931965592 0.2410277105203254 0.2201073291084692
1679 -0.3390091938016399 -0.1228686639205949 -0.6217657584494398
1680 0.8690116698778007 -0.6554920894901193 -0.6014742896864097
1681 0.8577665653584887 -0.5439228983624164 -0.5722284734205567
1682 0.6676516403115452 0.2980823040467644 -0.604816515622831
1683 0.859466586901093 -0.7140933111987212 -0.4425143897281302
1684 0.4895917376311751 -0.4244081181538102 0.05280347648697412
1685 0.4761560612694941 -0.08675719730963719 0.09058625340242069
1686 0.4561172499936784 -0.3909052664575915 0.192774042233744
1687 0.4147677396690032 -0.1267836710925146 -0.0180510633138459
1688 -0.7548291570240618 -0.2325474893668384 -0.3798605856572527
1689 0.926944956675818 -0.1836488484474841 -0.4708464562555387
1690 0.3954544123144675 -0.2759422222072015 -0.6529219744143697
1691 -0.8864787051285665 -0.1345480204049878 0.3952769985269379
1692 -0.8062286929359259 -0.0532090888359236 0.4783250085651974
1693 -0.1301873886021527 -0.6234429851896187 -0.268617421085852
1694 -0.00691440673609619 -0.7482373712342618 0.2963451712160409
1695 0.08480938676607425 -0.5957747295077117 0.3070813238761484
1696 0.8106083380466216 -0.2452583375753621 -0.08554554765775088
1697 0.2644921435840181 0.1864262981254625 0.3209179491551366
1698 0.1020368735768822 -0.1298650753175399 -0.4062515151125435
1699 -0.006909601263614285 -0.02612662729707938 -0.1471230661904753
1700 -0.2903657277797511 0.3017956391438227 0.0335218236336301
1701 0.3881873375961584 0.3605763034720914 -0.5036930850523984
1702 -0.3089996884860013 0.6524146559183339 -0.3794073449638392
1703 -0.9129298620284859 -0.1894672291752769 0.2606428805494214
1704 0.3545714696890023 0.03371667202080599 -0.3187794741921348
1705 -0.04804499352982328 -0.1170950985614879 -0.6454141326764495
1706 -0.8773291950658026 -0.2970609720631421 0.1047005329287073
1707 -0.3760773724382968 0.04251672111309854 -0.3458164905125953
1708 -0.7658924964035634 -0.04321402706661129 -0.2506609645719
1709 0.7515064847086017 0.4390623199225382 -0.3178356153556847
1710 0.8896666449284358 -0.4582649841702635 -0.1598152278023002
1711 -0.7322087398424181 0.3096650851805413 0.2870546818522681
1712 -0.7054613589559098 0.3055176400881552 -0.4659450560342102
1713 -0.6236038815544312 -0.7161628704304714 -0.4270101024163016
$EndNodes
$Elements
6711
1 2 2 15431 3910 1 598 380
2 2 2 15431 3910 405 598 1
3 2 2 15431 3910 384 599 3
4 2 2 15431 3910 3 599 415
5 2 2 15431 3910 390 601 5
6 2 2 15431 3910 5 601 409
7 2 2 15431 3910 7 600 394
8 2 2 15431 3910 419 600 7
9 2 2 15431 3910 380 585 381
10 2 2 15431 3910 380 598 585
11 2 2 15431 3910 381 568 382
12 2 2 15431 3910 381 585 568
13 2 2 15431 3910 382 575 383
14 2 2 15431 3910 568 575 382
15 2 2 15431 3910 383 573 384
16 2 2 15431 3910 383 575 573
17 2 2 15431 3910 573 599 384
18 2 2 15431 3910 391 589 390
19 2 2 15431 3910 589 601 390
20 2 2 15431 3910 392 569 391
21 2 2 15431 3910 569 589 391
22 2 2 15431 3910 393 592 392
23 2 2 15431 3910 392 592 569
24 2 2 15431 3910 394 572 393
25 2 2 15431 3910 572 592 393
26 2 2 15431 3910 394 600 572
27 2 2 15431 3910 406 588 405
28 2 2 15431 3910 588 598 405
29 2 2 15431 3910 407 571 406
30 2 2 15431 3910 571 588 406
31 2 2 15431 3910 408 584 407
32 2 2 15431 3910 407 584 571
33 2 2 15431 3910 409 574 408
34 2 2 15431 3910 574 584 408
35 2 2 15431 3910 409 601 574
36 2 2 15431 3910 415 590 416
37 2 2 15431 3910 415 599 590
38 2 2 15431 3910 416 570 417
39 2 2 15431 3910 416 590 570
40 2 2 15431 3910 417 586 418
41 2 2 15431 3910 570 586 417
42 2 2 15431 3910 418 591 419
43 2 2 15431 3910 586 591 418
44 2 2 15431 3910 591 600 419
45 2 2 15431 3910 568 576 575
46 2 2 15431 3910 568 577 576
47 2 2 15431 3910 568 585 577
48 2 2 15431 3910 569 592 583
49 2 2 15431 3910 583 593 569
50 2 2 15431 3910 569 595 589
51 2 2 15431 3910 593 595 569
52 2 2 15431 3910 570 597 586
53 2 2 15431 3910 570 590 587
54 2 2 15431 3910 587 597 570
55 2 2 15431 3910 577 588 571
56 2 2 15431 3910 571 596 577
57 2 2 15431 3910 584 596 571
58 2 2 15431 3910 583 592 572
59 2 2 15431 3910 572 594 583
60 2 2 15431 3910 591 594 572
61 2 2 15431 3910 572 600 591
62 2 2 15431 3910 575 587 573
63 2 2 15431 3910 587 590 573
64 2 2 15431 3910 590 599 573
65 2 2 15431 3910 574 595 584
66 2 2 15431 3910 589 595 574
67 2 2 15431 3910 574 601 589
68 2 2 15431 3910 576 587 575
69 2 2 15431 3910 577 578 576
70 2 2 15431 3910 578 579 576
71 2 2 15431 3910 579 587 576
72 2 2 15431 3910 577 596 578
73 2 2 15431 3910 585 588 577
74 2 2 15431 3910 578 580 579
75 2 2 15431 3910 578 582 580
76 2 2 15431 3910 578 596 582
77 2 2 15431 3910 580 581 579
78 2 2 15431 3910 581 597 579
79 2 2 15431 3910 579 597 587
80 2 2 15431 3910 580 583 581
81 2 2 15431 3910 582 593 580
82 2 2 15431 3910 580 593 583
83 2 2 15431 3910 583 594 581
84 2 2 15431 3910 581 594 586
85 2 2 15431 3910 586 597 581
86 2 2 15431 3910 584 595 582
87 2 2 15431 3910 582 596 584
88 2 2 15431 3910 582 595 593
89 2 2 15431 3910 585 598 588
90 2 2 15431 3910 586 594 591
91 4 2 2 1 708 684 685 1501
92 4 2 2 1 658 657 670 1484
93 4 2 2 1 972 816 901 1540
94 4 2 2 1 930 875 921 1564
95 4 2 2 1 357 1466 368 1511
96 4 2 2 1 1001 1000 782 1571
97 4 2 2 1 855 929 790 1538
98 4 2 2 1 731 729 676 1496
99 4 2 2 1 670 657 676 1484
100 4 2 2 1 1001 894 1000 1571
101 4 2 2 1 855 857 980 1536
102 4 2 2 1 954 951 956 1562
103 4 2 2 1 636 644 643 1523
104 4 2 2 1 816 799 801 1555
105 4 2 2 1 677 670 676 1497
106 4 2 2 1 128 103 129 1551
107 4 2 2 1 635 732 632 1524
108 4 2 2 1 367 338 371 1511
109 4 2 2 1 1030 779 996 1485
110 4 2 2 1 940 864 878 1515
111 4 2 2 1 929 1023 790 1538
112 4 2 2 1 643 655 709 1532
113 4 2 2 1 677 756 670 1497
114 4 2 2 1 849 846 848 1540
115 4 2 2 1 743 626 625 1544
116 4 2 2 1 967 880 917 1539
117 4 2 2 1 1017 895 850 1528
118 4 2 2 1 357 369 1466 1511
119 4 2 2 1 676 657 731 1484
120 4 2 2 1 834 833 826 1561
121 4 2 2 1 835 826 986 1561
122 4 2 2 1 699 760 754 1497
123 4 2 2 1 685 699 754 1497
124 4 2 2 1 760 676 729 1496
125 4 2 2 1 735 607 744 1520
126 4 2 2 1 779 1030 1018 1485
127 4 2 2 1 656 657 658 1531
128 4 2 2 1 1026 901 816 1540
129 4 2 2 1 708 685 754 1501
130 4 2 2 1 846 849 990 1502
131 4 2 2 1 754 760 646 1496
132 4 2 2 1 925 926 886 1498
133 4 2 2 1 637 638 639 1523
134 4 2 2 1 875 877 921 1488
135 4 2 2 1 786 910 973 1534
136 4 2 2 1 731 657 644 1484
137 4 2 2 1 636 731 644 1523
138 4 2 2 1 632 634 633 1523
139 4 2 2 1 679 678 662 1520
140 4 2 2 1 103 116 87 1559
141 4 2 2 1 633 636 643 1523
142 4 2 2 1 653 647 661 1526
143 4 2 2 1 882 877 876 1488
144 4 2 2 1 325 359 326 1534
145 4 2 2 1 731 637 729 1523
146 4 2 2 1 1008 949 948 1515
147 4 2 2 1 795 797 832 1556
148 4 2 2 1 632 633 630 1516
149 4 2 2 1 210 239 200 240
150 4 2 2 1 968 961 999 1556
151 4 2 2 1 639 638 640 1524
152 4 2 2 1 797 799 972 1556
153 4 2 2 1 894 844 893 1571
154 4 2 2 1 635 727 732 1524
155 4 2 2 1 928 829 828 1571
156 4 2 2 1 843 989 840 1527
157 4 2 2 1 725 628 630 1516
158 4 2 2 1 1030 957 1018 1563
159 4 2 2 1 656 644 657 1531
160 4 2 2 1 879 862 864 1539
161 4 2 2 1 677 676 760 1497
162 4 2 2 1 632 732 634 1524
163 4 2 2 1 772 733 689 1504
164 4 2 2 1 346 284 345 1528
165 4 2 2 1 628 725 664 1544
166 4 2 2 1 167 152 141 166
167 4 2 2 1 737 678 742 1526
168 4 2 2 1 989 839 840 1569
169 4 2 2 1 934 813 924 1521
170 4 2 2 1 655 695 709 1532
171 4 2 2 1 81 109 108 1530
172 4 2 2 1 896 895 992 1540
173 4 2 2 1 833 925 886 1498
174 4 2 2 1 967 1038 880 1539
175 4 2 2 1 644 655 643 1531
176 4 2 2 1 626 624 625 1544
177 4 2 2 1 729 637 639 1496
178 4 2 2 1 864 940 879 1535
179 4 2 2 1 646 639 645 1496
180 4 2 2 1 58 78 57 1476
181 4 2 2 1 972 901 1005 1541
182 4 2 2 1 908 891 835 1522
183 4 2 2 1 1010 968 892 1557
184 4 2 2 1 623 625 624 1545
185 4 2 2 1 736 708 774 1501
186 4 2 2 1 743 629 626 1544
187 4 2 2 1 945 999 947 1538
188 4 2 2 1 1008 930 1044 1564
189 4 2 2 1 992 895 993 1528
190 4 2 2 1 813 805 807 1521
191 4 2 2 1 130 154 153 1551
192 4 2 2 1 632 631 635 1550
193 4 2 2 1 979 921 1028 1567
194 4 2 2 1 283 345 284 1528
195 4 2 2 1 923 989 924 1521
196 4 2 2 1 983 919 908 1522
197 4 2 2 1 750 689 695 1554
198 4 2 2 1 935 822 818 1570
199 4 2 2 1 965 886 926 1498
200 4 2 2 1 991 924 990 1514
201 4 2 2 1 1008 812 949 1567
202 4 2 2 1 979 930 921 1567
203 4 2 2 1 670 1484 676 1497
204 4 2 2 1 930 1564 921 1567
205 4 2 2 1 678 652 662 1520
206 4 2 2 1 741 629 743 1518
207 4 2 2 1 631 741 641 1550
208 4 2 2 1 688 699 685 1497
209 4 2 2 1 633 725 630 1508
210 4 2 2 1 855 980 929 1538
211 4 2 2 1 665 627 664 1544
212 4 2 2 1 109 111 108 1530
213 4 2 2 1 695 689 666 1532
214 4 2 2 1 650 642 649 1525
215 4 2 2 1 738 756 677 1497
216 4 2 2 1 846 990 843 1502
217 4 2 2 1 867 869 870 1564
218 4 2 2 1 950 881 956 1562
219 4 2 2 1 603 752 686 1548
220 4 2 2 1 966 917 916 1537
221 4 2 2 1 1030 956 957 1563
222 4 2 2 1 276 275 241 1505
223 4 2 2 1 784 1042 1013 1553
224 4 2 2 1 1003 986 935 1509
225 4 2 2 1 924 989 990 1502
226 4 2 2 1 724 690 730 1545
227 4 2 2 1 724 627 665 1545
228 4 2 2 1 875 876 877 1488
229 4 2 2 1 873 875 872 1564
230 4 2 2 1 743 675 718 1518
231 4 2 2 1 662 744 679 1520
232 4 2 2 1 981 804 808 1529
233 4 2 2 1 892 988 1010 1557
234 4 2 2 1 841 893 844 1571
235 4 2 2 1 647 653 645 1526
236 4 2 2 1 658 668 656 1531
237 4 2 2 1 622 730 620 1545
238 4 2 2 1 737 742 671 1526
239 4 2 2 1 801 803 932 1529
240 4 2 2 1 57 421 12 1513
241 4 2 2 1 652 678 737 1525
242 4 2 2 1 799 816 972 1482
243 4 2 2 1 810 811 814 1566
244 4 2 2 1 640 645 639 1526
245 4 2 2 1 982 1027 785 1541
246 4 2 2 1 251 252 204 232
247 4 2 2 1 677 760 699 1497
248 4 2 2 1 1020 889 1038 1563
249 4 2 2 1 876 873 962 1553
250 4 2 2 1 821 918 823 1560
251 4 2 2 1 668 703 704 1554
252 4 2 2 1 918 936 830 1560
253 4 2 2 1 949 809 806 1566
254 4 2 2 1 812 809 949 1567
255 4 2 2 1 787 992 993 1528
256 4 2 2 1 735 744 673 1520
257 4 2 2 1 678 679 746 1483
258 4 2 2 1 824 820 823 1569
259 4 2 2 1 847 848 846 1503
260 4 2 2 1 782 931 1004 1571
261 4 2 2 1 811 815 814 1567
262 4 2 2 1 824 828 829 1569
263 4 2 2 1 646 715 754 1501
264 4 2 2 1 878 948 941 1515
265 4 2 2 1 924 991 934 1514
266 4 2 2 1 254 279 253 1493
267 4 2 2 1 847 846 845 1542
268 4 2 2 1 752 603 740 1548
269 4 2 2 1 979 1044 930 1567
270 4 2 2 1 646 729 639 1496
271 4 2 2 1 703 726 704 1554
272 4 2 2 1 991 990 849 1514
273 4 2 2 1 729 646 760 1496
274 4 2 2 1 1000 894 893 1571
275 4 2 2 1 990 989 843 1502
276 4 2 2 1 746 661 647 1526
277 4 2 2 1 875 873 876 1488
278 4 2 2 1 648 641 660 1550
279 4 2 2 1 922 970 923 1569
280 4 2 2 1 744 765 679 1543
281 4 2 2 1 731 729 1496 1523
282 4 2 2 1 657 1484 658 1531
283 4 2 2 1 1473 1486 1465 1511
284 4 2 2 1 815 1028 1003 1509
285 4 2 2 1 696 726 714 1554
286 4 2 2 1 713 723 712 1546
287 4 2 2 1 900 1028 921 1522
288 4 2 2 1 838 825 833 1561
289 4 2 2 1 183 197 211 184
290 4 2 2 1 772 689 750 1554
291 4 2 2 1 255 1506 338 1511
292 4 2 2 1 803 934 932 1529
293 4 2 2 1 799 798 800 1555
294 4 2 2 1 946 945 947 1538
295 4 2 2 1 62 607 735 1520
296 4 2 2 1 888 1008 948 1564
297 4 2 2 1 423 421 57 1476
298 4 2 2 1 632 633 1508 1523
299 4 2 2 1 1030 954 956 1485
300 4 2 2 1 822 935 986 1561
301 4 2 2 1 993 895 1017 1528
302 4 2 2 1 805 806 807 1566
303 4 2 2 1 801 932 816 1514
304 4 2 2 1 222 236 257 1505
305 4 2 2 1 642 648 649 1550
306 4 2 2 1 715 646 645 1501
307 4 2 2 1 654 712 723 1546
308 4 2 2 1 221 192 193 1505
309 4 2 2 1 440 183 184 450
310 4 2 2 1 258 209 239 1499
311 4 2 2 1 643 725 633 1508
312 4 2 2 1 987 835 986 1522
313 4 2 2 1 994 1018 957 1563
314 4 2 2 1 52 696 714 1554
315 4 2 2 1 882 1012 883 1522
316 4 2 2 1 994 789 261 1563
317 4 2 2 1 644 1508 643 1523
318 4 2 2 1 936 910 853 1573
319 4 2 2 1 852 928 828 1571
320 4 2 2 1 661 746 761 1543
321 4 2 2 1 686 752 767 1548
322 4 2 2 1 923 839 989 1569
323 4 2 2 1 882 904 975 1489
324 4 2 2 1 842 841 844 1542
325 4 2 2 1 869 881 950 1562
326 4 2 2 1 762 716 674 1512
327 4 2 2 1 746 742 678 1526
328 4 2 2 1 869 871 870 1562
329 4 2 2 1 867 870 964 1564
330 4 2 2 1 761 746 679 1543
331 4 2 2 1 1463 1470 1469 1530
332 4 2 2 1 1468 1472 1463 1530
333 4 2 2 1 940 878 941 1515
334 4 2 2 1 857 861 980 1536
335 4 2 2 1 1009 997 1019 1538
336 4 2 2 1 731 676 1484 1496
337 4 2 2 1 695 689 1532 1554
338 4 2 2 1 981 806 804 1529
339 4 2 2 1 878 864 865 1490
340 4 2 2 1 1010 988 777 1494
341 4 2 2 1 821 823 820 1570
342 4 2 2 1 900 921 877 1522
343 4 2 2 1 858 859 857 1536
344 4 2 2 1 895 851 850 1540
345 4 2 2 1 847 850 848 1503
346 4 2 2 1 958 862 879 1536
347 4 2 2 1 652 659 662 1520
348 4 2 2 1 651 659 652 1546
349 4 2 2 1 1010 777 997 1494
350 4 2 2 1 873 874 962 1562
351 4 2 2 1 196 194 440 447
352 4 2 2 1 970 922 817 1570
353 4 2 2 1 987 986 1003 1522
354 4 2 2 1 930 872 875 1564
355 4 2 2 1 688 738 677 1497
356 4 2 2 1 667 689 733 1533
357 4 2 2 1 653 661 680 1501
358 4 2 2 1 872 871 873 1564
359 4 2 2 1 904 876 962 1553
360 4 2 2 1 676 1496 760 1497
361 4 2 2 1 708 754 715 1501
362 4 2 2 1 949 806 981 1515
363 4 2 2 1 815 979 1028 1567
364 4 2 2 1 947 999 961 1538
365 4 2 2 1 1002 1013 904 1553
366 4 2 2 1 688 677 699 1497
367 4 2 2 1 948 949 941 1515
368 4 2 2 1 346 345 347 1528
369 4 2 2 1 933 849 985 1540
370 4 2 2 1 635 1524 632 1550
371 4 2 2 1 948 964 888 1564
372 4 2 2 1 1008 1044 812 1567
373 4 2 2 1 1012 983 883 1522
374 4 2 2 1 817 810 814 1570
375 4 2 2 1 964 948 878 1490
376 4 2 2 1 874 951 952 1562
377 4 2 2 1 975 1012 882 1489
378 4 2 2 1 943 946 958 1536
379 4 2 2 1 209 208 195 230
380 4 2 2 1 901 897 898 1540
381 4 2 2 1 951 950 956 1562
382 4 2 2 1 142 168 154 1551
383 4 2 2 1 935 818 814 1570
384 4 2 2 1 632 634 1523 1524
385 4 2 2 1 925 791 926 1500
386 4 2 2 1 905 847 845 1542
387 4 2 2 1 972 1514 816 1540
388 4 2 2 1 808 942 1024 1535
389 4 2 2 1 1018 994 261 1563
390 4 2 2 1 920 783 1036 1541
391 4 2 2 1 1463 1469 1468 1530
392 4 2 2 1 650 649 651 1546
393 4 2 2 1 791 1039 926 1500
394 4 2 2 1 638 639 1523 1524
395 4 2 2 1 644 643 1508 1531
396 4 2 2 1 1002 784 1013 1553
397 4 2 2 1 685 1497 754 1501
398 4 2 2 1 681 774 708 1501
399 4 2 2 1 832 972 1005 1510
400 4 2 2 1 842 840 841 1527
401 4 2 2 1 620 614 621 1548
402 4 2 2 1 667 666 689 1533
403 4 2 2 1 822 986 826 1561
404 4 2 2 1 864 863 865 1539
405 4 2 2 1 945 944 998 1535
406 4 2 2 1 614 767 621 1548
407 4 2 2 1 1003 935 815 1509
408 4 2 2 1 632 630 631 1516
409 4 2 2 1 965 973 887 1498
410 4 2 2 1 995 942 808 1555
411 4 2 2 1 634 638 637 1523
412 4 2 2 1 900 1003 1028 1522
413 4 2 2 1 634 636 633 1523
414 4 2 2 1 1013 975 904 1489
415 4 2 2 1 937 982 976 1510
416 4 2 2 1 632 1508 633 1516
417 4 2 2 1 643 1531 655 1532
418 4 2 2 1 833 825 826 1561
419 4 2 2 1 930 1008 888 1564
420 4 2 2 1 630 628 629 1516
421 4 2 2 1 1008 949 1515 1567
422 4 2 2 1 882 883 877 1522
423 4 2 2 1 842 843 840 1542
424 4 2 2 1 637 731 636 1523
425 4 2 2 1 239 200 240 1499
426 4 2 2 1 969 776 885 1528
427 4 2 2 1 838 918 825 1561
428 4 2 2 1 731 1484 644 1523
429 4 2 2 1 942 940 1024 1535
430 4 2 2 1 850 851 848 1540
431 4 2 2 1 807 922 813 1521
432 4 2 2 1 669 773 705 1487
433 4 2 2 1 838 833 886 1498
434 4 2 2 1 656 655 644 1531
435 4 2 2 1 808 804 802 1555
436 4 2 2 1 90 89 58 1476
437 4 2 2 1 760 1496 754 1497
438 4 2 2 1 910 786 907 1534
439 4 2 2 1 631 629 741 1516
440 4 2 2 1 969 885 1017 1528
441 4 2 2 1 1004 903 1037 1573
442 4 2 2 1 662 673 744 1520
443 4 2 2 1 846 843 845 1542
444 4 2 2 1 64 29 30 1519
445 4 2 2 1 798 998 800 1555
446 4 2 2 1 148 1551 161 1559
447 4 2 2 1 276 340 275 1505
448 4 2 2 1 813 923 924 1521
449 4 2 2 1 369 335 363 1547
450 4 2 2 1 793 937 976 1557
451 4 2 2 1 678 652 1520 1525
452 4 2 2 1 710 695 655 1531
453 4 2 2 1 868 867 866 1563
454 4 2 2 1 743 1516 629 1544
455 4 2 2 1 326 359 360 1534
456 4 2 2 1 732 727 671 1524
457 4 2 2 1 898 897 896 1540
458 4 2 2 1 1463 1472 425 1530
459 4 2 2 1 221 222 257 1505
460 4 2 2 1 222 193 207 1505
461 4 2 2 1 638 671 640 1524
462 4 2 2 1 895 896 851 1540
463 4 2 2 1 735 62 26 607
464 4 2 2 1 849 848 985 1540
465 4 2 2 1 940 941 1024 1515
466 4 2 2 1 910 887 973 1498
467 4 2 2 1 199 224 212 1499
468 4 2 2 1 664 725 709 1532
469 4 2 2 1 197 183 154 201
470 4 2 2 1 946 943 945 1535
471 4 2 2 1 860 859 858 1539
472 4 2 2 1 725 628 1516 1544
473 4 2 2 1 204 251 232 217
474 4 2 2 1 624 625 1544 1545
475 4 2 2 1 801 802 803 1555
476 4 2 2 1 819 999 945 1556
477 4 2 2 1 732 638 634 1524
478 4 2 2 1 1028 921 1522 1567
479 4 2 2 1 830 936 853 1573
480 4 2 2 1 929 837 1023 1538
481 4 2 2 1 901 1026 897 1540
482 4 2 2 1 931 782 1000 1571
483 4 2 2 1 855 790 854 1537
484 4 2 2 1 927 1015 906 1500
485 4 2 2 1 189 435 200 210
486 4 2 2 1 834 925 833 1500
487 4 2 2 1 935 814 815 1509
488 4 2 2 1 641 741 660 1518
489 4 2 2 1 823 918 830 1560
490 4 2 2 1 632 1523 1516 1524
491 4 2 2 1 887 886 965 1498
492 4 2 2 1 910 907 853 1573
493 4 2 2 1 727 737 671 1525
494 4 2 2 1 440 194 167 451
495 4 2 2 1 1038 889 971 1539
496 4 2 2 1 639 1524 640 1526
497 4 2 2 1 875 1488 921 1564
498 4 2 2 1 624 626 627 1544
499 4 2 2 1 1041 905 939 1542
500 4 2 2 1 666 665 664 1532
501 4 2 2 1 832 937 795 1510
502 4 2 2 1 1005 938 832 1510
503 4 2 2 1 789 994 1020 1563
504 4 2 2 1 919 1015 891 1500
505 4 2 2 1 981 808 1024 1515
506 4 2 2 1 659 673 662 1520
507 4 2 2 1 644 1484 657 1531
508 4 2 2 1 81 108 94 1530
509 4 2 2 1 799 800 801 1555
510 4 2 2 1 964 878 865 1490
511 4 2 2 1 824 823 828 1560
512 4 2 2 1 625 675 743 1512
513 4 2 2 1 664 627 628 1544
514 4 2 2 1 266 267 361 1547
515 4 2 2 1 908 835 987 1522
516 4 2 2 1 629 628 626 1544
517 4 2 2 1 61 765 607 1543
518 4 2 2 1 757 721 722 1568
519 4 2 2 1 672 27 735 1568
520 4 2 2 1 816 932 933 1514
521 4 2 2 1 637 639 1496 1523
522 4 2 2 1 77 87 1530 1559
523 4 2 2 1 694 759 769 1519
524 4 2 2 1 865 866 867 1490
525 4 2 2 1 830 852 828 1573
526 4 2 2 1 933 991 849 1514
527 4 2 2 1 710 656 668 1531
528 4 2 2 1 975 1040 1012 1489
529 4 2 2 1 710 668 704 1554
530 4 2 2 1 723 713 766 1546
531 4 2 2 1 723 649 654 1546
532 4 2 2 1 998 944 995 1555
533 4 2 2 1 103 117 1551 1559
534 4 2 2 1 1012 1040 827 1489
535 4 2 2 1 276 1474 340 1505
536 4 2 2 1 862 863 864 1539
537 4 2 2 1 713 694 769 1519
538 4 2 2 1 623 624 622 1545
539 4 2 2 1 637 1496 729 1523
540 4 2 2 1 642 649 1525 1550
541 4 2 2 1 1004 931 903 1573
542 4 2 2 1 241 243 276 1505
543 4 2 2 1 84 1468 99 1530
544 4 2 2 1 863 866 865 1539
545 4 2 2 1 148 175 161 1551
546 4 2 2 1 645 1496 639 1526
547 4 2 2 1 932 934 991 1514
548 4 2 2 1 737 1525 678 1526
549 4 2 2 1 663 755 659 1568
550 4 2 2 1 741 743 718 1518
551 4 2 2 1 650 652 737 1525
552 4 2 2 1 201 134 172 1551
553 4 2 2 1 927 906 791 1500
554 4 2 2 1 653 715 645 1501
555 4 2 2 1 841 840 829 1527
556 4 2 2 1 687 59 22 21
557 4 2 2 1 675 674 716 1512
558 4 2 2 1 77 1530 88 1559
559 4 2 2 1 849 1502 846 1540
560 4 2 2 1 1007 1030 996 1572
561 4 2 2 1 624 627 724 1545
562 4 2 2 1 1008 1564 1044 1567
563 4 2 2 1 197 168 154 183
564 4 2 2 1 813 922 923 1521
565 4 2 2 1 892 968 794 1557
566 4 2 2 1 725 1532 664 1544
567 4 2 2 1 816 801 1514 1555
568 4 2 2 1 793 795 937 1557
569 4 2 2 1 709 695 666 1532
570 4 2 2 1 933 985 1026 1540
571 4 2 2 1 797 798 799 1556
572 4 2 2 1 727 642 650 1525
573 4 2 2 1 710 750 695 1554
574 4 2 2 1 981 941 949 1515
575 4 2 2 1 57 1476 421 1513
576 4 2 2 1 689 1504 733 1533
577 4 2 2 1 915 787 993 1528
578 4 2 2 1 335 268 249 1505
579 4 2 2 1 859 861 857 1536
580 4 2 2 1 727 1524 635 1550
581 4 2 2 1 930 1044 1564 1567
582 4 2 2 1 62 1467 1483 1520
583 4 2 2 1 241 1499 199 1505
584 4 2 2 1 983 908 883 1522
585 4 2 2 1 744 679 1520 1543
586 4 2 2 1 757 722 766 1568
587 4 2 2 1 969 850 847 1503
588 4 2 2 1 275 1499 241 1505
589 4 2 2 1 1008 1477 948 1564
590 4 2 2 1 862 859 860 1539
591 4 2 2 1 761 698 661 1543
592 4 2 2 1 971 889 866 1539
593 4 2 2 1 945 998 819 1556
594 4 2 2 1 148 139 1551 1559
595 4 2 2 1 982 937 938 1510
596 4 2 2 1 632 1524 1516 1550
597 4 2 2 1 802 804 803 1529
598 4 2 2 1 975 1013 836 1489
599 4 2 2 1 1007 954 1030 1572
600 4 2 2 1 958 859 862 1536
601 4 2 2 1 623 674 625 1548
602 4 2 2 1 633 1508 630 1516
603 4 2 2 1 440 177 154 183
604 4 2 2 1 199 241 224 1499
605 4 2 2 1 724 730 622 1545
606 4 2 2 1 937 832 938 1510
607 4 2 2 1 963 1020 994 1563
608 4 2 2 1 795 796 797 1556
609 4 2 2 1 866 889 868 1563
610 4 2 2 1 725 630 1508 1516
611 4 2 2 1 961 997 960 1538
612 4 2 2 1 795 794 796 1557
613 4 2 2 1 956 881 957 1563
614 4 2 2 1 1469 1484 1468 1487
615 4 2 2 1 622 620 621 1548
616 4 2 2 1 907 1037 903 1573
617 4 2 2 1 969 905 1035 1503
618 4 2 2 1 633 643 1508 1523
619 4 2 2 1 727 635 642 1550
620 4 2 2 1 868 869 867 1563
621 4 2 2 1 772 1504 689 1554
622 4 2 2 1 631 1516 741 1550
623 4 2 2 1 805 934 803 1529
624 4 2 2 1 632 1516 631 1550
625 4 2 2 1 629 631 630 1516
626 4 2 2 1 892 792 988 1557
627 4 2 2 1 655 1531 695 1532
628 4 2 2 1 672 735 734 1568
629 4 2 2 1 665 664 1532 1544
630 4 2 2 1 1474 1505 276 1547
631 4 2 2 1 887 838 886 1498
632 4 2 2 1 923 989 1521 1569
633 4 2 2 1 62 1520 735 1568
634 4 2 2 1 637 636 634 1523
635 4 2 2 1 681 653 680 1501
636 4 2 2 1 864 1515 940 1535
637 4 2 2 1 681 708 715 1501
638 4 2 2 1 807 810 922 1566
639 4 2 2 1 635 631 641 1550
640 4 2 2 1 861 958 946 1536
641 4 2 2 1 806 805 804 1529
642 4 2 2 1 62 1520 1483 1543
643 4 2 2 1 942 879 940 1535
644 4 2 2 1 671 742 640 1526
645 4 2 2 1 867 964 865 1490
646 4 2 2 1 968 999 819 1556
647 4 2 2 1 809 1566 949 1567
648 4 2 2 1 936 887 910 1498
649 4 2 2 1 154 183 202 201
650 4 2 2 1 647 645 640 1526
651 4 2 2 1 447 196 194 218
652 4 2 2 1 936 918 838 1498
653 4 2 2 1 880 860 858 1539
654 4 2 2 1 1484 1496 676 1497
655 4 2 2 1 629 1516 743 1518
656 4 2 2 1 811 814 1566 1567
657 4 2 2 1 755 673 659 1568
658 4 2 2 1 925 927 791 1500
659 4 2 2 1 895 1528 992 1540
660 4 2 2 1 197 183 159 184
661 4 2 2 1 607 1520 62 1543
662 4 2 2 1 705 770 703 1487
663 4 2 2 1 616 772 750 1554
664 4 2 2 1 909 1014 992 1541
665 4 2 2 1 981 1024 941 1515
666 4 2 2 1 841 844 1527 1571
667 4 2 2 1 1038 971 880 1539
668 4 2 2 1 453 1499 164 1505
669 4 2 2 1 728 669 658 1487
670 4 2 2 1 805 807 1521 1566
671 4 2 2 1 736 774 613 1565
672 4 2 2 1 1025 789 966 1486
673 4 2 2 1 647 742 746 1526
674 4 2 2 1 613 711 736 1476
675 4 2 2 1 1508 1523 644 1531
676 4 2 2 1 844 939 842 1542
677 4 2 2 1 193 1499 207 1505
678 4 2 2 1 789 967 966 1486
679 4 2 2 1 298 837 1009 1538
680 4 2 2 1 883 900 877 1522
681 4 2 2 1 835 986 1522 1561
682 4 2 2 1 691 759 694 1481
683 4 2 2 1 675 625 674 1512
684 4 2 2 1 1040 975 836 1489
685 4 2 2 1 1002 904 962 1553
686 4 2 2 1 830 828 823 1560
687 4 2 2 1 893 841 928 1571
688 4 2 2 1 934 924 1514 1521
689 4 2 2 1 900 987 1003 1522
690 4 2 2 1 701 23 608 1565
691 4 2 2 1 847 905 969 1503
692 4 2 2 1 440 167 177 451
693 4 2 2 1 970 839 923 1569
694 4 2 2 1 898 1005 901 1541
695 4 2 2 1 752 740 707 1548
696 4 2 2 1 785 1027 920 1541
697 4 2 2 1 103 88 104 1559
698 4 2 2 1 741 1516 629 1518
699 4 2 2 1 737 671 1525 1526
700 4 2 2 1 784 354 1042 1553
701 4 2 2 1 655 656 710 1531
702 4 2 2 1 1015 927 891 1500
703 4 2 2 1 718 719 660 1518
704 4 2 2 1 839 824 829 1569
705 4 2 2 1 925 834 927 1500
706 4 2 2 1 932 991 933 1514
707 4 2 2 1 885 993 1017 1528
708 4 2 2 1 949 806 1515 1566
709 4 2 2 1 646 754 1496 1501
710 4 2 2 1 848 851 985 1540
711 4 2 2 1 820 824 970 1569
712 4 2 2 1 103 143 117 1559
713 4 2 2 1 267 266 228 1547
714 4 2 2 1 208 444 179 193
715 4 2 2 1 871 869 950 1562
716 4 2 2 1 143 1551 117 1559
717 4 2 2 1 731 1496 1484 1523
718 4 2 2 1 871 874 873 1562
719 4 2 2 1 696 751 726 1554
720 4 2 2 1 602 684 711 1476
721 4 2 2 1 944 945 943 1535
722 4 2 2 1 959 980 861 1538
723 4 2 2 1 1008 948 1477 1515
724 4 2 2 1 964 870 888 1564
725 4 2 2 1 979 815 811 1567
726 4 2 2 1 157 156 154 197
727 4 2 2 1 679 1483 678 1520
728 4 2 2 1 661 1526 746 1543
729 4 2 2 1 989 1502 924 1521
730 4 2 2 1 989 840 1527 1569
731 4 2 2 1 891 834 835 1500
732 4 2 2 1 753 712 654 1558
733 4 2 2 1 951 874 950 1562
734 4 2 2 1 917 780 916 1537
735 4 2 2 1 810 1566 814 1570
736 4 2 2 1 746 678 1483 1526
737 4 2 2 1 955 784 1002 1553
738 4 2 2 1 720 693 753 1558
739 4 2 2 1 359 325 358 1534
740 4 2 2 1 811 810 809 1566
741 4 2 2 1 918 821 825 1561
742 4 2 2 1 822 826 825 1561
743 4 2 2 1 295 296 988 1557
744 4 2 2 1 1029 776 1035 1549
745 4 2 2 1 855 1536 980 1538
746 4 2 2 1 726 751 704 1554
747 4 2 2 1 651 663 659 1546
748 4 2 2 1 23 701 61 1543
749 4 2 2 1 342 352 371 1511
750 4 2 2 1 735 673 734 1568
751 4 2 2 1 449 213 186 1507
752 4 2 2 1 905 845 939 1542
753 4 2 2 1 874 952 962 1553
754 4 2 2 1 67 611 35 739
755 4 2 2 1 930 888 872 1564
756 4 2 2 1 915 885 1034 1528
757 4 2 2 1 709 666 664 1532
758 4 2 2 1 632 1508 1516 1523
759 4 2 2 1 732 671 638 1524
760 4 2 2 1 972 1482 816 1514
761 4 2 2 1 156 201 154 1551
762 4 2 2 1 791 320 1039 1500
763 4 2 2 1 871 872 870 1564
764 4 2 2 1 103 1551 116 1559
765 4 2 2 1 702 761 679 1543
766 4 2 2 1 648 642 641 1550
767 4 2 2 1 895 850 1528 1540
768 4 2 2 1 936 838 887 1498
769 4 2 2 1 711 684 736 1476
770 4 2 2 1 669 705 703 1487
771 4 2 2 1 859 958 861 1536
772 4 2 2 1 653 661 1501 1526
773 4 2 2 1 1480 1516 1479 1550
774 4 2 2 1 846 1502 843 1542
775 4 2 2 1 921 1488 877 1522
776 4 2 2 1 942 995 944 1535
777 4 2 2 1 716 83 762 771
778 4 2 2 1 1013 1042 836 1489
779 4 2 2 1 148 115 139 1559
780 4 2 2 1 882 877 1488 1522
781 4 2 2 1 1508 1516 1478 1544
782 4 2 2 1 743 625 1512 1544
783 4 2 2 1 976 781 793 1557
784 4 2 2 1 809 812 811 1567
785 4 2 2 1 994 957 963 1563
786 4 2 2 1 848 846 1503 1540
787 4 2 2 1 188 196 211 445
788 4 2 2 1 815 1028 1509 1567
789 4 2 2 1 681 715 653 1501
790 4 2 2 1 365 1462 272 1511
791 4 2 2 1 436 437 194 438
792 4 2 2 1 205 1505 191 1547
793 4 2 2 1 1006 929 980 1538
794 4 2 2 1 253 233 219 270
795 4 2 2 1 1010 961 968 1494
796 4 2 2 1 666 1532 689 1533
797 4 2 2 1 619 614 620 1495
798 4 2 2 1 828 1560 829 1569
799 4 2 2 1 803 804 805 1529
800 4 2 2 1 960 947 961 1538
801 4 2 2 1 920 1014 783 1541
802 4 2 2 1 970 1569 922 1570
803 4 2 2 1 201 202 154 1551
804 4 2 2 1 843 1502 989 1527
805 4 2 2 1 359 1492 1493 1534
806 4 2 2 1 365 1462 1473 1494
807 4 2 2 1 217 453 247 1499
808 4 2 2 1 897 851 896 1540
809 4 2 2 1 628 627 626 1544
810 4 2 2 1 1020 963 889 1563
811 4 2 2 1 646 1496 645 1501
812 4 2 2 1 765 702 679 1543
813 4 2 2 1 641 741 1518 1550
814 4 2 2 1 668 658 669 1487
815 4 2 2 1 773 669 697 1517
816 4 2 2 1 834 891 927 1500
817 4 2 2 1 993 885 915 1528
818 4 2 2 1 690 706 764 1533
819 4 2 2 1 641 1518 660 1550
820 4 2 2 1 650 737 727 1525
821 4 2 2 1 195 194 181 209
822 4 2 2 1 100 1469 1468 1487
823 4 2 2 1 820 823 1569 1570
824 4 2 2 1 741 718 660 1518
825 4 2 2 1 786 914 907 1534
826 4 2 2 1 226 1465 1486 1511
827 4 2 2 1 924 1502 990 1514
828 4 2 2 1 845 843 842 1542
829 4 2 2 1 237 1499 275 1505
830 4 2 2 1 809 807 806 1566
831 4 2 2 1 1484 644 1523 1531
832 4 2 2 1 1026 985 897 1540
833 4 2 2 1 368 362 361 1511
834 4 2 2 1 139 426 127 1551
835 4 2 2 1 345 273 1464 1493
836 4 2 2 1 879 1536 862 1539
837 4 2 2 1 696 616 751 1554
838 4 2 2 1 99 1468 114 1530
839 4 2 2 1 852 931 928 1571
840 4 2 2 1 990 1502 849 1514
841 4 2 2 1 650 1525 649 1546
842 4 2 2 1 955 1002 952 1553
843 4 2 2 1 81 94 64 1530
844 4 2 2 1 879 864 1535 1539
845 4 2 2 1 1006 837 929 1538
846 4 2 2 1 62 735 27 1568
847 4 2 2 1 896 992 899 1541
848 4 2 2 1 931 1000 893 1571
849 4 2 2 1 1004 1571 931 1573
850 4 2 2 1 622 624 724 1545
851 4 2 2 1 763 730 609 1495
852 4 2 2 1 665 666 667 1533
853 4 2 2 1 612 672 734 1568
854 4 2 2 1 821 820 818 1570
855 4 2 2 1 320 791 906 1500
856 4 2 2 1 821 1560 823 1570
857 4 2 2 1 84 1468 1472 1478
858 4 2 2 1 355 330 368 1511
859 4 2 2 1 61 607 62 1543
860 4 2 2 1 855 856 857 1537
861 4 2 2 1 638 1523 634 1524
862 4 2 2 1 1009 960 997 1538
863 4 2 2 1 1496 1523 639 1524
864 4 2 2 1 238 209 258 1499
865 4 2 2 1 1020 1038 967 1486
866 4 2 2 1 766 663 723 1546
867 4 2 2 1 882 904 1489 1553
868 4 2 2 1 733 706 667 1533
869 4 2 2 1 193 164 1499 1505
870 4 2 2 1 920 1031 1014 1541
871 4 2 2 1 669 703 668 1487
872 4 2 2 1 721 612 722 1568
873 4 2 2 1 267 228 1505 1547
874 4 2 2 1 1463 1483 1479 1496
875 4 2 2 1 156 134 201 1551
876 4 2 2 1 716 747 83 618
877 4 2 2 1 723 651 649 1546
878 4 2 2 1 921 1564 1488 1567
879 4 2 2 1 766 722 663 1568
880 4 2 2 1 199 212 169 1499
881 4 2 2 1 843 1527 840 1542
882 4 2 2 1 945 999 1538 1556
883 4 2 2 1 743 1518 1516 1544
884 4 2 2 1 959 946 947 1538
885 4 2 2 1 913 912 1022 1549
886 4 2 2 1 841 1527 844 1542
887 4 2 2 1 115 1551 139 1559
888 4 2 2 1 85 1504 1478 1533
889 4 2 2 1 817 814 818 1570
890 4 2 2 1 440 151 154 177
891 4 2 2 1 970 817 820 1570
892 4 2 2 1 1020 967 789 1486
893 4 2 2 1 864 1490 878 1515
894 4 2 2 1 800 998 995 1555
895 4 2 2 1 89 78 58 1476
896 4 2 2 1 995 808 802 1555
897 4 2 2 1 847 1503 846 1542
898 4 2 2 1 272 365 364 1462
899 4 2 2 1 132 131 106 1559
900 4 2 2 1 201 156 429 134
901 4 2 2 1 283 337 345 1528
902 4 2 2 1 73 733 772 1504
903 4 2 2 1 422 1469 420 1530
904 4 2 2 1 786 973 1011 358
905 4 2 2 1 271 233 270 1547
906 4 2 2 1 902 1027 938 1541
907 4 2 2 1 674 707 762 1548
908 4 2 2 1 1044 979 812 1567
909 4 2 2 1 109 1463 425 1530
910 4 2 2 1 287 346 1043 286
911 4 2 2 1 191 1505 1474 1547
912 4 2 2 1 794 795 793 1557
913 4 2 2 1 899 992 1014 1541
914 4 2 2 1 197 158 157 184
915 4 2 2 1 971 866 863 1539
916 4 2 2 1 938 1005 902 1541
917 4 2 2 1 710 695 1531 1554
918 4 2 2 1 1030 1018 1485 1563
919 4 2 2 1 873 1488 875 1564
920 4 2 2 1 643 1508 1531 1532
921 4 2 2 1 111 1530 424 1559
922 4 2 2 1 830 1560 936 1573
923 4 2 2 1 727 671 1524 1525
924 4 2 2 1 629 1516 628 1544
925 4 2 2 1 639 1496 1524 1526
926 4 2 2 1 801 800 802 1555
927 4 2 2 1 855 854 856 1537
928 4 2 2 1 954 956 1485 1562
929 4 2 2 1 692 693 611 1481
930 4 2 2 1 1508 1532 725 1544
931 4 2 2 1 623 625 1545 1548
932 4 2 2 1 359 1492 1464 1493
933 4 2 2 1 987 883 908 1522
934 4 2 2 1 188 196 445 230
935 4 2 2 1 683 685 684 1513
936 4 2 2 1 620 730 763 1495
937 4 2 2 1 100 114 1468 1530
938 4 2 2 1 241 199 243 1505
939 4 2 2 1 855 790 1537 1538
940 4 2 2 1 742 647 640 1526
941 4 2 2 1 26 27 62 735
942 4 2 2 1 821 822 825 1561
943 4 2 2 1 659 1520 652 1546
944 4 2 2 1 1469 1463 1479 1496
945 4 2 2 1 642 635 641 1550
946 4 2 2 1 269 1505 271 1547
947 4 2 2 1 423 1469 78 1530
948 4 2 2 1 713 712 694 1481
949 4 2 2 1 880 971 860 1539
950 4 2 2 1 942 943 879 1535
951 4 2 2 1 771 68 39 618
952 4 2 2 1 364 1464 1462 1471
953 4 2 2 1 619 620 763 1495
954 4 2 2 1 422 420 77 1530
955 4 2 2 1 782 1004 1534 1571
956 4 2 2 1 860 863 862 1539
957 4 2 2 1 1025 261 789 1486
958 4 2 2 1 143 119 155 1551
959 4 2 2 1 427 1551 121 1559
960 4 2 2 1 985 851 897 1540
961 4 2 2 1 52 50 696 1554
962 4 2 2 1 1506 1511 235 1547
963 4 2 2 1 1508 1478 1532 1544
964 4 2 2 1 725 1516 1508 1544
965 4 2 2 1 695 1532 1531 1554
966 4 2 2 1 903 853 907 1573
967 4 2 2 1 797 796 798 1556
968 4 2 2 1 752 621 767 1548
969 4 2 2 1 778 1015 919 356
970 4 2 2 1 87 422 77 1530
971 4 2 2 1 355 1466 1465 1511
972 4 2 2 1 1469 1479 1468 1484
973 4 2 2 1 149 115 148 1559
974 4 2 2 1 735 1520 673 1568
975 4 2 2 1 85 74 1468 1504
976 4 2 2 1 962 952 1002 1553
977 4 2 2 1 653 1501 645 1526
978 4 2 2 1 698 702 701 1543
979 4 2 2 1 868 889 963 1563
980 4 2 2 1 352 1473 1462 1511
981 4 2 2 1 871 950 874 1562
982 4 2 2 1 624 1544 627 1545
983 4 2 2 1 199 1499 169 1505
984 4 2 2 1 882 1489 1012 1522
985 4 2 2 1 869 868 881 1563
986 4 2 2 1 754 1497 1496 1501
987 4 2 2 1 987 900 883 1522
988 4 2 2 1 62 1467 1470 1483
989 4 2 2 1 187 1499 215 1505
990 4 2 2 1 819 796 968 1556
991 4 2 2 1 1488 1522 921 1567
992 4 2 2 1 746 1483 679 1543
993 4 2 2 1 62 61 25 607
994 4 2 2 1 724 665 690 1533
995 4 2 2 1 743 1512 675 1518
996 4 2 2 1 922 923 1521 1569
997 4 2 2 1 911 844 894 1549
998 4 2 2 1 1468 1469 1463 1479
999 4 2 2 1 801 932 1514 1529
1000 4 2 2 1 710 1531 668 1554
1001 4 2 2 1 935 1509 986 1561
1002 4 2 2 1 831 1004 1037 1534
1003 4 2 2 1 939 845 842 1542
1004 4 2 2 1 766 713 757 1519
1005 4 2 2 1 622 1545 620 1548
1006 4 2 2 1 839 970 824 1569
1007 4 2 2 1 663 722 755 1568
1008 4 2 2 1 807 809 810 1566
1009 4 2 2 1 119 1551 143 1559
1010 4 2 2 1 74 52 714 1554
1011 4 2 2 1 781 792 793 1557
1012 4 2 2 1 1462 1473 1465 1511
1013 4 2 2 1 72 1504 85 1533
1014 4 2 2 1 876 1488 873 1553
1015 4 2 2 1 698 761 702 1543
1016 4 2 2 1 436 437 433 194
1017 4 2 2 1 951 953 952 1572
1018 4 2 2 1 798 819 998 1556
1019 4 2 2 1 957 881 963 1563
1020 4 2 2 1 799 1482 972 1556
1021 4 2 2 1 660 719 720 1558
1022 4 2 2 1 852 1571 828 1573
1023 4 2 2 1 255 365 272 1511
1024 4 2 2 1 869 867 1563 1564
1025 4 2 2 1 899 898 896 1541
1026 4 2 2 1 206 164 453 1499
1027 4 2 2 1 253 1462 1464 1466
1028 4 2 2 1 713 769 757 1519
1029 4 2 2 1 692 691 694 1481
1030 4 2 2 1 979 811 812 1567
1031 4 2 2 1 949 1566 1515 1567
1032 4 2 2 1 986 1509 1003 1522
1033 4 2 2 1 872 888 870 1564
1034 4 2 2 1 355 368 1466 1511
1035 4 2 2 1 805 1529 806 1566
1036 4 2 2 1 710 704 750 1554
1037 4 2 2 1 920 902 1031 1541
1038 4 2 2 1 893 928 931 1571
1039 4 2 2 1 168 156 154 1551
1040 4 2 2 1 954 953 951 1572
1041 4 2 2 1 942 944 943 1535
1042 4 2 2 1 182 156 168 1551
1043 4 2 2 1 12 422 76 1517
1044 4 2 2 1 739 693 745 1552
1045 4 2 2 1 780 917 977 1537
1046 4 2 2 1 931 852 903 1573
1047 4 2 2 1 724 665 1533 1545
1048 4 2 2 1 671 640 1524 1526
1049 4 2 2 1 857 856 858 1537
1050 4 2 2 1 304 974 854 353
1051 4 2 2 1 948 1490 964 1564
1052 4 2 2 1 85 114 99 1468
1053 4 2 2 1 62 25 26 607
1054 4 2 2 1 674 762 1512 1548
1055 4 2 2 1 1468 1508 1479 1516
1056 4 2 2 1 807 922 1521 1566
1057 4 2 2 1 724 1533 690 1545
1058 4 2 2 1 191 1474 220 1547
1059 4 2 2 1 1504 1532 689 1554
1060 4 2 2 1 359 1464 253 1493
1061 4 2 2 1 824 823 1560 1569
1062 4 2 2 1 889 1539 1038 1563
1063 4 2 2 1 959 1006 980 1538
1064 4 2 2 1 353 974 854 1537
1065 4 2 2 1 723 663 651 1546
1066 4 2 2 1 74 1487 1468 1504
1067 4 2 2 1 815 1509 814 1567
1068 4 2 2 1 369 363 336 1511
1069 4 2 2 1 727 642 1525 1550
1070 4 2 2 1 145 441 189 1499
1071 4 2 2 1 1005 898 902 1541
1072 4 2 2 1 792 892 794 1557
1073 4 2 2 1 910 1534 907 1573
1074 4 2 2 1 116 1551 115 1559
1075 4 2 2 1 830 853 852 1573
1076 4 2 2 1 84 1478 1472 1512
1077 4 2 2 1 824 1560 828 1569
1078 4 2 2 1 920 1027 902 1541
1079 4 2 2 1 854 974 1021 1537
1080 4 2 2 1 1468 1478 85 1504
1081 4 2 2 1 751 750 704 1554
1082 4 2 2 1 73 85 72 1504
1083 4 2 2 1 83 716 618 771
1084 4 2 2 1 935 1561 822 1570
1085 4 2 2 1 878 1490 948 1515
1086 4 2 2 1 780 1021 974 1537
1087 4 2 2 1 981 1515 806 1529
1088 4 2 2 1 658 1484 670 1517
1089 4 2 2 1 200 230 178 208
1090 4 2 2 1 1465 1488 1466 1489
1091 4 2 2 1 433 194 180 218
1092 4 2 2 1 910 1498 973 1534
1093 4 2 2 1 1013 1489 904 1553
1094 4 2 2 1 253 1462 1466 1511
1095 4 2 2 1 1036 290 920 1541
1096 4 2 2 1 1008 1477 1564 1567
1097 4 2 2 1 1001 1493 894 1571
1098 4 2 2 1 345 1464 364 1471
1099 4 2 2 1 124 113 99 1530
1100 4 2 2 1 1475 1477 1462 1515
1101 4 2 2 1 1030 1485 996 1572
1102 4 2 2 1 426 139 115 1551
1103 4 2 2 1 946 1535 945 1538
1104 4 2 2 1 751 616 750 1554
1105 4 2 2 1 1003 1509 1028 1522
1106 4 2 2 1 854 1021 856 1537
1107 4 2 2 1 124 1530 125 1559
1108 4 2 2 1 135 172 134 1551
1109 4 2 2 1 935 814 1509 1570
1110 4 2 2 1 842 1527 841 1542
1111 4 2 2 1 429 171 158 201
1112 4 2 2 1 753 693 692 1481
1113 4 2 2 1 266 1507 228 1547
1114 4 2 2 1 1037 907 914 1534
1115 4 2 2 1 954 951 1562 1572
1116 4 2 2 1 981 808 1515 1529
1117 4 2 2 1 850 848 1503 1540
1118 4 2 2 1 800 995 802 1555
1119 4 2 2 1 84 71 1468 1478
1120 4 2 2 1 783 1043 347 1014
1121 4 2 2 1 62 1483 1470 1543
1122 4 2 2 1 689 1532 1504 1533
1123 4 2 2 1 235 1506 255 1511
1124 4 2 2 1 1463 1472 1468 1479
1125 4 2 2 1 190 177 438 451
1126 4 2 2 1 1008 1515 1477 1567
1127 4 2 2 1 808 1529 804 1555
1128 4 2 2 1 871 1562 873 1564
1129 4 2 2 1 871 870 1562 1564
1130 4 2 2 1 1472 1516 1480 1550
1131 4 2 2 1 76 56 12 1517
1132 4 2 2 1 428 431 185 430
1133 4 2 2 1 842 840 1527 1542
1134 4 2 2 1 869 1562 870 1564
1135 4 2 2 1 959 947 960 1538
1136 4 2 2 1 873 962 1553 1562
1137 4 2 2 1 988 1494 1010 1557
1138 4 2 2 1 113 1530 124 1559
1139 4 2 2 1 1466 1489 1488 1522
1140 4 2 2 1 727 1525 1524 1550
1141 4 2 2 1 692 694 712 1481
1142 4 2 2 1 10 12 56 1517
1143 4 2 2 1 674 623 707 1548
1144 4 2 2 1 667 706 690 1533
1145 4 2 2 1 433 178 446 444
1146 4 2 2 1 894 1493 844 1571
1147 4 2 2 1 894 1022 911 1549
1148 4 2 2 1 734 673 755 1568
1149 4 2 2 1 801 803 1529 1555
1150 4 2 2 1 860 971 863 1539
1151 4 2 2 1 1021 780 977 1537
1152 4 2 2 1 934 1514 932 1529
1153 4 2 2 1 914 831 1037 1534
1154 4 2 2 1 1030 1485 956 1563
1155 4 2 2 1 292 976 982 1510
1156 4 2 2 1 1472 1468 1479 1516
1157 4 2 2 1 73 733 1504 1533
1158 4 2 2 1 367 1462 365 1511
1159 4 2 2 1 684 602 683 1513
1160 4 2 2 1 213 1507 449 1547
1161 4 2 2 1 1014 1031 899 1541
1162 4 2 2 1 622 621 623 1548
1163 4 2 2 1 925 926 1498 1500
1164 4 2 2 1 214 1505 228 1547
1165 4 2 2 1 743 1512 1518 1544
1166 4 2 2 1 1042 1489 1013 1553
1167 4 2 2 1 344 1474 276 1547
1168 4 2 2 1 793 792 794 1557
1169 4 2 2 1 364 273 1462 1464
1170 4 2 2 1 263 996 779 1485
1171 4 2 2 1 658 670 728 1517
1172 4 2 2 1 422 76 1469 1530
1173 4 2 2 1 1478 1516 1512 1544
1174 4 2 2 1 868 963 881 1563
1175 4 2 2 1 817 818 820 1570
1176 4 2 2 1 951 1553 952 1562
1177 4 2 2 1 837 1006 1009 1538
1178 4 2 2 1 781 976 293 1557
1179 4 2 2 1 179 178 208 1499
1180 4 2 2 1 290 785 920 1541
1181 4 2 2 1 658 1487 668 1531
1182 4 2 2 1 1478 1508 1468 1516
1183 4 2 2 1 1524 1525 671 1526
1184 4 2 2 1 658 1484 1487 1531
1185 4 2 2 1 124 99 125 1530
1186 4 2 2 1 1006 960 1009 1538
1187 4 2 2 1 1463 1470 1467 1483
1188 4 2 2 1 678 1520 1483 1525
1189 4 2 2 1 678 1525 1483 1526
1190 4 2 2 1 134 157 156 429
1191 4 2 2 1 349 1462 365 1494
1192 4 2 2 1 85 73 74 1504
1193 4 2 2 1 368 356 355 1489
1194 4 2 2 1 215 145 216 1499
1195 4 2 2 1 654 712 1546 1558
1196 4 2 2 1 227 1465 226 1511
1197 4 2 2 1 1516 1523 1479 1524
1198 4 2 2 1 665 667 690 1533
1199 4 2 2 1 1470 1483 1496 1501
1200 4 2 2 1 616 73 772 1554
1201 4 2 2 1 918 1560 821 1561
1202 4 2 2 1 1479 1484 1469 1496
1203 4 2 2 1 936 1498 910 1573
1204 4 2 2 1 130 153 129 1551
1205 4 2 2 1 819 798 796 1556
1206 4 2 2 1 1516 1518 741 1550
1207 4 2 2 1 649 648 654 1558
1208 4 2 2 1 113 122 1530 1559
1209 4 2 2 1 834 1500 833 1561
1210 4 2 2 1 1502 1521 989 1569
1211 4 2 2 1 692 712 753 1481
1212 4 2 2 1 349 1482 1462 1494
1213 4 2 2 1 1516 1524 1479 1550
1214 4 2 2 1 665 1532 666 1533
1215 4 2 2 1 272 364 273 1462
1216 4 2 2 1 736 1501 774 1565
1217 4 2 2 1 253 1464 359 1466
1218 4 2 2 1 1469 1470 1496 1501
1219 4 2 2 1 50 73 696 1554
1220 4 2 2 1 808 1024 1515 1535
1221 4 2 2 1 956 1562 881 1563
1222 4 2 2 1 139 148 149 115
1223 4 2 2 1 864 1515 1535 1539
1224 4 2 2 1 355 1465 1466 1489
1225 4 2 2 1 85 1468 71 1478
1226 4 2 2 1 998 1535 944 1555
1227 4 2 2 1 172 135 160 1551
1228 4 2 2 1 239 223 258 1499
1229 4 2 2 1 1502 989 1527 1569
1230 4 2 2 1 720 745 693 1552
1231 4 2 2 1 855 857 1536 1537
1232 4 2 2 1 76 422 87 1530
1233 4 2 2 1 769 605 757 1519
1234 4 2 2 1 358 1039 984 321
1235 4 2 2 1 972 1005 1510 1541
1236 4 2 2 1 368 1489 1466 1500
1237 4 2 2 1 85 1478 71 1533
1238 4 2 2 1 940 1515 1024 1535
1239 4 2 2 1 795 832 1510 1556
1240 4 2 2 1 1520 1525 652 1546
1241 4 2 2 1 945 1535 998 1556
1242 4 2 2 1 649 1550 648 1558
1243 4 2 2 1 864 865 1490 1539
1244 4 2 2 1 113 124 137 1559
1245 4 2 2 1 838 833 1498 1561
1246 4 2 2 1 1479 1524 1525 1550
1247 4 2 2 1 1512 1544 625 1545
1248 4 2 2 1 668 1487 703 1554
1249 4 2 2 1 942 1535 808 1555
1250 4 2 2 1 1479 1480 1472 1516
1251 4 2 2 1 809 811 1566 1567
1252 4 2 2 1 933 1514 849 1540
1253 4 2 2 1 798 1555 799 1556
1254 4 2 2 1 1485 1488 265 1553
1255 4 2 2 1 844 1542 1527 1571
1256 4 2 2 1 80 92 1463 1530
1257 4 2 2 1 78 1469 423 1476
1258 4 2 2 1 71 1478 84 1512
1259 4 2 2 1 685 1497 684 1513
1260 4 2 2 1 1472 1478 1468 1516
1261 4 2 2 1 937 1510 976 1557
1262 4 2 2 1 1011 973 890 358
1263 4 2 2 1 952 953 955 1572
1264 4 2 2 1 335 1505 269 1547
1265 4 2 2 1 645 1501 1496 1526
1266 4 2 2 1 349 365 350 1494
1267 4 2 2 1 752 707 621 1548
1268 4 2 2 1 1015 778 906 356
1269 4 2 2 1 846 1503 1502 1542
1270 4 2 2 1 613 774 700 1565
1271 4 2 2 1 1472 1479 1463 1480
1272 4 2 2 1 608 768 698 1565
1273 4 2 2 1 1043 346 909 286
1274 4 2 2 1 245 330 1511 1547
1275 4 2 2 1 717 716 747 1552
1276 4 2 2 1 859 1536 858 1539
1277 4 2 2 1 959 960 1006 1538
1278 4 2 2 1 100 1468 74 1487
1279 4 2 2 1 235 1511 234 1547
1280 4 2 2 1 874 1553 962 1562
1281 4 2 2 1 804 1529 802 1555
1282 4 2 2 1 304 343 974 353
1283 4 2 2 1 765 61 702 1543
1284 4 2 2 1 918 1498 936 1560
1285 4 2 2 1 333 1505 335 1547
1286 4 2 2 1 948 1477 1515 1564
1287 4 2 2 1 717 718 675 1552
1288 4 2 2 1 1463 1470 1483 1496
1289 4 2 2 1 943 1535 946 1536
1290 4 2 2 1 977 858 856 1537
1291 4 2 2 1 108 94 1530 1559
1292 4 2 2 1 874 952 1553 1562
1293 4 2 2 1 896 1540 992 1541
1294 4 2 2 1 1465 1466 1462 1511
1295 4 2 2 1 144 135 134 1551
1296 4 2 2 1 1502 1514 924 1521
1297 4 2 2 1 802 1529 803 1555
1298 4 2 2 1 142 117 143 1551
1299 4 2 2 1 648 1550 660 1558
1300 4 2 2 1 1504 1531 1508 1532
1301 4 2 2 1 954 1007 953 1572
1302 4 2 2 1 1496 1501 1483 1526
1303 4 2 2 1 145 170 189 435
1304 4 2 2 1 142 154 130 1551
1305 4 2 2 1 1484 1523 1508 1531
1306 4 2 2 1 1504 1532 1478 1533
1307 4 2 2 1 992 787 909 347
1308 4 2 2 1 905 1503 847 1542
1309 4 2 2 1 665 1532 1533 1544
1310 4 2 2 1 438 437 151 436
1311 4 2 2 1 349 1471 1462 1482
1312 4 2 2 1 1521 1566 922 1570
1313 4 2 2 1 925 1498 833 1500
1314 4 2 2 1 62 1467 1520 1568
1315 4 2 2 1 144 160 135 1551
1316 4 2 2 1 1501 1526 661 1543
1317 4 2 2 1 1496 1497 1469 1501
1318 4 2 2 1 902 898 899 1541
1319 4 2 2 1 1466 1500 1489 1522
1320 4 2 2 1 359 1466 1464 1492
1321 4 2 2 1 611 67 35 66
1322 4 2 2 1 204 251 217 453
1323 4 2 2 1 1479 1496 1483 1526
1324 4 2 2 1 722 612 734 1568
1325 4 2 2 1 73 1504 772 1554
1326 4 2 2 1 295 988 792 1557
1327 4 2 2 1 35 66 34 611
1328 4 2 2 1 108 1530 111 1559
1329 4 2 2 1 1021 977 856 1537
1330 4 2 2 1 1478 1468 1508 1532
1331 4 2 2 1 132 119 143 1559
1332 4 2 2 1 830 828 1560 1573
1333 4 2 2 1 849 1514 1502 1540
1334 4 2 2 1 85 71 72 1533
1335 4 2 2 1 701 702 61 1543
1336 4 2 2 1 747 37 604 1552
1337 4 2 2 1 1469 1470 1463 1496
1338 4 2 2 1 1483 1520 679 1543
1339 4 2 2 1 867 964 1490 1564
1340 4 2 2 1 1031 902 899 1541
1341 4 2 2 1 1472 1518 1516 1550
1342 4 2 2 1 364 345 273 1464
1343 4 2 2 1 1462 1482 1473 1494
1344 4 2 2 1 159 158 197 184
1345 4 2 2 1 853 903 852 1573
1346 4 2 2 1 1480 1483 1467 1520
1347 4 2 2 1 228 266 245 1507
1348 4 2 2 1 441 198 240 1499
1349 4 2 2 1 768 680 698 1565
1350 4 2 2 1 1479 1516 1508 1523
1351 4 2 2 1 1488 1489 265 1553
1352 4 2 2 1 922 1569 1521 1570
1353 4 2 2 1 806 1529 1515 1566
1354 4 2 2 1 1502 1503 846 1540
1355 4 2 2 1 970 820 1569 1570
1356 4 2 2 1 242 452 1511 1547
1357 4 2 2 1 701 1543 23 1565
1358 4 2 2 1 1466 1491 1464 1492
1359 4 2 2 1 1470 1476 90 1565
1360 4 2 2 1 866 1539 889 1563
1361 4 2 2 1 64 81 1467 1519
1362 4 2 2 1 73 1504 72 1533
1363 4 2 2 1 1478 1504 1468 1532
1364 4 2 2 1 186 1505 214 1547
1365 4 2 2 1 955 354 784 1553
1366 4 2 2 1 673 1520 659 1568
1367 4 2 2 1 805 1521 1529 1566
1368 4 2 2 1 1028 1522 1509 1567
1369 4 2 2 1 1502 1527 843 1542
1370 4 2 2 1 623 621 707 1548
1371 4 2 2 1 1019 777 297 351
1372 4 2 2 1 1509 1566 814 1567
1373 4 2 2 1 229 267 228 1505
1374 4 2 2 1 654 720 753 1558
1375 4 2 2 1 660 1518 719 1558
1376 4 2 2 1 730 1495 620 1545
1377 4 2 2 1 90 1470 89 1476
1378 4 2 2 1 778 919 1016 356
1379 4 2 2 1 728 697 669 1517
1380 4 2 2 1 1464 345 1493 1503
1381 4 2 2 1 696 73 616 1554
1382 4 2 2 1 934 1521 1514 1529
1383 4 2 2 1 954 1485 1030 1572
1384 4 2 2 1 674 1512 625 1548
1385 4 2 2 1 755 722 734 1568
1386 4 2 2 1 76 101 1469 1530
1387 4 2 2 1 1466 1492 359 1498
1388 4 2 2 1 862 1536 859 1539
1389 4 2 2 1 721 757 605 1519
1390 4 2 2 1 814 1566 1509 1570
1391 4 2 2 1 829 1560 1527 1569
1392 4 2 2 1 239 240 223 1499
1393 4 2 2 1 891 1500 835 1522
1394 4 2 2 1 733 73 49 706
1395 4 2 2 1 898 901 1540 1541
1396 4 2 2 1 649 1546 1550 1558
1397 4 2 2 1 1471 1482 349 1510
1398 4 2 2 1 670 1484 1497 1517
1399 4 2 2 1 670 1497 756 1517
1400 4 2 2 1 368 355 1466 1489
1401 4 2 2 1 130 117 142 1551
1402 4 2 2 1 746 1526 1483 1543
1403 4 2 2 1 302 341 790 1023
1404 4 2 2 1 663 659 1546 1568
1405 4 2 2 1 869 881 1562 1563
1406 4 2 2 1 223 212 224 1499
1407 4 2 2 1 92 80 1463 1467
1408 4 2 2 1 649 654 1546 1558
1409 4 2 2 1 343 341 277 1537
1410 4 2 2 1 882 1489 1488 1553
1411 4 2 2 1 101 1469 100 1487
1412 4 2 2 1 355 265 1465 1489
1413 4 2 2 1 1479 1524 1496 1526
1414 4 2 2 1 866 1490 865 1539
1415 4 2 2 1 1468 1484 1508 1531
1416 4 2 2 1 660 720 648 1558
1417 4 2 2 1 622 623 1545 1548
1418 4 2 2 1 1473 1462 1477 1515
1419 4 2 2 1 1491 1492 1466 1498
1420 4 2 2 1 867 1490 866 1563
1421 4 2 2 1 864 1490 1515 1539
1422 4 2 2 1 795 1510 937 1557
1423 4 2 2 1 882 1488 1489 1522
1424 4 2 2 1 995 1535 942 1555
1425 4 2 2 1 1479 1508 1484 1523
1426 4 2 2 1 122 112 113 1530
1427 4 2 2 1 838 1498 918 1561
1428 4 2 2 1 774 681 700 1565
1429 4 2 2 1 1462 1471 1464 1475
1430 4 2 2 1 347 1043 909 1014
1431 4 2 2 1 687 613 700 1565
1432 4 2 2 1 37 747 68 1552
1433 4 2 2 1 783 287 288 347
1434 4 2 2 1 980 1536 861 1538
1435 4 2 2 1 422 1469 76 1517
1436 4 2 2 1 766 663 1546 1568
1437 4 2 2 1 798 998 1555 1556
1438 4 2 2 1 260 225 259 1547
1439 4 2 2 1 789 1486 261 1563
1440 4 2 2 1 74 100 85 1468
1441 4 2 2 1 214 228 1507 1547
1442 4 2 2 1 226 1486 452 1511
1443 4 2 2 1 289 783 288 347
1444 4 2 2 1 1560 1569 823 1570
1445 4 2 2 1 242 1511 259 1547
1446 4 2 2 1 1011 324 786 358
1447 4 2 2 1 74 1504 73 1554
1448 4 2 2 1 322 775 984 358
1449 4 2 2 1 879 1535 1536 1539
1450 4 2 2 1 244 966 916 1537
1451 4 2 2 1 1503 1528 345 1549
1452 4 2 2 1 944 1535 995 1555
1453 4 2 2 1 1007 788 953 1572
1454 4 2 2 1 178 250 230 217
1455 4 2 2 1 128 153 152 1551
1456 4 2 2 1 187 169 1499 1505
1457 4 2 2 1 162 127 140 203
1458 4 2 2 1 1491 1475 1521 1566
1459 4 2 2 1 1004 1534 1571 1573
1460 4 2 2 1 269 334 271 1505
1461 4 2 2 1 786 973 358 1534
1462 4 2 2 1 1479 1525 1480 1550
1463 4 2 2 1 1463 1467 1480 1483
1464 4 2 2 1 912 1032 1022 1549
1465 4 2 2 1 279 1001 782 1571
1466 4 2 2 1 931 1571 852 1573
1467 4 2 2 1 1468 1508 1504 1531
1468 4 2 2 1 1491 1566 1521 1570
1469 4 2 2 1 967 1486 1038 1539
1470 4 2 2 1 1010 1494 968 1557
1471 4 2 2 1 343 277 244 1537
1472 4 2 2 1 1479 1524 1483 1525
1473 4 2 2 1 713 712 1481 1546
1474 4 2 2 1 1509 1522 986 1561
1475 4 2 2 1 945 1538 1535 1556
1476 4 2 2 1 801 1529 1514 1555
1477 4 2 2 1 52 74 50 1554
1478 4 2 2 1 1477 1522 1488 1567
1479 4 2 2 1 873 1562 1488 1564
1480 4 2 2 1 242 213 452 1547
1481 4 2 2 1 354 1489 1042 1553
1482 4 2 2 1 1482 1494 349 1510
1483 4 2 2 1 341 790 1023 1538
1484 4 2 2 1 1468 1484 1479 1508
1485 4 2 2 1 781 295 792 1557
1486 4 2 2 1 1493 1534 1492 1571
1487 4 2 2 1 1477 1509 1522 1567
1488 4 2 2 1 1516 1518 1512 1544
1489 4 2 2 1 620 1495 614 1548
1490 4 2 2 1 795 796 1556 1557
1491 4 2 2 1 1462 1475 1466 1477
1492 4 2 2 1 1484 1496 1479 1523
1493 4 2 2 1 701 24 61 702
1494 4 2 2 1 127 140 203 1551
1495 4 2 2 1 1466 1475 1464 1491
1496 4 2 2 1 265 1485 1465 1488
1497 4 2 2 1 680 1501 661 1565
1498 4 2 2 1 681 680 700 1565
1499 4 2 2 1 238 208 209 1499
1500 4 2 2 1 1469 1496 1484 1497
1501 4 2 2 1 1473 1477 1490 1515
1502 4 2 2 1 1479 1483 1480 1525
1503 4 2 2 1 1004 1037 1534 1573
1504 4 2 2 1 948 1515 1490 1564
1505 4 2 2 1 648 720 654 1558
1506 4 2 2 1 762 83 716 1512
1507 4 2 2 1 1462 1471 1475 1482
1508 4 2 2 1 85 100 114 1468
1509 4 2 2 1 749 12 610 738
1510 4 2 2 1 213 186 1507 1547
1511 4 2 2 1 713 1519 766 1546
1512 4 2 2 1 1504 1508 1468 1532
1513 4 2 2 1 265 1488 1465 1489
1514 4 2 2 1 1463 1480 1479 1483
1515 4 2 2 1 1464 1466 1462 1475
1516 4 2 2 1 938 1510 1005 1541
1517 4 2 2 1 1478 1472 1512 1516
1518 4 2 2 1 670 756 728 1517
1519 4 2 2 1 992 1540 1528 1541
1520 4 2 2 1 357 356 368 1489
1521 4 2 2 1 1043 287 783 347
1522 4 2 2 1 1472 1480 1518 1550
1523 4 2 2 1 101 100 74 1487
1524 4 2 2 1 1464 1471 345 1503
1525 4 2 2 1 208 193 179 1499
1526 4 2 2 1 857 858 1536 1537
1527 4 2 2 1 968 1494 961 1556
1528 4 2 2 1 435 189 145 441
1529 4 2 2 1 71 84 69 1512
1530 4 2 2 1 1512 1545 625 1548
1531 4 2 2 1 873 1553 1488 1562
1532 4 2 2 1 345 1493 1503 1549
1533 4 2 2 1 828 1571 1560 1573
1534 4 2 2 1 955 953 978 1572
1535 4 2 2 1 1503 1528 850 1540
1536 4 2 2 1 720 719 745 1552
1537 4 2 2 1 610 756 738 1517
1538 4 2 2 1 351 298 837 1023
1539 4 2 2 1 368 357 1489 1500
1540 4 2 2 1 788 311 978 1572
1541 4 2 2 1 1466 1488 1477 1522
1542 4 2 2 1 951 952 1553 1572
1543 4 2 2 1 787 347 992 1528
1544 4 2 2 1 1478 1495 71 1533
1545 4 2 2 1 789 1020 1486 1563
1546 4 2 2 1 1462 1466 1465 1477
1547 4 2 2 1 1464 1475 1471 1502
1548 4 2 2 1 907 1534 1037 1573
1549 4 2 2 1 1020 1038 1486 1563
1550 4 2 2 1 869 1563 1562 1564
1551 4 2 2 1 780 343 916 1537
1552 4 2 2 1 1512 1516 1472 1518
1553 4 2 2 1 1041 1035 905 1549
1554 4 2 2 1 349 292 1510 1557
1555 4 2 2 1 1465 1477 1466 1488
1556 4 2 2 1 1035 884 1029 1549
1557 4 2 2 1 260 1506 344 1547
1558 4 2 2 1 773 1487 669 1517
1559 4 2 2 1 1488 1564 1477 1567
1560 4 2 2 1 283 885 776 1528
1561 4 2 2 1 50 74 73 1554
1562 4 2 2 1 444 179 178 208
1563 4 2 2 1 261 262 226 1025
1564 4 2 2 1 1475 1509 1477 1566
1565 4 2 2 1 976 1510 292 1557
1566 4 2 2 1 911 1022 1032 1549
1567 4 2 2 1 316 827 1040 1489
1568 4 2 2 1 68 83 747 618
1569 4 2 2 1 756 1497 738 1517
1570 4 2 2 1 718 1518 675 1552
1571 4 2 2 1 1531 1532 1504 1554
1572 4 2 2 1 910 1498 1534 1573
1573 4 2 2 1 898 1540 896 1541
1574 4 2 2 1 788 978 953 1572
1575 4 2 2 1 97 425 95 1472
1576 4 2 2 1 60 1470 90 1565
1577 4 2 2 1 186 214 1507 1547
1578 4 2 2 1 128 115 116 1551
1579 4 2 2 1 1473 1536 1537 1538
1580 4 2 2 1 844 1493 1542 1571
1581 4 2 2 1 345 337 1493 1549
1582 4 2 2 1 1518 1550 1480 1558
1583 4 2 2 1 68 38 39 618
1584 4 2 2 1 23 24 61 701
1585 4 2 2 1 1465 1473 1462 1477
1586 4 2 2 1 301 341 302 1023
1587 4 2 2 1 293 350 294 1557
1588 4 2 2 1 229 187 246 1505
1589 4 2 2 1 1515 1529 808 1555
1590 4 2 2 1 668 1531 1487 1554
1591 4 2 2 1 935 1509 1561 1570
1592 4 2 2 1 821 1561 1560 1570
1593 4 2 2 1 660 1550 1518 1558
1594 4 2 2 1 1479 1483 1524 1526
1595 4 2 2 1 765 61 24 702
1596 4 2 2 1 1502 1493 1527 1542
1597 4 2 2 1 92 62 80 1467
1598 4 2 2 1 159 158 184 428
1599 4 2 2 1 350 295 294 1557
1600 4 2 2 1 1466 1477 1509 1522
1601 4 2 2 1 276 344 274 1474
1602 4 2 2 1 72 71 1495 1533
1603 4 2 2 1 205 251 443 1505
1604 4 2 2 1 52 74 51 50
1605 4 2 2 1 63 62 27 1568
1606 4 2 2 1 283 1034 885 1528
1607 4 2 2 1 40 69 615 740
1608 4 2 2 1 1483 1525 1524 1526
1609 4 2 2 1 688 748 738 1513
1610 4 2 2 1 915 346 787 1528
1611 4 2 2 1 1042 784 312 354
1612 4 2 2 1 1491 1509 1475 1566
1613 4 2 2 1 219 1462 253 1511
1614 4 2 2 1 268 333 246 1505
1615 4 2 2 1 1475 1471 1502 1514
1616 4 2 2 1 1492 1498 1491 1560
1617 4 2 2 1 1032 912 1033 1549
1618 4 2 2 1 1515 1529 1475 1566
1619 4 2 2 1 736 613 1476 1565
1620 4 2 2 1 1482 1475 1515 1529
1621 4 2 2 1 1483 1520 1480 1525
1622 4 2 2 1 1479 1523 1496 1524
1623 4 2 2 1 344 260 366 1506
1624 4 2 2 1 691 66 759 1481
1625 4 2 2 1 691 66 33 759
1626 4 2 2 1 348 349 292 1510
1627 4 2 2 1 1489 1553 354 1572
1628 4 2 2 1 270 234 233 219
1629 4 2 2 1 1515 1566 1477 1567
1630 4 2 2 1 1473 1477 1465 1490
1631 4 2 2 1 777 296 297 351
1632 4 2 2 1 763 609 72 1495
1633 4 2 2 1 1473 1482 1515 1535
1634 4 2 2 1 1502 1503 1493 1542
1635 4 2 2 1 946 1536 1535 1538
1636 4 2 2 1 855 1537 1536 1538
1637 4 2 2 1 956 1485 1562 1563
1638 4 2 2 1 919 356 1015 1500
1639 4 2 2 1 329 331 354 1572
1640 4 2 2 1 799 1555 1482 1556
1641 4 2 2 1 1482 1510 972 1556
1642 4 2 2 1 277 1486 244 1537
1643 4 2 2 1 1509 1566 1491 1570
1644 4 2 2 1 357 356 1489 1500
1645 4 2 2 1 1477 1515 1475 1566
1646 4 2 2 1 682 683 602 1513
1647 4 2 2 1 1477 1566 1509 1567
1648 4 2 2 1 758 768 608 1565
1649 4 2 2 1 340 276 274 1474
1650 4 2 2 1 764 706 72 1533
1651 4 2 2 1 348 785 290 1541
1652 4 2 2 1 1478 1533 1532 1544
1653 4 2 2 1 835 1522 1500 1561
1654 4 2 2 1 350 296 295 1557
1655 4 2 2 1 717 719 718 1552
1656 4 2 2 1 694 1481 759 1519
1657 4 2 2 1 321 320 357 1039
1658 4 2 2 1 749 738 748 1513
1659 4 2 2 1 757 766 1519 1568
1660 4 2 2 1 936 1560 1498 1573
1661 4 2 2 1 720 1552 693 1558
1662 4 2 2 1 1515 808 1535 1555
1663 4 2 2 1 293 976 292 1557
1664 4 2 2 1 368 1466 357 1500
1665 4 2 2 1 1464 1491 1475 1502
1666 4 2 2 1 62 79 61 1543
1667 4 2 2 1 421 1476 1469 1513
1668 4 2 2 1 603 69 41 740
1669 4 2 2 1 1035 1041 884 1549
1670 4 2 2 1 1015 356 906 1500
1671 4 2 2 1 351 1023 837 1538
1672 4 2 2 1 423 1469 421 1476
1673 4 2 2 1 284 915 1034 1528
1674 4 2 2 1 296 351 777 1494
1675 4 2 2 1 998 1535 1555 1556
1676 4 2 2 1 687 700 758 1565
1677 4 2 2 1 1484 1487 1469 1517
1678 4 2 2 1 356 1500 919 1522
1679 4 2 2 1 1475 1502 1491 1521
1680 4 2 2 1 1466 1477 1475 1509
1681 4 2 2 1 693 1481 753 1558
1682 4 2 2 1 747 604 717 1552
1683 4 2 2 1 343 305 304 974
1684 4 2 2 1 658 1487 1484 1517
1685 4 2 2 1 768 700 680 1565
1686 4 2 2 1 69 740 603 1548
1687 4 2 2 1 610 728 756 1517
1688 4 2 2 1 319 320 906 356
1689 4 2 2 1 1484 1469 1497 1517
1690 4 2 2 1 697 728 610 1517
1691 4 2 2 1 775 323 890 358
1692 4 2 2 1 263 996 1485 1572
1693 4 2 2 1 240 198 223 1499
1694 4 2 2 1 833 1500 1498 1561
1695 4 2 2 1 49 696 73 616
1696 4 2 2 1 774 1501 681 1565
1697 4 2 2 1 24 61 765 607
1698 4 2 2 1 748 688 683 1513
1699 4 2 2 1 1520 1546 659 1568
1700 4 2 2 1 952 955 1553 1572
1701 4 2 2 1 1465 1488 1562 1564
1702 4 2 2 1 343 244 916 1537
1703 4 2 2 1 299 298 351 1023
1704 4 2 2 1 1464 1492 1491 1527
1705 4 2 2 1 1480 1525 1520 1546
1706 4 2 2 1 216 189 145 215
1707 4 2 2 1 292 982 348 1510
1708 4 2 2 1 1491 1527 1492 1560
1709 4 2 2 1 344 366 338 1506
1710 4 2 2 1 914 786 325 1534
1711 4 2 2 1 347 783 1014 1541
1712 4 2 2 1 658 728 1487 1517
1713 4 2 2 1 1482 1515 1535 1555
1714 4 2 2 1 352 1473 351 1494
1715 4 2 2 1 939 911 1041 1549
1716 4 2 2 1 1475 1482 1471 1514
1717 4 2 2 1 341 790 353 302
1718 4 2 2 1 320 906 356 1500
1719 4 2 2 1 770 703 86 606
1720 4 2 2 1 297 298 1019 351
1721 4 2 2 1 1490 1563 867 1564
1722 4 2 2 1 728 669 1487 1517
1723 4 2 2 1 1475 1514 1502 1521
1724 4 2 2 1 984 322 358 321
1725 4 2 2 1 144 134 135 427
1726 4 2 2 1 713 1481 694 1519
1727 4 2 2 1 954 1562 1485 1572
1728 4 2 2 1 316 1040 836 1489
1729 4 2 2 1 918 1498 1560 1561
1730 4 2 2 1 951 1553 1562 1572
1731 4 2 2 1 611 67 82 739
1732 4 2 2 1 198 212 223 1499
1733 4 2 2 1 1480 1550 1546 1558
1734 4 2 2 1 1487 1531 1504 1554
1735 4 2 2 1 1469 1513 1497 1517
1736 4 2 2 1 1035 1503 905 1549
1737 4 2 2 1 1482 1529 1515 1555
1738 4 2 2 1 844 1493 894 1549
1739 4 2 2 1 1467 1480 1520 1546
1740 4 2 2 1 30 612 721 1568
1741 4 2 2 1 909 992 347 1541
1742 4 2 2 1 63 27 672 1568
1743 4 2 2 1 307 306 244 916
1744 4 2 2 1 1464 1491 1502 1527
1745 4 2 2 1 39 69 615 40
1746 4 2 2 1 1478 1545 1512 1548
1747 4 2 2 1 909 347 1014 1541
1748 4 2 2 1 117 130 129 1551
1749 4 2 2 1 97 1512 1472 1552
1750 4 2 2 1 1471 1464 1502 1503
1751 4 2 2 1 758 700 768 1565
1752 4 2 2 1 753 1481 712 1558
1753 4 2 2 1 747 716 83 1552
1754 4 2 2 1 337 345 1528 1549
1755 4 2 2 1 749 748 617 1513
1756 4 2 2 1 1489 1500 356 1522
1757 4 2 2 1 1483 1526 1501 1543
1758 4 2 2 1 324 323 358 1011
1759 4 2 2 1 1011 890 323 358
1760 4 2 2 1 1480 1472 1518 1558
1761 4 2 2 1 1469 1476 1470 1501
1762 4 2 2 1 795 1556 1510 1557
1763 4 2 2 1 757 1519 721 1568
1764 4 2 2 1 620 1545 1495 1548
1765 4 2 2 1 97 1472 1481 1552
1766 4 2 2 1 1465 1562 1490 1564
1767 4 2 2 1 1533 1544 1478 1545
1768 4 2 2 1 1476 1469 1497 1501
1769 4 2 2 1 343 780 974 1537
1770 4 2 2 1 83 1512 762 1548
1771 4 2 2 1 1466 1475 1491 1509
1772 4 2 2 1 681 1501 680 1565
1773 4 2 2 1 294 295 781 1557
1774 4 2 2 1 334 269 453 1505
1775 4 2 2 1 351 1494 1473 1538
1776 4 2 2 1 1487 1504 74 1554
1777 4 2 2 1 992 1528 347 1541
1778 4 2 2 1 256 338 255 1506
1779 4 2 2 1 1475 1514 1521 1529
1780 4 2 2 1 1491 1502 1527 1569
1781 4 2 2 1 684 1476 602 1513
1782 4 2 2 1 345 1503 1471 1528
1783 4 2 2 1 256 220 221 1474
1784 4 2 2 1 688 738 1497 1513
1785 4 2 2 1 1478 1544 1512 1545
1786 4 2 2 1 1477 1488 1465 1564
1787 4 2 2 1 609 72 46 763
1788 4 2 2 1 1491 1521 1502 1569
1789 4 2 2 1 110 135 134 427
1790 4 2 2 1 1475 1529 1521 1566
1791 4 2 2 1 913 1001 279 1493
1792 4 2 2 1 693 611 82 739
1793 4 2 2 1 1039 320 357 1500
1794 4 2 2 1 609 72 1495 1533
1795 4 2 2 1 866 1490 1539 1563
1796 4 2 2 1 1018 261 226 1563
1797 4 2 2 1 353 343 974 341
1798 4 2 2 1 1492 1560 1527 1571
1799 4 2 2 1 1464 1502 1493 1527
1800 4 2 2 1 1498 1491 1560 1561
1801 4 2 2 1 612 29 672 1568
1802 4 2 2 1 719 1518 718 1552
1803 4 2 2 1 1501 1543 661 1565
1804 4 2 2 1 1032 1041 911 1549
1805 4 2 2 1 264 1018 261 226
1806 4 2 2 1 771 68 618 83
1807 4 2 2 1 748 683 682 1513
1808 4 2 2 1 775 322 323 358
1809 4 2 2 1 1478 1495 1545 1548
1810 4 2 2 1 1492 1527 1493 1571
1811 4 2 2 1 10 1487 773 1517
1812 4 2 2 1 279 1493 1001 1571
1813 4 2 2 1 58 711 613 1476
1814 4 2 2 1 38 68 37 747
1815 4 2 2 1 1464 1493 1492 1527
1816 4 2 2 1 1038 1539 1486 1563
1817 4 2 2 1 70 603 686 1548
1818 4 2 2 1 1041 905 1542 1549
1819 4 2 2 1 719 717 604 1552
1820 4 2 2 1 337 282 281 1033
1821 4 2 2 1 1488 1553 1485 1562
1822 4 2 2 1 440 194 196 181
1823 4 2 2 1 293 294 781 1557
1824 4 2 2 1 152 153 141 1551
1825 4 2 2 1 720 719 1552 1558
1826 4 2 2 1 1493 1502 1464 1503
1827 4 2 2 1 1494 1556 968 1557
1828 4 2 2 1 675 1518 1512 1552
1829 4 2 2 1 226 1485 1018 1563
1830 4 2 2 1 97 1472 95 1481
1831 4 2 2 1 359 1498 1492 1534
1832 4 2 2 1 351 352 341 1473
1833 4 2 2 1 83 1512 97 1552
1834 4 2 2 1 1473 1494 1482 1535
1835 4 2 2 1 1465 1488 1485 1562
1836 4 2 2 1 884 1041 1032 1549
1837 4 2 2 1 749 15 12 617
1838 4 2 2 1 939 1041 1542 1549
1839 4 2 2 1 351 1473 341 1538
1840 4 2 2 1 973 1498 358 1534
1841 4 2 2 1 1491 1498 1466 1561
1842 4 2 2 1 296 351 1494 1557
1843 4 2 2 1 1482 1471 1514 1540
1844 4 2 2 1 1482 1514 1475 1529
1845 4 2 2 1 298 351 837 1538
1846 4 2 2 1 244 1486 966 1537
1847 4 2 2 1 319 906 778 356
1848 4 2 2 1 1490 1515 1477 1564
1849 4 2 2 1 66 33 34 691
1850 4 2 2 1 1536 1537 858 1539
1851 4 2 2 1 357 1039 358 321
1852 4 2 2 1 139 150 163 1551
1853 4 2 2 1 736 1476 1501 1565
1854 4 2 2 1 684 1497 1476 1513
1855 4 2 2 1 1477 1465 1490 1564
1856 4 2 2 1 1473 1536 1535 1539
1857 4 2 2 1 1033 884 1032 1549
1858 4 2 2 1 1473 1486 277 1537
1859 4 2 2 1 285 915 346 787
1860 4 2 2 1 337 1029 776 282
1861 4 2 2 1 766 1546 1519 1568
1862 4 2 2 1 341 1537 790 1538
1863 4 2 2 1 1025 226 261 1486
1864 4 2 2 1 453 251 334 1505
1865 4 2 2 1 348 339 349 1510
1866 4 2 2 1 611 67 66 82
1867 4 2 2 1 719 604 745 1552
1868 4 2 2 1 1528 1540 1471 1541
1869 4 2 2 1 1491 1521 1569 1570
1870 4 2 2 1 705 86 770 1487
1871 4 2 2 1 1494 1510 1482 1556
1872 4 2 2 1 1495 1533 1478 1545
1873 4 2 2 1 955 354 1553 1572
1874 4 2 2 1 1527 1560 1491 1569
1875 4 2 2 1 1527 1542 1493 1571
1876 4 2 2 1 1535 1536 1494 1538
1877 4 2 2 1 296 350 351 1557
1878 4 2 2 1 1483 1501 1470 1543
1879 4 2 2 1 1481 1546 712 1558
1880 4 2 2 1 748 682 617 1513
1881 4 2 2 1 1500 1522 1509 1561
1882 4 2 2 1 1480 1481 1472 1558
1883 4 2 2 1 703 770 86 1487
1884 4 2 2 1 1476 1497 1469 1513
1885 4 2 2 1 341 1473 277 1537
1886 4 2 2 1 784 955 312 354
1887 4 2 2 1 1473 1537 341 1538
1888 4 2 2 1 1466 1498 357 1500
1889 4 2 2 1 68 747 83 1552
1890 4 2 2 1 772 73 49 733
1891 4 2 2 1 1029 337 776 1549
1892 4 2 2 1 69 40 41 740
1893 4 2 2 1 1482 1555 1535 1556
1894 4 2 2 1 1472 1552 1518 1558
1895 4 2 2 1 763 45 619 1495
1896 4 2 2 1 1491 1561 1509 1570
1897 4 2 2 1 1481 1519 713 1546
1898 4 2 2 1 790 303 353 302
1899 4 2 2 1 1467 1546 1520 1568
1900 4 2 2 1 49 696 50 73
1901 4 2 2 1 30 29 612 1568
1902 4 2 2 1 693 1552 1481 1558
1903 4 2 2 1 844 1542 1493 1549
1904 4 2 2 1 283 284 1034 1528
1905 4 2 2 1 1471 1502 1514 1540
1906 4 2 2 1 1471 1528 1503 1540
1907 4 2 2 1 1467 1481 1480 1546
1908 4 2 2 1 1534 1492 1571 1573
1909 4 2 2 1 955 978 354 1572
1910 4 2 2 1 831 914 326 1534
1911 4 2 2 1 759 1481 66 1519
1912 4 2 2 1 353 341 974 1537
1913 4 2 2 1 1494 1535 1473 1536
1914 4 2 2 1 306 244 916 343
1915 4 2 2 1 256 221 274 1474
1916 4 2 2 1 703 1487 86 1554
1917 4 2 2 1 1471 1503 1502 1540
1918 4 2 2 1 1482 1535 1494 1556
1919 4 2 2 1 312 313 1042 354
1920 4 2 2 1 716 1512 83 1552
1921 4 2 2 1 339 1528 1471 1541
1922 4 2 2 1 1039 357 358 1500
1923 4 2 2 1 1473 1465 1486 1490
1924 4 2 2 1 347 1528 339 1541
1925 4 2 2 1 65 33 66 759
1926 4 2 2 1 1473 1537 1536 1539
1927 4 2 2 1 1560 1491 1569 1570
1928 4 2 2 1 341 1023 351 1538
1929 4 2 2 1 1482 1510 1471 1540
1930 4 2 2 1 348 290 339 1541
1931 4 2 2 1 48 72 764 706
1932 4 2 2 1 65 759 66 1519
1933 4 2 2 1 1491 1466 1509 1561
1934 4 2 2 1 1503 1542 905 1549
1935 4 2 2 1 1518 1552 719 1558
1936 4 2 2 1 1494 1536 1473 1538
1937 4 2 2 1 343 306 780 916
1938 4 2 2 1 311 354 978 1572
1939 4 2 2 1 335 249 269 1505
1940 4 2 2 1 776 337 1528 1549
1941 4 2 2 1 1560 1561 1491 1570
1942 4 2 2 1 1510 1556 1494 1557
1943 4 2 2 1 1562 1563 1490 1564
1944 4 2 2 1 61 24 25 607
1945 4 2 2 1 1492 1534 1498 1573
1946 4 2 2 1 70 41 42 603
1947 4 2 2 1 909 286 346 787
1948 4 2 2 1 1560 1571 1492 1573
1949 4 2 2 1 339 1510 348 1541
1950 4 2 2 1 1512 1518 1472 1552
1951 4 2 2 1 358 1498 359 1534
1952 4 2 2 1 1535 1538 1494 1556
1953 4 2 2 1 782 1004 328 1534
1954 4 2 2 1 955 978 312 354
1955 4 2 2 1 38 68 747 618
1956 4 2 2 1 343 974 341 1537
1957 4 2 2 1 1492 1498 1560 1573
1958 4 2 2 1 60 608 23 1565
1959 4 2 2 1 251 247 217 453
1960 4 2 2 1 1485 1486 1465 1563
1961 4 2 2 1 350 1494 351 1557
1962 4 2 2 1 97 1481 82 1552
1963 4 2 2 1 303 353 854 790
1964 4 2 2 1 1514 1529 1482 1555
1965 4 2 2 1 325 326 914 1534
1966 4 2 2 1 1498 1500 1466 1561
1967 4 2 2 1 12 610 738 1517
1968 4 2 2 1 339 1471 349 1510
1969 4 2 2 1 208 444 180 195
1970 4 2 2 1 1486 1490 1465 1563
1971 4 2 2 1 616 73 49 772
1972 4 2 2 1 1472 1481 1552 1558
1973 4 2 2 1 42 70 603 686
1974 4 2 2 1 1500 1509 1466 1561
1975 4 2 2 1 346 347 787 1528
1976 4 2 2 1 611 693 82 1481
1977 4 2 2 1 97 67 83 1552
1978 4 2 2 1 1471 1540 1510 1541
1979 4 2 2 1 74 86 1487 1554
1980 4 2 2 1 739 82 693 1552
1981 4 2 2 1 261 1486 226 1563
1982 4 2 2 1 978 312 354 311
1983 4 2 2 1 12 738 749 1513
1984 4 2 2 1 1466 1509 1500 1522
1985 4 2 2 1 66 34 611 691
1986 4 2 2 1 1497 1513 738 1517
1987 4 2 2 1 263 1485 226 1572
1988 4 2 2 1 229 215 246 187
1989 4 2 2 1 97 95 82 1481
1990 4 2 2 1 316 836 315 1489
1991 4 2 2 1 320 356 357 1500
1992 4 2 2 1 30 1519 29 1568
1993 4 2 2 1 913 254 278 912
1994 4 2 2 1 1473 1486 1537 1539
1995 4 2 2 1 1485 1562 1553 1572
1996 4 2 2 1 1470 1543 1501 1565
1997 4 2 2 1 60 687 22 758
1998 4 2 2 1 1467 1519 1546 1568
1999 4 2 2 1 226 1465 1485 1486
2000 4 2 2 1 30 721 1519 1568
2001 4 2 2 1 1480 1546 1481 1558
2002 4 2 2 1 1470 1501 1476 1565
2003 4 2 2 1 613 58 20 19
2004 4 2 2 1 319 778 318 356
2005 4 2 2 1 31 721 605 1519
2006 4 2 2 1 346 909 787 347
2007 4 2 2 1 60 23 1543 1565
2008 4 2 2 1 1473 1490 1486 1539
2009 4 2 2 1 1004 831 328 1534
2010 4 2 2 1 287 346 347 1043
2011 4 2 2 1 1467 1519 1481 1546
2012 4 2 2 1 63 672 29 1568
2013 4 2 2 1 358 357 1498 1500
2014 4 2 2 1 778 1016 318 356
2015 4 2 2 1 687 60 22 59
2016 4 2 2 1 785 348 291 982
2017 4 2 2 1 163 150 176 1551
2018 4 2 2 1 339 1471 1510 1541
2019 4 2 2 1 67 604 37 1552
2020 4 2 2 1 1493 1542 1503 1549
2021 4 2 2 1 82 67 97 1552
2022 4 2 2 1 610 14 12 749
2023 4 2 2 1 603 70 69 1548
2024 4 2 2 1 41 70 69 603
2025 4 2 2 1 66 82 95 1481
2026 4 2 2 1 337 1033 884 1029
2027 4 2 2 1 286 285 346 787
2028 4 2 2 1 913 254 912 1549
2029 4 2 2 1 69 1512 83 1548
2030 4 2 2 1 82 1481 693 1552
2031 4 2 2 1 44 619 45 1495
2032 4 2 2 1 854 304 353 303
2033 4 2 2 1 12 13 14 610
2034 4 2 2 1 611 82 66 1481
2035 4 2 2 1 1007 329 788 1572
2036 4 2 2 1 687 758 90 1565
2037 4 2 2 1 86 10 56 1487
2038 4 2 2 1 10 56 1487 1517
2039 4 2 2 1 1043 346 347 909
2040 4 2 2 1 12 749 617 1513
2041 4 2 2 1 1486 1539 1490 1563
2042 4 2 2 1 788 329 311 1572
2043 4 2 2 1 226 1486 1485 1563
2044 4 2 2 1 307 244 966 916
2045 4 2 2 1 758 608 60 1565
2046 4 2 2 1 617 16 57 682
2047 4 2 2 1 12 738 1513 1517
2048 4 2 2 1 337 1029 884 1549
2049 4 2 2 1 613 58 19 711
2050 4 2 2 1 609 47 72 764
2051 4 2 2 1 311 329 354 1572
2052 4 2 2 1 745 604 67 1552
2053 4 2 2 1 780 974 305 343
2054 4 2 2 1 15 12 14 749
2055 4 2 2 1 35 36 67 739
2056 4 2 2 1 59 687 20 21
2057 4 2 2 1 913 1493 254 1549
2058 4 2 2 1 337 254 1493 1549
2059 4 2 2 1 36 67 739 745
2060 4 2 2 1 36 67 745 604
2061 4 2 2 1 140 127 162 151
2062 4 2 2 1 67 36 37 604
2063 4 2 2 1 30 721 31 1519
2064 4 2 2 1 31 605 65 1519
2065 4 2 2 1 1033 337 884 1549
2066 4 2 2 1 47 72 46 609
2067 4 2 2 1 337 1033 1029 282
2068 4 2 2 1 65 32 33 759
2069 4 2 2 1 258 223 224 1499
2070 4 2 2 1 57 617 682 1513
2071 4 2 2 1 60 22 608 758
2072 4 2 2 1 292 291 348 982
2073 4 2 2 1 65 32 759 605
2074 4 2 2 1 281 912 254 1549
2075 4 2 2 1 27 28 63 672
2076 4 2 2 1 831 326 360 1534
2077 4 2 2 1 317 318 1016 356
2078 4 2 2 1 157 134 158 429
2079 4 2 2 1 290 348 291 785
2080 4 2 2 1 65 31 32 605
2081 4 2 2 1 328 831 360 1534
2082 4 2 2 1 60 90 758 1565
2083 4 2 2 1 48 72 47 764
2084 4 2 2 1 788 310 329 1007
2085 4 2 2 1 90 687 60 758
2086 4 2 2 1 18 19 58 711
2087 4 2 2 1 309 329 310 1007
2088 4 2 2 1 337 281 254 1549
2089 4 2 2 1 60 22 23 608
2090 4 2 2 1 305 306 780 343
2091 4 2 2 1 16 17 57 682
2092 4 2 2 1 54 75 53 606
2093 4 2 2 1 311 788 310 329
2094 4 2 2 1 55 11 10 773
2095 4 2 2 1 43 44 70 614
2096 4 2 2 1 686 43 70 614
2097 4 2 2 1 70 42 43 686
2098 4 2 2 1 9 10 11 773
2099 4 2 2 1 244 308 307 966
2100 4 2 2 1 262 308 244 966
2101 4 2 2 1 63 28 29 672
2102 4 2 2 1 327 360 328 831
2103 4 2 2 1 360 327 326 831
2104 4 2 2 1 281 280 254 912
2105 4 2 2 1 278 254 280 912
2106 4 2 2 1 439 180 165 194
2107 4 2 2 1 90 687 58 60
2108 4 2 2 1 67 96 82 97
2109 4 2 2 1 97 122 96 98
2110 4 2 2 1 167 128 153 152
2111 4 2 2 1 152 167 141 153
2112 4 2 2 1 160 201 173 171
2113 4 2 2 1 154 181 440 196
2114 4 2 2 1 144 158 157 134
2115 4 2 2 1 439 167 166 194
2116 4 2 2 1 88 117 103 104
2117 4 2 2 1 141 116 128 140
2118 4 2 2 1 687 60 59 58
2119 4 2 2 1 112 136 122 113
2120 4 2 2 1 425 82 97 95
2121 4 2 2 1 433 151 437 436
2122 4 2 2 1 166 180 439 194
2123 4 2 2 1 167 208 194 195
2124 4 2 2 1 154 196 440 183
2125 4 2 2 1 197 168 156 154
2126 4 2 2 1 184 156 157 197
2127 4 2 2 1 197 168 182 156
2128 4 2 2 1 430 145 431 432
2129 4 2 2 1 121 158 144 134
2130 4 2 2 1 160 201 171 172
2131 4 2 2 1 426 102 115 139
2132 4 2 2 1 170 187 145 189
2133 4 2 2 1 435 158 431 185
2134 4 2 2 1 145 428 430 431
2135 4 2 2 1 159 170 432 442
2136 4 2 2 1 178 433 179 444
2137 4 2 2 1 171 188 159 445
2138 4 2 2 1 181 167 440 194
2139 4 2 2 1 188 216 189 200
2140 4 2 2 1 230 251 247 217
2141 4 2 2 1 445 200 188 230
2142 4 2 2 1 164 433 179 178
2143 4 2 2 1 334 453 247 251
2144 4 2 2 1 269 453 247 334
2145 4 2 2 1 443 178 164 206
2146 4 2 2 1 151 433 437 434
2147 4 2 2 1 205 178 443 206
2148 4 2 2 1 255 339 272 365
2149 4 2 2 1 268 248 335 249
2150 4 2 2 1 205 204 251 252
2151 4 2 2 1 179 192 164 193
2152 4 2 2 1 208 180 194 195
2153 4 2 2 1 435 169 441 145
2154 4 2 2 1 180 207 193 208
2155 4 2 2 1 189 187 145 215
2156 4 2 2 1 260 243 225 276
2157 4 2 2 1 352 300 351 341
2158 4 2 2 1 174 147 160 173
2159 4 2 2 1 134 121 427 144
2160 4 2 2 1 70 84 69 71
2161 4 2 2 1 111 425 109 95
2162 4 2 2 1 194 195 181 167
2163 4 2 2 1 56 86 76 10
2164 4 2 2 1 180 193 444 208
2165 4 2 2 1 434 164 433 179
2166 4 2 2 1 185 158 428 184
2167 4 2 2 1 135 159 146 171
2168 4 2 2 1 140 434 151 437
2169 4 2 2 1 134 428 158 429
2170 4 2 2 1 431 158 428 185
2171 4 2 2 1 230 251 217 250
2172 4 2 2 1 255 349 339 365
2173 4 2 2 1 272 339 364 365
2174 4 2 2 1 128 115 140 116
2175 4 2 2 1 447 200 445 230
2176 4 2 2 1 170 146 159 432
2177 4 2 2 1 145 186 169 187
2178 4 2 2 1 78 423 57 1476
2179 4 2 2 1 71 45 72 1495
2180 4 2 2 1 45 71 44 1495
2181 4 2 2 1 221 193 222 1505
2182 4 2 2 1 332 246 333 1505
2183 4 2 2 1 453 269 249 1505
2184 4 2 2 1 333 268 335 1505
2185 4 2 2 1 245 214 228 1507
2186 4 2 2 1 245 227 214 1507
2187 4 2 2 1 186 214 227 1507
2188 4 2 2 1 449 186 227 1507
2189 4 2 2 1 357 368 361 1511
2190 4 2 2 1 368 330 362 1511
2191 4 2 2 1 369 333 335 1547
2192 4 2 2 1 226 452 213 1547
2193 4 2 2 1 226 1511 452 1547
2194 4 2 2 1 369 370 333 1547
2195 4 2 2 1 226 213 449 1547
2196 4 2 2 1 363 1511 369 1547
2197 4 2 2 1 139 127 150 1551
2198 4 2 2 1 143 155 156 1551
2199 4 2 2 1 116 103 128 1551
2200 4 2 2 1 129 103 117 1551
2201 4 2 2 1 143 156 182 1551
2202 4 2 2 1 128 129 153 1551
2203 4 2 2 1 119 132 106 1559
2204 4 2 2 1 1530 1463 81 109
2205 4 2 2 1 81 1463 95 109
2206 4 2 2 1 81 95 1463 1467
2207 4 2 2 1 606 75 770 54
2208 4 2 2 1 606 770 75 86
2209 4 2 2 1 55 770 75 54
2210 4 2 2 1 1019 351 1494 777
2211 4 2 2 1 1494 351 1019 1538
2212 4 2 2 1 1494 997 1019 777
2213 4 2 2 1 1019 997 1494 1538
2214 4 2 2 1 230 218 450 451
2215 4 2 2 1 230 450 218 447
2216 4 2 2 1 253 1493 1534 359
2217 4 2 2 1 161 137 1559 147
2218 4 2 2 1 161 1559 137 148
2219 4 2 2 1 340 1505 237 275
2220 4 2 2 1 1467 80 1568 62
2221 4 2 2 1 63 1568 80 62
2222 4 2 2 1 128 141 1551 152
2223 4 2 2 1 128 1551 141 140
2224 4 2 2 1 133 121 120 93
2225 4 2 2 1 1559 120 121 93
2226 4 2 2 1 1499 240 189 200
2227 4 2 2 1 1499 189 240 441
2228 4 2 2 1 210 189 240 200
2229 4 2 2 1 81 66 1519 65
2230 4 2 2 1 358 369 1498 357
2231 4 2 2 1 358 1498 369 359
2232 4 2 2 1 1466 1498 369 357
2233 4 2 2 1 1466 369 1498 359
2234 4 2 2 1 1467 64 1568 80
2235 4 2 2 1 1467 1568 64 1519
2236 4 2 2 1 63 1568 64 80
2237 4 2 2 1 1530 111 425 109
2238 4 2 2 1 1530 425 111 424
2239 4 2 2 1 296 988 1494 777
2240 4 2 2 1 296 1494 988 1557
2241 4 2 2 1 239 209 200 1499
2242 4 2 2 1 208 209 200 230
2243 4 2 2 1 208 200 209 1499
2244 4 2 2 1 108 121 1559 111
2245 4 2 2 1 58 20 687 613
2246 4 2 2 1 58 687 20 59
2247 4 2 2 1 254 279 913 278
2248 4 2 2 1 254 913 279 1493
2249 4 2 2 1 1018 779 226 264
2250 4 2 2 1 1018 226 779 1485
2251 4 2 2 1 263 226 779 264
2252 4 2 2 1 263 779 226 1485
2253 4 2 2 1 241 258 1499 275
2254 4 2 2 1 241 1499 258 224
2255 4 2 2 1 201 160 1551 172
2256 4 2 2 1 1519 64 31 30
2257 4 2 2 1 984 1498 775 926
2258 4 2 2 1 775 1498 984 358
2259 4 2 2 1 1498 965 775 926
2260 4 2 2 1 1039 1500 1498 926
2261 4 2 2 1 1498 1500 1039 358
2262 4 2 2 1 984 1039 1498 926
2263 4 2 2 1 1498 1039 984 358
2264 4 2 2 1 433 194 165 180
2265 4 2 2 1 165 194 433 437
2266 4 2 2 1 446 177 218 448
2267 4 2 2 1 1016 827 1522 983
2268 4 2 2 1 1522 919 1016 983
2269 4 2 2 1 1016 919 1522 356
2270 4 2 2 1 65 1519 64 31
2271 4 2 2 1 64 1519 65 81
2272 4 2 2 1 1499 169 198 212
2273 4 2 2 1 177 167 151 439
2274 4 2 2 1 177 151 167 440
2275 4 2 2 1 166 151 167 439
2276 4 2 2 1 245 265 355 330
2277 4 2 2 1 355 1511 245 330
2278 4 2 2 1 1543 744 607 1520
2279 4 2 2 1 1543 607 744 765
2280 4 2 2 1 1559 77 103 88
2281 4 2 2 1 1559 103 77 87
2282 4 2 2 1 1555 816 1482 1514
2283 4 2 2 1 1555 1482 816 799
2284 4 2 2 1 177 162 438 151
2285 4 2 2 1 438 162 177 190
2286 4 2 2 1 1553 882 876 1488
2287 4 2 2 1 1553 876 882 904
2288 4 2 2 1 1534 360 253 359
2289 4 2 2 1 1534 253 360 328
2290 4 2 2 1 115 87 1559 102
2291 4 2 2 1 115 1559 87 116
2292 4 2 2 1 913 1001 1549 1022
2293 4 2 2 1 913 1549 1001 1493
2294 4 2 2 1 894 1549 1001 1022
2295 4 2 2 1 894 1001 1549 1493
2296 4 2 2 1 357 370 1511 361
2297 4 2 2 1 357 1511 370 369
2298 4 2 2 1 1547 1511 370 361
2299 4 2 2 1 1547 370 1511 369
2300 4 2 2 1 1505 340 274 1474
2301 4 2 2 1 1505 221 274 257
2302 4 2 2 1 274 221 1505 1474
2303 4 2 2 1 1532 643 725 709
2304 4 2 2 1 1532 725 643 1508
2305 4 2 2 1 12 610 697 13
2306 4 2 2 1 697 610 12 1517
2307 4 2 2 1 697 9 12 13
2308 4 2 2 1 183 201 450 202
2309 4 2 2 1 64 29 1568 63
2310 4 2 2 1 1568 29 64 1519
2311 4 2 2 1 337 273 1493 254
2312 4 2 2 1 337 1493 273 345
2313 4 2 2 1 202 183 451 450
2314 4 2 2 1 440 183 451 177
2315 4 2 2 1 440 451 183 450
2316 4 2 2 1 691 611 1481 692
2317 4 2 2 1 691 1481 611 66
2318 4 2 2 1 100 126 1530 101
2319 4 2 2 1 156 429 154 201
2320 4 2 2 1 154 429 156 157
2321 4 2 2 1 158 197 154 201
2322 4 2 2 1 154 197 158 157
2323 4 2 2 1 429 158 154 201
2324 4 2 2 1 154 158 429 157
2325 4 2 2 1 447 196 230 445
2326 4 2 2 1 230 196 447 218
2327 4 2 2 1 118 88 1559 104
2328 4 2 2 1 1559 102 1530 138
2329 4 2 2 1 1559 1530 102 87
2330 4 2 2 1 126 1530 102 138
2331 4 2 2 1 135 171 134 172
2332 4 2 2 1 201 171 134 429
2333 4 2 2 1 201 134 171 172
2334 4 2 2 1 99 71 1468 84
2335 4 2 2 1 99 1468 71 85
2336 4 2 2 1 315 1489 355 316
2337 4 2 2 1 355 1489 315 265
2338 4 2 2 1 270 1547 1511 363
2339 4 2 2 1 431 432 185 430
2340 4 2 2 1 131 1559 143 118
2341 4 2 2 1 143 1559 131 132
2342 4 2 2 1 208 195 178 444
2343 4 2 2 1 208 178 195 230
2344 4 2 2 1 250 178 195 444
2345 4 2 2 1 250 195 178 230
2346 4 2 2 1 164 192 1505 193
2347 4 2 2 1 1570 810 922 817
2348 4 2 2 1 1570 922 810 1566
2349 4 2 2 1 816 1540 933 1026
2350 4 2 2 1 933 1540 816 1514
2351 4 2 2 1 1522 827 1012 983
2352 4 2 2 1 1522 1012 827 1489
2353 4 2 2 1 606 714 75 53
2354 4 2 2 1 421 1469 1530 420
2355 4 2 2 1 1530 1469 421 423
2356 4 2 2 1 1530 77 421 420
2357 4 2 2 1 421 77 1530 423
2358 4 2 2 1 1546 650 652 651
2359 4 2 2 1 1546 652 650 1525
2360 4 2 2 1 131 88 1559 118
2361 4 2 2 1 154 162 177 151
2362 4 2 2 1 1531 1468 1487 1504
2363 4 2 2 1 1531 1487 1468 1484
2364 4 2 2 1 1560 829 1571 828
2365 4 2 2 1 1560 1571 829 1527
2366 4 2 2 1 339 1036 290 289
2367 4 2 2 1 339 290 1036 1541
2368 4 2 2 1 1571 829 841 928
2369 4 2 2 1 1571 841 829 1527
2370 4 2 2 1 1544 665 1545 1533
2371 4 2 2 1 1544 1545 665 627
2372 4 2 2 1 773 10 12 9
2373 4 2 2 1 12 10 773 1517
2374 4 2 2 1 12 697 773 9
2375 4 2 2 1 773 697 12 1517
2376 4 2 2 1 1521 805 934 813
2377 4 2 2 1 1521 934 805 1529
2378 4 2 2 1 153 141 440 167
2379 4 2 2 1 153 440 141 154
2380 4 2 2 1 1499 200 178 208
2381 4 2 2 1 1551 202 140 203
2382 4 2 2 1 1551 140 202 154
2383 4 2 2 1 162 140 202 203
2384 4 2 2 1 162 202 140 154
2385 4 2 2 1 195 218 194 209
2386 4 2 2 1 195 194 218 180
2387 4 2 2 1 1545 690 1495 1533
2388 4 2 2 1 1545 1495 690 730
2389 4 2 2 1 609 1495 690 1533
2390 4 2 2 1 609 690 1495 730
2391 4 2 2 1 850 1528 969 1017
2392 4 2 2 1 969 1528 850 1503
2393 4 2 2 1 178 433 438 436
2394 4 2 2 1 1497 684 1501 685
2395 4 2 2 1 1497 1501 684 1476
2396 4 2 2 1 1569 840 829 839
2397 4 2 2 1 1569 829 840 1527
2398 4 2 2 1 1559 138 115 102
2399 4 2 2 1 1559 115 138 149
2400 4 2 2 1 139 115 138 102
2401 4 2 2 1 139 138 115 149
2402 4 2 2 1 1467 1470 92 62
2403 4 2 2 1 92 1470 1467 1463
2404 4 2 2 1 1551 160 427 144
2405 4 2 2 1 135 160 427 110
2406 4 2 2 1 135 427 160 144
2407 4 2 2 1 365 1494 351 350
2408 4 2 2 1 351 367 365 350
2409 4 2 2 1 433 444 218 180
2410 4 2 2 1 433 218 444 446
2411 4 2 2 1 165 444 433 180
2412 4 2 2 1 1541 982 348 785
2413 4 2 2 1 1541 348 982 1510
2414 4 2 2 1 1530 114 126 100
2415 4 2 2 1 420 12 1517 422
2416 4 2 2 1 1517 1469 420 422
2417 4 2 2 1 195 230 218 209
2418 4 2 2 1 195 218 230 250
2419 4 2 2 1 265 354 1042 313
2420 4 2 2 1 1042 354 265 1489
2421 4 2 2 1 1042 314 265 313
2422 4 2 2 1 103 143 104 117
2423 4 2 2 1 143 104 142 118
2424 4 2 2 1 143 142 104 117
2425 4 2 2 1 142 104 130 118
2426 4 2 2 1 142 130 104 117
2427 4 2 2 1 917 1539 1486 967
2428 4 2 2 1 1486 1539 917 1537
2429 4 2 2 1 1486 966 917 967
2430 4 2 2 1 917 966 1486 1537
2431 4 2 2 1 1469 100 1530 101
2432 4 2 2 1 1469 1530 100 1468
2433 4 2 2 1 171 429 159 146
2434 4 2 2 1 171 159 429 158
2435 4 2 2 1 428 429 159 158
2436 4 2 2 1 1541 972 1540 1510
2437 4 2 2 1 1541 1540 972 901
2438 4 2 2 1 315 265 836 314
2439 4 2 2 1 315 836 265 1489
2440 4 2 2 1 1042 836 265 314
2441 4 2 2 1 1042 265 836 1489
2442 4 2 2 1 1501 684 736 708
2443 4 2 2 1 1501 736 684 1476
2444 4 2 2 1 1556 832 972 797
2445 4 2 2 1 1556 972 832 1510
2446 4 2 2 1 230 247 178 217
2447 4 2 2 1 230 178 247 200
2448 4 2 2 1 1499 178 247 217
2449 4 2 2 1 1499 247 178 200
2450 4 2 2 1 1530 92 1470 91
2451 4 2 2 1 1530 1470 92 1463
2452 4 2 2 1 206 443 453 164
2453 4 2 2 1 1505 453 443 164
2454 4 2 2 1 1505 443 453 251
2455 4 2 2 1 1546 1550 1525 649
2456 4 2 2 1 1525 1550 1546 1480
2457 4 2 2 1 1561 834 835 826
2458 4 2 2 1 1561 835 834 1500
2459 4 2 2 1 1565 701 698 608
2460 4 2 2 1 1565 698 701 1543
2461 4 2 2 1 143 168 1551 182
2462 4 2 2 1 1551 168 143 142
2463 4 2 2 1 123 147 1559 136
2464 4 2 2 1 135 160 123 136
2465 4 2 2 1 135 123 160 110
2466 4 2 2 1 160 147 123 136
2467 4 2 2 1 1476 89 1469 1470
2468 4 2 2 1 1476 1469 89 78
2469 4 2 2 1 1530 1469 89 1470
2470 4 2 2 1 1530 89 1469 78
2471 4 2 2 1 188 189 435 200
2472 4 2 2 1 1536 943 879 958
2473 4 2 2 1 1536 879 943 1535
2474 4 2 2 1 706 73 1533 733
2475 4 2 2 1 706 1533 73 72
2476 4 2 2 1 194 181 218 196
2477 4 2 2 1 218 181 194 209
2478 4 2 2 1 181 230 218 196
2479 4 2 2 1 218 230 181 209
2480 4 2 2 1 181 188 230 196
2481 4 2 2 1 230 188 181 209
2482 4 2 2 1 703 606 1554 86
2483 4 2 2 1 703 1554 606 726
2484 4 2 2 1 714 606 1554 726
2485 4 2 2 1 1511 1547 342 259
2486 4 2 2 1 260 342 1547 259
2487 4 2 2 1 45 72 763 46
2488 4 2 2 1 45 763 72 1495
2489 4 2 2 1 1570 822 821 1561
2490 4 2 2 1 1570 821 822 818
2491 4 2 2 1 997 1494 961 1010
2492 4 2 2 1 961 1494 997 1538
2493 4 2 2 1 52 75 714 53
2494 4 2 2 1 52 714 75 74
2495 4 2 2 1 996 1007 329 309
2496 4 2 2 1 329 1007 996 1572
2497 4 2 2 1 329 263 996 309
2498 4 2 2 1 996 263 329 1572
2499 4 2 2 1 1522 891 919 908
2500 4 2 2 1 1522 919 891 1500
2501 4 2 2 1 110 146 134 135
2502 4 2 2 1 110 134 146 429
2503 4 2 2 1 171 134 146 135
2504 4 2 2 1 171 146 134 429
2505 4 2 2 1 1499 179 164 193
2506 4 2 2 1 112 84 1530 98
2507 4 2 2 1 151 177 437 438
2508 4 2 2 1 293 349 1557 292
2509 4 2 2 1 293 1557 349 350
2510 4 2 2 1 1541 982 938 1510
2511 4 2 2 1 1541 938 982 1027
2512 4 2 2 1 218 217 446 448
2513 4 2 2 1 1559 1551 147 160
2514 4 2 2 1 1559 147 1551 161
2515 4 2 2 1 1513 685 688 683
2516 4 2 2 1 1513 688 685 1497
2517 4 2 2 1 215 1505 246 187
2518 4 2 2 1 1515 1462 1482 1473
2519 4 2 2 1 1515 1482 1462 1475
2520 4 2 2 1 187 1499 145 215
2521 4 2 2 1 145 1499 187 169
2522 4 2 2 1 861 1538 946 959
2523 4 2 2 1 946 1538 861 1536
2524 4 2 2 1 48 73 706 49
2525 4 2 2 1 706 73 48 72
2526 4 2 2 1 449 227 1547 1507
2527 4 2 2 1 245 227 1547 1511
2528 4 2 2 1 245 1547 227 1507
2529 4 2 2 1 1556 961 1538 1494
2530 4 2 2 1 1556 1538 961 999
2531 4 2 2 1 432 159 188 445
2532 4 2 2 1 432 188 159 442
2533 4 2 2 1 1557 796 968 794
2534 4 2 2 1 1557 968 796 1556
2535 4 2 2 1 235 272 1511 255
2536 4 2 2 1 235 1511 272 234
2537 4 2 2 1 89 131 106 105
2538 4 2 2 1 178 433 190 438
2539 4 2 2 1 178 190 433 446
2540 4 2 2 1 764 1533 609 690
2541 4 2 2 1 609 1533 764 72
2542 4 2 2 1 301 1023 351 341
2543 4 2 2 1 351 1023 301 299
2544 4 2 2 1 351 300 301 341
2545 4 2 2 1 301 300 351 299
2546 4 2 2 1 60 61 1543 23
2547 4 2 2 1 60 1543 61 79
2548 4 2 2 1 1548 1478 69 1512
2549 4 2 2 1 71 69 1478 1512
2550 4 2 2 1 201 174 160 173
2551 4 2 2 1 226 227 1485 1465
2552 4 2 2 1 265 227 1485 331
2553 4 2 2 1 265 1485 227 1465
2554 4 2 2 1 786 325 358 324
2555 4 2 2 1 786 358 325 1534
2556 4 2 2 1 661 1565 698 680
2557 4 2 2 1 698 1565 661 1543
2558 4 2 2 1 235 1547 191 220
2559 4 2 2 1 430 159 146 432
2560 4 2 2 1 445 159 430 432
2561 4 2 2 1 445 430 159 428
2562 4 2 2 1 242 225 1547 259
2563 4 2 2 1 242 1547 225 213
2564 4 2 2 1 435 188 185 431
2565 4 2 2 1 56 86 101 76
2566 4 2 2 1 1559 122 137 113
2567 4 2 2 1 1572 1553 265 1489
2568 4 2 2 1 1572 354 265 331
2569 4 2 2 1 265 354 1572 1489
2570 4 2 2 1 1530 1559 91 106
2571 4 2 2 1 675 1552 716 717
2572 4 2 2 1 716 1552 675 1512
2573 4 2 2 1 1499 207 208 193
2574 4 2 2 1 1549 844 939 911
2575 4 2 2 1 1549 939 844 1542
2576 4 2 2 1 1511 336 1466 253
2577 4 2 2 1 1511 1466 336 369
2578 4 2 2 1 359 1466 336 253
2579 4 2 2 1 359 336 1466 369
2580 4 2 2 1 773 705 10 55
2581 4 2 2 1 75 10 770 55
2582 4 2 2 1 75 770 10 86
2583 4 2 2 1 10 705 770 55
2584 4 2 2 1 10 770 705 86
2585 4 2 2 1 424 97 82 96
2586 4 2 2 1 424 82 97 425
2587 4 2 2 1 1530 98 424 96
2588 4 2 2 1 98 97 424 96
2589 4 2 2 1 338 365 1511 367
2590 4 2 2 1 1511 365 338 255
2591 4 2 2 1 267 246 1505 229
2592 4 2 2 1 267 1505 246 332
2593 4 2 2 1 144 121 1551 133
2594 4 2 2 1 1551 121 144 427
2595 4 2 2 1 1540 1482 972 1514
2596 4 2 2 1 1540 972 1482 1510
2597 4 2 2 1 605 759 1519 769
2598 4 2 2 1 605 1519 759 65
2599 4 2 2 1 1539 1515 1473 1490
2600 4 2 2 1 1539 1473 1515 1535
2601 4 2 2 1 260 276 1547 344
2602 4 2 2 1 260 1547 276 225
2603 4 2 2 1 68 1552 67 37
2604 4 2 2 1 67 1552 68 83
2605 4 2 2 1 205 234 219 233
2606 4 2 2 1 205 219 234 191
2607 4 2 2 1 220 192 1474 191
2608 4 2 2 1 220 1474 192 221
2609 4 2 2 1 1505 1474 192 191
2610 4 2 2 1 1505 192 1474 221
2611 4 2 2 1 1559 149 1530 125
2612 4 2 2 1 1559 1530 149 138
2613 4 2 2 1 126 1530 149 125
2614 4 2 2 1 126 149 1530 138
2615 4 2 2 1 1538 298 1019 1009
2616 4 2 2 1 1538 1019 298 351
2617 4 2 2 1 238 275 1499 258
2618 4 2 2 1 238 1499 275 237
2619 4 2 2 1 270 1547 269 271
2620 4 2 2 1 1511 352 259 342
2621 4 2 2 1 283 337 776 282
2622 4 2 2 1 283 776 337 1528
2623 4 2 2 1 1465 1563 1562 1485
2624 4 2 2 1 1562 1563 1465 1490
2625 4 2 2 1 1511 234 1462 272
2626 4 2 2 1 1511 1462 234 219
2627 4 2 2 1 273 1462 234 272
2628 4 2 2 1 687 58 1476 90
2629 4 2 2 1 1476 58 687 613
2630 4 2 2 1 1476 1565 687 90
2631 4 2 2 1 687 1565 1476 613
2632 4 2 2 1 1537 353 790 854
2633 4 2 2 1 1537 790 353 341
2634 4 2 2 1 1557 349 1494 1510
2635 4 2 2 1 1557 1494 349 350
2636 4 2 2 1 614 44 1495 619
2637 4 2 2 1 346 284 915 285
2638 4 2 2 1 346 915 284 1528
2639 4 2 2 1 226 244 966 262
2640 4 2 2 1 966 244 226 1486
2641 4 2 2 1 966 1025 226 262
2642 4 2 2 1 226 1025 966 1486
2643 4 2 2 1 281 1033 1549 337
2644 4 2 2 1 1549 1033 281 912
2645 4 2 2 1 1552 739 67 745
2646 4 2 2 1 1552 67 739 82
2647 4 2 2 1 98 122 1530 112
2648 4 2 2 1 1530 122 98 96
2649 4 2 2 1 15 57 617 16
2650 4 2 2 1 12 57 617 15
2651 4 2 2 1 12 617 57 1513
2652 4 2 2 1 110 123 424 96
2653 4 2 2 1 110 424 123 111
2654 4 2 2 1 123 122 424 96
2655 4 2 2 1 169 186 1505 187
2656 4 2 2 1 1505 186 169 199
2657 4 2 2 1 686 614 1548 767
2658 4 2 2 1 1548 614 686 70
2659 4 2 2 1 1505 214 187 186
2660 4 2 2 1 164 178 1499 206
2661 4 2 2 1 164 1499 178 179
2662 4 2 2 1 119 91 1559 106
2663 4 2 2 1 119 1559 91 120
2664 4 2 2 1 84 113 1530 99
2665 4 2 2 1 84 1530 113 112
2666 4 2 2 1 1530 101 87 76
2667 4 2 2 1 102 87 101 76
2668 4 2 2 1 105 90 1470 89
2669 4 2 2 1 105 1470 90 60
2670 4 2 2 1 121 94 1559 93
2671 4 2 2 1 121 1559 94 108
2672 4 2 2 1 125 114 1530 99
2673 4 2 2 1 125 1530 114 126
2674 4 2 2 1 1551 133 134 144
2675 4 2 2 1 1551 134 133 156
2676 4 2 2 1 157 134 133 144
2677 4 2 2 1 157 133 134 156
2678 4 2 2 1 236 1505 274 257
2679 4 2 2 1 162 202 177 203
2680 4 2 2 1 218 177 202 203
2681 4 2 2 1 218 202 177 451
2682 4 2 2 1 176 177 150 163
2683 4 2 2 1 88 423 1530 77
2684 4 2 2 1 88 1530 423 78
2685 4 2 2 1 68 771 69 83
2686 4 2 2 1 771 69 762 615
2687 4 2 2 1 771 762 69 83
2688 4 2 2 1 762 1548 69 83
2689 4 2 2 1 92 107 1530 80
2690 4 2 2 1 156 119 1551 155
2691 4 2 2 1 1551 119 156 133
2692 4 2 2 1 175 203 1551 176
2693 4 2 2 1 162 176 177 150
2694 4 2 2 1 177 176 162 203
2695 4 2 2 1 127 1551 176 150
2696 4 2 2 1 176 1551 127 203
2697 4 2 2 1 162 127 176 150
2698 4 2 2 1 176 127 162 203
2699 4 2 2 1 189 442 435 170
2700 4 2 2 1 189 435 442 188
2701 4 2 2 1 145 170 431 432
2702 4 2 2 1 431 170 145 435
2703 4 2 2 1 442 188 431 432
2704 4 2 2 1 431 188 442 435
2705 4 2 2 1 170 442 431 432
2706 4 2 2 1 431 442 170 435
2707 4 2 2 1 445 447 159 171
2708 4 2 2 1 447 201 159 171
2709 4 2 2 1 228 187 1505 214
2710 4 2 2 1 228 1505 187 229
2711 4 2 2 1 200 453 1499 247
2712 4 2 2 1 251 1505 271 334
2713 4 2 2 1 1471 364 1528 339
2714 4 2 2 1 1471 1528 364 345
2715 4 2 2 1 347 1528 364 339
2716 4 2 2 1 347 364 1528 345
2717 4 2 2 1 219 1493 254 253
2718 4 2 2 1 1464 1493 219 253
2719 4 2 2 1 1462 1464 219 253
2720 4 2 2 1 339 365 1471 364
2721 4 2 2 1 339 1471 365 349
2722 4 2 2 1 1462 1471 365 364
2723 4 2 2 1 1462 365 1471 349
2724 4 2 2 1 355 317 1489 356
2725 4 2 2 1 355 1489 317 316
2726 4 2 2 1 827 317 1489 316
2727 4 2 2 1 255 220 1506 235
2728 4 2 2 1 255 1506 220 256
2729 4 2 2 1 1547 1506 220 235
2730 4 2 2 1 274 338 1474 344
2731 4 2 2 1 274 1474 338 256
2732 4 2 2 1 1547 1474 1506 344
2733 4 2 2 1 1474 338 1506 344
2734 4 2 2 1 1474 1506 338 256
2735 4 2 2 1 252 233 251 205
2736 4 2 2 1 252 251 233 271
2737 4 2 2 1 251 233 1505 205
2738 4 2 2 1 251 1505 233 271
2739 4 2 2 1 1505 233 1547 205
2740 4 2 2 1 1505 1547 233 271
2741 4 2 2 1 443 1505 191 205
2742 4 2 2 1 179 437 433 434
2743 4 2 2 1 200 188 210 435
2744 4 2 2 1 237 208 1499 207
2745 4 2 2 1 237 1499 208 238
2746 4 2 2 1 169 441 1499 198
2747 4 2 2 1 169 1499 441 145
2748 4 2 2 1 1511 362 1547 330
2749 4 2 2 1 1511 1547 362 361
2750 4 2 2 1 266 1547 362 330
2751 4 2 2 1 266 362 1547 361
2752 4 2 2 1 370 1547 332 333
2753 4 2 2 1 1505 1547 332 267
2754 4 2 2 1 1505 332 1547 333
2755 4 2 2 1 1572 331 263 329
2756 4 2 2 1 227 263 331 329
2757 4 2 2 1 452 244 1486 226
2758 4 2 2 1 1473 1486 242 277
2759 4 2 2 1 244 1486 242 452
2760 4 2 2 1 244 242 1486 277
2761 4 2 2 1 259 277 1473 242
2762 4 2 2 1 1473 1511 259 242
2763 4 2 2 1 259 1511 1473 352
2764 4 2 2 1 124 149 1559 125
2765 4 2 2 1 60 106 1470 91
2766 4 2 2 1 60 1470 106 105
2767 4 2 2 1 1530 1470 106 91
2768 4 2 2 1 771 39 69 615
2769 4 2 2 1 771 69 39 68
2770 4 2 2 1 210 189 441 240
2771 4 2 2 1 441 189 210 435
2772 4 2 2 1 211 210 441 240
2773 4 2 2 1 441 210 211 435
2774 4 2 2 1 151 165 140 437
2775 4 2 2 1 177 151 165 439
2776 4 2 2 1 177 165 151 437
2777 4 2 2 1 175 202 1551 203
2778 4 2 2 1 1551 202 175 174
2779 4 2 2 1 176 148 1551 175
2780 4 2 2 1 430 429 159 428
2781 4 2 2 1 430 159 429 146
2782 4 2 2 1 190 206 446 178
2783 4 2 2 1 190 446 206 204
2784 4 2 2 1 446 206 217 178
2785 4 2 2 1 446 217 206 204
2786 4 2 2 1 217 206 1499 178
2787 4 2 2 1 104 78 118 88
2788 4 2 2 1 104 118 78 89
2789 4 2 2 1 118 78 131 88
2790 4 2 2 1 118 131 78 89
2791 4 2 2 1 211 441 198 240
2792 4 2 2 1 1530 1559 120 91
2793 4 2 2 1 1530 92 120 107
2794 4 2 2 1 120 92 1530 91
2795 4 2 2 1 367 352 1511 371
2796 4 2 2 1 367 1511 352 1462
2797 4 2 2 1 58 711 602 18
2798 4 2 2 1 602 711 58 1476
2799 4 2 2 1 1478 71 1548 69
2800 4 2 2 1 1478 1548 71 1495
2801 4 2 2 1 70 1548 71 69
2802 4 2 2 1 338 371 1506 366
2803 4 2 2 1 338 1506 371 1511
2804 4 2 2 1 1506 1547 371 1511
2805 4 2 2 1 1547 342 371 1511
2806 4 2 2 1 1547 226 227 449
2807 4 2 2 1 1547 227 226 1511
2808 4 2 2 1 60 1543 1470 1565
2809 4 2 2 1 453 204 443 206
2810 4 2 2 1 453 443 204 251
2811 4 2 2 1 205 443 204 206
2812 4 2 2 1 205 204 443 251
2813 4 2 2 1 1469 421 1517 420
2814 4 2 2 1 1469 1517 421 1513
2815 4 2 2 1 12 1517 421 420
2816 4 2 2 1 12 421 1517 1513
2817 4 2 2 1 148 124 1559 137
2818 4 2 2 1 148 1559 124 149
2819 4 2 2 1 201 159 197 183
2820 4 2 2 1 1530 84 1472 98
2821 4 2 2 1 1530 1472 84 1468
2822 4 2 2 1 1505 246 1499 215
2823 4 2 2 1 216 1499 246 215
2824 4 2 2 1 194 438 433 436
2825 4 2 2 1 167 177 194 439
2826 4 2 2 1 167 194 177 451
2827 4 2 2 1 165 194 177 439
2828 4 2 2 1 196 440 445 447
2829 4 2 2 1 210 181 188 209
2830 4 2 2 1 194 451 433 438
2831 4 2 2 1 194 433 451 218
2832 4 2 2 1 190 433 451 438
2833 4 2 2 1 196 188 210 181
2834 4 2 2 1 210 211 188 196
2835 4 2 2 1 188 211 210 435
2836 4 2 2 1 104 1559 143 103
2837 4 2 2 1 143 1559 104 118
2838 4 2 2 1 201 158 159 171
2839 4 2 2 1 201 159 158 197
2840 4 2 2 1 218 195 444 250
2841 4 2 2 1 444 195 218 180
2842 4 2 2 1 858 1539 977 880
2843 4 2 2 1 858 977 1539 1537
2844 4 2 2 1 917 977 1539 880
2845 4 2 2 1 917 1539 977 1537
2846 4 2 2 1 151 140 154 162
2847 4 2 2 1 1551 141 154 153
2848 4 2 2 1 1551 154 141 140
2849 4 2 2 1 361 332 1547 267
2850 4 2 2 1 1547 332 361 370
2851 4 2 2 1 274 237 1505 236
2852 4 2 2 1 1505 237 274 340
2853 4 2 2 1 1547 245 266 1507
2854 4 2 2 1 1547 266 245 330
2855 4 2 2 1 451 177 446 190
2856 4 2 2 1 446 177 451 218
2857 4 2 2 1 446 433 451 190
2858 4 2 2 1 451 433 446 218
2859 4 2 2 1 269 363 1547 270
2860 4 2 2 1 269 1547 363 335
2861 4 2 2 1 1528 1549 1035 776
2862 4 2 2 1 1035 1549 1528 1503
2863 4 2 2 1 1035 969 1528 776
2864 4 2 2 1 1528 969 1035 1503
2865 4 2 2 1 211 183 440 196
2866 4 2 2 1 440 183 211 184
2867 4 2 2 1 440 445 211 196
2868 4 2 2 1 211 445 440 184
2869 4 2 2 1 179 165 433 437
2870 4 2 2 1 179 433 165 444
2871 4 2 2 1 149 163 148 139
2872 4 2 2 1 149 148 163 176
2873 4 2 2 1 1551 148 163 139
2874 4 2 2 1 1551 163 148 176
2875 4 2 2 1 1499 1505 231 216
2876 4 2 2 1 234 254 1493 273
2877 4 2 2 1 234 1493 254 219
2878 4 2 2 1 1464 234 1493 273
2879 4 2 2 1 1464 1493 234 219
2880 4 2 2 1 1462 234 1464 273
2881 4 2 2 1 1462 1464 234 219
2882 4 2 2 1 259 341 1473 277
2883 4 2 2 1 259 1473 341 352
2884 4 2 2 1 191 164 1505 443
2885 4 2 2 1 191 1505 164 192
2886 4 2 2 1 231 248 1505 249
2887 4 2 2 1 231 1505 248 216
2888 4 2 2 1 268 1505 248 249
2889 4 2 2 1 268 248 1505 216
2890 4 2 2 1 445 184 188 185
2891 4 2 2 1 445 188 184 211
2892 4 2 2 1 184 198 441 185
2893 4 2 2 1 184 441 198 211
2894 4 2 2 1 435 184 441 185
2895 4 2 2 1 435 441 184 211
2896 4 2 2 1 188 184 435 185
2897 4 2 2 1 188 435 184 211
2898 4 2 2 1 200 249 1505 453
2899 4 2 2 1 1505 249 200 231
2900 4 2 2 1 1505 1499 200 453
2901 4 2 2 1 200 1499 1505 231
2902 4 2 2 1 60 91 1543 79
2903 4 2 2 1 1543 91 60 1470
2904 4 2 2 1 92 62 1543 79
2905 4 2 2 1 1543 62 92 1470
2906 4 2 2 1 91 92 1543 79
2907 4 2 2 1 1543 92 91 1470
2908 4 2 2 1 71 44 1548 70
2909 4 2 2 1 71 1548 44 1495
2910 4 2 2 1 614 1548 44 70
2911 4 2 2 1 614 44 1548 1495
2912 4 2 2 1 80 1463 64 1530
2913 4 2 2 1 80 64 1463 1467
2914 4 2 2 1 81 64 1463 1530
2915 4 2 2 1 81 1463 64 1467
2916 4 2 2 1 1463 95 425 1472
2917 4 2 2 1 425 95 1463 109
2918 4 2 2 1 1463 1480 1481 1472
2919 4 2 2 1 1481 1480 1463 1467
2920 4 2 2 1 1481 95 1463 1472
2921 4 2 2 1 1463 95 1481 1467
2922 4 2 2 1 451 450 194 218
2923 4 2 2 1 451 194 450 440
2924 4 2 2 1 447 194 450 218
2925 4 2 2 1 447 450 194 440
2926 4 2 2 1 253 1493 328 1534
2927 4 2 2 1 253 328 1493 279
2928 4 2 2 1 328 1493 782 1534
2929 4 2 2 1 328 782 1493 279
2930 4 2 2 1 782 1493 1571 1534
2931 4 2 2 1 782 1571 1493 279
2932 4 2 2 1 1559 111 110 123
2933 4 2 2 1 427 111 1559 121
2934 4 2 2 1 427 1559 111 110
2935 4 2 2 1 133 1551 1559 121
2936 4 2 2 1 1559 1551 133 119
2937 4 2 2 1 1559 120 133 121
2938 4 2 2 1 133 120 1559 119
2939 4 2 2 1 81 66 1481 1519
2940 4 2 2 1 1481 66 81 95
2941 4 2 2 1 1481 1467 81 1519
2942 4 2 2 1 81 1467 1481 95
2943 4 2 2 1 209 188 200 230
2944 4 2 2 1 1498 973 890 965
2945 4 2 2 1 890 973 1498 358
2946 4 2 2 1 890 775 1498 965
2947 4 2 2 1 1498 775 890 358
2948 4 2 2 1 236 207 1505 222
2949 4 2 2 1 207 237 1505 1499
2950 4 2 2 1 1505 237 207 236
2951 4 2 2 1 245 265 1511 355
2952 4 2 2 1 245 1511 265 227
2953 4 2 2 1 1465 1511 265 355
2954 4 2 2 1 1465 265 1511 227
2955 4 2 2 1 98 1472 1512 84
2956 4 2 2 1 1512 1472 98 97
2957 4 2 2 1 98 83 1512 97
2958 4 2 2 1 69 98 1512 84
2959 4 2 2 1 69 1512 98 83
2960 4 2 2 1 194 177 437 165
2961 4 2 2 1 194 438 177 451
2962 4 2 2 1 177 438 194 437
2963 4 2 2 1 432 188 185 445
2964 4 2 2 1 432 185 188 431
2965 4 2 2 1 234 270 1547 1511
2966 4 2 2 1 234 1547 270 233
2967 4 2 2 1 185 445 430 432
2968 4 2 2 1 184 447 440 450
2969 4 2 2 1 440 447 184 445
2970 4 2 2 1 447 159 428 445
2971 4 2 2 1 184 428 447 450
2972 4 2 2 1 447 428 184 445
2973 4 2 2 1 75 606 1554 714
2974 4 2 2 1 1554 606 75 86
2975 4 2 2 1 1554 74 75 714
2976 4 2 2 1 75 74 1554 86
2977 4 2 2 1 1511 270 219 234
2978 4 2 2 1 1036 289 1541 783
2979 4 2 2 1 1036 1541 289 339
2980 4 2 2 1 347 1541 289 783
2981 4 2 2 1 347 289 1541 339
2982 4 2 2 1 160 427 1559 1551
2983 4 2 2 1 160 1559 427 110
2984 4 2 2 1 351 367 1494 365
2985 4 2 2 1 351 1494 367 352
2986 4 2 2 1 1494 367 1473 365
2987 4 2 2 1 1494 1473 367 352
2988 4 2 2 1 1473 367 1462 365
2989 4 2 2 1 1473 1462 367 352
2990 4 2 2 1 217 218 178 250
2991 4 2 2 1 217 178 218 446
2992 4 2 2 1 444 178 218 250
2993 4 2 2 1 444 218 178 446
2994 4 2 2 1 177 202 183 451
2995 4 2 2 1 177 154 202 162
2996 4 2 2 1 177 202 154 183
2997 4 2 2 1 1499 200 216 231
2998 4 2 2 1 189 1499 216 145
2999 4 2 2 1 189 216 1499 200
3000 4 2 2 1 123 160 1559 147
3001 4 2 2 1 1559 160 123 110
3002 4 2 2 1 206 453 217 1499
3003 4 2 2 1 206 217 453 204
3004 4 2 2 1 147 1551 174 160
3005 4 2 2 1 174 161 1551 147
3006 4 2 2 1 1551 161 174 175
3007 4 2 2 1 106 89 1470 1530
3008 4 2 2 1 1470 89 106 105
3009 4 2 2 1 201 174 1551 160
3010 4 2 2 1 1551 174 201 202
3011 4 2 2 1 445 428 185 430
3012 4 2 2 1 185 428 445 184
3013 4 2 2 1 101 56 1517 1487
3014 4 2 2 1 1517 56 101 76
3015 4 2 2 1 1517 1469 101 1487
3016 4 2 2 1 101 1469 1517 76
3017 4 2 2 1 86 101 1487 56
3018 4 2 2 1 86 1487 101 74
3019 4 2 2 1 1559 136 122 123
3020 4 2 2 1 122 113 147 137
3021 4 2 2 1 147 113 122 136
3022 4 2 2 1 147 1559 122 137
3023 4 2 2 1 122 1559 147 136
3024 4 2 2 1 265 1572 1485 1553
3025 4 2 2 1 1485 1572 265 331
3026 4 2 2 1 705 10 1487 773
3027 4 2 2 1 705 1487 10 86
3028 4 2 2 1 1472 97 1530 98
3029 4 2 2 1 1472 1530 97 425
3030 4 2 2 1 424 1530 97 98
3031 4 2 2 1 424 97 1530 425
3032 4 2 2 1 243 1505 1547 276
3033 4 2 2 1 225 243 1547 276
3034 4 2 2 1 213 1547 199 186
3035 4 2 2 1 1505 1547 199 243
3036 4 2 2 1 1505 199 1547 186
3037 4 2 2 1 199 225 1547 213
3038 4 2 2 1 1547 225 199 243
3039 4 2 2 1 205 1547 234 233
3040 4 2 2 1 234 191 1547 205
3041 4 2 2 1 1547 191 234 235
3042 4 2 2 1 122 424 1530 1559
3043 4 2 2 1 1530 424 122 96
3044 4 2 2 1 424 123 1559 122
3045 4 2 2 1 1559 123 424 111
3046 4 2 2 1 101 102 1530 87
3047 4 2 2 1 1530 102 101 126
3048 4 2 2 1 167 140 166 141
3049 4 2 2 1 166 140 167 151
3050 4 2 2 1 140 439 166 141
3051 4 2 2 1 166 439 140 151
3052 4 2 2 1 140 165 439 141
3053 4 2 2 1 439 165 140 151
3054 4 2 2 1 167 440 140 141
3055 4 2 2 1 140 440 167 151
3056 4 2 2 1 440 154 140 141
3057 4 2 2 1 140 154 440 151
3058 4 2 2 1 1551 127 115 426
3059 4 2 2 1 140 115 1551 127
3060 4 2 2 1 140 1551 115 128
3061 4 2 2 1 69 762 707 1548
3062 4 2 2 1 707 762 69 615
3063 4 2 2 1 707 740 69 1548
3064 4 2 2 1 69 740 707 615
3065 4 2 2 1 93 1559 1530 94
3066 4 2 2 1 93 80 1530 107
3067 4 2 2 1 64 93 1530 94
3068 4 2 2 1 64 1530 93 80
3069 4 2 2 1 447 201 428 159
3070 4 2 2 1 428 201 447 450
3071 4 2 2 1 201 184 428 159
3072 4 2 2 1 428 184 201 450
3073 4 2 2 1 201 183 184 159
3074 4 2 2 1 184 183 201 450
3075 4 2 2 1 317 1489 1016 827
3076 4 2 2 1 317 1016 1489 356
3077 4 2 2 1 1522 1016 1489 827
3078 4 2 2 1 1522 1489 1016 356
3079 4 2 2 1 1511 270 253 219
3080 4 2 2 1 336 270 1511 363
3081 4 2 2 1 336 1511 270 253
3082 4 2 2 1 216 1505 246 1499
3083 4 2 2 1 216 246 1505 268
3084 4 2 2 1 1474 1506 220 1547
3085 4 2 2 1 1474 220 1506 256
3086 4 2 2 1 209 210 200 188
3087 4 2 2 1 200 210 209 239
3088 4 2 2 1 227 263 1572 331
3089 4 2 2 1 1572 263 227 226
3090 4 2 2 1 1572 1485 227 331
3091 4 2 2 1 227 1485 1572 226
3092 4 2 2 1 1486 242 1511 1473
3093 4 2 2 1 1486 1511 242 452
3094 4 2 2 1 131 1559 1530 106
3095 4 2 2 1 1530 1559 131 88
3096 4 2 2 1 131 78 1530 88
3097 4 2 2 1 89 131 1530 106
3098 4 2 2 1 89 1530 131 78
3099 4 2 2 1 120 1530 93 1559
3100 4 2 2 1 93 1530 120 107
3101 4 2 2 1 58 602 17 18
3102 4 2 2 1 57 682 602 1513
3103 4 2 2 1 602 682 57 17
3104 4 2 2 1 57 58 602 17
3105 4 2 2 1 1476 57 602 1513
3106 4 2 2 1 1476 602 57 58
3107 4 2 2 1 1506 260 342 1547
3108 4 2 2 1 342 260 1506 366
3109 4 2 2 1 342 371 1506 1547
3110 4 2 2 1 1506 371 342 366
3111 4 2 1 10 1337 1336 1338 1676
3112 4 2 1 10 171 188 445 1695
3113 4 2 1 10 177 176 203 1624
3114 4 2 1 10 358 1338 1361 1336
3115 4 2 1 10 218 177 203 1624
3116 4 2 1 10 1625 1664 1578 1679
3117 4 2 1 10 1578 1664 1625 1688
3118 4 2 1 10 1112 1111 1096 1609
3119 4 2 1 10 233 205 252 1611
3120 4 2 1 10 179 164 192 1704
3121 4 2 1 10 145 186 1177 169
3122 4 2 1 10 1611 1640 1583 1704
3123 4 2 1 10 1121 1598 1597 1642
3124 4 2 1 10 177 150 163 1624
3125 4 2 1 10 1578 1617 1625 1679
3126 4 2 1 10 1599 1610 1594 1682
3127 4 2 1 10 1601 1675 1580 1711
3128 4 2 1 10 1326 1323 1324 1671
3129 4 2 1 10 1154 1153 1056 1609
3130 4 2 1 10 1586 1592 1575 1665
3131 4 2 1 10 1586 1640 1592 1665
3132 4 2 1 10 184 156 197 1662
3133 4 2 1 10 1589 1592 1236 1631
3134 4 2 1 10 46 72 47 458
3135 4 2 1 10 135 1211 136 123
3136 4 2 1 10 1220 1629 1586 1630
3137 4 2 1 10 1592 1640 1574 1665
3138 4 2 1 10 1183 1680 1596 1683
3139 4 2 1 10 1580 1675 1632 1711
3140 4 2 1 10 187 228 229 1641
3141 4 2 1 10 1585 1625 1617 1679
3142 4 2 1 10 167 152 166 1672
3143 4 2 1 10 1594 1610 1599 1704
3144 4 2 1 10 220 1599 235 1610
3145 4 2 1 10 145 186 187 1177
3146 4 2 1 10 1089 1597 1121 1713
3147 4 2 1 10 1632 1659 1580 1711
3148 4 2 1 10 1396 1605 1357 1606
3149 4 2 1 10 433 434 151 1673
3150 4 2 1 10 157 144 133 1662
3151 4 2 1 10 134 1184 429 1166
3152 4 2 1 10 272 364 339 1645
3153 4 2 1 10 1597 1089 1625 1713
3154 4 2 1 10 1274 1125 1613 1659
3155 4 2 1 10 121 1598 144 1603
3156 4 2 1 10 1242 1627 1574 1701
3157 4 2 1 10 331 1393 1378 1424
3158 4 2 1 10 1220 1630 1586 1632
3159 4 2 1 10 1574 1640 1592 1701
3160 4 2 1 10 1613 1621 1602 1655
3161 4 2 1 10 1357 1605 1590 1606
3162 4 2 1 10 1183 1646 1596 1680
3163 4 2 1 10 1124 62 1122 1094
3164 4 2 1 10 132 131 1587 1636
3165 4 2 1 10 1205 1586 1220 1629
3166 4 2 1 10 1575 1592 1586 1608
3167 4 2 1 10 1586 1607 1574 1629
3168 4 2 1 10 1586 1574 1607 1640
3169 4 2 1 10 1236 1631 1592 1639
3170 4 2 1 10 1382 1606 1590 1614
3171 4 2 1 10 1111 1096 1609 1647
3172 4 2 1 10 1182 215 189 1614
3173 4 2 1 10 1597 1598 1121 1713
3174 4 2 1 10 1602 1655 1621 1712
3175 4 2 1 10 196 183 1617 1693
3176 4 2 1 10 1210 1675 1601 1711
3177 4 2 1 10 1075 1636 1079 1642
3178 4 2 1 10 121 158 134 1603
3179 4 2 1 10 1355 1341 1338 1696
3180 4 2 1 10 1265 1629 1209 1630
3181 4 2 1 10 1602 1613 1575 1621
3182 4 2 1 10 1265 1209 1261 1630
3183 4 2 1 10 1115 1112 1096 1609
3184 4 2 1 10 1586 1574 1640 1665
3185 4 2 1 10 1625 1664 1225 1688
3186 4 2 1 10 1082 1613 1125 1659
3187 4 2 1 10 191 235 220 1599
3188 4 2 1 10 1586 1629 1205 1697
3189 4 2 1 10 1575 1613 1602 1655
3190 4 2 1 10 103 116 128 1675
3191 4 2 1 10 1382 1185 1223 1614
3192 4 2 1 10 1586 1629 1574 1665
3193 4 2 1 10 1588 1622 1253 1623
3194 4 2 1 10 1582 1574 1607 1629
3195 4 2 1 10 1582 1583 1574 1620
3196 4 2 1 10 248 335 249 1684
3197 4 2 1 10 1575 1608 1586 1700
3198 4 2 1 10 431 145 1173 435
3199 4 2 1 10 442 189 188 1614
3200 4 2 1 10 1165 1615 1588 1667
3201 4 2 1 10 1592 1594 1584 1639
3202 4 2 1 10 1260 1613 1048 1621
3203 4 2 1 10 1118 1621 1613 1655
3204 4 2 1 10 1621 1631 1244 1702
3205 4 2 1 10 1225 1664 1625 1679
3206 4 2 1 10 1067 1601 1626 1660
3207 4 2 1 10 1067 1601 1660 1711
3208 4 2 1 10 1067 1626 1601 1674
3209 4 2 1 10 144 1598 133 1662
3210 4 2 1 10 1437 1590 1311 1635
3211 4 2 1 10 1236 1592 1584 1639
3212 4 2 1 10 1585 1617 1577 1679
3213 4 2 1 10 147 173 1194 160
3214 4 2 1 10 1594 1639 1592 1701
3215 4 2 1 10 62 1124 1099 1094
3216 4 2 1 10 1382 1181 1185 1614
3217 4 2 1 10 1108 1130 1146 1644
3218 4 2 1 10 1072 1157 1587 1626
3219 4 2 1 10 1585 1625 1245 1713
3220 4 2 1 10 1620 1670 1319 1678
3221 4 2 1 10 183 1585 197 1661
3222 4 2 1 10 332 246 267 1590
3223 4 2 1 10 1285 1270 1613 1630
3224 4 2 1 10 1209 1629 1220 1630
3225 4 2 1 10 1614 1197 1657 1695
3226 4 2 1 10 1270 1613 1630 1659
3227 4 2 1 10 1574 1639 1592 1665
3228 4 2 1 10 1274 1613 1270 1659
3229 4 2 1 10 1382 1223 1606 1614
3230 4 2 1 10 1575 1613 1655 1700
3231 4 2 1 10 1286 1629 1620 1648
3232 4 2 1 10 1067 1660 1655 1711
3233 4 2 1 10 1582 1620 1574 1629
3234 4 2 1 10 135 1211 123 110
3235 4 2 1 10 1580 1655 1613 1700
3236 4 2 1 10 1073 1072 1157 1587
3237 4 2 1 10 1631 1639 1244 1702
3238 4 2 1 10 1382 1590 1181 1614
3239 4 2 1 10 1430 1351 1326 1604
3240 4 2 1 10 58 60 59 90
3241 4 2 1 10 1267 1630 1613 1665
3242 4 2 1 10 72 85 73 459
3243 4 2 1 10 197 1585 183 1693
3244 4 2 1 10 1118 1077 1162 1655
3245 4 2 1 10 1273 1574 1620 1629
3246 4 2 1 10 1123 1274 1283 1659
3247 4 2 1 10 183 1617 1585 1661
3248 4 2 1 10 1242 1574 1639 1701
3249 4 2 1 10 1592 1586 1608 1699
3250 4 2 1 10 1317 1319 1670 1678
3251 4 2 1 10 1265 1266 1629 1630
3252 4 2 1 10 1575 1630 1613 1700
3253 4 2 1 10 1118 1621 1655 1712
3254 4 2 1 10 1585 1617 183 1693
3255 4 2 1 10 1585 1577 1625 1679
3256 4 2 1 10 1271 1574 1242 1627
3257 4 2 1 10 1274 1123 1125 1659
3258 4 2 1 10 1185 1168 1223 1614
3259 4 2 1 10 1118 1613 1126 1655
3260 4 2 1 10 1267 1665 1613 1702
3261 4 2 1 10 1186 1646 1183 1680
3262 4 2 1 10 1274 1285 1270 1613
3263 4 2 1 10 1315 1680 1183 1683
3264 4 2 1 10 1246 1621 1244 1702
3265 4 2 1 10 1068 1655 1067 1660
3266 4 2 1 10 1230 1631 1621 1712
3267 4 2 1 10 166 180 194 1663
3268 4 2 1 10 1606 1614 1197 1657
3269 4 2 1 10 1275 1620 1412 1648
3270 4 2 1 10 1274 1270 1283 1659
3271 4 2 1 10 1592 1639 1575 1665
3272 4 2 1 10 1220 1210 1630 1632
3273 4 2 1 10 1210 1632 1675 1711
3274 4 2 1 10 1238 1623 1622 1628
3275 4 2 1 10 1261 1209 1193 1630
3276 4 2 1 10 1632 1659 1630 1700
3277 4 2 1 10 191 1599 220 1610
3278 4 2 1 10 1317 1318 1319 1678
3279 4 2 1 10 1437 1635 1312 1641
3280 4 2 1 10 206 178 190 1666
3281 4 2 1 10 1286 1273 1620 1629
3282 4 2 1 10 1613 1630 1575 1665
3283 4 2 1 10 1318 1620 1319 1678
3284 4 2 1 10 1229 1627 1242 1701
3285 4 2 1 10 1357 1396 1409 1605
3286 4 2 1 10 1050 1625 1225 1688
3287 4 2 1 10 1574 1592 1639 1701
3288 4 2 1 10 1162 1655 1602 1712
3289 4 2 1 10 157 133 156 1662
3290 4 2 1 10 1122 1051 62 1124
3291 4 2 1 10 1356 1590 1347 1668
3292 4 2 1 10 1577 1234 1585 1625
3293 4 2 1 10 1234 1245 1585 1625
3294 4 2 1 10 1220 1586 1202 1632
3295 4 2 1 10 1580 1616 1602 1700
3296 4 2 1 10 1299 1590 1382 1606
3297 4 2 1 10 1048 1613 1118 1621
3298 4 2 1 10 1229 1271 1242 1627
3299 4 2 1 10 1076 1136 1157 1706
3300 4 2 1 10 1118 1048 1126 1613
3301 4 2 1 10 1578 1617 1650 1661
3302 4 2 1 10 1082 1655 1613 1711
3303 4 2 1 10 1265 1261 1266 1630
3304 4 2 1 10 1598 1661 133 1662
3305 4 2 1 10 1254 1631 1236 1639
3306 4 2 1 10 1066 1067 1068 1655
3307 4 2 1 10 179 434 164 1699
3308 4 2 1 10 184 157 156 1662
3309 4 2 1 10 1620 1627 1364 1709
3310 4 2 1 10 1586 1632 1630 1700
3311 4 2 1 10 132 1587 1597 1636
3312 4 2 1 10 214 449 227 1641
3313 4 2 1 10 1276 1364 1620 1627
3314 4 2 1 10 1396 1581 1409 1605
3315 4 2 1 10 1396 1581 1605 1606
3316 4 2 1 10 1259 1364 1290 1620
3317 4 2 1 10 1050 1225 1664 1688
3318 4 2 1 10 1597 1642 1598 1661
3319 4 2 1 10 442 170 189 1614
3320 4 2 1 10 133 120 119 1642
3321 4 2 1 10 1332 1367 1358 1599
3322 4 2 1 10 1575 1586 1665 1700
3323 4 2 1 10 1210 1659 1632 1711
3324 4 2 1 10 1238 1253 1622 1623
3325 4 2 1 10 1118 1655 1162 1712
3326 4 2 1 10 1210 1630 1632 1659
3327 4 2 1 10 1275 1259 1412 1620
3328 4 2 1 10 245 228 214 1641
3329 4 2 1 10 1364 1259 1276 1620
3330 4 2 1 10 107 92 120 1647
3331 4 2 1 10 1351 1430 1333 1676
3332 4 2 1 10 141 128 116 1675
3333 4 2 1 10 1229 1251 1627 1701
3334 4 2 1 10 1421 1374 1335 1676
3335 4 2 1 10 1623 1628 1238 1705
3336 4 2 1 10 1158 1092 1085 1703
3337 4 2 1 10 1575 1602 1616 1700
3338 4 2 1 10 183 154 1617 1661
3339 4 2 1 10 1357 1590 1299 1606
3340 4 2 1 10 1202 1220 1205 1586
3341 4 2 1 10 1574 1629 1273 1665
3342 4 2 1 10 1456 1656 1323 1671
3343 4 2 1 10 1072 1128 1157 1626
3344 4 2 1 10 1581 1678 1576 1697
3345 4 2 1 10 1395 1331 1359 1689
3346 4 2 1 10 1290 1364 1397 1709
3347 4 2 1 10 131 143 132 1587
3348 4 2 1 10 260 243 276 1652
3349 4 2 1 10 1599 1634 1362 1682
3350 4 2 1 10 1227 1244 1639 1702
3351 4 2 1 10 1598 1597 1661 1713
3352 4 2 1 10 1082 1125 1123 1659
3353 4 2 1 10 1396 1357 1299 1606
3354 4 2 1 10 1202 1673 1586 1697
3355 4 2 1 10 1048 1107 1278 1621
3356 4 2 1 10 1242 1639 1239 1701
3357 4 2 1 10 220 192 191 1610
3358 4 2 1 10 94 93 121 1612
3359 4 2 1 10 1088 1075 1089 1597
3360 4 2 1 10 1330 1404 1332 1593
3361 4 2 1 10 1266 1273 1629 1665
3362 4 2 1 10 1614 1619 1197 1695
3363 4 2 1 10 1586 1202 1632 1673
3364 4 2 1 10 1245 1625 1243 1713
3365 4 2 1 10 179 193 1698 1704
3366 4 2 1 10 1266 1629 1630 1665
3367 4 2 1 10 1577 1588 1253 1623
3368 4 2 1 10 1599 1611 1583 1704
3369 4 2 1 10 1271 1229 1264 1627
3370 4 2 1 10 1284 1137 1256 1621
3371 4 2 1 10 1198 1210 1601 1711
3372 4 2 1 10 1260 1048 1278 1621
3373 4 2 1 10 1324 1323 1634 1671
3374 4 2 1 10 1051 1129 62 1124
3375 4 2 1 10 1285 1613 1267 1630
3376 4 2 1 10 1321 1634 1322 1670
3377 4 2 1 10 1097 1098 1095 1609
3378 4 2 1 10 1412 1259 1290 1620
3379 4 2 1 10 1280 1639 1574 1665
3380 4 2 1 10 1126 1082 1145 1655
3381 4 2 1 10 1227 1246 1244 1702
3382 4 2 1 10 229 215 187 1614
3383 4 2 1 10 191 1599 1610 1704
3384 4 2 1 10 1613 1665 1575 1702
3385 4 2 1 10 1592 1631 1575 1639
3386 4 2 1 10 133 1661 156 1662
3387 4 2 1 10 1076 1157 1626 1706
3388 4 2 1 10 1165 1228 1585 1588
3389 4 2 1 10 1185 1181 1168 1614
3390 4 2 1 10 1082 1613 1659 1711
3391 4 2 1 10 179 1698 1699 1704
3392 4 2 1 10 1089 1088 1597 1688
3393 4 2 1 10 1597 1636 1075 1642
3394 4 2 1 10 134 427 121 1603
3395 4 2 1 10 1405 1414 1358 1649
3396 4 2 1 10 1079 1642 1636 1647
3397 4 2 1 10 1202 1586 1205 1697
3398 4 2 1 10 1589 1631 1236 1679
3399 4 2 1 10 144 1603 1598 1662
3400 4 2 1 10 1322 1321 1362 1634
3401 4 2 1 10 1162 1602 1070 1708
3402 4 2 1 10 1240 1594 1610 1682
3403 4 2 1 10 1121 1075 1079 1642
3404 4 2 1 10 1117 1140 1139 1591
3405 4 2 1 10 355 316 317 1710
3406 4 2 1 10 1412 1620 1318 1648
3407 4 2 1 10 1625 1661 1597 1713
3408 4 2 1 10 1367 1362 1599 1634
3409 4 2 1 10 1111 1081 1096 1647
3410 4 2 1 10 1602 1621 1575 1712
3411 4 2 1 10 197 1661 1585 1662
3412 4 2 1 10 177 162 150 1624
3413 4 2 1 10 271 252 232 1687
3414 4 2 1 10 1085 1092 1644 1703
3415 4 2 1 10 46 45 72 458
3416 4 2 1 10 1193 1209 1220 1630
3417 4 2 1 10 1592 1640 1586 1699
3418 4 2 1 10 1198 1601 1210 1675
3419 4 2 1 10 1575 1665 1630 1700
3420 4 2 1 10 259 1646 1596 1652
3421 4 2 1 10 1589 1679 1236 1705
3422 4 2 1 10 1318 1648 1620 1678
3423 4 2 1 10 1286 1620 1275 1648
3424 4 2 1 10 1098 1122 1095 1609
3425 4 2 1 10 429 110 134 1166
3426 4 2 1 10 1072 1626 1587 1660
3427 4 2 1 10 1597 1625 1578 1661
3428 4 2 1 10 1241 1228 1165 1588
3429 4 2 1 10 198 211 240 1693
3430 4 2 1 10 1586 1630 1629 1665
3431 4 2 1 10 1395 1288 1372 1689
3432 4 2 1 10 1169 1615 1165 1667
3433 4 2 1 10 1222 1123 1283 1659
3434 4 2 1 10 1139 1140 97 1591
3435 4 2 1 10 117 129 130 1650
3436 4 2 1 10 1585 1667 1588 1693
3437 4 2 1 10 1583 1627 1620 1709
3438 4 2 1 10 197 1662 1585 1693
3439 4 2 1 10 1382 1299 1373 1590
3440 4 2 1 10 1580 1660 1601 1711
3441 4 2 1 10 1165 1228 1174 1585
3442 4 2 1 10 246 229 267 1614
3443 4 2 1 10 1321 1322 1320 1670
3444 4 2 1 10 1336 358 1338 1676
3445 4 2 1 10 1242 1574 1271 1639
3446 4 2 1 10 1284 1278 1137 1621
3447 4 2 1 10 1162 1070 1602 1655
3448 4 2 1 10 1222 1283 1270 1659
3449 4 2 1 10 1072 1587 1073 1708
3450 4 2 1 10 1590 1635 1437 1641
3451 4 2 1 10 237 1622 1623 1628
3452 4 2 1 10 1202 1624 1673 1697
3453 4 2 1 10 1575 1639 1631 1702
3454 4 2 1 10 1229 1242 1251 1701
3455 4 2 1 10 1244 1631 1254 1639
3456 4 2 1 10 233 252 271 1611
3457 4 2 1 10 162 127 150 1624
3458 4 2 1 10 1270 1630 1212 1659
3459 4 2 1 10 1230 1244 1621 1631
3460 4 2 1 10 1075 1088 1073 1597
3461 4 2 1 10 426 115 102 1675
3462 4 2 1 10 1111 1642 1120 1647
3463 4 2 1 10 1082 1659 1065 1711
3464 4 2 1 10 1066 1067 1655 1711
3465 4 2 1 10 1280 1271 1574 1639
3466 4 2 1 10 1340 1338 1341 1696
3467 4 2 1 10 1076 1157 1128 1626
3468 4 2 1 10 1286 1263 1629 1648
3469 4 2 1 10 1430 1324 1404 1593
3470 4 2 1 10 257 237 236 1690
3471 4 2 1 10 1274 1125 1260 1613
3472 4 2 1 10 1165 1588 1585 1667
3473 4 2 1 10 192 220 221 1610
3474 4 2 1 10 1050 1159 1625 1688
3475 4 2 1 10 344 276 1622 1651
3476 4 2 1 10 1357 1347 1356 1590
3477 4 2 1 10 1386 1309 1312 1653
3478 4 2 1 10 1260 1125 1048 1613
3479 4 2 1 10 1580 1659 1632 1700
3480 4 2 1 10 255 272 339 1645
3481 4 2 1 10 1269 1574 1273 1665
3482 4 2 1 10 137 124 113 1211
3483 4 2 1 10 170 159 146 1694
3484 4 2 1 10 1285 1267 1270 1630
3485 4 2 1 10 1090 1046 1091 1643
3486 4 2 1 10 1279 1613 1260 1621
3487 4 2 1 10 1234 1245 1577 1585
3488 4 2 1 10 1234 1225 1625 1679
3489 4 2 1 10 1209 1205 1220 1629
3490 4 2 1 10 1639 1665 1280 1702
3491 4 2 1 10 1601 1638 1626 1660
3492 4 2 1 10 154 1650 1617 1661
3493 4 2 1 10 210 1588 240 1693
3494 4 2 1 10 1084 1626 1067 1674
3495 4 2 1 10 1126 1613 1082 1655
3496 4 2 1 10 1272 1284 1256 1621
3497 4 2 1 10 1312 1641 1635 1653
3498 4 2 1 10 1246 1272 1621 1702
3499 4 2 1 10 1228 1245 1174 1585
3500 4 2 1 10 1321 1320 1319 1670
3501 4 2 1 10 1580 1655 1660 1711
3502 4 2 1 10 1582 1678 1648 1697
3503 4 2 1 10 1265 1263 1195 1629
3504 4 2 1 10 1106 1160 1127 1625
3505 4 2 1 10 1160 1127 1625 1713
3506 4 2 1 10 1620 1629 1582 1648
3507 4 2 1 10 1590 1605 1347 1668
3508 4 2 1 10 1421 1297 1366 1677
3509 4 2 1 10 428 1173 430 1184
3510 4 2 1 10 1118 1126 1077 1655
3511 4 2 1 10 132 1636 1597 1642
3512 4 2 1 10 1261 1193 1270 1630
3513 4 2 1 10 1063 54 75 459
3514 4 2 1 10 1338 1340 1337 1604
3515 4 2 1 10 1181 1382 1310 1590
3516 4 2 1 10 1577 1234 1625 1679
3517 4 2 1 10 1620 1582 1670 1678
3518 4 2 1 10 1085 1092 1155 1644
3519 4 2 1 10 1340 1342 1427 1696
3520 4 2 1 10 423 77 88 1674
3521 4 2 1 10 1584 1594 1592 1705
3522 4 2 1 10 258 1622 1588 1623
3523 4 2 1 10 1575 1631 1621 1702
3524 4 2 1 10 197 183 211 1693
3525 4 2 1 10 1217 1648 1678 1697
3526 4 2 1 10 421 420 77 1674
3527 4 2 1 10 1290 1620 1364 1709
3528 4 2 1 10 1279 1267 1613 1702
3529 4 2 1 10 1367 1377 1362 1634
3530 4 2 1 10 1278 1107 1137 1621
3531 4 2 1 10 1174 1585 1245 1713
3532 4 2 1 10 1338 1355 357 1361
3533 4 2 1 10 229 228 267 1641
3534 4 2 1 10 1266 1269 1273 1665
3535 4 2 1 10 1583 1362 1634 1682
3536 4 2 1 10 1160 1625 1089 1713
3537 4 2 1 10 1437 1312 1309 1641
3538 4 2 1 10 1106 1225 1050 1625
3539 4 2 1 10 1088 1073 1597 1688
3540 4 2 1 10 1121 1089 1075 1597
3541 4 2 1 10 1321 1634 1670 1709
3542 4 2 1 10 1254 1244 1236 1631
3543 4 2 1 10 1443 1456 1323 1671
3544 4 2 1 10 72 45 71 458
3545 4 2 1 10 1337 1447 1351 1604
3546 4 2 1 10 1078 1162 1070 1708
3547 4 2 1 10 143 132 1587 1597
3548 4 2 1 10 1089 1597 1625 1688
3549 4 2 1 10 1072 1660 1587 1708
3550 4 2 1 10 1234 1243 1245 1625
3551 4 2 1 10 1270 1193 1212 1630
3552 4 2 1 10 1620 1627 1583 1701
3553 4 2 1 10 215 229 246 1614
3554 4 2 1 10 1290 1318 1412 1620
3555 4 2 1 10 1145 1655 1082 1711
3556 4 2 1 10 1245 1243 1255 1713
3557 4 2 1 10 1580 1638 1601 1660
3558 4 2 1 10 1577 1617 1588 1623
3559 4 2 1 10 427 134 110 1166
3560 4 2 1 10 1582 1648 1629 1697
3561 4 2 1 10 1396 1307 1409 1581
3562 4 2 1 10 1076 1128 1110 1626
3563 4 2 1 10 1073 1587 1157 1636
3564 4 2 1 10 1271 1264 1574 1627
3565 4 2 1 10 1587 1626 1157 1636
3566 4 2 1 10 1286 1259 1275 1620
3567 4 2 1 10 1067 1084 1069 1626
3568 4 2 1 10 150 1624 127 1675
3569 4 2 1 10 107 120 1642 1647
3570 4 2 1 10 1206 1678 1581 1697
3571 4 2 1 10 1578 1650 1597 1661
3572 4 2 1 10 1070 1602 1655 1660
3573 4 2 1 10 1104 1089 1121 1713
3574 4 2 1 10 1271 1227 1242 1639
3575 4 2 1 10 1209 1265 1195 1629
3576 4 2 1 10 1321 1362 1634 1709
3577 4 2 1 10 1618 1638 1587 1650
3578 4 2 1 10 192 1610 1594 1704
3579 4 2 1 10 1349 1409 1428 1656
3580 4 2 1 10 1319 1670 1620 1709
3581 4 2 1 10 1273 1277 1286 1620
3582 4 2 1 10 1066 1655 1145 1711
3583 4 2 1 10 70 84 458 69
3584 4 2 1 10 1405 1358 1599 1649
3585 4 2 1 10 1153 1119 1056 1609
3586 4 2 1 10 1273 1574 1277 1620
3587 4 2 1 10 1263 1195 1629 1648
3588 4 2 1 10 1598 1642 133 1661
3589 4 2 1 10 1447 1326 1351 1604
3590 4 2 1 10 1197 1614 1168 1619
3591 4 2 1 10 121 133 144 1598
3592 4 2 1 10 1341 1355 1344 1696
3593 4 2 1 10 1080 1105 1099 1706
3594 4 2 1 10 1602 1575 1631 1712
3595 4 2 1 10 1577 1585 1228 1588
3596 4 2 1 10 1072 1069 1128 1626
3597 4 2 1 10 1403 1276 1282 1627
3598 4 2 1 10 1587 1597 1073 1688
3599 4 2 1 10 266 330 362 1590
3600 4 2 1 10 234 1600 1599 1634
3601 4 2 1 10 1329 1328 1330 1677
3602 4 2 1 10 77 1601 88 1674
3603 4 2 1 10 115 87 102 1675
3604 4 2 1 10 1271 1280 1262 1639
3605 4 2 1 10 111 108 121 1612
3606 4 2 1 10 1073 1157 1074 1636
3607 4 2 1 10 1230 1244 1246 1621
3608 4 2 1 10 1583 1620 1582 1670
3609 4 2 1 10 1409 1605 1581 1656
3610 4 2 1 10 1217 1629 1648 1697
3611 4 2 1 10 1126 1048 1125 1613
3612 4 2 1 10 1106 1127 1243 1625
3613 4 2 1 10 172 1194 135 1694
3614 4 2 1 10 1240 1594 1682 1701
3615 4 2 1 10 1575 1631 1592 1707
3616 4 2 1 10 1058 466 1230 1712
3617 4 2 1 10 1071 1072 1073 1708
3618 4 2 1 10 1326 1447 1427 1671
3619 4 2 1 10 1048 1118 1107 1621
3620 4 2 1 10 1590 1635 362 1668
3621 4 2 1 10 1082 1126 1125 1613
3622 4 2 1 10 185 1172 1662 1693
3623 4 2 1 10 1357 1409 1408 1605
3624 4 2 1 10 239 258 223 1588
3625 4 2 1 10 1073 1597 1587 1636
3626 4 2 1 10 1409 1581 1445 1656
3627 4 2 1 10 1106 1050 1159 1625
3628 4 2 1 10 1067 1626 1069 1660
3629 4 2 1 10 1602 1660 1070 1708
3630 4 2 1 10 229 1614 187 1641
3631 4 2 1 10 1574 1620 1583 1701
3632 4 2 1 10 1198 1199 1601 1675
3633 4 2 1 10 1319 1321 1670 1709
3634 4 2 1 10 1315 1186 1183 1680
3635 4 2 1 10 199 1177 1615 1652
3636 4 2 1 10 1249 1599 1610 1645
3637 4 2 1 10 1607 1629 1586 1697
3638 4 2 1 10 1286 1263 1273 1629
3639 4 2 1 10 1285 1279 1267 1613
3640 4 2 1 10 199 212 224 1615
3641 4 2 1 10 1277 1276 1620 1627
3642 4 2 1 10 1215 1445 1581 1678
3643 4 2 1 10 192 191 1610 1704
3644 4 2 1 10 1207 1657 1197 1695
3645 4 2 1 10 271 1579 1611 1687
3646 4 2 1 10 1461 1452 1454 1680
3647 4 2 1 10 1232 1631 1230 1712
3648 4 2 1 10 1073 1074 1075 1636
3649 4 2 1 10 338 1658 344 1690
3650 4 2 1 10 1271 1262 1227 1639
3651 4 2 1 10 104 1587 1626 1638
3652 4 2 1 10 1073 1075 1597 1636
3653 4 2 1 10 1243 1225 1106 1625
3654 4 2 1 10 1086 1132 1158 1643
3655 4 2 1 10 1587 1660 1618 1708
3656 4 2 1 10 1110 1076 1626 1706
3657 4 2 1 10 191 1611 1599 1704
3658 4 2 1 10 223 240 1588 1693
3659 4 2 1 10 1396 1192 1581 1606
3660 4 2 1 10 1274 1260 1285 1613
3661 4 2 1 10 341 277 259 1680
3662 4 2 1 10 1072 1069 1626 1660
3663 4 2 1 10 1445 1656 1581 1678
3664 4 2 1 10 1587 1688 1073 1708
3665 4 2 1 10 1181 1590 1310 1641
3666 4 2 1 10 1640 1699 1592 1704
3667 4 2 1 10 1136 1105 1080 1706
3668 4 2 1 10 1592 1631 1589 1707
3669 4 2 1 10 1277 1574 1264 1627
3670 4 2 1 10 77 103 88 1638
3671 4 2 1 10 1270 1212 1222 1659
3672 4 2 1 10 1581 1657 1216 1666
3673 4 2 1 10 156 1661 197 1662
3674 4 2 1 10 1123 1065 1082 1659
3675 4 2 1 10 1588 1615 1241 1622
3676 4 2 1 10 184 1662 197 1693
3677 4 2 1 10 1582 1629 1607 1697
3678 4 2 1 10 1121 1597 1075 1642
3679 4 2 1 10 196 211 183 1693
3680 4 2 1 10 217 448 218 1666
3681 4 2 1 10 1601 1626 88 1674
3682 4 2 1 10 1624 1632 1202 1673
3683 4 2 1 10 102 101 126 1191
3684 4 2 1 10 1228 1577 1245 1585
3685 4 2 1 10 341 352 300 1681
3686 4 2 1 10 466 1058 1087 1712
3687 4 2 1 10 1622 1651 276 1652
3688 4 2 1 10 1120 1642 1079 1647
3689 4 2 1 10 1246 1272 1256 1621
3690 4 2 1 10 1104 1121 1598 1713
3691 4 2 1 10 1441 1440 349 1442
3692 4 2 1 10 271 334 1579 1687
3693 4 2 1 10 430 145 432 1173
3694 4 2 1 10 188 189 216 1614
3695 4 2 1 10 1373 1310 1382 1590
3696 4 2 1 10 187 1190 214 1641
3697 4 2 1 10 1583 1634 1599 1682
3698 4 2 1 10 270 269 363 1579
3699 4 2 1 10 1181 1614 1590 1641
3700 4 2 1 10 1356 1635 1590 1668
3701 4 2 1 10 1139 1144 97 1140
3702 4 2 1 10 1078 1602 1162 1708
3703 4 2 1 10 1272 1278 1284 1621
3704 4 2 1 10 1396 1299 1213 1606
3705 4 2 1 10 276 1615 243 1622
3706 4 2 1 10 1066 1145 1082 1711
3707 4 2 1 10 214 1190 449 1641
3708 4 2 1 10 1583 1634 1362 1709
3709 4 2 1 10 1455 1418 1389 1683
3710 4 2 1 10 1117 95 1113 1141
3711 4 2 1 10 1335 1374 1336 1676
3712 4 2 1 10 1425 1439 1440 349
3713 4 2 1 10 1580 1613 1659 1700
3714 4 2 1 10 1612 1642 1111 1647
3715 4 2 1 10 1620 1648 1582 1678
3716 4 2 1 10 259 1596 225 1652
3717 4 2 1 10 1357 1408 1347 1605
3718 4 2 1 10 1403 1364 1276 1627
3719 4 2 1 10 143 132 1597 1642
3720 4 2 1 10 1602 1618 1660 1708
3721 4 2 1 10 1157 1636 1626 1706
3722 4 2 1 10 78 88 1626 1674
3723 4 2 1 10 1396 1213 1192 1606
3724 4 2 1 10 1575 1616 1602 1707
3725 4 2 1 10 77 423 421 1674
3726 4 2 1 10 208 237 238 1623
3727 4 2 1 10 1608 1632 1616 1672
3728 4 2 1 10 87 1601 1199 1675
3729 4 2 1 10 466 1232 1230 1712
3730 4 2 1 10 1120 1151 1052 1642
3731 4 2 1 10 1279 1613 1621 1702
3732 4 2 1 10 1657 1666 1581 1686
3733 4 2 1 10 336 1593 1579 1604
3734 4 2 1 10 110 1176 427 1166
3735 4 2 1 10 1590 1606 1605 1684
3736 4 2 1 10 451 202 450 1657
3737 4 2 1 10 344 1651 1622 1690
3738 4 2 1 10 1230 1621 1058 1712
3739 4 2 1 10 1330 1429 1404 1593
3740 4 2 1 10 169 199 1177 1615
3741 4 2 1 10 1068 1067 1069 1660
3742 4 2 1 10 1621 1631 1575 1712
3743 4 2 1 10 1242 1239 1251 1701
3744 4 2 1 10 107 1642 80 1647
3745 4 2 1 10 1337 1340 1447 1604
3746 4 2 1 10 1104 1121 1052 1598
3747 4 2 1 10 1356 1353 1449 1635
3748 4 2 1 10 1312 1309 1641 1653
3749 4 2 1 10 1616 1632 1608 1700
3750 4 2 1 10 174 147 1194 161
3751 4 2 1 10 1162 1077 1070 1655
3752 4 2 1 10 259 1651 1646 1652
3753 4 2 1 10 1403 1282 1258 1627
3754 4 2 1 10 1216 1666 1624 1697
3755 4 2 1 10 270 363 336 1579
3756 4 2 1 10 488 1209 1261 1265
3757 4 2 1 10 1331 1330 1332 1633
3758 4 2 1 10 1580 1632 1616 1700
3759 4 2 1 10 449 1595 1190 1596
3760 4 2 1 10 110 111 427 1176
3761 4 2 1 10 213 449 1190 1596
3762 4 2 1 10 1602 1618 1616 1660
3763 4 2 1 10 1585 1588 1577 1617
3764 4 2 1 10 1249 1610 1599 1682
3765 4 2 1 10 1162 1602 1078 1712
3766 4 2 1 10 1277 1276 1259 1620
3767 4 2 1 10 423 88 78 1674
3768 4 2 1 10 1165 474 1241 1169
3769 4 2 1 10 1575 1602 1631 1707
3770 4 2 1 10 1358 1367 1405 1599
3771 4 2 1 10 1580 1601 1638 1675
3772 4 2 1 10 1630 1665 1586 1700
3773 4 2 1 10 1132 1091 1158 1643
3774 4 2 1 10 1217 1648 1214 1678
3775 4 2 1 10 1192 1307 1396 1581
3776 4 2 1 10 1638 1672 1616 1675
3777 4 2 1 10 1182 187 215 1614
3778 4 2 1 10 1606 1657 1581 1686
3779 4 2 1 10 1409 1307 1445 1581
3780 4 2 1 10 1575 1621 1613 1702
3781 4 2 1 10 1620 1670 1583 1709
3782 4 2 1 10 1615 1622 276 1652
3783 4 2 1 10 1207 1197 1619 1695
3784 4 2 1 10 1296 1366 1297 1677
3785 4 2 1 10 1373 1299 1357 1590
3786 4 2 1 10 1331 1649 1359 1689
3787 4 2 1 10 1234 1225 1243 1625
3788 4 2 1 10 1583 1611 1599 1634
3789 4 2 1 10 1241 1622 1615 1652
3790 4 2 1 10 1357 1347 1590 1605
3791 4 2 1 10 1268 1665 1267 1702
3792 4 2 1 10 1193 1212 1630 1659
3793 4 2 1 10 1262 1639 1280 1702
3794 4 2 1 10 1104 1052 1164 1598
3795 4 2 1 10 466 1087 1232 1712
3796 4 2 1 10 1280 1574 1269 1665
3797 4 2 1 10 1598 1585 1661 1662
3798 4 2 1 10 1253 1588 1241 1622
3799 4 2 1 10 1072 1071 1660 1708
3800 4 2 1 10 1443 1323 1326 1671
3801 4 2 1 10 229 267 1614 1641
3802 4 2 1 10 1160 1089 1104 1713
3803 4 2 1 10 1602 1616 1580 1660
3804 4 2 1 10 1136 1080 1647 1706
3805 4 2 1 10 1216 1657 1624 1666
3806 4 2 1 10 1350 1349 1428 1671
3807 4 2 1 10 1450 1378 1312 1635
3808 4 2 1 10 121 1598 1180 1612
3809 4 2 1 10 1192 1445 1307 1581
3810 4 2 1 10 1227 1244 1254 1639
3811 4 2 1 10 94 121 108 1612
3812 4 2 1 10 87 1199 102 1675
3813 4 2 1 10 361 1590 362 1668
3814 4 2 1 10 239 1588 210 1693
3815 4 2 1 10 1206 1217 1678 1697
3816 4 2 1 10 431 1173 1172 435
3817 4 2 1 10 1310 1311 1437 1590
3818 4 2 1 10 1277 1620 1574 1627
3819 4 2 1 10 341 259 352 1680
3820 4 2 1 10 1230 1246 1256 1621
3821 4 2 1 10 1323 1456 1376 1670
3822 4 2 1 10 1598 1662 1189 1713
3823 4 2 1 10 1279 1260 1278 1621
3824 4 2 1 10 1585 1662 1598 1713
3825 4 2 1 10 167 440 153 1663
3826 4 2 1 10 1087 1050 465 1664
3827 4 2 1 10 1574 1627 1620 1701
3828 4 2 1 10 1091 1132 1090 1643
3829 4 2 1 10 146 110 1166 135
3830 4 2 1 10 118 143 131 1587
3831 4 2 1 10 1370 1344 1355 1668
3832 4 2 1 10 443 164 178 1704
3833 4 2 1 10 243 1615 276 1652
3834 4 2 1 10 368 361 362 1668
3835 4 2 1 10 1255 1127 1187 1713
3836 4 2 1 10 1362 1682 1583 1709
3837 4 2 1 10 1065 1659 1196 1711
3838 4 2 1 10 198 184 211 1693
3839 4 2 1 10 1078 1664 1602 1708
3840 4 2 1 10 1206 1581 1216 1666
3841 4 2 1 10 1215 1581 1206 1678
3842 4 2 1 10 1581 1606 1216 1657
3843 4 2 1 10 1196 1065 1123 1659
3844 4 2 1 10 1367 1362 1301 1599
3845 4 2 1 10 328 279 253 1677
3846 4 2 1 10 1184 1172 158 428
3847 4 2 1 10 1337 1338 1604 1676
3848 4 2 1 10 1429 1330 1328 1593
3849 4 2 1 10 1616 1638 1618 1650
3850 4 2 1 10 1630 1659 1613 1700
3851 4 2 1 10 1433 1401 1434 1681
3852 4 2 1 10 1217 1205 1629 1697
3853 4 2 1 10 1193 1220 1210 1630
3854 4 2 1 10 182 197 156 1661
3855 4 2 1 10 257 1622 237 1690
3856 4 2 1 10 110 1176 482 1211
3857 4 2 1 10 1215 1445 1192 1581
3858 4 2 1 10 1203 1624 1202 1697
3859 4 2 1 10 1217 1629 1195 1648
3860 4 2 1 10 241 1615 275 1622
3861 4 2 1 10 196 183 154 1617
3862 4 2 1 10 1353 1635 1356 1668
3863 4 2 1 10 428 431 1173 1172
3864 4 2 1 10 1240 1610 1594 1628
3865 4 2 1 10 336 1579 363 1604
3866 4 2 1 10 1584 1594 1240 1701
3867 4 2 1 10 1193 1630 1210 1659
3868 4 2 1 10 1161 1094 1122 1609
3869 4 2 1 10 234 235 191 1599
3870 4 2 1 10 186 449 214 1190
3871 4 2 1 10 1062 1138 1117 1591
3872 4 2 1 10 360 328 253 1677
3873 4 2 1 10 1227 1639 1262 1702
3874 4 2 1 10 1581 1666 1206 1697
3875 4 2 1 10 224 258 241 1615
3876 4 2 1 10 1349 1656 1428 1671
3877 4 2 1 10 235 1599 272 1645
3878 4 2 1 10 1241 1615 1169 1652
3879 4 2 1 10 259 225 260 1652
3880 4 2 1 10 1130 1131 1148 1703
3881 4 2 1 10 1186 1646 1257 1652
3882 4 2 1 10 1290 1259 507 1364
3883 4 2 1 10 1324 1404 1593 1634
3884 4 2 1 10 1104 1598 1164 1713
3885 4 2 1 10 1261 1193 1209 488
3886 4 2 1 10 435 1173 1172 1667
3887 4 2 1 10 1281 1224 1263 1648
3888 4 2 1 10 1129 1100 62 1099
3889 4 2 1 10 1165 474 1228 1241
3890 4 2 1 10 1404 1429 1430 1593
3891 4 2 1 10 128 117 1638 1650
3892 4 2 1 10 1124 1129 62 1099
3893 4 2 1 10 1183 1190 1596 1652
3894 4 2 1 10 115 116 87 1675
3895 4 2 1 10 1050 1225 465 1664
3896 4 2 1 10 1190 1595 449 1641
3897 4 2 1 10 146 110 429 1166
3898 4 2 1 10 118 143 1587 1650
3899 4 2 1 10 1121 1120 1052 1642
3900 4 2 1 10 338 256 255 1690
3901 4 2 1 10 1285 1260 1279 1613
3902 4 2 1 10 1111 1612 1120 1642
3903 4 2 1 10 237 1628 1623 1698
3904 4 2 1 10 118 130 142 1650
3905 4 2 1 10 1280 1665 1268 1702
3906 4 2 1 10 1119 1153 1115 1609
3907 4 2 1 10 1139 1062 1117 1591
3908 4 2 1 10 270 271 269 1579
3909 4 2 1 10 1337 1351 1334 1676
3910 4 2 1 10 1136 1636 1157 1706
3911 4 2 1 10 498 1271 1227 1242
3912 4 2 1 10 184 185 1662 1693
3913 4 2 1 10 1158 1085 1674 1703
3914 4 2 1 10 1050 1664 1147 1688
3915 4 2 1 10 1220 1202 1210 1632
3916 4 2 1 10 180 207 208 1698
3917 4 2 1 10 1627 1682 1398 1709
3918 4 2 1 10 149 139 138 1199
3919 4 2 1 10 428 1173 1184 1172
3920 4 2 1 10 1324 1377 1404 1634
3921 4 2 1 10 1263 1286 1275 1648
3922 4 2 1 10 487 1270 1261 1193
3923 4 2 1 10 1058 1137 1107 1621
3924 4 2 1 10 1259 507 1364 1276
3925 4 2 1 10 202 175 174 1219
3926 4 2 1 10 433 436 1607 1673
3927 4 2 1 10 201 447 450 1695
3928 4 2 1 10 1109 1110 1131 1644
3929 4 2 1 10 1206 1666 1216 1697
3930 4 2 1 10 1182 189 1173 1614
3931 4 2 1 10 1336 1337 1334 1676
3932 4 2 1 10 1222 1196 1123 1659
3933 4 2 1 10 1617 1618 1578 1650
3934 4 2 1 10 1165 473 1174 1228
3935 4 2 1 10 1267 1266 1630 1665
3936 4 2 1 10 1605 1684 1606 1686
3937 4 2 1 10 255 235 272 1645
3938 4 2 1 10 335 1605 249 1684
3939 4 2 1 10 1585 1598 1661 1713
3940 4 2 1 10 186 449 1190 213
3941 4 2 1 10 221 1628 1610 1690
3942 4 2 1 10 1201 1632 1624 1675
3943 4 2 1 10 1099 1105 1102 1706
3944 4 2 1 10 352 351 300 1681
3945 4 2 1 10 269 1605 1579 1687
3946 4 2 1 10 1398 1682 1362 1709
3947 4 2 1 10 1177 145 1173 187
3948 4 2 1 10 1646 1651 1257 1652
3949 4 2 1 10 220 221 1610 1690
3950 4 2 1 10 1575 1592 1608 1707
3951 4 2 1 10 1195 1265 489 1263
3952 4 2 1 10 1242 1254 1239 1639
3953 4 2 1 10 1085 1644 1155 1674
3954 4 2 1 10 275 1615 258 1622
3955 4 2 1 10 1061 17 1090 1691
3956 4 2 1 10 1232 1664 1631 1712
3957 4 2 1 10 185 158 184 1662
3958 4 2 1 10 1578 1618 1602 1708
3959 4 2 1 10 1632 1616 1672 1675
3960 4 2 1 10 1323 1656 1456 1670
3961 4 2 1 10 269 271 334 1579
3962 4 2 1 10 1576 1678 1582 1697
3963 4 2 1 10 73 49 48 459
3964 4 2 1 10 1198 1210 1199 1675
3965 4 2 1 10 1130 1108 1109 1706
3966 4 2 1 10 88 1626 1601 1638
3967 4 2 1 10 1587 1636 131 1637
3968 4 2 1 10 53 75 54 459
3969 4 2 1 10 1450 1312 1437 1635
3970 4 2 1 10 1602 1580 1655 1660
3971 4 2 1 10 1333 1429 1328 1593
3972 4 2 1 10 1578 1679 1664 1707
3973 4 2 1 10 1353 1354 1449 1635
3974 4 2 1 10 1588 1623 1617 1693
3975 4 2 1 10 246 267 1590 1614
3976 4 2 1 10 1575 1616 1608 1700
3977 4 2 1 10 339 1425 1383 1426
3978 4 2 1 10 1358 1359 1331 1649
3979 4 2 1 10 1155 1131 1110 1644
3980 4 2 1 10 1264 1277 1271 1574
3981 4 2 1 10 1588 1617 1585 1693
3982 4 2 1 10 1290 1319 1318 1620
3983 4 2 1 10 1381 1275 1412 1648
3984 4 2 1 10 1602 1664 1078 1712
3985 4 2 1 10 1271 1227 1262 498
3986 4 2 1 10 201 173 1219 174
3987 4 2 1 10 1602 1664 1578 1708
3988 4 2 1 10 1348 1354 1353 1710
3989 4 2 1 10 1161 1122 1098 1609
3990 4 2 1 10 1209 1265 489 1195
3991 4 2 1 10 121 1180 1598 1603
3992 4 2 1 10 118 1587 131 1637
3993 4 2 1 10 1120 1121 1079 1642
3994 4 2 1 10 110 1176 1166 482
3995 4 2 1 10 1239 1584 1240 1701
3996 4 2 1 10 487 1270 1193 1212
3997 4 2 1 10 271 1611 252 1687
3998 4 2 1 10 1575 1608 1616 1707
3999 4 2 1 10 333 1590 1605 1684
4000 4 2 1 10 1403 1258 1313 1627
4001 4 2 1 10 1217 1214 1215 1678
4002 4 2 1 10 73 48 72 459
4003 4 2 1 10 1583 1670 1634 1709
4004 4 2 1 10 1190 213 1596 1652
4005 4 2 1 10 1333 1328 1327 1676
4006 4 2 1 10 1245 1174 473 1228
4007 4 2 1 10 1631 1664 1233 1679
4008 4 2 1 10 143 168 182 1661
4009 4 2 1 10 1281 1275 1381 1648
4010 4 2 1 10 180 208 194 1663
4011 4 2 1 10 1281 1263 1275 1648
4012 4 2 1 10 211 184 197 1693
4013 4 2 1 10 258 1615 1588 1622
4014 4 2 1 10 1209 1217 1205 1629
4015 4 2 1 10 1578 1625 1597 1688
4016 4 2 1 10 1069 1072 1071 1660
4017 4 2 1 10 1116 1113 95 1141
4018 4 2 1 10 1332 1599 1358 1600
4019 4 2 1 10 258 1588 239 1623
4020 4 2 1 10 1225 1233 1664 1679
4021 4 2 1 10 112 136 1211 122
4022 4 2 1 10 1309 1310 1437 1641
4023 4 2 1 10 1317 1319 1320 1670
4024 4 2 1 10 1322 1324 1323 1634
4025 4 2 1 10 266 1590 267 1641
4026 4 2 1 10 186 1177 169 199
4027 4 2 1 10 77 88 1601 1638
4028 4 2 1 10 1121 1052 1598 1642
4029 4 2 1 10 1070 1655 1068 1660
4030 4 2 1 10 1264 1258 1282 1627
4031 4 2 1 10 1265 1266 1273 1629
4032 4 2 1 10 1101 59 58 20
4033 4 2 1 10 1104 1164 1178 1713
4034 4 2 1 10 1376 1656 1411 1678
4035 4 2 1 10 1261 1270 1267 1630
4036 4 2 1 10 1111 1120 1081 1647
4037 4 2 1 10 237 257 274 1622
4038 4 2 1 10 88 103 117 1638
4039 4 2 1 10 1083 1084 1067 1674
4040 4 2 1 10 1347 1668 1605 1696
4041 4 2 1 10 260 276 1651 1652
4042 4 2 1 10 1349 1408 1409 1605
4043 4 2 1 10 1203 1202 1205 1697
4044 4 2 1 10 497 1246 1227 1272
4045 4 2 1 10 344 260 276 1651
4046 4 2 1 10 143 1597 1587 1650
4047 4 2 1 10 446 190 177 1624
4048 4 2 1 10 1430 1429 1333 1593
4049 4 2 1 10 275 241 258 1615
4050 4 2 1 10 1202 1624 1201 1632
4051 4 2 1 10 1080 1099 1647 1706
4052 4 2 1 10 1587 1578 1688 1708
4053 4 2 1 10 1149 1091 1046 1703
4054 4 2 1 10 1406 1599 1249 1645
4055 4 2 1 10 1353 1356 1347 1668
4056 4 2 1 10 362 1590 330 1635
4057 4 2 1 10 133 93 120 1642
4058 4 2 1 10 1195 1263 1224 1648
4059 4 2 1 10 1587 1626 1638 1660
4060 4 2 1 10 99 125 1191 1208
4061 4 2 1 10 142 154 168 1650
4062 4 2 1 10 156 133 119 1661
4063 4 2 1 10 1149 1158 1091 1703
4064 4 2 1 10 225 199 243 1652
4065 4 2 1 10 224 241 199 1615
4066 4 2 1 10 1589 1617 1663 1707
4067 4 2 1 10 1315 1402 1186 1680
4068 4 2 1 10 1085 1155 1084 1674
4069 4 2 1 10 187 186 214 1190
4070 4 2 1 10 1398 1364 1627 1709
4071 4 2 1 10 1089 1159 1088 1688
4072 4 2 1 10 1113 1112 1116 1612
4073 4 2 1 10 1408 1343 1347 1696
4074 4 2 1 10 1087 465 1232 1664
4075 4 2 1 10 1602 1578 1664 1707
4076 4 2 1 10 1230 1232 1244 1631
4077 4 2 1 10 1389 1454 1455 1683
4078 4 2 1 10 1628 1698 1594 1705
4079 4 2 1 10 218 448 1624 1666
4080 4 2 1 10 1215 1206 1217 1678
4081 4 2 1 10 133 1642 119 1661
4082 4 2 1 10 118 142 143 1650
4083 4 2 1 10 1195 1217 1209 1629
4084 4 2 1 10 1073 1088 1135 1688
4085 4 2 1 10 493 1307 1192 1445
4086 4 2 1 10 1425 1439 349 1669
4087 4 2 1 10 179 1699 164 1704
4088 4 2 1 10 1158 1674 1643 1703
4089 4 2 1 10 1240 1250 1610 1628
4090 4 2 1 10 1322 1634 1323 1670
4091 4 2 1 10 1323 1656 1670 1671
4092 4 2 1 10 95 1116 1112 1612
4093 4 2 1 10 1265 1273 1263 1629
4094 4 2 1 10 1145 1066 1068 1655
4095 4 2 1 10 1253 1228 1241 1588
4096 4 2 1 10 1578 1597 1587 1688
4097 4 2 1 10 1176 1180 1179 1612
4098 4 2 1 10 185 1172 158 1662
4099 4 2 1 10 1214 1648 1316 1678
4100 4 2 1 10 1182 1190 187 1641
4101 4 2 1 10 1086 1674 1093 1691
4102 4 2 1 10 1087 1664 1232 1712
4103 4 2 1 10 266 362 361 1590
4104 4 2 1 10 1578 1587 1618 1708
4105 4 2 1 10 1278 1107 1048 469
4106 4 2 1 10 1411 1656 1445 1678
4107 4 2 1 10 1313 1398 1627 1682
4108 4 2 1 10 1056 1119 1097 1609
4109 4 2 1 10 1061 1090 1132 1691
4110 4 2 1 10 1437 1310 1590 1641
4111 4 2 1 10 127 1624 162 1673
4112 4 2 1 10 1398 1420 1362 1682
4113 4 2 1 10 1203 1216 1624 1697
4114 4 2 1 10 1171 1165 1174 1585
4115 4 2 1 10 1173 1170 1172 1667
4116 4 2 1 10 1579 1634 1611 1670
4117 4 2 1 10 143 1642 1597 1661
4118 4 2 1 10 147 174 1194 173
4119 4 2 1 10 1614 1657 1606 1686
4120 4 2 1 10 1349 1605 1409 1656
4121 4 2 1 10 160 1211 147 136
4122 4 2 1 10 64 1642 1612 1647
4123 4 2 1 10 1188 1138 1591 1612
4124 4 2 1 10 1279 1268 1267 1702
4125 4 2 1 10 188 216 200 1614
4126 4 2 1 10 1605 1656 1579 1685
4127 4 2 1 10 1578 1602 1618 1707
4128 4 2 1 10 275 340 276 1622
4129 4 2 1 10 1099 62 1647 1706
4130 4 2 1 10 237 1628 236 1690
4131 4 2 1 10 1269 1280 1271 1574
4132 4 2 1 10 1301 1599 1362 1682
4133 4 2 1 10 166 439 180 1663
4134 4 2 1 10 1208 125 1191 1200
4135 4 2 1 10 1597 1650 143 1661
4136 4 2 1 10 198 185 184 1693
4137 4 2 1 10 1208 113 124 1211
4138 4 2 1 10 1213 1223 1197 1606
4139 4 2 1 10 1171 1585 1662 1693
4140 4 2 1 10 208 238 209 195
4141 4 2 1 10 1355 1338 357 1696
4142 4 2 1 10 1616 1638 1580 1660
4143 4 2 1 10 1426 1385 1415 347
4144 4 2 1 10 1050 1106 464 1225
4145 4 2 1 10 1225 1232 465 1664
4146 4 2 1 10 469 1048 1278 1260
4147 4 2 1 10 432 145 170 1173
4148 4 2 1 10 1196 1659 1210 1711
4149 4 2 1 10 1607 1673 1666 1697
4150 4 2 1 10 1241 1231 1622 1652
4151 4 2 1 10 1605 1606 1581 1686
4152 4 2 1 10 1197 1168 484 1619
4153 4 2 1 10 212 199 169 1615
4154 4 2 1 10 27 62 1095 1122
4155 4 2 1 10 1684 1686 1605 1687
4156 4 2 1 10 269 1579 334 1687
4157 4 2 1 10 162 438 151 1673
4158 4 2 1 10 1632 1673 1608 1700
4159 4 2 1 10 1120 1111 1151 1612
4160 4 2 1 10 204 206 190 1666
4161 4 2 1 10 1587 1597 1578 1618
4162 4 2 1 10 1313 1258 1248 1627
4163 4 2 1 10 213 225 1596 1652
4164 4 2 1 10 1052 455 1104 1164
4165 4 2 1 10 446 1624 448 1666
4166 4 2 1 10 1426 1415 1383 1649
4167 4 2 1 10 1250 1584 1237 1628
4168 4 2 1 10 1267 1266 1261 1630
4169 4 2 1 10 1240 1594 1584 1628
4170 4 2 1 10 1364 1403 1313 1627
4171 4 2 1 10 1614 1606 1684 1686
4172 4 2 1 10 1632 1672 1608 1673
4173 4 2 1 10 276 241 275 1622
4174 4 2 1 10 1190 1595 1183 1596
4175 4 2 1 10 1456 1656 1376 1670
4176 4 2 1 10 1618 1650 1617 1663
4177 4 2 1 10 80 1642 64 1647
4178 4 2 1 10 1405 1645 1414 1649
4179 4 2 1 10 1150 83 69 1221
4180 4 2 1 10 220 255 256 1610
4181 4 2 1 10 1233 1236 1631 1679
4182 4 2 1 10 1578 1663 1617 1707
4183 4 2 1 10 174 161 1219 175
4184 4 2 1 10 1120 1612 1151 1642
4185 4 2 1 10 1231 1651 1622 1652
4186 4 2 1 10 1593 1600 219 1634
4187 4 2 1 10 1155 1092 1131 1644
4188 4 2 1 10 219 1600 234 1634
4189 4 2 1 10 143 1650 168 1661
4190 4 2 1 10 128 1638 1616 1650
4191 4 2 1 10 1666 1673 1624 1697
4192 4 2 1 10 357 358 1338 1361
4193 4 2 1 10 1322 1323 1320 1670
4194 4 2 1 10 1073 1688 1135 1708
4195 4 2 1 10 1114 1162 1078 1712
4196 4 2 1 10 177 163 176 1624
4197 4 2 1 10 1227 1262 497 1272
4198 4 2 1 10 1664 1679 1631 1707
4199 4 2 1 10 457 1113 1138 1612
4200 4 2 1 10 1156 1079 1075 1636
4201 4 2 1 10 1605 1686 1685 1687
4202 4 2 1 10 1409 1308 1428 1656
4203 4 2 1 10 1281 1381 1224 1648
4204 4 2 1 10 1248 1313 1627 1682
4205 4 2 1 10 1276 1264 1282 1627
4206 4 2 1 10 163 1201 176 1624
4207 4 2 1 10 1219 1194 161 174
4208 4 2 1 10 235 1610 1599 1645
4209 4 2 1 10 1402 1646 1186 1680
4210 4 2 1 10 1074 1157 1136 1636
4211 4 2 1 10 1346 1291 1410 1710
4212 4 2 1 10 1337 1604 1351 1676
4213 4 2 1 10 1233 1631 1232 1664
4214 4 2 1 10 1271 499 1229 1242
4215 4 2 1 10 259 260 1651 1652
4216 4 2 1 10 216 189 215 1614
4217 4 2 1 10 1089 1625 1159 1688
4218 4 2 1 10 1070 1068 1069 1660
4219 4 2 1 10 1597 1578 1618 1650
4220 4 2 1 10 1085 1644 1674 1703
4221 4 2 1 10 1178 1187 1127 1713
4222 4 2 1 10 143 119 132 1642
4223 4 2 1 10 1578 1617 1679 1707
4224 4 2 1 10 1318 1317 1316 1678
4225 4 2 1 10 1279 1278 1272 1621
4226 4 2 1 10 1197 1218 1606 1657
4227 4 2 1 10 332 1590 333 1684
4228 4 2 1 10 1192 1216 1581 1606
4229 4 2 1 10 1340 1604 1338 1696
4230 4 2 1 10 1215 1214 1316 1678
4231 4 2 1 10 1068 1070 1077 1655
4232 4 2 1 10 1308 1445 1411 1656
4233 4 2 1 10 1243 464 1106 1225
4234 4 2 1 10 1279 1621 1272 1702
4235 4 2 1 10 1086 1132 1643 1691
4236 4 2 1 10 1354 1635 1353 1710
4237 4 2 1 10 499 1229 1264 1271
4238 4 2 1 10 1456 1350 1428 1671
4239 4 2 1 10 1581 1656 1576 1678
4240 4 2 1 10 330 1590 266 1641
4241 4 2 1 10 88 104 1626 1638
4242 4 2 1 10 508 1290 1412 1259
4243 4 2 1 10 64 93 94 1642
4244 4 2 1 10 1585 1661 1625 1713
4245 4 2 1 10 1239 1240 1251 1701
4246 4 2 1 10 369 1604 363 1696
4247 4 2 1 10 195 208 238 1623
4248 4 2 1 10 228 266 267 1641
4249 4 2 1 10 1171 1662 1170 1693
4250 4 2 1 10 1207 1197 484 1619
4251 4 2 1 10 190 1624 1666 1673
4252 4 2 1 10 1313 1398 1364 1627
4253 4 2 1 10 1254 1242 1227 1639
4254 4 2 1 10 1215 1293 1445 1678
4255 4 2 1 10 1349 1605 1671 1696
4256 4 2 1 10 1640 1687 206 1704
4257 4 2 1 10 1602 1664 1631 1707
4258 4 2 1 10 1286 1277 1259 1620
4259 4 2 1 10 1249 1240 1610 1682
4260 4 2 1 10 1207 1694 1194 1695
4261 4 2 1 10 1171 1585 1174 1713
4262 4 2 1 10 1589 1679 1617 1707
4263 4 2 1 10 273 254 337 1633
4264 4 2 1 10 1406 1405 1599 1645
4265 4 2 1 10 1173 170 432 1694
4266 4 2 1 10 220 1610 256 1690
4267 4 2 1 10 62 1094 1099 1647
4268 4 2 1 10 1162 1114 1118 1712
4269 4 2 1 10 62 27 1051 1122
4270 4 2 1 10 1160 1104 1127 1713
4271 4 2 1 10 1269 1277 1273 1574
4272 4 2 1 10 1240 1682 1251 1701
4273 4 2 1 10 1626 1636 1587 1637
4274 4 2 1 10 1219 202 201 174
4275 4 2 1 10 1355 1668 1344 1696
4276 4 2 1 10 1211 137 124 1200
4277 4 2 1 10 239 1623 1588 1693
4278 4 2 1 10 1268 1280 1269 1665
4279 4 2 1 10 1053 1601 1067 1711
4280 4 2 1 10 1412 1275 508 1259
4281 4 2 1 10 1589 1623 1617 1705
4282 4 2 1 10 154 181 196 1617
4283 4 2 1 10 1251 1682 1627 1701
4284 4 2 1 10 1107 1118 1058 1621
4285 4 2 1 10 218 1624 1657 1666
4286 4 2 1 10 358 1604 1338 1676
4287 4 2 1 10 199 1615 243 1652
4288 4 2 1 10 1309 1163 1310 1641
4289 4 2 1 10 1229 1258 1264 1627
4290 4 2 1 10 199 225 213 1652
4291 4 2 1 10 339 1383 1425 1645
4292 4 2 1 10 239 181 1623 1693
4293 4 2 1 10 1351 1333 1334 1676
4294 4 2 1 10 1077 1126 1145 1655
4295 4 2 1 10 1253 1577 1228 1588
4296 4 2 1 10 370 1605 1668 1696
4297 4 2 1 10 1160 1159 1089 1625
4298 4 2 1 10 1316 1293 1215 1678
4299 4 2 1 10 1215 1192 1206 1581
4300 4 2 1 10 1431 1649 1432 1689
4301 4 2 1 10 1147 1688 1664 1708
4302 4 2 1 10 349 339 1425 1645
4303 4 2 1 10 1248 1627 1251 1682
4304 4 2 1 10 1420 1248 504 1682
4305 4 2 1 10 114 125 126 1191
4306 4 2 1 10 154 168 1650 1661
4307 4 2 1 10 1100 1102 79 1099
4308 4 2 1 10 1191 1199 87 1601
4309 4 2 1 10 1064 1086 1093 1691
4310 4 2 1 10 1213 492 1396 1192
4311 4 2 1 10 180 208 1663 1698
4312 4 2 1 10 455 1178 1104 1164
4313 4 2 1 10 1193 1210 1212 1659
4314 4 2 1 10 475 1241 1169 1652
4315 4 2 1 10 1128 1155 1110 1626
4316 4 2 1 10 1393 1378 265 331
4317 4 2 1 10 1135 1688 1147 1708
4318 4 2 1 10 1058 1621 1118 1712
4319 4 2 1 10 1336 1361 358 1375
4320 4 2 1 10 1207 1619 1694 1695
4321 4 2 1 10 1313 1420 1398 1682
4322 4 2 1 10 1445 1192 493 1215
4323 4 2 1 10 1408 1347 1605 1696
4324 4 2 1 10 1097 1119 1098 1609
4325 4 2 1 10 71 84 1208 458
4326 4 2 1 10 1605 1581 1685 1686
4327 4 2 1 10 186 187 1177 1190
4328 4 2 1 10 1362 1377 1322 1634
4329 4 2 1 10 102 138 139 1199
4330 4 2 1 10 206 1607 178 1666
4331 4 2 1 10 1605 1656 1349 1671
4332 4 2 1 10 1080 1099 1094 1647
4333 4 2 1 10 1355 1391 357 1361
4334 4 2 1 10 1257 476 1186 1652
4335 4 2 1 10 1207 1619 483 1694
4336 4 2 1 10 128 1672 1638 1675
4337 4 2 1 10 1191 1601 87 1692
4338 4 2 1 10 1354 1378 1450 1635
4339 4 2 1 10 1582 1611 1583 1670
4340 4 2 1 10 344 1658 1651 1690
4341 4 2 1 10 1267 1268 1266 1665
4342 4 2 1 10 1069 1084 1128 1626
4343 4 2 1 10 1356 1449 1311 1635
4344 4 2 1 10 486 1222 1283 1270
4345 4 2 1 10 1235 1236 1679 1705
4346 4 2 1 10 1052 1164 1598 1612
4347 4 2 1 10 93 1612 94 1642
4348 4 2 1 10 1608 1586 1673 1699
4349 4 2 1 10 1172 1603 158 1662
4350 4 2 1 10 1277 1264 1276 1627
4351 4 2 1 10 1576 1579 1611 1670
4352 4 2 1 10 1611 1687 1640 1704
4353 4 2 1 10 1202 1632 1201 1675
4354 4 2 1 10 256 1610 255 1690
4355 4 2 1 10 426 102 139 1675
4356 4 2 1 10 1256 467 1230 1137
4357 4 2 1 10 154 183 168 1661
4358 4 2 1 10 274 1622 257 1690
4359 4 2 1 10 223 1588 1667 1693
4360 4 2 1 10 1198 1196 1210 1711
4361 4 2 1 10 494 1316 1215 1214
4362 4 2 1 10 1318 1316 1648 1678
4363 4 2 1 10 1216 1606 1218 1657
4364 4 2 1 10 142 168 143 1650
4365 4 2 1 10 1409 1445 1308 1656
4366 4 2 1 10 437 434 179 1699
4367 4 2 1 10 187 1182 1177 1190
4368 4 2 1 10 1155 1110 1626 1644
4369 4 2 1 10 170 146 432 1694
4370 4 2 1 10 1127 1104 1178 1713
4371 4 2 1 10 206 1607 1666 1687
4372 4 2 1 10 1166 135 1194 1694
4373 4 2 1 10 1631 1679 1589 1707
4374 4 2 1 10 1248 1420 1313 1682
4375 4 2 1 10 64 80 93 1642
4376 4 2 1 10 467 1058 1230 1137
4377 4 2 1 10 1274 470 1260 1125
4378 4 2 1 10 1249 1610 1226 1645
4379 4 2 1 10 167 208 195 1663
4380 4 2 1 10 492 1396 1192 1307
4381 4 2 1 10 1666 1686 250 1687
4382 4 2 1 10 160 172 1194 135
4383 4 2 1 10 1240 1584 1250 1628
4384 4 2 1 10 114 99 1191 1208
4385 4 2 1 10 1194 1207 483 1694
4386 4 2 1 10 1189 1171 1174 1713
4387 4 2 1 10 153 1663 1650 1672
4388 4 2 1 10 1316 1214 1381 1648
4389 4 2 1 10 1356 1311 1590 1635
4390 4 2 1 10 187 214 228 1641
4391 4 2 1 10 494 1316 1293 1215
4392 4 2 1 10 255 1610 235 1645
4393 4 2 1 10 1079 1636 1156 1647
4394 4 2 1 10 470 1048 1260 1125
4395 4 2 1 10 1192 1216 1206 1581
4396 4 2 1 10 1317 1376 1411 1678
4397 4 2 1 10 1607 1611 1582 1687
4398 4 2 1 10 1411 1376 1308 1656
4399 4 2 1 10 1225 1233 1232 1664
4400 4 2 1 10 1405 1599 1645 1649
4401 4 2 1 10 1427 1342 1671 1696
4402 4 2 1 10 1062 1188 1138 1591
4403 4 2 1 10 1341 1344 1343 1696
4404 4 2 1 10 112 136 113 1211
4405 4 2 1 10 1589 1617 1679 1705
4406 4 2 1 10 1631 1664 1602 1712
4407 4 2 1 10 1607 1640 1611 1687
4408 4 2 1 10 1399 1288 1395 1689
4409 4 2 1 10 1214 1224 1381 1648
4410 4 2 1 10 1376 1670 1656 1678
4411 4 2 1 10 1136 1647 1636 1706
4412 4 2 1 10 88 117 104 1638
4413 4 2 1 10 1583 1682 1627 1709
4414 4 2 1 10 1617 1623 1589 1698
4415 4 2 1 10 1334 1335 1336 1676
4416 4 2 1 10 1616 1618 1602 1707
4417 4 2 1 10 1433 1434 1436 1681
4418 4 2 1 10 220 235 255 1610
4419 4 2 1 10 1106 1159 1160 1625
4420 4 2 1 10 1050 1087 1147 1664
4421 4 2 1 10 255 349 365 1645
4422 4 2 1 10 1086 1643 1158 1674
4423 4 2 1 10 1590 1614 267 1641
4424 4 2 1 10 1208 124 125 1200
4425 4 2 1 10 187 1614 1182 1641
4426 4 2 1 10 252 1687 1611 1704
4427 4 2 1 10 1589 1608 1592 1707
4428 4 2 1 10 269 249 335 1605
4429 4 2 1 10 1192 1218 1216 1606
4430 4 2 1 10 1203 1206 1216 1697
4431 4 2 1 10 1173 1182 1177 187
4432 4 2 1 10 1276 1282 506 1403
4433 4 2 1 10 1181 1310 1163 1641
4434 4 2 1 10 1367 1301 1405 1599
4435 4 2 1 10 1070 1069 1071 1660
4436 4 2 1 10 1326 1604 1447 1671
4437 4 2 1 10 1381 1412 1318 1648
4438 4 2 1 10 1305 339 1440 1442
4439 4 2 1 10 1231 1257 1651 1652
4440 4 2 1 10 1440 1441 350 1303
4441 4 2 1 10 1066 1053 1067 1711
4442 4 2 1 10 1070 1660 1071 1708
4443 4 2 1 10 1075 1074 1156 1636
4444 4 2 1 10 1575 1665 1639 1702
4445 4 2 1 10 250 1666 1657 1686
4446 4 2 1 10 1607 206 1640 1687
4447 4 2 1 10 475 1231 1241 1652
4448 4 2 1 10 1087 1114 1078 1712
4449 4 2 1 10 1330 1593 1332 1633
4450 4 2 1 10 1578 1618 1617 1663
4451 4 2 1 10 1425 1383 1371 1645
4452 4 2 1 10 433 1673 1640 1699
4453 4 2 1 10 1622 1628 237 1690
4454 4 2 1 10 218 1657 250 1666
4455 4 2 1 10 1576 1582 1611 1687
4456 4 2 1 10 178 1607 206 1640
4457 4 2 1 10 1119 1115 1096 1609
4458 4 2 1 10 1348 1410 1354 1710
4459 4 2 1 10 1584 1628 1594 1705
4460 4 2 1 10 1130 1109 1131 1644
4461 4 2 1 10 113 147 137 1211
4462 4 2 1 10 446 448 217 1666
4463 4 2 1 10 338 367 366 1658
4464 4 2 1 10 1199 1201 139 1675
4465 4 2 1 10 1050 1147 1159 1688
4466 4 2 1 10 1092 1148 1131 1703
4467 4 2 1 10 1194 483 1166 1694
4468 4 2 1 10 1186 476 1167 1652
4469 4 2 1 10 330 1635 1590 1641
4470 4 2 1 10 1197 1207 1218 1657
4471 4 2 1 10 1664 1688 1578 1708
4472 4 2 1 10 438 162 190 1673
4473 4 2 1 10 1174 472 1187 1245
4474 4 2 1 10 78 104 89 1626
4475 4 2 1 10 263 227 226 1380
4476 4 2 1 10 1357 1356 1373 1590
4477 4 2 1 10 446 177 448 1624
4478 4 2 1 10 1353 1352 1348 1710
4479 4 2 1 10 243 1615 241 1622
4480 4 2 1 10 472 1255 1187 1245
4481 4 2 1 10 1430 1593 1333 1676
4482 4 2 1 10 184 158 157 1662
4483 4 2 1 10 506 1364 1276 1403
4484 4 2 1 10 1216 1204 1624 1657
4485 4 2 1 10 1211 160 147 1194
4486 4 2 1 10 1321 1398 1362 1709
4487 4 2 1 10 1576 1611 1579 1687
4488 4 2 1 10 1257 1231 476 1652
4489 4 2 1 10 1058 1118 1114 1712
4490 4 2 1 10 132 106 131 1636
4491 4 2 1 10 1371 1304 503 1645
4492 4 2 1 10 1163 479 1309 1310
4493 4 2 1 10 75 86 1063 459
4494 4 2 1 10 1611 1634 1583 1670
4495 4 2 1 10 274 256 338 1690
4496 4 2 1 10 1147 1664 1078 1708
4497 4 2 1 10 330 245 1635 1641
4498 4 2 1 10 352 342 371 1646
4499 4 2 1 10 1103 1109 1108 1706
4500 4 2 1 10 1183 1596 1595 1683
4501 4 2 1 10 273 364 272 1649
4502 4 2 1 10 1229 1251 1248 1627
4503 4 2 1 10 1605 1685 1579 1687
4504 4 2 1 10 433 1607 1640 1673
4505 4 2 1 10 1396 492 1213 1299
4506 4 2 1 10 1408 1349 1343 1696
4507 4 2 1 10 1262 1280 1268 1702
4508 4 2 1 10 1627 1682 1583 1701
4509 4 2 1 10 486 1222 1270 1212
4510 4 2 1 10 1586 1608 1673 1700
4511 4 2 1 10 433 434 1673 1699
4512 4 2 1 10 1358 1600 1599 1649
4513 4 2 1 10 436 151 438 1673
4514 4 2 1 10 1266 1268 1269 1665
4515 4 2 1 10 1196 461 1065 1711
4516 4 2 1 10 1271 1277 1269 1574
4517 4 2 1 10 1378 1312 1635 1653
4518 4 2 1 10 1155 1644 1626 1674
4519 4 2 1 10 1087 1078 1664 1712
4520 4 2 1 10 1417 1418 1455 1683
4521 4 2 1 10 128 1650 1616 1672
4522 4 2 1 10 1238 1253 1241 1622
4523 4 2 1 10 98 83 1221 69
4524 4 2 1 10 175 203 1219 202
4525 4 2 1 10 1158 1643 1091 1703
4526 4 2 1 10 1386 1595 1309 1653
4527 4 2 1 10 1636 1642 91 1647
4528 4 2 1 10 1158 1149 1092 1703
4529 4 2 1 10 64 94 1612 1642
4530 4 2 1 10 1284 468 1137 1278
4531 4 2 1 10 1058 1114 1087 1712
4532 4 2 1 10 1219 173 1194 174
4533 4 2 1 10 1237 1250 1240 1584
4534 4 2 1 10 1189 1164 1598 1713
4535 4 2 1 10 1086 1158 1085 1674
4536 4 2 1 10 1244 1233 1236 1631
4537 4 2 1 10 1607 1666 1582 1697
4538 4 2 1 10 116 115 140 1675
4539 4 2 1 10 71 45 44 458
4540 4 2 1 10 1110 1626 1644 1706
4541 4 2 1 10 491 1223 1213 1299
4542 4 2 1 10 1081 1094 1161 1647
4543 4 2 1 10 1186 1167 1183 1652
4544 4 2 1 10 89 1626 104 1637
4545 4 2 1 10 503 1406 1249 1645
4546 4 2 1 10 1253 1238 1235 1705
4547 4 2 1 10 1182 1614 1173 1619
4548 4 2 1 10 1616 1638 128 1672
4549 4 2 1 10 1311 1310 1373 1590
4550 4 2 1 10 1369 1344 1370 1668
4551 4 2 1 10 1101 1149 1046 1703
4552 4 2 1 10 1350 1427 1342 1671
4553 4 2 1 10 165 180 439 1663
4554 4 2 1 10 190 1624 446 1666
4555 4 2 1 10 1589 1698 1623 1705
4556 4 2 1 10 1155 1626 1084 1674
4557 4 2 1 10 1461 1454 341 1680
4558 4 2 1 10 1427 1443 1326 1671
4559 4 2 1 10 246 216 215 1614
4560 4 2 1 10 1065 461 1053 1711
4561 4 2 1 10 1248 1313 1420 504
4562 4 2 1 10 1237 1238 1628 1705
4563 4 2 1 10 1164 1179 1598 1612
4564 4 2 1 10 1589 1663 1608 1707
4565 4 2 1 10 180 193 207 1698
4566 4 2 1 10 1450 1437 1311 1635
4567 4 2 1 10 92 91 120 1647
4568 4 2 1 10 1093 1083 1053 1674
4569 4 2 1 10 1317 1320 1376 1670
4570 4 2 1 10 1248 1258 1229 1627
4571 4 2 1 10 1194 161 147 1200
4572 4 2 1 10 1236 1237 1239 1584
4573 4 2 1 10 230 451 450 1657
4574 4 2 1 10 433 1607 178 1640
4575 4 2 1 10 331 265 1393 354
4576 4 2 1 10 71 44 70 458
4577 4 2 1 10 1342 1340 1341 1696
4578 4 2 1 10 95 1113 1116 1612
4579 4 2 1 10 1053 461 1198 1711
4580 4 2 1 10 483 1619 1166 1694
4581 4 2 1 10 1425 1371 1439 1669
4582 4 2 1 10 1217 1195 1214 1648
4583 4 2 1 10 1278 468 1137 1107
4584 4 2 1 10 1636 1637 1626 1706
4585 4 2 1 10 1179 1180 1598 1612
4586 4 2 1 10 1456 1443 1350 1671
4587 4 2 1 10 1426 1383 339 1649
4588 4 2 1 10 1099 1102 79 1706
4589 4 2 1 10 195 181 1617 1623
4590 4 2 1 10 359 336 1604 1676
4591 4 2 1 10 338 344 274 1690
4592 4 2 1 10 1196 462 1123 1065
4593 4 2 1 10 179 1698 444 1699
4594 4 2 1 10 253 219 233 1593
4595 4 2 1 10 1301 1406 1405 1599
4596 4 2 1 10 1106 1127 463 1243
4597 4 2 1 10 1094 1609 1161 1647
4598 4 2 1 10 204 206 1666 1687
4599 4 2 1 10 330 266 245 1641
4600 4 2 1 10 1201 1202 1203 1624
4601 4 2 1 10 1618 1663 1578 1707
4602 4 2 1 10 98 83 97 1221
4603 4 2 1 10 1144 83 97 1049
4604 4 2 1 10 10 75 1063 55
4605 4 2 1 10 245 266 228 1641
4606 4 2 1 10 351 367 350 1669
4607 4 2 1 10 1579 1670 1656 1671
4608 4 2 1 10 491 1382 1223 1299
4609 4 2 1 10 1423 1380 1422 1653
4610 4 2 1 10 1198 1601 1053 1711
4611 4 2 1 10 1156 1074 1136 1636
4612 4 2 1 10 1398 1397 1364 1709
4613 4 2 1 10 1420 504 1249 1682
4614 4 2 1 10 276 243 241 1622
4615 4 2 1 10 1163 479 1310 1181
4616 4 2 1 10 203 175 1219 176
4617 4 2 1 10 1301 1420 1249 1682
4618 4 2 1 10 113 147 1211 136
4619 4 2 1 10 1317 1670 1376 1678
4620 4 2 1 10 1293 1445 493 1215
4621 4 2 1 10 1370 1457 357 1355
4622 4 2 1 10 1233 1225 1234 1679
4623 4 2 1 10 178 1640 206 1704
4624 4 2 1 10 179 192 193 1704
4625 4 2 1 10 1459 1432 1360 1689
4626 4 2 1 10 1643 1674 1644 1703
4627 4 2 1 10 1607 1586 1673 1697
4628 4 2 1 10 1168 1614 1175 1619
4629 4 2 1 10 1635 1668 1353 1710
4630 4 2 1 10 1091 1643 1046 1703
4631 4 2 1 10 1608 1663 1589 1699
4632 4 2 1 10 1415 1426 347 1649
4633 4 2 1 10 1433 1646 1401 1681
4634 4 2 1 10 1198 461 1196 1711
4635 4 2 1 10 1401 1646 1434 1681
4636 4 2 1 10 1623 1698 1628 1705
4637 4 2 1 10 1376 1456 1308 1656
4638 4 2 1 10 1423 1422 1424 1653
4639 4 2 1 10 1129 62 26 1051
4640 4 2 1 10 1608 1663 1618 1707
4641 4 2 1 10 1450 1449 1354 1635
4642 4 2 1 10 1249 504 1248 1682
4643 4 2 1 10 484 1168 1175 1619
4644 4 2 1 10 1189 1178 1164 1713
4645 4 2 1 10 1212 1196 1222 1659
4646 4 2 1 10 1214 1195 1224 1648
4647 4 2 1 10 1610 1628 1250 1690
4648 4 2 1 10 1576 1579 1656 1685
4649 4 2 1 10 1071 1073 1135 1708
4650 4 2 1 10 223 198 240 1693
4651 4 2 1 10 1582 1666 1607 1687
4652 4 2 1 10 1408 1605 1349 1696
4653 4 2 1 10 358 1336 1375 1374
4654 4 2 1 10 1119 1161 1098 1609
4655 4 2 1 10 230 450 447 1657
4656 4 2 1 10 1233 1235 1236 1679
4657 4 2 1 10 1576 1611 1582 1670
4658 4 2 1 10 1093 1053 1601 1674
4659 4 2 1 10 231 200 216 1614
4660 4 2 1 10 460 1093 1053 1692
4661 4 2 1 10 1253 1235 1577 1705
4662 4 2 1 10 1440 1425 339 1305
4663 4 2 1 10 1608 1618 1616 1707
4664 4 2 1 10 1173 1184 1619 1694
4665 4 2 1 10 1595 1641 1309 1653
4666 4 2 1 10 1372 1363 1438 1677
4667 4 2 1 10 1123 1222 462 1196
4668 4 2 1 10 78 88 104 1626
4669 4 2 1 10 1152 1116 95 1142
4670 4 2 1 10 1244 1232 1233 1631
4671 4 2 1 10 220 256 221 1690
4672 4 2 1 10 95 1116 1141 1142
4673 4 2 1 10 1135 1159 1147 1688
4674 4 2 1 10 259 342 352 1646
4675 4 2 1 10 1284 1256 496 1272
4676 4 2 1 10 217 204 446 1666
4677 4 2 1 10 135 1166 146 1694
4678 4 2 1 10 1319 1397 1321 1709
4679 4 2 1 10 1178 1174 1187 1713
4680 4 2 1 10 135 146 159 1694
4681 4 2 1 10 1598 1603 1189 1662
4682 4 2 1 10 1110 1109 1076 1706
4683 4 2 1 10 124 1208 1211 1200
4684 4 2 1 10 1135 1147 1078 1708
4685 4 2 1 10 457 1059 1113 1612
4686 4 2 1 10 106 131 1636 1637
4687 4 2 1 10 102 1199 139 1675
4688 4 2 1 10 1068 1077 1145 1655
4689 4 2 1 10 1252 1622 1231 1651
4690 4 2 1 10 1324 1322 1377 1634
4691 4 2 1 10 1608 1673 1672 1699
4692 4 2 1 10 1356 1311 1373 1590
4693 4 2 1 10 102 87 1191 1199
4694 4 2 1 10 232 252 204 1687
4695 4 2 1 10 69 98 84 1221
4696 4 2 1 10 151 127 162 1673
4697 4 2 1 10 1120 1079 1081 1647
4698 4 2 1 10 1130 1644 1108 1706
4699 4 2 1 10 147 137 1211 1200
4700 4 2 1 10 1198 1601 1191 1692
4701 4 2 1 10 1183 1595 1315 1683
4702 4 2 1 10 1110 1644 1109 1706
4703 4 2 1 10 1433 1401 1646 1669
4704 4 2 1 10 1333 1327 1334 1676
4705 4 2 1 10 364 1645 272 1649
4706 4 2 1 10 1262 1279 1272 1702
4707 4 2 1 10 1420 1301 1249 504
4708 4 2 1 10 454 1187 1127 1178
4709 4 2 1 10 1264 1282 1258 500
4710 4 2 1 10 1218 1192 1213 1606
4711 4 2 1 10 277 242 1680 1683
4712 4 2 1 10 1592 1608 1589 1699
4713 4 2 1 10 1579 1604 1671 1696
4714 4 2 1 10 1255 463 1127 1243
4715 4 2 1 10 1287 1296 1297 1677
4716 4 2 1 10 1231 1167 476 1652
4717 4 2 1 10 1092 1131 1644 1703
4718 4 2 1 10 1237 1235 1238 1705
4719 4 2 1 10 485 1185 1168 1223
4720 4 2 1 10 1275 509 1381 1412
4721 4 2 1 10 503 1249 1226 1645
4722 4 2 1 10 1454 341 1298 1461
4723 4 2 1 10 1283 471 1274 1123
4724 4 2 1 10 1214 495 1316 1381
4725 4 2 1 10 165 1663 439 1672
4726 4 2 1 10 218 448 177 1624
4727 4 2 1 10 1301 1362 1420 1682
4728 4 2 1 10 259 1646 352 1680
4729 4 2 1 10 1250 1658 1610 1690
4730 4 2 1 10 1622 1651 1252 1690
4731 4 2 1 10 1170 1169 1165 1667
4732 4 2 1 10 1238 1628 1622 1690
4733 4 2 1 10 247 1686 1684 1687
4734 4 2 1 10 17 1643 1090 1691
4735 4 2 1 10 1581 1656 1605 1685
4736 4 2 1 10 1177 1169 1615 1652
4737 4 2 1 10 255 1645 365 1658
4738 4 2 1 10 1369 1289 356 1370
4739 4 2 1 10 1323 1376 1320 1670
4740 4 2 1 10 1643 1674 1086 1691
4741 4 2 1 10 1316 1381 1318 1648
4742 4 2 1 10 1590 1614 1606 1684
4743 4 2 1 10 1186 1402 1257 1646
4744 4 2 1 10 1177 1615 1169 1667
4745 4 2 1 10 231 200 1614 1684
4746 4 2 1 10 1433 1669 1646 1681
4747 4 2 1 10 1586 1673 1632 1700
4748 4 2 1 10 1175 1168 1182 1614
4749 4 2 1 10 483 1207 484 1619
4750 4 2 1 10 1175 1614 1182 1619
4751 4 2 1 10 1333 1593 1328 1676
4752 4 2 1 10 503 1304 1406 1645
4753 4 2 1 10 1597 1618 1587 1650
4754 4 2 1 10 1596 1646 259 1680
4755 4 2 1 10 1202 1201 1199 1675
4756 4 2 1 10 1640 1673 1586 1699
4757 4 2 1 10 149 176 1200 148
4758 4 2 1 10 1293 1411 1445 1678
4759 4 2 1 10 1618 1663 1608 1672
4760 4 2 1 10 1325 1327 1328 1677
4761 4 2 1 10 1379 1312 1378 1653
4762 4 2 1 10 338 255 1658 1690
4763 4 2 1 10 1313 1403 505 1258
4764 4 2 1 10 1459 1431 1432 1689
4765 4 2 1 10 1616 1618 1608 1672
4766 4 2 1 10 1413 356 1289 1370
4767 4 2 1 10 1078 1070 1071 1708
4768 4 2 1 10 1133 1086 1064 1691
4769 4 2 1 10 177 162 1624 1673
4770 4 2 1 10 1085 1084 1083 1674
4771 4 2 1 10 1224 495 1214 1381
4772 4 2 1 10 1248 1251 1249 1682
4773 4 2 1 10 103 1638 116 1675
4774 4 2 1 10 1127 454 1178 1104
4775 4 2 1 10 89 105 90 1644
4776 4 2 1 10 1328 1593 1330 1677
4777 4 2 1 10 277 242 259 1680
4778 4 2 1 10 199 241 243 1615
4779 4 2 1 10 1381 1281 509 1275
4780 4 2 1 10 167 1663 153 1672
4781 4 2 1 10 1338 1604 357 1696
4782 4 2 1 10 1204 1657 1207 1695
4783 4 2 1 10 1456 1428 1656 1671
4784 4 2 1 10 1219 1204 1207 1695
4785 4 2 1 10 1096 1161 1119 1609
4786 4 2 1 10 1240 1249 1251 1682
4787 4 2 1 10 1221 1062 1139 1591
4788 4 2 1 10 1457 1391 357 1355
4789 4 2 1 10 191 192 164 1704
4790 4 2 1 10 126 114 1191 100
4791 4 2 1 10 171 159 188 1695
4792 4 2 1 10 1401 1400 501 1669
4793 4 2 1 10 471 1125 1274 1123
4794 4 2 1 10 1093 1674 1601 1692
4795 4 2 1 10 255 1610 1645 1658
4796 4 2 1 10 342 1646 259 1651
4797 4 2 1 10 91 1642 120 1647
4798 4 2 1 10 1432 1415 1385 347
4799 4 2 1 10 422 76 87 1692
4800 4 2 1 10 177 190 162 1673
4801 4 2 1 10 1219 1207 1194 1695
4802 4 2 1 10 1190 1163 1595 1641
4803 4 2 1 10 1315 477 1183 1186
4804 4 2 1 10 1360 1458 1459 1689
4805 4 2 1 10 1378 1424 1379 1653
4806 4 2 1 10 1441 349 292 1442
4807 4 2 1 10 1221 1139 97 1591
4808 4 2 1 10 1592 1589 1698 1699
4809 4 2 1 10 351 350 1433 1669
4810 4 2 1 10 1256 1246 496 1272
4811 4 2 1 10 1087 1078 1147 1664
4812 4 2 1 10 1179 1180 1164 1598
4813 4 2 1 10 1382 1181 480 1185
4814 4 2 1 10 148 176 1200 175
4815 4 2 1 10 1203 1204 1201 1624
4816 4 2 1 10 505 1248 1313 1258
4817 4 2 1 10 466 1058 1230 467
4818 4 2 1 10 1237 1628 1584 1705
4819 4 2 1 10 1102 79 1103 1045
4820 4 2 1 10 1247 1646 1401 1669
4821 4 2 1 10 1105 1136 1076 1706
4822 4 2 1 10 475 1241 474 1169
4823 4 2 1 10 1265 488 1209 489
4824 4 2 1 10 227 1635 1641 1653
4825 4 2 1 10 1228 1234 1245 1577
4826 4 2 1 10 1346 1348 1345 1710
4827 4 2 1 10 1342 1343 1349 1696
4828 4 2 1 10 1180 1166 1172 1603
4829 4 2 1 10 90 89 1644 1703
4830 4 2 1 10 1237 1584 1236 1705
4831 4 2 1 10 1593 1604 336 1676
4832 4 2 1 10 1177 1170 1173 1667
4833 4 2 1 10 1235 1237 1236 1705
4834 4 2 1 10 140 127 1673 1675
4835 4 2 1 10 368 355 356 1710
4836 4 2 1 10 1181 1182 1614 1641
4837 4 2 1 10 166 439 1663 1672
4838 4 2 1 10 359 1604 358 1676
4839 4 2 1 10 1352 1345 1348 1710
4840 4 2 1 10 161 1194 1219 1200
4841 4 2 1 10 1617 1589 1663 1698
4842 4 2 1 10 422 420 12 1691
4843 4 2 1 10 485 1168 1197 1223
4844 4 2 1 10 120 93 107 1642
4845 4 2 1 10 129 1650 128 1672
4846 4 2 1 10 140 1672 141 1675
4847 4 2 1 10 1579 1671 1605 1696
4848 4 2 1 10 1053 1601 1198 1692
4849 4 2 1 10 1090 1643 1132 1691
4850 4 2 1 10 1183 1314 477 1315
4851 4 2 1 10 1434 1401 1451 1680
4852 4 2 1 10 217 218 250 1666
4853 4 2 1 10 1258 1229 1264 500
4854 4 2 1 10 1086 1133 1132 1691
4855 4 2 1 10 1155 1128 1084 1626
4856 4 2 1 10 265 1635 1378 1710
4857 4 2 1 10 1327 1335 1334 1676
4858 4 2 1 10 351 1669 1433 1681
4859 4 2 1 10 1382 1181 1310 480
4860 4 2 1 10 507 1364 1276 506
4861 4 2 1 10 350 367 365 1669
4862 4 2 1 10 1210 1196 1212 1659
4863 4 2 1 10 1088 1159 1135 1688
4864 4 2 1 10 1270 487 486 1212
4865 4 2 1 10 1449 1450 1311 1635
4866 4 2 1 10 1099 79 62 1706
4867 4 2 1 10 1339 1391 357 1457
4868 4 2 1 10 1331 1329 1330 1633
4869 4 2 1 10 1174 473 472 1245
4870 4 2 1 10 1218 1213 1197 1606
4871 4 2 1 10 331 1424 1378 1653
4872 4 2 1 10 347 364 345 1649
4873 4 2 1 10 359 253 336 1676
4874 4 2 1 10 117 128 129 1650
4875 4 2 1 10 1241 1231 1252 1622
4876 4 2 1 10 1144 1150 83 1057
4877 4 2 1 10 1082 1065 1066 1711
4878 4 2 1 10 1369 1370 356 1668
4879 4 2 1 10 180 444 1698 1699
4880 4 2 1 10 1226 1371 503 1645
4881 4 2 1 10 329 263 309 1380
4882 4 2 1 10 421 420 1674 1691
4883 4 2 1 10 1579 1576 1656 1670
4884 4 2 1 10 1579 1656 1605 1671
4885 4 2 1 10 1259 508 1290 507
4886 4 2 1 10 216 231 1614 1684
4887 4 2 1 10 1413 1457 357 1370
4888 4 2 1 10 1433 350 1439 1669
4889 4 2 1 10 80 64 1609 1647
4890 4 2 1 10 1336 1374 358 1676
4891 4 2 1 10 1309 1595 1163 1641
4892 4 2 1 10 1216 1204 1203 1624
4893 4 2 1 10 125 99 124 1208
4894 4 2 1 10 1436 1453 1435 1681
4895 4 2 1 10 1150 458 1139 1221
4896 4 2 1 10 342 371 1646 1651
4897 4 2 1 10 1268 1279 1262 1702
4898 4 2 1 10 483 484 1175 1619
4899 4 2 1 10 475 1167 1231 1652
4900 4 2 1 10 94 81 64 1612
4901 4 2 1 10 1165 474 473 1228
4902 4 2 1 10 245 227 1635 1641
4903 4 2 1 10 1079 1156 1080 1647
4904 4 2 1 10 1233 1234 1235 1679
4905 4 2 1 10 1421 1366 359 1677
4906 4 2 1 10 482 483 1166 1194
4907 4 2 1 10 1383 1414 1645 1649
4908 4 2 1 10 107 80 92 1647
4909 4 2 1 10 1454 1680 1452 1683
4910 4 2 1 10 329 1423 1380 309
4911 4 2 1 10 497 1262 1227 498
4912 4 2 1 10 223 1667 198 1693
4913 4 2 1 10 1183 1167 1190 1652
4914 4 2 1 10 161 1219 175 1200
4915 4 2 1 10 501 1401 1247 1646
4916 4 2 1 10 1443 1427 1350 1671
4917 4 2 1 10 1062 1221 372 1188
4918 4 2 1 10 1193 1261 487 488
4919 4 2 1 10 1235 1679 1577 1705
4920 4 2 1 10 1234 1577 1235 1679
4921 4 2 1 10 336 363 369 1604
4922 4 2 1 10 357 1339 1457 1413
4923 4 2 1 10 1181 1163 1182 1641
4924 4 2 1 10 492 491 1213 1299
4925 4 2 1 10 1425 339 1305 1426
4926 4 2 1 10 1370 1355 357 1668
4927 4 2 1 10 1359 1431 1459 1689
4928 4 2 1 10 1148 1092 1149 1703
4929 4 2 1 10 1100 79 62 1099
4930 4 2 1 10 358 357 1338 1604
4931 4 2 1 10 1189 1598 1180 1603
4932 4 2 1 10 1093 1601 1053 1692
4933 4 2 1 10 499 1271 498 1242
4934 4 2 1 10 1382 1185 377 1223
4935 4 2 1 10 217 232 204 1687
4936 4 2 1 10 1167 475 1231 476
4937 4 2 1 10 1186 1315 477 1402
4938 4 2 1 10 96 424 110 1591
4939 4 2 1 10 1316 494 495 1214
4940 4 2 1 10 1239 1237 1240 1584
4941 4 2 1 10 1164 456 1179 1612
4942 4 2 1 10 217 251 232 1687
4943 4 2 1 10 1315 1451 1402 1680
4944 4 2 1 10 245 265 330 1635
4945 4 2 1 10 1249 1240 1226 1610
4946 4 2 1 10 1406 1304 1405 1645
4947 4 2 1 10 437 165 1672 1699
4948 4 2 1 10 465 466 1087 1232
4949 4 2 1 10 1650 1663 1618 1672
4950 4 2 1 10 1361 1392 358 1375
4951 4 2 1 10 129 153 1650 1672
4952 4 2 1 10 177 1624 190 1673
4953 4 2 1 10 1250 1628 1238 1690
4954 4 2 1 10 1663 1698 1589 1699
4955 4 2 1 10 1079 1080 1081 1647
4956 4 2 1 10 1127 373 1255 1187
4957 4 2 1 10 1315 1460 1452 1683
4958 4 2 1 10 1283 1123 1222 374
4959 4 2 1 10 1045 1108 79 1103
4960 4 2 1 10 1381 1224 378 1281
4961 4 2 1 10 1182 1168 1181 1614
4962 4 2 1 10 1191 1198 1199 1601
4963 4 2 1 10 357 1668 1355 1696
4964 4 2 1 10 376 1257 1186 1402
4965 4 2 1 10 1065 1196 462 461
4966 4 2 1 10 447 1657 450 1695
4967 4 2 1 10 1383 1645 339 1649
4968 4 2 1 10 1137 1256 375 1284
4969 4 2 1 10 481 1211 1176 1591
4970 4 2 1 10 1414 1405 1304 1645
4971 4 2 1 10 452 449 213 1596
4972 4 2 1 10 1130 1109 1644 1706
4973 4 2 1 10 461 1053 1198 460
4974 4 2 1 10 1238 1622 1252 1690
4975 4 2 1 10 458 1150 69 1221
4976 4 2 1 10 1313 1248 505 504
4977 4 2 1 10 460 1053 1198 1692
4978 4 2 1 10 464 1106 463 1243
4979 4 2 1 10 1403 1282 379 1258
4980 4 2 1 10 1177 1169 1170 1667
4981 4 2 1 10 350 1439 1440 1303
4982 4 2 1 10 1188 1062 1221 1591
4983 4 2 1 10 489 490 1195 1263
4984 4 2 1 10 349 1439 1440 350
4985 4 2 1 10 1656 1670 1576 1678
4986 4 2 1 10 1250 1237 1238 1628
4987 4 2 1 10 1436 1434 1453 1681
4988 4 2 1 10 1438 1329 1372 1677
4989 4 2 1 10 1346 1410 1348 1710
4990 4 2 1 10 1301 1249 504 1406
4991 4 2 1 10 1610 1658 255 1690
4992 4 2 1 10 62 27 26 1051
4993 4 2 1 10 1327 1325 1297 1677
4994 4 2 1 10 1194 147 1211 1200
4995 4 2 1 10 1102 1105 1103 1706
4996 4 2 1 10 456 455 1052 1164
4997 4 2 1 10 1179 1059 457 1612
4998 4 2 1 10 1163 1190 1182 1641
4999 4 2 1 10 1066 1065 1053 1711
5000 4 2 1 10 1178 1189 1174 1713
5001 4 2 1 10 1454 1452 1460 1683
5002 4 2 1 10 242 1596 259 1680
5003 4 2 1 10 1344 1369 1352 1668
5004 4 2 1 10 1383 1415 1414 1649
5005 4 2 1 10 205 191 443 1704
5006 4 2 1 10 1453 1452 1461 1680
5007 4 2 1 10 140 141 116 1675
5008 4 2 1 10 1130 1644 1131 1703
5009 4 2 1 10 1307 1192 492 493
5010 4 2 1 10 85 74 73 459
5011 4 2 1 10 1456 1428 1308 1656
5012 4 2 1 10 255 339 349 1645
5013 4 2 1 10 1071 1135 1078 1708
5014 4 2 1 10 453 247 200 1684
5015 4 2 1 10 151 140 127 1673
5016 4 2 1 10 502 1226 1247 1669
5017 4 2 1 10 481 1176 1188 1591
5018 4 2 1 10 218 451 230 1657
5019 4 2 1 10 1169 1167 475 1652
5020 4 2 1 10 1636 1647 92 1706
5021 4 2 1 10 1107 1278 468 469
5022 4 2 1 10 1417 1455 1388 1683
5023 4 2 1 10 1240 1250 1226 1610
5024 4 2 1 10 1080 1094 1081 1647
5025 4 2 1 10 1433 1400 1401 1669
5026 4 2 1 10 1206 1203 1205 1697
5027 4 2 1 10 1207 1204 1218 1657
5028 4 2 1 10 273 1600 234 1633
5029 4 2 1 10 1325 1328 1329 1677
5030 4 2 1 10 244 1389 1418 1683
5031 4 2 1 10 1414 1359 1358 1649
5032 4 2 1 10 84 1208 458 1221
5033 4 2 1 10 1260 469 1048 470
5034 4 2 1 10 141 439 166 1672
5035 4 2 1 10 180 1698 1663 1699
5036 4 2 1 10 1651 1658 1252 1690
5037 4 2 1 10 1133 1061 1132 1691
5038 4 2 1 10 1225 464 1050 465
5039 4 2 1 10 1576 1579 1685 1687
5040 4 2 1 10 152 141 166 1672
5041 4 2 1 10 1353 1668 1352 1710
5042 4 2 1 10 165 437 179 1699
5043 4 2 1 10 70 84 71 458
5044 4 2 1 10 350 1433 1439 1303
5045 4 2 1 10 454 1178 1104 455
5046 4 2 1 10 456 1151 1059 1612
5047 4 2 1 10 479 1310 1181 480
5048 4 2 1 10 1175 1182 1173 1619
5049 4 2 1 10 1250 1226 1610 1658
5050 4 2 1 10 1399 1395 1459 1689
5051 4 2 1 10 1060 1134 1133 1691
5052 4 2 1 10 1626 1644 78 1674
5053 4 2 1 10 341 1680 352 1681
5054 4 2 1 10 230 250 1657 1686
5055 4 2 1 10 1309 479 1163 478
5056 4 2 1 10 1401 501 1247 1669
5057 4 2 1 10 372 458 1221 1062
5058 4 2 1 10 1399 1459 1458 1689
5059 4 2 1 10 1314 1315 1183 1595
5060 4 2 1 10 442 188 159 1695
5061 4 2 1 10 79 61 1102 1100
5062 4 2 1 10 165 1663 1672 1699
5063 4 2 1 10 1446 1436 1435 1681
5064 4 2 1 10 92 1647 62 1706
5065 4 2 1 10 1177 1167 1169 1652
5066 4 2 1 10 1125 1274 470 471
5067 4 2 1 10 437 165 140 1672
5068 4 2 1 10 341 1435 1461 1453
5069 4 2 1 10 210 240 211 1693
5070 4 2 1 10 1055 81 95 1152
5071 4 2 1 10 1314 1315 1595 1683
5072 4 2 1 10 378 1381 1281 509
5073 4 2 1 10 1250 1252 1658 1690
5074 4 2 1 10 1352 1353 1344 1668
5075 4 2 1 10 1223 377 1382 491
5076 4 2 1 10 1059 1179 457 456
5077 4 2 1 10 344 366 260 1651
5078 4 2 1 10 1205 1217 1206 1697
5079 4 2 1 10 1302 1303 350 296
5080 4 2 1 10 1216 1218 1204 1657
5081 4 2 1 10 1101 1148 1149 1703
5082 4 2 1 10 1646 1651 371 1669
5083 4 2 1 10 1198 1191 460 1692
5084 4 2 1 10 350 1433 1303 1302
5085 4 2 1 10 496 1246 497 1272
5086 4 2 1 10 495 1224 378 1381
5087 4 2 1 10 482 1176 481 1211
5088 4 2 1 10 1238 1241 1252 1622
5089 4 2 1 10 330 265 355 1635
5090 4 2 1 10 216 1614 268 1684
5091 4 2 1 10 248 231 216 1684
5092 4 2 1 10 462 1222 1123 374
5093 4 2 1 10 268 216 246 1614
5094 4 2 1 10 76 10 1063 56
5095 4 2 1 10 493 494 1293 1215
5096 4 2 1 10 175 148 161 1200
5097 4 2 1 10 1093 1691 1674 1692
5098 4 2 1 10 137 161 148 1200
5099 4 2 1 10 1123 1283 471 374
5100 4 2 1 10 253 1593 336 1676
5101 4 2 1 10 102 76 1191 87
5102 4 2 1 10 373 1255 463 1127
5103 4 2 1 10 1342 1341 1343 1696
5104 4 2 1 10 503 1371 1226 502
5105 4 2 1 10 1633 1649 1331 1689
5106 4 2 1 10 1353 1347 1344 1668
5107 4 2 1 10 244 452 242 1683
5108 4 2 1 10 1187 1127 373 454
5109 4 2 1 10 1411 1293 1317 1678
5110 4 2 1 10 1674 1691 420 1692
5111 4 2 1 10 1112 1059 1111 1612
5112 4 2 1 10 1401 1402 1451 1646
5113 4 2 1 10 1164 1180 1189 1598
5114 4 2 1 10 1252 1247 1226 1658
5115 4 2 1 10 478 1183 1314 477
5116 4 2 1 10 349 1439 350 1669
5117 4 2 1 10 1316 1317 1293 1678
5118 4 2 1 10 1441 349 1440 350
5119 4 2 1 10 1146 1130 90 1644
5120 4 2 1 10 1045 1102 61 1100
5121 4 2 1 10 201 171 447 1695
5122 4 2 1 10 1315 1452 1680 1683
5123 4 2 1 10 180 165 444 1699
5124 4 2 1 10 1138 1188 1062 457
5125 4 2 1 10 1250 1238 1252 1690
5126 4 2 1 10 338 365 367 1658
5127 4 2 1 10 1294 1392 358 1390
5128 4 2 1 10 1197 484 1168 485
5129 4 2 1 10 1321 1397 1398 1709
5130 4 2 1 10 1221 1211 481 1591
5131 4 2 1 10 1586 1640 1607 1673
5132 4 2 1 10 371 1651 367 1669
5133 4 2 1 10 1185 480 1382 377
5134 4 2 1 10 496 375 1256 1284
5135 4 2 1 10 1221 481 372 1188
5136 4 2 1 10 379 505 1403 1258
5137 4 2 1 10 1295 358 1365 1374
5138 4 2 1 10 1282 379 1258 500
5139 4 2 1 10 483 1175 1166 1619
5140 4 2 1 10 375 467 1256 1137
5141 4 2 1 10 456 1059 1179 1612
5142 4 2 1 10 217 204 1666 1687
5143 4 2 1 10 1432 1649 347 1689
5144 4 2 1 10 476 1257 1186 376
5145 4 2 1 10 114 125 1191 99
5146 4 2 1 10 1685 1686 1666 1687
5147 4 2 1 10 501 1257 376 1402
5148 4 2 1 10 66 81 1055 65
5149 4 2 1 10 1608 1672 1663 1699
5150 4 2 1 10 1226 1645 1610 1658
5151 4 2 1 10 458 69 84 1221
5152 4 2 1 10 1172 1170 1171 1662
5153 4 2 1 10 460 1191 1063 1692
5154 4 2 1 10 1401 1646 1451 1680
5155 4 2 1 10 1325 1287 1297 1677
5156 4 2 1 10 1412 1275 509 508
5157 4 2 1 10 22 59 1146 21
5158 4 2 1 10 458 1139 1221 1062
5159 4 2 1 10 500 1229 1264 499
5160 4 2 1 10 1064 1691 1093 1692
5161 4 2 1 10 126 101 100 1191
5162 4 2 1 10 1134 1061 1133 1691
5163 4 2 1 10 248 216 268 1684
5164 4 2 1 10 1388 1314 1417 1683
5165 4 2 1 10 1440 1425 349 339
5166 4 2 1 10 1142 66 1055 1143
5167 4 2 1 10 485 377 1185 1223
5168 4 2 1 10 1380 1419 1422 1653
5169 4 2 1 10 501 1402 1401 1646
5170 4 2 1 10 468 1137 375 1284
5171 4 2 1 10 1221 481 1188 1591
5172 4 2 1 10 373 472 1255 1187
5173 4 2 1 10 1329 1330 1633 1677
5174 4 2 1 10 115 127 140 1675
5175 4 2 1 10 1371 1383 1304 1645
5176 4 2 1 10 338 255 365 1658
5177 4 2 1 10 105 60 90 1644
5178 4 2 1 10 1581 1666 1685 1686
5179 4 2 1 10 1186 477 376 1402
5180 4 2 1 10 1300 1418 1417 1654
5181 4 2 1 10 166 194 167 1663
5182 4 2 1 10 230 200 247 1686
5183 4 2 1 10 1415 1431 1359 1649
5184 4 2 1 10 359 325 326 1366
5185 4 2 1 10 1190 1167 1177 1652
5186 4 2 1 10 1576 1670 1582 1678
5187 4 2 1 10 1359 1459 1395 1689
5188 4 2 1 10 1581 1576 1656 1685
5189 4 2 1 10 374 1222 1283 486
5190 4 2 1 10 502 1371 1226 1669
5191 4 2 1 10 1451 1646 1402 1680
5192 4 2 1 10 1304 1383 1414 1645
5193 4 2 1 10 339 1645 364 1649
5194 4 2 1 10 367 1651 366 1658
5195 4 2 1 10 372 1062 1188 457
5196 4 2 1 10 273 272 1600 1649
5197 4 2 1 10 1327 1676 1328 1677
5198 4 2 1 10 1163 1309 478 1595
5199 4 2 1 10 122 112 1221 1211
5200 4 2 1 10 1434 1646 1680 1681
5201 4 2 1 10 369 358 359 1604
5202 4 2 1 10 1083 1086 1085 1674
5203 4 2 1 10 490 378 1224 1281
5204 4 2 1 10 1460 1455 1454 1683
5205 4 2 1 10 1434 1646 1401 1680
5206 4 2 1 10 1250 1252 1226 1658
5207 4 2 1 10 1385 1426 1384 347
5208 4 2 1 10 342 260 366 1651
5209 4 2 1 10 1458 1360 283 1689
5210 4 2 1 10 76 1191 87 1692
5211 4 2 1 10 1406 1249 504 503
5212 4 2 1 10 365 349 350 1669
5213 4 2 1 10 1616 1650 1618 1672
5214 4 2 1 10 1314 1460 1315 1683
5215 4 2 1 10 1282 506 1403 379
5216 4 2 1 10 1325 1329 1438 1677
5217 4 2 1 10 1175 1173 1184 1619
5218 4 2 1 10 1190 1163 1183 1595
5219 4 2 1 10 205 252 1611 1704
5220 4 2 1 10 200 1684 247 1686
5221 4 2 1 10 351 1433 1436 1681
5222 4 2 1 10 1083 1093 1086 1674
5223 4 2 1 10 1400 1433 1439 1669
5224 4 2 1 10 211 196 210 1693
5225 4 2 1 10 367 1658 365 1669
5226 4 2 1 10 284 345 283 1689
5227 4 2 1 10 12 76 422 1691
5228 4 2 1 10 422 420 1691 1692
5229 4 2 1 10 460 1063 1064 1692
5230 4 2 1 10 1359 1649 1431 1689
5231 4 2 1 10 165 180 1663 1699
5232 4 2 1 10 62 26 25 1129
5233 4 2 1 10 1315 1452 1451 1680
5234 4 2 1 10 359 336 369 1604
5235 4 2 1 10 1593 1600 1332 1633
5236 4 2 1 10 442 159 1694 1695
5237 4 2 1 10 1453 1461 341 1680
5238 4 2 1 10 501 1247 1257 1646
5239 4 2 1 10 1060 1133 1064 1691
5240 4 2 1 10 1103 1108 79 1706
5241 4 2 1 10 1422 1379 1424 1653
5242 4 2 1 10 97 122 98 1591
5243 4 2 1 10 284 346 345 1689
5244 4 2 1 10 1109 1103 1105 1706
5245 4 2 1 10 444 179 193 1698
5246 4 2 1 10 153 130 129 1650
5247 4 2 1 10 1141 1054 82 1142
5248 4 2 1 10 1166 1619 1184 1694
5249 4 2 1 10 263 227 1380 329
5250 4 2 1 10 1183 478 1314 1595
5251 4 2 1 10 1384 1305 339 1426
5252 4 2 1 10 1183 1163 478 1595
5253 4 2 1 10 501 1257 1402 1646
5254 4 2 1 10 1226 1658 1247 1669
5255 4 2 1 10 1097 1095 29 1609
5256 4 2 1 10 1063 76 56 1692
5257 4 2 1 10 61 79 62 1100
5258 4 2 1 10 1329 1331 1372 1633
5259 4 2 1 10 1113 1059 1112 1612
5260 4 2 1 10 260 342 259 1651
5261 4 2 1 10 1375 1365 358 1374
5262 4 2 1 10 76 422 1691 1692
5263 4 2 1 10 1102 1103 79 1706
5264 4 2 1 10 345 347 1649 1689
5265 4 2 1 10 244 226 452 1683
5266 4 2 1 10 1228 1253 1234 1577
5267 4 2 1 10 61 79 1102 1045
5268 4 2 1 10 101 74 100 1191
5269 4 2 1 10 339 1305 348 1442
5270 4 2 1 10 1451 1453 1434 1680
5271 4 2 1 10 1434 1680 1453 1681
5272 4 2 1 10 1063 1191 76 1692
5273 4 2 1 10 218 230 250 1657
5274 4 2 1 10 97 98 1221 1591
5275 4 2 1 10 351 1433 1302 1436
5276 4 2 1 10 141 140 165 1672
5277 4 2 1 10 1175 1184 1166 1619
5278 4 2 1 10 273 345 364 1649
5279 4 2 1 10 1231 1247 1252 1651
5280 4 2 1 10 89 1637 105 1644
5281 4 2 1 10 1637 1644 1626 1706
5282 4 2 1 10 137 161 1200 147
5283 4 2 1 10 339 349 1440 1442
5284 4 2 1 10 1111 1059 1151 1612
5285 4 2 1 10 1439 1371 1400 1669
5286 4 2 1 10 1415 1359 1414 1649
5287 4 2 1 10 244 277 1389 1683
5288 4 2 1 10 123 1211 122 1591
5289 4 2 1 10 352 1680 1646 1681
5290 4 2 1 10 349 293 1441 292
5291 4 2 1 10 1105 1076 1109 1706
5292 4 2 1 10 1303 295 350 296
5293 4 2 1 10 349 348 292 1442
5294 4 2 1 10 339 347 1426 1649
5295 4 2 1 10 66 81 95 1055
5296 4 2 1 10 1221 122 1211 1591
5297 4 2 1 10 343 277 1389 244
5298 4 2 1 10 1235 1234 1253 1577
5299 4 2 1 10 92 1636 91 1647
5300 4 2 1 10 27 62 63 1095
5301 4 2 1 10 1435 1298 341 1461
5302 4 2 1 10 1314 1388 1460 1683
5303 4 2 1 10 1287 1325 1438 1677
5304 4 2 1 10 1423 329 1380 1653
5305 4 2 1 10 1247 1257 1646 1651
5306 4 2 1 10 205 1611 191 1704
5307 4 2 1 10 346 347 345 1689
5308 4 2 1 10 30 1056 1097 1609
5309 4 2 1 10 124 148 1200 137
5310 4 2 1 10 1146 60 1108 1644
5311 4 2 1 10 1328 1676 1593 1677
5312 4 2 1 10 1455 1460 1388 1683
5313 4 2 1 10 1312 1379 1386 1653
5314 4 2 1 10 1596 1680 242 1683
5315 4 2 1 10 1252 1651 1247 1658
5316 4 2 1 10 445 447 171 1695
5317 4 2 1 10 1651 1658 367 1669
5318 4 2 1 10 350 1441 293 1303
5319 4 2 1 10 357 1604 369 1696
5320 4 2 1 10 358 1392 1294 1375
5321 4 2 1 10 1339 357 320 1413
5322 4 2 1 10 1417 1595 1387 1654
5323 4 2 1 10 1417 1654 1418 1683
5324 4 2 1 10 1247 1231 1257 1651
5325 4 2 1 10 92 62 79 1706
5326 4 2 1 10 234 1600 219 1633
5327 4 2 1 10 102 76 101 1191
5328 4 2 1 10 449 452 226 1654
5329 4 2 1 10 1386 1387 1595 1653
5330 4 2 1 10 136 122 123 1211
5331 4 2 1 10 89 78 1626 1644
5332 4 2 1 10 76 86 1063 10
5333 4 2 1 10 1302 350 1433 351
5334 4 2 1 10 99 114 85 1208
5335 4 2 1 10 303 1298 353 1435
5336 4 2 1 10 1294 1407 358 1375
5337 4 2 1 10 1247 1651 1646 1669
5338 4 2 1 10 1300 1417 1419 1654
5339 4 2 1 10 1368 1289 356 1369
5340 4 2 1 10 1421 359 1676 1677
5341 4 2 1 10 1384 1448 1385 347
5342 4 2 1 10 265 245 227 1635
5343 4 2 1 10 1453 1451 1452 1680
5344 4 2 1 10 69 41 40 1150
5345 4 2 1 10 1626 1637 89 1644
5346 4 2 1 10 1593 1633 1330 1677
5347 4 2 1 10 1407 1365 358 1375
5348 4 2 1 10 284 283 1360 1689
5349 4 2 1 10 1417 1314 1387 1595
5350 4 2 1 10 1444 1292 354 311
5351 4 2 1 10 355 1635 265 1710
5352 4 2 1 10 449 226 227 1654
5353 4 2 1 10 337 283 345 1689
5354 4 2 1 10 304 343 353 1298
5355 4 2 1 10 57 1643 17 1691
5356 4 2 1 10 369 357 358 1604
5357 4 2 1 10 1422 1419 1379 1653
5358 4 2 1 10 1288 1633 1372 1689
5359 4 2 1 10 1292 331 354 329
5360 4 2 1 10 341 1435 1453 1681
5361 4 2 1 10 1294 358 322 1390
5362 4 2 1 10 460 1064 1093 1692
5363 4 2 1 10 259 242 225 1596
5364 4 2 1 10 1365 324 358 1295
5365 4 2 1 10 1346 1345 316 1710
5366 4 2 1 10 82 95 1141 1142
5367 4 2 1 10 341 353 1298 1435
5368 4 2 1 10 1413 357 356 1370
5369 4 2 1 10 97 96 122 1591
5370 4 2 1 10 289 1305 339 1384
5371 4 2 1 10 1432 347 346 1689
5372 4 2 1 10 1426 339 1384 347
5373 4 2 1 10 349 293 350 1441
5374 4 2 1 10 1435 300 1446 1681
5375 4 2 1 10 1047 1148 90 1130
5376 4 2 1 10 91 106 1636 1637
5377 4 2 1 10 1417 1595 1654 1683
5378 4 2 1 10 67 97 83 1049
5379 4 2 1 10 1399 337 1288 1689
5380 4 2 1 10 1130 90 1644 1703
5381 4 2 1 10 261 1300 226 1418
5382 4 2 1 10 1309 1386 1314 1595
5383 4 2 1 10 1302 351 1436 1446
5384 4 2 1 10 271 251 232 252
5385 4 2 1 10 1309 1314 478 1595
5386 4 2 1 10 113 84 1208 99
5387 4 2 1 10 171 1694 159 1695
5388 4 2 1 10 89 104 118 1637
5389 4 2 1 10 341 301 302 1435
5390 4 2 1 10 345 1649 1633 1689
5391 4 2 1 10 288 1384 289 347
5392 4 2 1 10 1150 69 70 458
5393 4 2 1 10 351 1302 298 1446
5394 4 2 1 10 75 74 459 52
5395 4 2 1 10 356 1370 357 1668
5396 4 2 1 10 105 131 106 1637
5397 4 2 1 10 1140 1054 82 1141
5398 4 2 1 10 1314 1595 1417 1683
5399 4 2 1 10 1387 1419 1417 1654
5400 4 2 1 10 44 43 70 458
5401 4 2 1 10 316 1345 317 1710
5402 4 2 1 10 347 339 364 1649
5403 4 2 1 10 1300 226 1380 264
5404 4 2 1 10 43 41 70 1150
5405 4 2 1 10 1247 1658 1651 1669
5406 4 2 1 10 55 75 1063 54
5407 4 2 1 10 502 1400 1371 1669
5408 4 2 1 10 293 294 350 1303
5409 4 2 1 10 71 99 85 1208
5410 4 2 1 10 69 70 41 1150
5411 4 2 1 10 1061 57 17 1691
5412 4 2 1 10 320 321 357 1339
5413 4 2 1 10 113 124 99 1208
5414 4 2 1 10 61 24 23 1045
5415 4 2 1 10 57 16 15 1134
5416 4 2 1 10 62 92 80 1647
5417 4 2 1 10 1386 1387 1314 1595
5418 4 2 1 10 1595 1653 1387 1654
5419 4 2 1 10 1446 351 1436 1681
5420 4 2 1 10 350 1302 296 351
5421 4 2 1 10 341 1453 1680 1681
5422 4 2 1 10 1130 1148 90 1703
5423 4 2 1 10 38 68 39 1057
5424 4 2 1 10 273 1600 345 1649
5425 4 2 1 10 1150 70 43 458
5426 4 2 1 10 1054 66 82 1142
5427 4 2 1 10 287 1384 288 347
5428 4 2 1 10 349 339 348 1442
5429 4 2 1 10 325 358 324 1295
5430 4 2 1 10 213 225 242 1596
5431 4 2 1 10 1419 1387 1379 1653
5432 4 2 1 10 61 60 1045 23
5433 4 2 1 10 297 296 1302 351
5434 4 2 1 10 289 1305 290 339
5435 4 2 1 10 1379 1387 1386 1653
5436 4 2 1 10 452 213 242 1596
5437 4 2 1 10 1329 1633 1372 1677
5438 4 2 1 10 226 1418 1300 1654
5439 4 2 1 10 295 350 294 1303
5440 4 2 1 10 262 261 226 1418
5441 4 2 1 10 452 1596 242 1683
5442 4 2 1 10 300 1446 351 299
5443 4 2 1 10 1142 1054 66 1143
5444 4 2 1 10 71 99 1208 84
5445 4 2 1 10 12 1134 1060 1691
5446 4 2 1 10 298 299 351 1446
5447 4 2 1 10 1046 1643 58 1703
5448 4 2 1 10 1049 68 38 1057
5449 4 2 1 10 75 53 52 459
5450 4 2 1 10 319 320 356 1413
5451 4 2 1 10 90 1101 1148 1047
5452 4 2 1 10 244 1418 226 1683
5453 4 2 1 10 37 68 38 1049
5454 4 2 1 10 321 322 358 1390
5455 4 2 1 10 68 37 67 1049
5456 4 2 1 10 1287 328 1296 1677
5457 4 2 1 10 358 323 1407 1294
5458 4 2 1 10 1146 1047 90 1130
5459 4 2 1 10 30 1097 29 1609
5460 4 2 1 10 1407 1365 323 358
5461 4 2 1 10 95 82 66 1142
5462 4 2 1 10 285 284 1432 346
5463 4 2 1 10 41 42 43 70
5464 4 2 1 10 323 324 358 1365
5465 4 2 1 10 31 1056 30 1609
5466 4 2 1 10 289 1384 339 347
5467 4 2 1 10 63 29 1095 1609
5468 4 2 1 10 1101 1046 58 1703
5469 4 2 1 10 353 304 1298 303
5470 4 2 1 10 1146 90 60 1644
5471 4 2 1 10 354 1291 1393 1444
5472 4 2 1 10 1418 1654 226 1683
5473 4 2 1 10 339 1305 290 348
5474 4 2 1 10 1384 287 1448 347
5475 4 2 1 10 1134 57 1061 1691
5476 4 2 1 10 302 353 341 1435
5477 4 2 1 10 1047 59 21 1146
5478 4 2 1 10 1600 1633 345 1649
5479 4 2 1 10 341 300 301 1435
5480 4 2 1 10 1045 61 24 1100
5481 4 2 1 10 358 322 323 1294
5482 4 2 1 10 1387 1653 1419 1654
5483 4 2 1 10 337 1633 1288 1689
5484 4 2 1 10 1438 1363 279 1677
5485 4 2 1 10 356 320 357 1413
5486 4 2 1 10 306 307 244 1389
5487 4 2 1 10 90 1148 1101 1703
5488 4 2 1 10 1418 226 262 244
5489 4 2 1 10 1300 264 261 226
5490 4 2 1 10 1389 343 305 1298
5491 4 2 1 10 297 1302 298 351
5492 4 2 1 10 1446 300 351 1681
5493 4 2 1 10 337 345 1633 1689
5494 4 2 1 10 1287 1438 279 1677
5495 4 2 1 10 343 305 306 1389
5496 4 2 1 10 74 52 51 459
5497 4 2 1 10 96 123 122 1591
5498 4 2 1 10 353 343 341 1298
5499 4 2 1 10 354 312 1291 1444
5500 4 2 1 10 305 343 304 1298
5501 4 2 1 10 1435 341 300 1681
5502 4 2 1 10 346 1432 285 1306
5503 4 2 1 10 1380 263 264 226
5504 4 2 1 10 33 66 34 1143
5505 4 2 1 10 273 272 234 1600
5506 4 2 1 10 74 51 50 459
5507 4 2 1 10 345 1600 273 1633
5508 4 2 1 10 226 1300 1380 1654
5509 4 2 1 10 1108 1045 79 60
5510 4 2 1 10 67 83 68 1049
5511 4 2 1 10 356 1289 319 1413
5512 4 2 1 10 66 33 1055 1143
5513 4 2 1 10 226 1654 452 1683
5514 4 2 1 10 306 244 343 1389
5515 4 2 1 10 312 313 354 1291
5516 4 2 1 10 50 73 74 459
5517 4 2 1 10 74 75 459 86
5518 4 2 1 10 311 1292 354 329
5519 4 2 1 10 60 23 1108 1045
5520 4 2 1 10 302 303 353 1435
5521 4 2 1 10 61 25 24 1100
5522 4 2 1 10 57 15 12 1134
5523 4 2 1 10 282 337 281 1288
5524 4 2 1 10 1054 34 66 1143
5525 4 2 1 10 66 33 65 1055
5526 4 2 1 10 67 36 1054 1140
5527 4 2 1 10 61 60 79 1045
5528 4 2 1 10 58 20 19 1101
5529 4 2 1 10 328 1287 279 1677
5530 4 2 1 10 1444 354 312 311
5531 4 2 1 10 1289 319 318 356
5532 4 2 1 10 67 36 35 1054
5533 4 2 1 10 1134 12 57 1691
5534 4 2 1 10 1153 1055 65 1154
5535 4 2 1 10 328 360 1296 1677
5536 4 2 1 10 1101 58 90 1703
5537 4 2 1 10 254 1416 337 1633
5538 4 2 1 10 14 13 12 1060
5539 4 2 1 10 244 307 308 1389
5540 4 2 1 10 36 67 1049 1140
5541 4 2 1 10 57 16 1134 1061
5542 4 2 1 10 1060 12 14 1134
5543 4 2 1 10 1063 56 13 1060
5544 4 2 1 10 282 337 1288 1399
5545 4 2 1 10 12 13 56 1060
5546 4 2 1 10 1289 318 1368 356
5547 4 2 1 10 285 346 1306 286
5548 4 2 1 10 308 1418 244 1389
5549 4 2 1 10 15 14 12 1134
5550 4 2 1 10 291 348 1305 1442
5551 4 2 1 10 10 75 86 1063
5552 4 2 1 10 281 1288 337 1416
5553 4 2 1 10 21 20 59 1047
5554 4 2 1 10 59 1101 90 1047
5555 4 2 1 10 60 59 1146 22
5556 4 2 1 10 57 17 16 1061
5557 4 2 1 10 23 22 60 1108
5558 4 2 1 10 1054 82 67 1140
5559 4 2 1 10 56 13 9 1063
5560 4 2 1 10 1101 59 90 58
5561 4 2 1 10 1046 58 19 1101
5562 4 2 1 10 1055 32 65 1154
5563 4 2 1 10 37 36 67 1049
5564 4 2 1 10 1305 290 348 291
5565 4 2 1 10 73 50 49 459
5566 4 2 1 10 1146 60 22 1108
5567 4 2 1 10 33 32 65 1055
5568 4 2 1 10 1047 90 59 1146
5569 4 2 1 10 31 65 32 1154
5570 4 2 1 10 262 308 1418 244
5571 4 2 1 10 254 281 337 1416
5572 4 2 1 10 10 11 55 1063
5573 4 2 1 10 329 310 1292 1423
5574 4 2 1 10 318 317 1368 356
5575 4 2 1 10 1423 329 310 309
5576 4 2 1 10 348 291 292 1442
5577 4 2 1 10 9 10 56 1063
5578 4 2 1 10 11 10 9 1063
5579 4 2 1 10 63 28 27 1095
5580 4 2 1 10 58 19 18 1046
5581 4 2 1 10 1292 311 310 329
5582 4 2 1 10 60 59 90 1146
5583 4 2 1 10 63 29 28 1095
5584 4 2 1 10 1416 254 280 278
5585 4 2 1 10 1296 360 327 326
5586 4 2 1 10 254 280 281 1416
5587 4 2 1 10 328 1296 360 327
5588 4 2 1 10 1208 1191 85 459
5589 4 2 1 10 47 72 48 459
5590 4 2 1 10 1208 72 71 458
5591 4 2 1 10 85 72 1208 459
5592 4 2 1 10 103 129 117 128
5593 4 2 1 10 226 213 452 449
5594 4 2 1 10 47 72 459 458
5595 4 2 1 10 459 72 1208 458
5596 4 2 1 10 1191 85 114 1208
5597 4 2 1 10 114 85 1191 459
5598 4 2 1 10 72 71 85 1208
5599 4 2 1 10 160 1211 135 1194
5600 4 2 1 10 56 9 12 10
5601 4 2 1 10 1101 59 20 1047
5602 4 2 1 10 210 209 239 181
5603 4 2 1 10 134 428 429 1184
5604 4 2 1 10 170 187 1173 145
5605 4 2 1 10 431 158 1172 428
5606 4 2 1 10 145 428 431 1173
5607 4 2 1 10 435 158 185 1172
5608 4 2 1 10 268 246 333 332
5609 4 2 1 10 338 367 371 366
5610 4 2 1 10 274 236 257 237
5611 4 2 1 10 186 227 214 449
5612 4 2 1 10 145 428 1173 430
5613 4 2 1 10 160 1211 136 135
5614 4 2 1 10 9 56 12 13
5615 4 2 1 10 170 187 189 1173
5616 4 2 1 10 134 428 1184 158
5617 4 2 1 10 435 158 1172 431
5618 4 2 1 10 96 110 123 1591
5619 4 2 1 10 121 144 158 1603
5620 4 2 1 10 30 29 64 1609
5621 4 2 1 10 80 64 63 1609
5622 4 2 1 10 29 63 64 1609
5623 4 2 1 10 31 30 64 1609
5624 4 2 1 10 111 425 95 1612
5625 4 2 1 10 425 111 424 1612
5626 4 2 1 10 154 440 181 1617
5627 4 2 1 10 254 234 219 1633
5628 4 2 1 10 254 273 234 1633
5629 4 2 1 10 345 273 337 1633
5630 4 2 1 10 245 214 227 1641
5631 4 2 1 10 91 119 120 1642
5632 4 2 1 10 93 80 107 1642
5633 4 2 1 10 105 106 60 1644
5634 4 2 1 10 105 1637 106 1644
5635 4 2 1 10 260 225 243 1652
5636 4 2 1 10 167 194 208 1663
5637 4 2 1 10 446 204 190 1666
5638 4 2 1 10 128 167 153 1672
5639 4 2 1 10 128 153 129 1672
5640 4 2 1 10 141 165 439 1672
5641 4 2 1 10 167 128 152 1672
5642 4 2 1 10 167 166 1663 1672
5643 4 2 1 10 433 151 436 1673
5644 4 2 1 10 140 151 434 1673
5645 4 2 1 10 115 426 127 1675
5646 4 2 1 10 360 253 359 1677
5647 4 2 1 10 244 242 277 1683
5648 4 2 1 10 453 200 249 1684
5649 4 2 1 10 333 1605 335 1684
5650 4 2 1 10 217 250 251 1687
5651 4 2 1 10 217 1666 250 1687
5652 4 2 1 10 159 170 442 1694
5653 4 2 1 10 180 444 193 1698
5654 4 2 1 10 165 179 444 1699
5655 4 2 1 10 433 164 434 1699
5656 4 2 1 10 205 178 206 1704
5657 4 2 1 10 443 191 164 1704
5658 4 2 1 10 205 443 178 1704
5659 4 2 1 10 355 317 356 1710
5660 4 2 1 10 169 435 1177 145
5661 4 2 1 10 1173 1177 435 145
5662 4 2 1 10 1173 435 1177 1667
5663 4 2 1 10 429 430 1184 428
5664 4 2 1 10 240 1588 239 223
5665 4 2 1 10 239 1588 240 210
5666 4 2 1 10 357 1668 361 368
5667 4 2 1 10 361 1668 357 370
5668 4 2 1 10 1684 247 249 453
5669 4 2 1 10 269 249 247 453
5670 4 2 1 10 189 187 1182 1173
5671 4 2 1 10 189 1182 187 215
5672 4 2 1 10 1612 109 111 108
5673 4 2 1 10 1612 111 109 95
5674 4 2 1 10 97 96 1140 67
5675 4 2 1 10 97 1140 96 1591
5676 4 2 1 10 82 1140 96 67
5677 4 2 1 10 144 158 1662 157
5678 4 2 1 10 1662 158 144 1603
5679 4 2 1 10 1615 1165 1241 1169
5680 4 2 1 10 1615 1241 1165 1588
5681 4 2 1 10 1593 1604 1671 1579
5682 4 2 1 10 1617 1625 1661 1578
5683 4 2 1 10 1661 1625 1617 1585
5684 4 2 1 10 85 459 100 74
5685 4 2 1 10 85 100 459 114
5686 4 2 1 10 1191 100 459 74
5687 4 2 1 10 1191 459 100 114
5688 4 2 1 10 1661 156 155 119
5689 4 2 1 10 1687 271 251 232
5690 4 2 1 10 1687 251 271 334
5691 4 2 1 10 1655 1700 1602 1575
5692 4 2 1 10 1602 1700 1655 1580
5693 4 2 1 10 1701 1640 1583 1574
5694 4 2 1 10 1701 1583 1640 1704
5695 4 2 1 10 221 192 1698 193
5696 4 2 1 10 207 222 1698 193
5697 4 2 1 10 222 221 1698 193
5698 4 2 1 10 1698 221 222 1628
5699 4 2 1 10 104 118 1650 130
5700 4 2 1 10 1650 118 104 1587
5701 4 2 1 10 1650 117 104 130
5702 4 2 1 10 181 238 195 209
5703 4 2 1 10 181 195 238 1623
5704 4 2 1 10 239 258 181 209
5705 4 2 1 10 239 181 258 1623
5706 4 2 1 10 258 238 181 209
5707 4 2 1 10 258 181 238 1623
5708 4 2 1 10 1607 1611 1583 1582
5709 4 2 1 10 1583 1611 1607 1640
5710 4 2 1 10 1583 1574 1607 1582
5711 4 2 1 10 1607 1574 1583 1640
5712 4 2 1 10 1592 1705 1236 1584
5713 4 2 1 10 1236 1705 1592 1589
5714 4 2 1 10 101 1191 86 74
5715 4 2 1 10 1686 1687 230 250
5716 4 2 1 10 1686 230 1687 247
5717 4 2 1 10 251 230 1687 250
5718 4 2 1 10 251 1687 230 247
5719 4 2 1 10 1709 1290 1319 1397
5720 4 2 1 10 1709 1319 1290 1620
5721 4 2 1 10 1653 227 329 1380
5722 4 2 1 10 1653 329 227 331
5723 4 2 1 10 1713 1243 1127 1625
5724 4 2 1 10 1713 1127 1243 1255
5725 4 2 1 10 1055 1142 95 66
5726 4 2 1 10 95 1142 1055 1152
5727 4 2 1 10 1646 1183 1652 1186
5728 4 2 1 10 1646 1652 1183 1596
5729 4 2 1 10 325 1295 359 358
5730 4 2 1 10 325 359 1295 1366
5731 4 2 1 10 1421 1295 359 1366
5732 4 2 1 10 1579 1593 1611 1634
5733 4 2 1 10 1614 1197 1223 1606
5734 4 2 1 10 1614 1223 1197 1168
5735 4 2 1 10 1612 1180 111 1176
5736 4 2 1 10 1612 111 1180 121
5737 4 2 1 10 171 160 1194 173
5738 4 2 1 10 1194 160 171 172
5739 4 2 1 10 459 86 1191 74
5740 4 2 1 10 12 421 1691 420
5741 4 2 1 10 1112 95 1152 1116
5742 4 2 1 10 1112 1152 95 81
5743 4 2 1 10 170 1614 1173 189
5744 4 2 1 10 1390 321 357 358
5745 4 2 1 10 357 321 1390 1339
5746 4 2 1 10 1390 1391 357 1339
5747 4 2 1 10 1634 1671 1593 1324
5748 4 2 1 10 1593 1671 1634 1579
5749 4 2 1 10 1634 1404 1332 1377
5750 4 2 1 10 1634 1332 1404 1593
5751 4 2 1 10 270 271 1611 233
5752 4 2 1 10 270 1611 271 1579
5753 4 2 1 10 1623 1253 1705 1238
5754 4 2 1 10 1623 1705 1253 1577
5755 4 2 1 10 1592 1704 1698 1594
5756 4 2 1 10 1698 1704 1592 1699
5757 4 2 1 10 1587 104 1637 118
5758 4 2 1 10 1587 1637 104 1626
5759 4 2 1 10 1603 427 1166 134
5760 4 2 1 10 1614 442 1695 188
5761 4 2 1 10 1599 1704 1682 1594
5762 4 2 1 10 1599 1682 1704 1583
5763 4 2 1 10 1701 1682 1704 1594
5764 4 2 1 10 1701 1704 1682 1583
5765 4 2 1 10 1361 1392 357 358
5766 4 2 1 10 1361 357 1392 1391
5767 4 2 1 10 1390 357 1392 358
5768 4 2 1 10 1390 1392 357 1391
5769 4 2 1 10 1227 1272 1702 1262
5770 4 2 1 10 1702 1272 1227 1246
5771 4 2 1 10 1177 441 435 169
5772 4 2 1 10 1177 435 441 1667
5773 4 2 1 10 1634 1367 1332 1599
5774 4 2 1 10 1634 1332 1367 1377
5775 4 2 1 10 1711 1613 1580 1655
5776 4 2 1 10 1711 1580 1613 1659
5777 4 2 1 10 1671 1604 1324 1326
5778 4 2 1 10 1671 1324 1604 1593
5779 4 2 1 10 1430 1324 1604 1326
5780 4 2 1 10 1430 1604 1324 1593
5781 4 2 1 10 434 140 1699 437
5782 4 2 1 10 434 1699 140 1673
5783 4 2 1 10 1672 1699 140 437
5784 4 2 1 10 1672 140 1699 1673
5785 4 2 1 10 1618 1638 1660 1587
5786 4 2 1 10 1660 1638 1618 1616
5787 4 2 1 10 1704 1592 1701 1594
5788 4 2 1 10 1704 1701 1592 1640
5789 4 2 1 10 1614 268 1590 246
5790 4 2 1 10 1614 1590 268 1684
5791 4 2 1 10 332 1590 268 246
5792 4 2 1 10 332 268 1590 1684
5793 4 2 1 10 1622 1690 276 344
5794 4 2 1 10 274 276 1690 344
5795 4 2 1 10 1176 121 111 427
5796 4 2 1 10 1176 111 121 1180
5797 4 2 1 10 1166 1603 1176 427
5798 4 2 1 10 1166 1176 1603 1180
5799 4 2 1 10 1603 121 1176 427
5800 4 2 1 10 1603 1176 121 1180
5801 4 2 1 10 1694 135 171 159
5802 4 2 1 10 1694 171 135 172
5803 4 2 1 10 1634 1671 1670 1579
5804 4 2 1 10 1670 1671 1634 1323
5805 4 2 1 10 1701 1584 1639 1239
5806 4 2 1 10 1701 1639 1584 1594
5807 4 2 1 10 258 1588 224 223
5808 4 2 1 10 258 224 1588 1615
5809 4 2 1 10 1695 1614 1694 442
5810 4 2 1 10 1695 1694 1614 1619
5811 4 2 1 10 170 1694 1614 442
5812 4 2 1 10 139 1675 127 426
5813 4 2 1 10 127 1675 139 150
5814 4 2 1 10 1658 344 366 338
5815 4 2 1 10 1658 366 344 1651
5816 4 2 1 10 1686 447 230 200
5817 4 2 1 10 1686 230 447 1657
5818 4 2 1 10 188 445 1686 200
5819 4 2 1 10 445 447 1686 200
5820 4 2 1 10 1393 1444 331 354
5821 4 2 1 10 1393 331 1444 1424
5822 4 2 1 10 1292 331 1444 354
5823 4 2 1 10 1292 1444 331 1424
5824 4 2 1 10 1432 1415 1649 1431
5825 4 2 1 10 1649 1415 1432 347
5826 4 2 1 10 237 236 1698 207
5827 4 2 1 10 237 1698 236 1628
5828 4 2 1 10 222 1698 236 207
5829 4 2 1 10 222 236 1698 1628
5830 4 2 1 10 1657 450 201 202
5831 4 2 1 10 201 450 1657 1695
5832 4 2 1 10 143 119 1661 155
5833 4 2 1 10 143 1661 119 1642
5834 4 2 1 10 1601 1638 87 77
5835 4 2 1 10 103 1638 87 116
5836 4 2 1 10 103 87 1638 77
5837 4 2 1 10 1591 110 1211 1176
5838 4 2 1 10 1591 1211 110 123
5839 4 2 1 10 1299 1223 1606 1382
5840 4 2 1 10 1299 1606 1223 1213
5841 4 2 1 10 1687 1704 204 206
5842 4 2 1 10 1687 204 1704 252
5843 4 2 1 10 205 204 1704 206
5844 4 2 1 10 205 1704 204 252
5845 4 2 1 10 1201 1219 1624 1204
5846 4 2 1 10 1675 1580 1616 1638
5847 4 2 1 10 1675 1616 1580 1632
5848 4 2 1 10 1705 1592 1698 1594
5849 4 2 1 10 1705 1698 1592 1589
5850 4 2 1 10 1166 1603 1184 1172
5851 4 2 1 10 1166 1184 1603 134
5852 4 2 1 10 158 1184 1603 1172
5853 4 2 1 10 158 1603 1184 134
5854 4 2 1 10 1686 200 1614 188
5855 4 2 1 10 1686 1614 200 1684
5856 4 2 1 10 81 95 1612 109
5857 4 2 1 10 1612 95 81 1112
5858 4 2 1 10 1696 1671 1340 1604
5859 4 2 1 10 1696 1340 1671 1427
5860 4 2 1 10 1447 1340 1671 1604
5861 4 2 1 10 1447 1671 1340 1427
5862 4 2 1 10 181 1617 1693 196
5863 4 2 1 10 1693 1617 181 1623
5864 4 2 1 10 1140 1141 95 1117
5865 4 2 1 10 95 1141 1140 82
5866 4 2 1 10 95 425 1140 1117
5867 4 2 1 10 1140 425 95 82
5868 4 2 1 10 459 1063 1191 86
5869 4 2 1 10 459 1191 1063 460
5870 4 2 1 10 178 436 1607 433
5871 4 2 1 10 1170 1693 1585 1171
5872 4 2 1 10 1585 1693 1170 1667
5873 4 2 1 10 1585 1165 1170 1171
5874 4 2 1 10 1170 1165 1585 1667
5875 4 2 1 10 1187 1245 1713 1174
5876 4 2 1 10 1713 1245 1187 1255
5877 4 2 1 10 1060 56 1692 1063
5878 4 2 1 10 1692 1064 1060 1063
5879 4 2 1 10 1060 1064 1692 1691
5880 4 2 1 10 1612 1052 1642 1598
5881 4 2 1 10 1612 1642 1052 1151
5882 4 2 1 10 1693 1170 1172 1662
5883 4 2 1 10 1693 1172 1170 1667
5884 4 2 1 10 1617 181 1663 440
5885 4 2 1 10 1617 1663 181 195
5886 4 2 1 10 167 1663 181 440
5887 4 2 1 10 167 181 1663 195
5888 4 2 1 10 1166 146 1184 429
5889 4 2 1 10 1166 1184 146 1694
5890 4 2 1 10 430 1184 146 429
5891 4 2 1 10 1224 1263 490 1281
5892 4 2 1 10 490 1263 1224 1195
5893 4 2 1 10 335 363 1696 369
5894 4 2 1 10 1239 1236 1639 1254
5895 4 2 1 10 1639 1236 1239 1584
5896 4 2 1 10 1612 1117 424 425
5897 4 2 1 10 1612 424 1117 1591
5898 4 2 1 10 1140 82 424 425
5899 4 2 1 10 1117 1140 424 425
5900 4 2 1 10 1117 424 1140 1591
5901 4 2 1 10 1176 1612 424 111
5902 4 2 1 10 424 1612 1176 1591
5903 4 2 1 10 424 110 1176 111
5904 4 2 1 10 1176 110 424 1591
5905 4 2 1 10 1647 1096 1161 1081
5906 4 2 1 10 1647 1161 1096 1609
5907 4 2 1 10 1633 1394 1288 1372
5908 4 2 1 10 223 1667 212 198
5909 4 2 1 10 81 1055 1153 1152
5910 4 2 1 10 1153 1055 81 65
5911 4 2 1 10 1647 1136 1156 1080
5912 4 2 1 10 1647 1156 1136 1636
5913 4 2 1 10 1675 1210 1202 1632
5914 4 2 1 10 1675 1202 1210 1199
5915 4 2 1 10 1139 1221 1144 1150
5916 4 2 1 10 1139 1144 1221 97
5917 4 2 1 10 83 1144 1221 1150
5918 4 2 1 10 83 1221 1144 97
5919 4 2 1 10 1695 1204 201 1219
5920 4 2 1 10 1695 201 1204 1657
5921 4 2 1 10 202 201 1204 1219
5922 4 2 1 10 202 1204 201 1657
5923 4 2 1 10 1674 1053 1067 1083
5924 4 2 1 10 1674 1067 1053 1601
5925 4 2 1 10 267 361 1590 266
5926 4 2 1 10 267 1590 361 332
5927 4 2 1 10 1713 1171 1662 1189
5928 4 2 1 10 1713 1662 1171 1585
5929 4 2 1 10 1230 1137 1621 1256
5930 4 2 1 10 1621 1137 1230 1058
5931 4 2 1 10 93 1612 1598 121
5932 4 2 1 10 1598 1612 93 1642
5933 4 2 1 10 1598 133 93 121
5934 4 2 1 10 93 133 1598 1642
5935 4 2 1 10 357 370 1696 369
5936 4 2 1 10 357 1696 370 1668
5937 4 2 1 10 1646 352 1669 371
5938 4 2 1 10 1646 1669 352 1681
5939 4 2 1 10 367 1669 352 371
5940 4 2 1 10 219 191 1634 234
5941 4 2 1 10 1599 1634 191 234
5942 4 2 1 10 1599 191 1634 1611
5943 4 2 1 10 1669 1425 1645 349
5944 4 2 1 10 1669 1645 1425 1371
5945 4 2 1 10 1623 208 1617 195
5946 4 2 1 10 1623 1617 208 1698
5947 4 2 1 10 1663 1617 208 195
5948 4 2 1 10 1663 208 1617 1698
5949 4 2 1 10 1692 1601 420 1674
5950 4 2 1 10 77 420 1601 1674
5951 4 2 1 10 222 1628 1690 236
5952 4 2 1 10 1690 1628 222 221
5953 4 2 1 10 1690 257 222 236
5954 4 2 1 10 222 257 1690 221
5955 4 2 1 10 1676 1430 1604 1351
5956 4 2 1 10 1676 1604 1430 1593
5957 4 2 1 10 1057 1049 83 1144
5958 4 2 1 10 1057 83 1049 68
5959 4 2 1 10 1705 1617 1577 1623
5960 4 2 1 10 1705 1577 1617 1679
5961 4 2 1 10 1600 1634 1332 1599
5962 4 2 1 10 1332 1634 1600 1593
5963 4 2 1 10 1704 178 1699 164
5964 4 2 1 10 1704 1699 178 1640
5965 4 2 1 10 433 1699 178 164
5966 4 2 1 10 433 178 1699 1640
5967 4 2 1 10 149 1199 125 1200
5968 4 2 1 10 1191 125 1199 1200
5969 4 2 1 10 333 1605 1696 335
5970 4 2 1 10 1696 1605 333 370
5971 4 2 1 10 1696 369 333 335
5972 4 2 1 10 333 369 1696 370
5973 4 2 1 10 227 1380 1654 226
5974 4 2 1 10 227 1654 1380 1653
5975 4 2 1 10 1612 457 1188 1138
5976 4 2 1 10 1612 1188 457 1179
5977 4 2 1 10 128 103 1638 117
5978 4 2 1 10 128 1638 103 1675
5979 4 2 1 10 1696 363 1579 1604
5980 4 2 1 10 128 1672 141 152
5981 4 2 1 10 128 141 1672 1675
5982 4 2 1 10 1140 1049 97 67
5983 4 2 1 10 1140 97 1049 1144
5984 4 2 1 10 1291 1710 1378 1410
5985 4 2 1 10 1612 81 108 94
5986 4 2 1 10 1612 108 81 109
5987 4 2 1 10 1645 1669 1226 1371
5988 4 2 1 10 1226 1669 1645 1658
5989 4 2 1 10 1190 213 1177 186
5990 4 2 1 10 1190 1177 213 1652
5991 4 2 1 10 199 1177 213 186
5992 4 2 1 10 199 213 1177 1652
5993 4 2 1 10 1249 1301 1599 1406
5994 4 2 1 10 1599 1301 1249 1682
5995 4 2 1 10 231 1684 249 200
5996 4 2 1 10 249 1684 231 248
5997 4 2 1 10 1687 334 247 251
5998 4 2 1 10 1687 247 334 269
5999 4 2 1 10 1612 1188 1176 1591
6000 4 2 1 10 1612 1176 1188 1179
6001 4 2 1 10 1673 1675 1624 1632
6002 4 2 1 10 1624 1675 1673 127
6003 4 2 1 10 1693 181 210 239
6004 4 2 1 10 1693 210 181 196
6005 4 2 1 10 329 1292 1653 1423
6006 4 2 1 10 329 1653 1292 331
6007 4 2 1 10 1424 1653 1292 1423
6008 4 2 1 10 1424 1292 1653 331
6009 4 2 1 10 176 1219 1200 175
6010 4 2 1 10 1200 1219 176 1201
6011 4 2 1 10 1673 1675 1672 140
6012 4 2 1 10 1672 1675 1673 1632
6013 4 2 1 10 272 234 1599 235
6014 4 2 1 10 1599 234 272 1600
6015 4 2 1 10 274 1622 276 340
6016 4 2 1 10 274 276 1622 1690
6017 4 2 1 10 1327 1677 1335 1676
6018 4 2 1 10 1327 1335 1677 1297
6019 4 2 1 10 1421 1335 1677 1676
6020 4 2 1 10 1421 1677 1335 1297
6021 4 2 1 10 1685 1687 1582 1576
6022 4 2 1 10 1582 1687 1685 1666
6023 4 2 1 10 1685 1582 1697 1576
6024 4 2 1 10 1697 1582 1685 1666
6025 4 2 1 10 1685 1697 1581 1576
6026 4 2 1 10 1581 1697 1685 1666
6027 4 2 1 10 1609 1154 31 1056
6028 4 2 1 10 265 314 1346 313
6029 4 2 1 10 1291 354 1346 313
6030 4 2 1 10 354 265 1346 313
6031 4 2 1 10 1676 253 1677 359
6032 4 2 1 10 1676 1677 253 1593
6033 4 2 1 10 1352 1710 1368 1345
6034 4 2 1 10 317 1368 1710 1345
6035 4 2 1 10 317 1710 1368 356
6036 4 2 1 10 1669 501 502 1400
6037 4 2 1 10 1669 502 501 1247
6038 4 2 1 10 1637 89 131 118
6039 4 2 1 10 1637 131 89 105
6040 4 2 1 10 1691 57 421 12
6041 4 2 1 10 1662 1172 1180 1171
6042 4 2 1 10 1180 1172 1662 1603
6043 4 2 1 10 1180 1189 1662 1171
6044 4 2 1 10 1662 1189 1180 1603
6045 4 2 1 10 277 343 1298 341
6046 4 2 1 10 277 1298 343 1389
6047 4 2 1 10 1454 277 1298 341
6048 4 2 1 10 1454 1298 277 1389
6049 4 2 1 10 1683 1454 277 1389
6050 4 2 1 10 1199 149 1201 1200
6051 4 2 1 10 1199 1201 149 139
6052 4 2 1 10 163 149 1201 139
6053 4 2 1 10 1654 449 1641 227
6054 4 2 1 10 1641 449 1654 1595
6055 4 2 1 10 1641 1653 1654 227
6056 4 2 1 10 1654 1653 1641 1595
6057 4 2 1 10 1651 371 366 342
6058 4 2 1 10 1651 366 371 367
6059 4 2 1 10 86 76 1191 101
6060 4 2 1 10 1191 76 86 1063
6061 4 2 1 10 1689 284 1432 1360
6062 4 2 1 10 1689 1432 284 346
6063 4 2 1 10 1378 331 1635 265
6064 4 2 1 10 1378 1635 331 1653
6065 4 2 1 10 227 1635 331 265
6066 4 2 1 10 227 331 1635 1653
6067 4 2 1 10 265 315 1346 314
6068 4 2 1 10 176 149 1201 163
6069 4 2 1 10 176 1201 149 1200
6070 4 2 1 10 197 168 1661 182
6071 4 2 1 10 197 1661 168 183
6072 4 2 1 10 1677 1296 359 360
6073 4 2 1 10 1677 359 1296 1366
6074 4 2 1 10 326 359 1296 360
6075 4 2 1 10 326 1296 359 1366
6076 4 2 1 10 1095 63 80 62
6077 4 2 1 10 1095 80 63 1609
6078 4 2 1 10 1122 1095 80 62
6079 4 2 1 10 1122 80 1095 1609
6080 4 2 1 10 149 124 1200 125
6081 4 2 1 10 149 1200 124 148
6082 4 2 1 10 1372 1689 1331 1395
6083 4 2 1 10 1331 1689 1372 1633
6084 4 2 1 10 122 98 1221 112
6085 4 2 1 10 1221 98 122 1591
6086 4 2 1 10 1633 1416 1288 1394
6087 4 2 1 10 1633 1288 1416 337
6088 4 2 1 10 1593 1633 219 1600
6089 4 2 1 10 1643 78 1674 423
6090 4 2 1 10 1643 1674 78 1644
6091 4 2 1 10 66 1054 35 34
6092 4 2 1 10 1683 452 1595 1654
6093 4 2 1 10 1683 1595 452 1596
6094 4 2 1 10 449 1595 452 1654
6095 4 2 1 10 449 452 1595 1596
6096 4 2 1 10 1346 265 355 315
6097 4 2 1 10 355 265 1346 1710
6098 4 2 1 10 355 316 1346 315
6099 4 2 1 10 1346 316 355 1710
6100 4 2 1 10 1419 1654 1380 1300
6101 4 2 1 10 1380 1654 1419 1653
6102 4 2 1 10 1100 25 62 61
6103 4 2 1 10 1100 62 25 1129
6104 4 2 1 10 84 112 1221 98
6105 4 2 1 10 1399 337 1458 282
6106 4 2 1 10 1399 1458 337 1689
6107 4 2 1 10 283 1458 337 282
6108 4 2 1 10 283 337 1458 1689
6109 4 2 1 10 39 1057 69 40
6110 4 2 1 10 1150 1057 69 83
6111 4 2 1 10 1150 69 1057 40
6112 4 2 1 10 119 106 1642 91
6113 4 2 1 10 119 1642 106 132
6114 4 2 1 10 1636 1642 106 91
6115 4 2 1 10 1636 106 1642 132
6116 4 2 1 10 154 130 1650 142
6117 4 2 1 10 154 1650 130 153
6118 4 2 1 10 58 57 1643 17
6119 4 2 1 10 69 68 1057 39
6120 4 2 1 10 1057 68 69 83
6121 4 2 1 10 1211 135 482 110
6122 4 2 1 10 1211 482 135 1194
6123 4 2 1 10 1166 482 135 110
6124 4 2 1 10 1166 135 482 1194
6125 4 2 1 10 91 1637 1644 106
6126 4 2 1 10 1644 60 91 106
6127 4 2 1 10 156 143 1661 155
6128 4 2 1 10 156 1661 143 182
6129 4 2 1 10 346 287 1448 286
6130 4 2 1 10 346 1448 287 347
6131 4 2 1 10 1385 346 1448 286
6132 4 2 1 10 1385 1448 346 347
6133 4 2 1 10 1306 346 1385 286
6134 4 2 1 10 253 270 1593 233
6135 4 2 1 10 253 1593 270 336
6136 4 2 1 10 1611 1593 270 233
6137 4 2 1 10 340 237 1622 275
6138 4 2 1 10 340 1622 237 274
6139 4 2 1 10 221 274 1690 256
6140 4 2 1 10 1690 274 221 257
6141 4 2 1 10 1635 1668 368 362
6142 4 2 1 10 1635 330 368 355
6143 4 2 1 10 368 330 1635 362
6144 4 2 1 10 66 67 1054 82
6145 4 2 1 10 66 1054 67 35
6146 4 2 1 10 332 370 1590 361
6147 4 2 1 10 332 1590 370 333
6148 4 2 1 10 1605 370 1590 333
6149 4 2 1 10 333 1684 268 332
6150 4 2 1 10 1612 64 1112 81
6151 4 2 1 10 64 65 1153 81
6152 4 2 1 10 1153 64 1154 65
6153 4 2 1 10 1153 1154 64 1609
6154 4 2 1 10 31 1154 64 65
6155 4 2 1 10 31 64 1154 1609
6156 4 2 1 10 202 218 1657 451
6157 4 2 1 10 1624 163 1675 150
6158 4 2 1 10 1624 1675 163 1201
6159 4 2 1 10 139 1675 163 150
6160 4 2 1 10 139 163 1675 1201
6161 4 2 1 10 91 79 1706 92
6162 4 2 1 10 1706 79 91 1637
6163 4 2 1 10 1706 1636 91 92
6164 4 2 1 10 91 1636 1706 1637
6165 4 2 1 10 1046 58 1090 18
6166 4 2 1 10 1046 1090 58 1643
6167 4 2 1 10 17 1090 58 18
6168 4 2 1 10 17 58 1090 1643
6169 4 2 1 10 89 58 1703 90
6170 4 2 1 10 1684 335 268 248
6171 4 2 1 10 1684 268 335 333
6172 4 2 1 10 185 1172 1667 435
6173 4 2 1 10 1667 1172 185 1693
6174 4 2 1 10 1667 441 185 435
6175 4 2 1 10 356 368 1668 357
6176 4 2 1 10 1668 368 356 1710
6177 4 2 1 10 1644 78 1703 89
6178 4 2 1 10 1644 1703 78 1643
6179 4 2 1 10 58 1703 78 89
6180 4 2 1 10 58 78 1703 1643
6181 4 2 1 10 237 1623 275 238
6182 4 2 1 10 237 275 1623 1622
6183 4 2 1 10 258 275 1623 238
6184 4 2 1 10 258 1623 275 1622
6185 4 2 1 10 1698 1704 192 1594
6186 4 2 1 10 192 1704 1698 193
6187 4 2 1 10 178 438 1607 436
6188 4 2 1 10 1673 1607 438 436
6189 4 2 1 10 1624 176 1219 1201
6190 4 2 1 10 1624 1219 176 203
6191 4 2 1 10 1221 84 1211 112
6192 4 2 1 10 1221 1211 84 1208
6193 4 2 1 10 113 1211 84 112
6194 4 2 1 10 113 84 1211 1208
6195 4 2 1 10 178 190 1607 438
6196 4 2 1 10 178 1607 190 1666
6197 4 2 1 10 1673 1607 190 438
6198 4 2 1 10 1673 190 1607 1666
6199 4 2 1 10 1617 440 1650 154
6200 4 2 1 10 1617 1650 440 1663
6201 4 2 1 10 153 1650 440 154
6202 4 2 1 10 153 440 1650 1663
6203 4 2 1 10 1710 1378 1354 1635
6204 4 2 1 10 1710 1354 1378 1410
6205 4 2 1 10 1612 95 1117 425
6206 4 2 1 10 1612 1117 95 1113
6207 4 2 1 10 203 218 1657 202
6208 4 2 1 10 203 1657 218 1624
6209 4 2 1 10 1204 203 1657 202
6210 4 2 1 10 1204 1657 203 1624
6211 4 2 1 10 1219 203 1204 202
6212 4 2 1 10 1219 1204 203 1624
6213 4 2 1 10 1612 1052 456 1151
6214 4 2 1 10 1612 456 1052 1164
6215 4 2 1 10 237 1698 208 207
6216 4 2 1 10 208 1698 237 1623
6217 4 2 1 10 1645 365 1669 349
6218 4 2 1 10 1645 1669 365 1658
6219 4 2 1 10 1671 1349 1342 1350
6220 4 2 1 10 1671 1342 1349 1696
6221 4 2 1 10 1696 1347 1344 1343
6222 4 2 1 10 1696 1344 1347 1668
6223 4 2 1 10 253 254 1677 279
6224 4 2 1 10 198 185 1667 441
6225 4 2 1 10 1667 185 198 1693
6226 4 2 1 10 1372 1677 1394 1363
6227 4 2 1 10 1372 1394 1677 1633
6228 4 2 1 10 1649 1599 272 1600
6229 4 2 1 10 1649 272 1599 1645
6230 4 2 1 10 146 432 1184 430
6231 4 2 1 10 146 1184 432 1694
6232 4 2 1 10 1173 1184 432 430
6233 4 2 1 10 1173 432 1184 1694
6234 4 2 1 10 1432 346 1385 1306
6235 4 2 1 10 1432 1385 346 347
6236 4 2 1 10 78 57 1643 58
6237 4 2 1 10 78 1643 57 423
6238 4 2 1 10 1634 205 191 219
6239 4 2 1 10 1634 191 205 1611
6240 4 2 1 10 1593 233 1634 219
6241 4 2 1 10 1593 1634 233 1611
6242 4 2 1 10 233 205 1634 219
6243 4 2 1 10 233 1634 205 1611
6244 4 2 1 10 1593 219 1677 253
6245 4 2 1 10 1593 1677 219 1633
6246 4 2 1 10 254 1677 219 253
6247 4 2 1 10 254 219 1677 1633
6248 4 2 1 10 247 269 1605 249
6249 4 2 1 10 1605 269 247 1687
6250 4 2 1 10 1605 1684 247 249
6251 4 2 1 10 247 1684 1605 1687
6252 4 2 1 10 1140 96 424 82
6253 4 2 1 10 1140 424 96 1591
6254 4 2 1 10 1698 221 1610 192
6255 4 2 1 10 1610 221 1698 1628
6256 4 2 1 10 1610 1594 1698 192
6257 4 2 1 10 1698 1594 1610 1628
6258 4 2 1 10 104 1650 1638 117
6259 4 2 1 10 1638 1650 104 1587
6260 4 2 1 10 1295 359 1374 1421
6261 4 2 1 10 1295 1374 359 358
6262 4 2 1 10 1676 1374 359 1421
6263 4 2 1 10 1676 359 1374 358
6264 4 2 1 10 1194 171 201 1695
6265 4 2 1 10 201 171 1194 173
6266 4 2 1 10 201 1219 1194 1695
6267 4 2 1 10 1194 1219 201 173
6268 4 2 1 10 171 1194 1694 1695
6269 4 2 1 10 1694 1194 171 172
6270 4 2 1 10 198 169 1667 212
6271 4 2 1 10 1615 1667 169 212
6272 4 2 1 10 1615 169 1667 1177
6273 4 2 1 10 441 169 1667 198
6274 4 2 1 10 1667 169 441 1177
6275 4 2 1 10 1694 1614 1173 170
6276 4 2 1 10 1694 1173 1614 1619
6277 4 2 1 10 445 1686 1695 188
6278 4 2 1 10 1614 1695 1686 188
6279 4 2 1 10 1614 1686 1695 1657
6280 4 2 1 10 447 1686 1695 445
6281 4 2 1 10 447 1695 1686 1657
6282 4 2 1 10 1638 87 1675 1601
6283 4 2 1 10 1638 1675 87 116
6284 4 2 1 10 335 269 1579 363
6285 4 2 1 10 1579 269 335 1605
6286 4 2 1 10 1579 1696 335 363
6287 4 2 1 10 335 1696 1579 1605
6288 4 2 1 10 351 352 1669 1681
6289 4 2 1 10 351 1669 352 367
6290 4 2 1 10 1117 1612 1138 1113
6291 4 2 1 10 1117 1138 1612 1591
6292 4 2 1 10 223 1588 1615 1667
6293 4 2 1 10 1615 1588 223 224
6294 4 2 1 10 1615 212 223 1667
6295 4 2 1 10 223 212 1615 224
6296 4 2 1 10 102 138 1191 126
6297 4 2 1 10 1191 138 102 1199
6298 4 2 1 10 149 125 1191 126
6299 4 2 1 10 1191 125 149 1199
6300 4 2 1 10 138 149 1191 126
6301 4 2 1 10 1191 149 138 1199
6302 4 2 1 10 1692 87 77 1601
6303 4 2 1 10 77 87 1692 422
6304 4 2 1 10 77 420 1692 1601
6305 4 2 1 10 1692 420 77 422
6306 4 2 1 10 1416 1363 254 278
6307 4 2 1 10 279 1363 254 1677
6308 4 2 1 10 279 254 1363 278
6309 4 2 1 10 1649 1331 1332 1633
6310 4 2 1 10 1332 1331 1649 1358
6311 4 2 1 10 1332 1600 1649 1633
6312 4 2 1 10 1649 1600 1332 1358
6313 4 2 1 10 1393 265 1291 354
6314 4 2 1 10 1346 1291 265 354
6315 4 2 1 10 1346 265 1291 1710
6316 4 2 1 10 1668 1710 1369 1352
6317 4 2 1 10 1668 1369 1710 356
6318 4 2 1 10 1368 1369 1710 1352
6319 4 2 1 10 1368 1710 1369 356
6320 4 2 1 10 1454 277 1680 1683
6321 4 2 1 10 1454 1680 277 341
6322 4 2 1 10 1378 1291 265 1710
6323 4 2 1 10 265 1291 1378 1393
6324 4 2 1 10 56 1692 1691 1060
6325 4 2 1 10 1691 1692 56 76
6326 4 2 1 10 1691 12 56 1060
6327 4 2 1 10 56 12 1691 76
6328 4 2 1 10 62 1094 80 1122
6329 4 2 1 10 62 80 1094 1647
6330 4 2 1 10 1609 80 1094 1122
6331 4 2 1 10 1609 1094 80 1647
6332 4 2 1 10 1633 254 1363 1677
6333 4 2 1 10 1363 254 1633 1416
6334 4 2 1 10 1363 1394 1633 1677
6335 4 2 1 10 1633 1394 1363 1416
6336 4 2 1 10 60 91 1637 1644
6337 4 2 1 10 60 1637 91 79
6338 4 2 1 10 1706 60 1637 1644
6339 4 2 1 10 1706 1637 60 79
6340 4 2 1 10 1108 60 1706 1644
6341 4 2 1 10 1108 1706 60 79
6342 4 2 1 10 1593 270 1579 1611
6343 4 2 1 10 1593 1579 270 336
6344 4 2 1 10 368 1635 1710 1668
6345 4 2 1 10 1710 1635 368 355
6346 4 2 1 10 370 1590 1668 1605
6347 4 2 1 10 370 1668 1590 361
6348 4 2 1 10 1647 64 1111 1612
6349 4 2 1 10 1647 1111 64 1609
6350 4 2 1 10 1112 1111 64 1612
6351 4 2 1 10 1112 64 1111 1609
6352 4 2 1 10 1112 1115 64 1609
6353 4 2 1 10 1153 64 1115 1609
6354 4 2 1 10 1153 81 1115 64
6355 4 2 1 10 1153 1115 81 1152
6356 4 2 1 10 1112 1115 81 64
6357 4 2 1 10 1112 81 1115 1152
6358 4 2 1 10 421 57 1643 423
6359 4 2 1 10 1643 57 421 1691
6360 4 2 1 10 1643 1674 421 423
6361 4 2 1 10 421 1674 1643 1691
6362 4 2 3 11 551 381 386 510
6363 4 2 3 11 524 584 408 403
6364 4 2 3 11 584 524 550 403
6365 4 2 3 11 515 383 388 573
6366 4 2 3 11 418 530 413 552
6367 4 2 3 11 381 551 585 510
6368 4 2 3 11 530 418 586 552
6369 4 2 3 11 407 525 534 402
6370 4 2 3 11 534 525 407 571
6371 4 2 3 11 535 531 417 412
6372 4 2 3 11 388 539 515 573
6373 4 2 3 11 535 531 570 417
6374 4 2 3 11 416 528 411 590
6375 4 2 3 11 401 522 406 588
6376 4 2 3 11 407 584 524 402
6377 4 2 3 11 586 417 530 412
6378 4 2 3 11 550 524 584 402
6379 4 2 3 11 582 544 546 547
6380 4 2 3 11 519 391 536 396
6381 4 2 3 11 530 586 412 552
6382 4 2 3 11 516 589 391 556
6383 4 2 3 11 544 582 546 578
6384 4 2 3 11 513 381 386 537
6385 4 2 3 11 568 387 513 382
6386 4 2 3 11 391 396 516 556
6387 4 2 3 11 388 383 512 575
6388 4 2 3 11 512 382 387 575
6389 4 2 3 11 578 580 582 546
6390 4 2 3 11 522 401 554 588
6391 4 2 3 11 528 555 411 590
6392 4 2 3 11 397 569 519 392
6393 4 2 3 11 406 525 401 571
6394 4 2 3 11 416 411 531 570
6395 4 2 3 11 388 539 389 515
6396 4 2 3 11 515 384 383 573
6397 4 2 3 11 585 380 381 510
6398 4 2 3 11 386 385 551 510
6399 4 2 3 11 557 521 572 398
6400 4 2 3 11 419 567 532 414
6401 4 2 3 11 393 572 521 398
6402 4 2 3 11 544 542 543 578
6403 4 2 3 11 407 584 408 524
6404 4 2 3 11 524 550 403 402
6405 4 2 3 11 412 413 530 552
6406 4 2 3 11 390 516 395 566
6407 4 2 3 11 410 565 528 415
6408 4 2 3 11 389 384 515 599
6409 4 2 3 11 601 409 526 404
6410 4 2 3 11 564 400 522 405
6411 4 2 3 11 564 380 510 385
6412 4 2 3 11 586 417 418 530
6413 4 2 3 11 568 551 543 585
6414 4 2 3 11 599 515 539 573
6415 4 2 3 11 539 575 587 573
6416 4 2 3 11 578 544 545 546
6417 4 2 3 11 539 565 515 599
6418 4 2 3 11 598 585 551 510
6419 4 2 3 11 598 551 564 510
6420 4 2 3 11 579 587 545 576
6421 4 2 3 11 580 578 545 546
6422 4 2 3 11 567 419 532 600
6423 4 2 3 11 584 574 408 540
6424 4 2 3 11 526 408 574 540
6425 4 2 3 11 537 381 386 551
6426 4 2 3 11 521 557 399 398
6427 4 2 3 11 580 545 548 546
6428 4 2 3 11 565 528 415 599
6429 4 2 3 11 516 390 601 566
6430 4 2 3 11 515 565 389 599
6431 4 2 3 11 566 601 526 404
6432 4 2 3 11 380 564 510 598
6433 4 2 3 11 598 564 522 405
6434 4 2 3 11 416 415 528 590
6435 4 2 3 11 555 411 410 528
6436 4 2 3 11 556 516 589 566
6437 4 2 3 11 406 522 405 588
6438 4 2 3 11 400 522 401 554
6439 4 2 3 11 518 592 393 398
6440 4 2 3 11 601 589 516 566
6441 4 2 3 11 388 383 575 573
6442 4 2 3 11 563 570 553 597
6443 4 2 3 11 536 391 589 556
6444 4 2 3 11 569 519 391 536
6445 4 2 3 11 601 526 574 566
6446 4 2 3 11 536 397 519 396
6447 4 2 3 11 537 513 381 568
6448 4 2 3 11 387 568 513 537
6449 4 2 3 11 584 407 534 402
6450 4 2 3 11 391 536 396 556
6451 4 2 3 11 512 541 388 575
6452 4 2 3 11 551 568 381 585
6453 4 2 3 11 386 387 513 537
6454 4 2 3 11 513 382 381 568
6455 4 2 3 11 571 407 534 584
6456 4 2 3 11 581 580 579 548
6457 4 2 3 11 395 516 396 556
6458 4 2 3 11 391 390 589 516
6459 4 2 3 11 387 541 512 575
6460 4 2 3 11 564 522 554 598
6461 4 2 3 11 406 407 525 571
6462 4 2 3 11 401 534 525 402
6463 4 2 3 11 565 528 599 590
6464 4 2 3 11 388 387 541 512
6465 4 2 3 11 512 383 382 575
6466 4 2 3 11 390 601 589 516
6467 4 2 3 11 556 395 516 566
6468 4 2 3 11 394 521 557 399
6469 4 2 3 11 545 563 553 597
6470 4 2 3 11 590 539 587 573
6471 4 2 3 11 575 539 388 573
6472 4 2 3 11 531 416 570 417
6473 4 2 3 11 545 579 578 580
6474 4 2 3 11 535 411 531 412
6475 4 2 3 11 540 574 526 566
6476 4 2 3 11 550 584 534 402
6477 4 2 3 11 417 586 535 412
6478 4 2 3 11 567 538 532 414
6479 4 2 3 11 561 584 582 547
6480 4 2 3 11 538 532 600 567
6481 4 2 3 11 393 572 394 521
6482 4 2 3 11 525 534 401 571
6483 4 2 3 11 586 535 570 417
6484 4 2 3 11 591 419 600 532
6485 4 2 3 11 545 580 548 579
6486 4 2 3 11 585 543 588 551
6487 4 2 3 11 589 561 536 556
6488 4 2 3 11 569 397 519 536
6489 4 2 3 11 411 535 531 570
6490 4 2 3 11 598 380 585 510
6491 4 2 3 11 551 385 564 510
6492 4 2 3 11 384 515 599 573
6493 4 2 3 11 565 389 539 515
6494 4 2 3 11 600 591 532 538
6495 4 2 3 11 598 522 554 588
6496 4 2 3 11 555 570 590 587
6497 4 2 3 11 554 534 543 588
6498 4 2 3 11 528 565 555 590
6499 4 2 3 11 574 584 561 540
6500 4 2 3 11 584 550 540 403
6501 4 2 3 11 540 408 584 403
6502 4 2 3 11 412 586 535 552
6503 4 2 3 11 566 526 540 404
6504 4 2 3 11 526 574 409 601
6505 4 2 3 11 413 538 591 552
6506 4 2 3 11 542 544 545 578
6507 4 2 3 11 538 591 532 413
6508 4 2 3 11 539 590 587 555
6509 4 2 3 11 543 537 551 568
6510 4 2 3 11 569 391 519 392
6511 4 2 3 11 541 587 575 576
6512 4 2 3 11 541 553 587 576
6513 4 2 3 11 543 542 537 568
6514 4 2 3 11 585 543 568 577
6515 4 2 3 11 526 408 540 403
6516 4 2 3 11 587 541 539 553
6517 4 2 3 11 575 539 587 541
6518 4 2 3 11 553 541 542 576
6519 4 2 3 11 568 543 542 577
6520 4 2 3 11 542 568 577 576
6521 4 2 3 11 548 597 586 563
6522 4 2 3 11 577 543 542 578
6523 4 2 3 11 576 577 542 578
6524 4 2 3 11 554 543 551 588
6525 4 2 3 11 587 553 545 576
6526 4 2 3 11 522 598 405 588
6527 4 2 3 11 522 400 564 554
6528 4 2 3 11 553 542 545 576
6529 4 2 3 11 599 528 415 590
6530 4 2 3 11 555 410 565 528
6531 4 2 3 11 591 418 419 532
6532 4 2 3 11 588 406 401 571
6533 4 2 3 11 413 591 418 552
6534 4 2 3 11 584 547 562 582
6535 4 2 3 11 545 579 576 578
6536 4 2 3 11 597 563 570 586
6537 4 2 3 11 570 416 411 590
6538 4 2 3 11 580 548 549 546
6539 4 2 3 11 567 533 8 414
6540 4 2 3 11 399 520 8 567
6541 4 2 3 11 5 517 601 390
6542 4 2 3 11 6 517 395 566
6543 4 2 3 11 564 385 2 511
6544 4 2 3 11 511 380 1 598
6545 4 2 3 11 415 3 529 599
6546 4 2 3 11 565 410 4 529
6547 4 2 3 11 400 564 2 523
6548 4 2 3 11 1 598 405 523
6549 4 2 3 11 514 3 384 599
6550 4 2 3 11 565 4 389 514
6551 4 2 3 11 6 527 566 404
6552 4 2 3 11 600 419 7 533
6553 4 2 3 11 601 5 409 527
6554 4 2 3 11 511 2 564 523
6555 4 2 3 11 598 1 511 523
6556 4 2 3 11 4 565 529 514
6557 4 2 3 11 517 5 601 527
6558 4 2 3 11 7 600 533 520
6559 4 2 3 11 514 529 3 599
6560 4 2 3 11 517 6 527 566
6561 4 2 3 11 582 596 562 584
6562 4 2 3 11 582 546 559 547
6563 4 2 3 11 591 586 418 552
6564 4 2 3 11 597 587 545 579
6565 4 2 3 11 382 387 575 568
6566 4 2 3 11 545 597 548 563
6567 4 2 3 11 535 555 553 570
6568 4 2 3 11 520 533 8 567
6569 4 2 3 11 534 588 571 577
6570 4 2 3 11 595 593 569 559
6571 4 2 3 11 574 584 595 561
6572 4 2 3 11 562 571 584 596
6573 4 2 3 11 548 581 580 549
6574 4 2 3 11 562 544 582 547
6575 4 2 3 11 597 548 586 581
6576 4 2 3 11 561 589 536 595
6577 4 2 3 11 562 571 596 577
6578 4 2 3 11 403 540 526 404
6579 4 2 3 11 574 408 526 409
6580 4 2 3 11 578 596 562 582
6581 4 2 3 11 568 551 381 537
6582 4 2 3 11 570 555 553 587
6583 4 2 3 11 550 561 584 540
6584 4 2 3 11 546 580 582 559
6585 4 2 3 11 578 562 544 582
6586 4 2 3 11 591 418 532 413
6587 4 2 3 11 584 582 595 561
6588 4 2 3 11 588 534 543 577
6589 4 2 3 11 580 593 582 559
6590 4 2 3 11 539 587 553 555
6591 4 2 3 11 541 539 388 575
6592 4 2 3 11 588 534 401 554
6593 4 2 3 11 392 592 518 397
6594 4 2 3 11 518 558 398 397
6595 4 2 3 11 570 411 555 590
6596 4 2 3 11 570 563 553 535
6597 4 2 3 11 543 585 588 577
6598 4 2 3 11 581 579 597 548
6599 4 2 3 11 592 392 569 397
6600 4 2 3 11 547 561 584 550
6601 4 2 3 11 592 518 558 398
6602 4 2 3 11 600 7 394 520
6603 4 2 3 11 569 391 589 536
6604 4 2 3 11 414 538 532 413
6605 4 2 3 11 553 570 587 597
6606 4 2 3 11 577 596 562 578
6607 4 2 3 11 597 545 548 579
6608 4 2 3 11 559 536 595 561
6609 4 2 3 11 576 542 545 578
6610 4 2 3 11 544 543 562 578
6611 4 2 3 11 534 588 401 571
6612 4 2 3 11 587 545 553 597
6613 4 2 3 11 555 535 411 570
6614 4 2 3 11 569 589 595 536
6615 4 2 3 11 392 592 393 518
6616 4 2 3 11 571 562 584 534
6617 4 2 3 11 547 584 562 550
6618 4 2 3 11 562 534 571 577
6619 4 2 3 11 534 562 584 550
6620 4 2 3 11 570 563 535 586
6621 4 2 3 11 552 586 563 548
6622 4 2 3 11 568 541 387 575
6623 4 2 3 11 541 568 387 537
6624 4 2 3 11 558 518 592 397
6625 4 2 3 11 563 535 586 552
6626 4 2 3 11 534 562 543 577
6627 4 2 3 11 583 569 593 549
6628 4 2 3 11 536 595 569 559
6629 4 2 3 11 589 574 561 556
6630 4 2 3 11 586 591 594 552
6631 4 2 3 11 397 569 592 536
6632 4 2 3 11 592 558 397 536
6633 4 2 3 11 540 561 574 556
6634 4 2 3 11 598 511 564 523
6635 4 2 3 11 527 601 517 566
6636 4 2 3 11 565 529 514 599
6637 4 2 3 11 600 533 520 567
6638 4 2 3 11 581 583 580 549
6639 4 2 3 11 577 562 543 578
6640 4 2 3 11 558 557 572 398
6641 4 2 3 11 594 552 560 548
6642 4 2 3 11 574 595 589 561
6643 4 2 3 11 541 575 568 576
6644 4 2 3 11 541 537 542 568
6645 4 2 3 11 568 542 541 576
6646 4 2 3 11 561 582 559 547
6647 4 2 3 11 593 595 582 559
6648 4 2 3 11 557 600 399 567
6649 4 2 3 11 514 384 389 599
6650 4 2 3 11 527 409 601 404
6651 4 2 3 11 405 564 400 523
6652 4 2 3 11 565 410 529 415
6653 4 2 3 11 395 517 390 566
6654 4 2 3 11 564 380 385 511
6655 4 2 3 11 567 419 533 414
6656 4 2 3 11 572 583 594 560
6657 4 2 3 11 599 539 590 573
6658 4 2 3 11 600 394 557 399
6659 4 2 3 11 539 599 590 565
6660 4 2 3 11 600 557 538 567
6661 4 2 3 11 572 594 591 560
6662 4 2 3 11 560 557 572 558
6663 4 2 3 11 589 574 556 566
6664 4 2 3 11 574 589 601 566
6665 4 2 3 11 551 585 598 588
6666 4 2 3 11 399 600 520 567
6667 4 2 3 11 564 554 551 598
6668 4 2 3 11 389 565 514 599
6669 4 2 3 11 566 527 601 404
6670 4 2 3 11 517 601 390 566
6671 4 2 3 11 529 565 415 599
6672 4 2 3 11 405 598 564 523
6673 4 2 3 11 511 564 380 598
6674 4 2 3 11 533 600 419 567
6675 4 2 3 11 539 555 565 590
6676 4 2 3 11 574 540 556 566
6677 4 2 3 11 582 561 559 595
6678 4 2 3 11 598 554 551 588
6679 4 2 3 11 600 399 520 394
6680 4 2 3 11 538 572 591 560
6681 4 2 3 11 538 557 572 560
6682 4 2 3 11 583 593 580 549
6683 4 2 3 11 8 7 533 520
6684 4 2 3 11 3 4 529 514
6685 4 2 3 11 517 6 5 527
6686 4 2 3 11 1 2 511 523
6687 4 2 3 11 394 557 572 600
6688 4 2 3 11 572 557 394 521
6689 4 2 3 11 569 559 549 536
6690 4 2 3 11 549 559 569 593
6691 4 2 3 11 592 536 549 558
6692 4 2 3 11 549 536 592 569
6693 4 2 3 11 592 583 549 569
6694 4 2 3 11 398 592 572 558
6695 4 2 3 11 398 572 592 393
6696 4 2 3 11 586 548 594 581
6697 4 2 3 11 594 548 586 552
6698 4 2 3 11 572 538 600 557
6699 4 2 3 11 600 538 572 591
6700 4 2 3 11 581 549 560 583
6701 4 2 3 11 560 549 581 548
6702 4 2 3 11 560 594 581 583
6703 4 2 3 11 581 594 560 548
6704 4 2 3 11 591 560 552 538
6705 4 2 3 11 552 560 591 594
6706 4 2 3 11 580 559 549 593
6707 4 2 3 11 549 559 580 546
6708 4 2 3 11 592 572 560 583
6709 4 2 3 11 560 572 592 558
6710 4 2 3 11 560 549 592 583
6711 4 2 3 11 592 549 560 558
$EndElements
