time,cellv,dt,soc,soe,soet
2.5e-07,0.84054381146252,2.5e-07,0.5,0.098724727245896,0.097024786389478
2.5000762939453e-07,1.8944113349352,7.62939453125e-12,0.5,0.09872482173972,0.097024866586467
