time,cellv,dt,soc,soe,soet
1e-06,0.86759697063593,1e-06,0.5,0.087488975316894,0.087488994181342
1.5e-06,2.0626869399151,5e-07,0.5,0.08752476473647,0.087519368692143
