time,cellv,dt,soc,soe,soet
1e-10,3.4048680224318,1e-10,0.5,0.087489099999994,0.087489099999998
