time,cellv,dt,soc,soe,soet
1e-06,1.0744344158769,1e-06,0.5,0.087485561278199,0.087486212677928
1.5e-06,1.0744327338063,5e-07,0.50000086733756,0.087483791933314,0.087484769030435
1.75e-06,1.0744319508388,2.5e-07,0.50000130114447,0.087482907265037,0.087484047210215
1.875e-06,1.0744315752053,1.25e-07,0.5000015180824,0.08748246493194,0.087483686300987
1.9375e-06,1.074431390286,6.25e-08,0.50000162656,0.087482243765653,0.087483505846595
1.96875e-06,1.0744312974632,3.125e-08,0.50000168080095,0.087482133182575,0.087483415619454
1.984375e-06,1.0744312511554,1.5625e-08,0.50000170792197,0.087482077891052,0.087483370505897
1.9921875e-06,1.0744312273456,7.8125e-09,0.50000172148261,0.087482050245295,0.087483347949122
1.99609375e-06,1.0744312157205,3.90625e-09,0.50000172826296,0.087482036422417,0.087483336670736
1.998046875e-06,1.0744312101366,1.953125e-09,0.50000173165315,0.087482029510979,0.087483331031543
1.9990234375e-06,1.0744312083401,9.765625e-10,0.50000173334825,0.087482026055259,0.087483328211946
1.99951171875e-06,1.0744312081202,4.8828125e-10,0.50000173419579,0.0874820243274,0.087483326802148
2e-06,1.0744312084162,4.8828125e-10,0.50000173461957,0.08748202259954,0.08748332539235
2.000732421875e-06,1.0744312085275,7.32421875e-10,0.50000173504334,0.087482020007751,0.087483323277652
2.0018310546875e-06,1.0744312079998,1.0986328125e-09,0.500001735679,0.087482016120067,0.087483320105606
2.0029296875e-06,1.0744312060944,1.0986328125e-09,0.50000173663249,0.087482012232382,0.08748331693356
2.0040283203125e-06,1.074431204453,1.0986328125e-09,0.50000173758598,0.087482008344698,0.087483313761514
2.005126953125e-06,1.074431202903,1.0986328125e-09,0.50000173853947,0.087482004457014,0.087483310589468
2.0062255859375e-06,1.0744312014918,1.0986328125e-09,0.50000173949296,0.08748200056933,0.087483307417422
2.00732421875e-06,1.0744312000419,1.0986328125e-09,0.50000174044645,0.087481996681646,0.087483304245376
2.0084228515625e-06,1.074431198702,1.0986328125e-09,0.50000174139994,0.087481992793962,0.08748330107333
2.009521484375e-06,1.0744311972852,1.0986328125e-09,0.50000174235343,0.087481988906278,0.087483297901285
2.0106201171875e-06,1.0744311959701,1.0986328125e-09,0.50000174330692,0.087481985018594,0.087483294729239
2.01171875e-06,1.0744311945653,1.0986328125e-09,0.50000174426041,0.087481981130911,0.087483291557193
2.0128173828125e-06,1.0744311932596,1.0986328125e-09,0.5000017452139,0.087481977243227,0.087483288385147
2.013916015625e-06,1.0744311918597,1.0986328125e-09,0.50000174616738,0.087481973355543,0.087483285213101
2.0150146484375e-06,1.074431190558,1.0986328125e-09,0.50000174712087,0.087481969467859,0.087483282041056
2.01611328125e-06,1.0744311891605,1.0986328125e-09,0.50000174807436,0.087481965580175,0.08748327886901
2.0172119140625e-06,1.0744311878609,1.0986328125e-09,0.50000174902784,0.087481961692492,0.087483275696964
2.018310546875e-06,1.0744311864648,1.0986328125e-09,0.50000174998133,0.087481957804808,0.087483272524918
2.0194091796875e-06,1.0744311851667,1.0986328125e-09,0.50000175093482,0.087481953917124,0.087483269352873
2.0205078125e-06,1.0744311837716,1.0986328125e-09,0.5000017518883,0.08748195002944,0.087483266180827
2.0216064453125e-06,1.0744311824748,1.0986328125e-09,0.50000175284179,0.087481946141757,0.087483263008782
2.022705078125e-06,1.0744311810807,1.0986328125e-09,0.50000175379527,0.087481942254073,0.087483259836736
2.0238037109375e-06,1.074431179785,1.0986328125e-09,0.50000175474876,0.08748193836639,0.087483256664691
2.02490234375e-06,1.074431178392,1.0986328125e-09,0.50000175570224,0.087481934478706,0.087483253492645
2.0260009765625e-06,1.0744311770975,1.0986328125e-09,0.50000175665573,0.087481930591022,0.087483250320599
2.027099609375e-06,1.0744311757056,1.0986328125e-09,0.50000175760921,0.087481926703339,0.087483247148554
2.0281982421875e-06,1.0744311744123,1.0986328125e-09,0.50000175856269,0.087481922815655,0.087483243976509
2.029296875e-06,1.0744311730214,1.0986328125e-09,0.50000175951618,0.087481918927972,0.087483240804463
2.0303955078125e-06,1.0744311717294,1.0986328125e-09,0.50000176046966,0.087481915040288,0.087483237632418
2.031494140625e-06,1.0744311703396,1.0986328125e-09,0.50000176142314,0.087481911152605,0.087483234460372
2.0325927734375e-06,1.0744311690488,1.0986328125e-09,0.50000176237662,0.087481907264922,0.087483231288327
2.03369140625e-06,1.0744311676601,1.0986328125e-09,0.50000176333011,0.087481903377238,0.087483228116282
2.0347900390625e-06,1.0744311663707,1.0986328125e-09,0.50000176428359,0.087481899489555,0.087483224944236
2.035888671875e-06,1.0744311649831,1.0986328125e-09,0.50000176523707,0.087481895601872,0.087483221772191
2.0369873046875e-06,1.0744311636949,1.0986328125e-09,0.50000176619055,0.087481891714188,0.087483218600146
2.0380859375e-06,1.0744311623085,1.0986328125e-09,0.50000176714403,0.087481887826505,0.087483215428101
2.0391845703125e-06,1.0744311610217,1.0986328125e-09,0.50000176809751,0.087481883938822,0.087483212256055
2.040283203125e-06,1.0744311596363,1.0986328125e-09,0.50000176905099,0.087481880051139,0.08748320908401
2.0413818359375e-06,1.0744311583509,1.0986328125e-09,0.50000177000447,0.087481876163456,0.087483205911965
2.04248046875e-06,1.0744311569667,1.0986328125e-09,0.50000177095795,0.087481872275772,0.08748320273992
2.0435791015625e-06,1.0744311556825,1.0986328125e-09,0.50000177191143,0.087481868388089,0.087483199567875
2.044677734375e-06,1.0744311542995,1.0986328125e-09,0.50000177286491,0.087481864500406,0.08748319639583
2.0457763671875e-06,1.0744311530167,1.0986328125e-09,0.50000177381839,0.087481860612723,0.087483193223785
2.046875e-06,1.0744311516348,1.0986328125e-09,0.50000177477186,0.08748185672504,0.08748319005174
2.0479736328125e-06,1.0744311503534,1.0986328125e-09,0.50000177572534,0.087481852837357,0.087483186879695
2.049072265625e-06,1.0744311489726,1.0986328125e-09,0.50000177667882,0.087481848949674,0.08748318370765
2.0501708984375e-06,1.0744311476925,1.0986328125e-09,0.5000017776323,0.087481845061991,0.087483180535605
2.05126953125e-06,1.0744311463129,1.0986328125e-09,0.50000177858577,0.087481841174308,0.08748317736356
2.0523681640625e-06,1.0744311450342,1.0986328125e-09,0.50000177953925,0.087481837286625,0.087483174191515
2.053466796875e-06,1.0744311436558,1.0986328125e-09,0.50000178049273,0.087481833398942,0.08748317101947
2.0545654296875e-06,1.0744311423784,1.0986328125e-09,0.5000017814462,0.08748182951126,0.087483167847425
2.0556640625e-06,1.0744311410011,1.0986328125e-09,0.50000178239968,0.087481825623577,0.08748316467538
2.0567626953125e-06,1.0744311397251,1.0986328125e-09,0.50000178335315,0.087481821735894,0.087483161503336
2.057861328125e-06,1.0744311383489,1.0986328125e-09,0.50000178430663,0.087481817848211,0.087483158331291
2.0589599609375e-06,1.0744311370743,1.0986328125e-09,0.5000017852601,0.087481813960528,0.087483155159246
2.06005859375e-06,1.0744311356993,1.0986328125e-09,0.50000178621358,0.087481810072846,0.087483151987201
2.0611572265625e-06,1.074431134426,1.0986328125e-09,0.50000178716705,0.087481806185163,0.087483148815157
2.062255859375e-06,1.0744311330521,1.0986328125e-09,0.50000178812053,0.08748180229748,0.087483145643112
2.0633544921875e-06,1.0744311317802,1.0986328125e-09,0.500001789074,0.087481798409798,0.087483142471067
2.064453125e-06,1.0744311304075,1.0986328125e-09,0.50000179002747,0.087481794522115,0.087483139299023
2.0655517578125e-06,1.0744311291369,1.0986328125e-09,0.50000179098095,0.087481790634433,0.087483136126978
2.066650390625e-06,1.0744311277654,1.0986328125e-09,0.50000179193442,0.08748178674675,0.087483132954933
2.0677490234375e-06,1.0744311264961,1.0986328125e-09,0.50000179288789,0.087481782859067,0.087483129782889
2.06884765625e-06,1.0744311251257,1.0986328125e-09,0.50000179384136,0.087481778971385,0.087483126610844
2.0699462890625e-06,1.0744311238579,1.0986328125e-09,0.50000179479483,0.087481775083702,0.0874831234388
2.071044921875e-06,1.0744311224886,1.0986328125e-09,0.5000017957483,0.08748177119602,0.087483120266755
2.0721435546875e-06,1.0744311212221,1.0986328125e-09,0.50000179670178,0.087481767308338,0.087483117094711
2.0732421875e-06,1.0744311198541,1.0986328125e-09,0.50000179765525,0.087481763420655,0.087483113922667
2.0743408203125e-06,1.0744311185889,1.0986328125e-09,0.50000179860872,0.087481759532973,0.087483110750622
2.075439453125e-06,1.074431117222,1.0986328125e-09,0.50000179956219,0.08748175564529,0.087483107578578
2.0765380859375e-06,1.0744311159582,1.0986328125e-09,0.50000180051566,0.087481751757608,0.087483104406533
2.07763671875e-06,1.0744311145924,1.0986328125e-09,0.50000180146913,0.087481747869926,0.087483101234489
2.0787353515625e-06,1.07443111333,1.0986328125e-09,0.50000180242259,0.087481743982244,0.087483098062445
2.079833984375e-06,1.0744311119654,1.0986328125e-09,0.50000180337606,0.087481740094561,0.087483094890401
2.0809326171875e-06,1.0744311107043,1.0986328125e-09,0.50000180432953,0.087481736206879,0.087483091718356
2.08203125e-06,1.0744311093408,1.0986328125e-09,0.500001805283,0.087481732319197,0.087483088546312
2.0831298828125e-06,1.0744311080811,1.0986328125e-09,0.50000180623647,0.087481728431515,0.087483085374268
2.084228515625e-06,1.0744311067188,1.0986328125e-09,0.50000180718994,0.087481724543833,0.087483082202224
2.0853271484375e-06,1.0744311054604,1.0986328125e-09,0.5000018081434,0.087481720656151,0.087483079030179
2.08642578125e-06,1.0744311040993,1.0986328125e-09,0.50000180909687,0.087481716768469,0.087483075858135
2.0875244140625e-06,1.0744311028422,1.0986328125e-09,0.50000181005034,0.087481712880787,0.087483072686091
2.088623046875e-06,1.0744311014823,1.0986328125e-09,0.5000018110038,0.087481708993104,0.087483069514047
2.0897216796875e-06,1.0744311002266,1.0986328125e-09,0.50000181195727,0.087481705105422,0.087483066342003
2.0908203125e-06,1.0744310988678,1.0986328125e-09,0.50000181291073,0.087481701217741,0.087483063169959
2.0919189453125e-06,1.0744310976134,1.0986328125e-09,0.5000018138642,0.087481697330059,0.087483059997915
2.093017578125e-06,1.0744310962558,1.0986328125e-09,0.50000181481766,0.087481693442377,0.087483056825871
2.0941162109375e-06,1.0744310950028,1.0986328125e-09,0.50000181577113,0.087481689554695,0.087483053653827
2.09521484375e-06,1.0744310936463,1.0986328125e-09,0.50000181672459,0.087481685667013,0.087483050481783
2.0963134765625e-06,1.0744310923947,1.0986328125e-09,0.50000181767806,0.087481681779331,0.087483047309739
2.097412109375e-06,1.0744310910393,1.0986328125e-09,0.50000181863152,0.087481677891649,0.087483044137695
2.0985107421875e-06,1.0744310897891,1.0986328125e-09,0.50000181958498,0.087481674003968,0.087483040965652
2.099609375e-06,1.0744310884349,1.0986328125e-09,0.50000182053845,0.087481670116286,0.087483037793608
2.1007080078125e-06,1.074431087186,1.0986328125e-09,0.50000182149191,0.087481666228604,0.087483034621564
2.101806640625e-06,1.0744310858329,1.0986328125e-09,0.50000182244537,0.087481662340922,0.08748303144952
2.1029052734375e-06,1.0744310845854,1.0986328125e-09,0.50000182339884,0.087481658453241,0.087483028277476
2.10400390625e-06,1.0744310832335,1.0986328125e-09,0.5000018243523,0.087481654565559,0.087483025105433
2.1051025390625e-06,1.0744310819873,1.0986328125e-09,0.50000182530576,0.087481650677877,0.087483021933389
2.106201171875e-06,1.0744310806366,1.0986328125e-09,0.50000182625922,0.087481646790196,0.087483018761345
2.1072998046875e-06,1.0744310793918,1.0986328125e-09,0.50000182721268,0.087481642902514,0.087483015589302
2.1083984375e-06,1.0744310780422,1.0986328125e-09,0.50000182816614,0.087481639014833,0.087483012417258
2.1094970703125e-06,1.0744310767987,1.0986328125e-09,0.5000018291196,0.087481635127151,0.087483009245214
2.110595703125e-06,1.0744310754503,1.0986328125e-09,0.50000183007306,0.08748163123947,0.087483006073171
2.1116943359375e-06,1.0744310742082,1.0986328125e-09,0.50000183102652,0.087481627351788,0.087483002901127
2.11279296875e-06,1.0744310728609,1.0986328125e-09,0.50000183197998,0.087481623464107,0.087482999729084
2.1138916015625e-06,1.0744310716202,1.0986328125e-09,0.50000183293344,0.087481619576425,0.08748299655704
2.114990234375e-06,1.0744310702741,1.0986328125e-09,0.5000018338869,0.087481615688744,0.087482993384997
2.1160888671875e-06,1.0744310690347,1.0986328125e-09,0.50000183484036,0.087481611801063,0.087482990212953
2.1171875e-06,1.0744310676897,1.0986328125e-09,0.50000183579382,0.087481607913381,0.08748298704091
2.1182861328125e-06,1.0744310664517,1.0986328125e-09,0.50000183674727,0.0874816040257,0.087482983868866
2.119384765625e-06,1.0744310651079,1.0986328125e-09,0.50000183770073,0.087481600138019,0.087482980696823
2.1204833984375e-06,1.0744310638712,1.0986328125e-09,0.50000183865419,0.087481596250338,0.08748297752478
2.12158203125e-06,1.0744310625285,1.0986328125e-09,0.50000183960764,0.087481592362656,0.087482974352736
2.1226806640625e-06,1.0744310612932,1.0986328125e-09,0.5000018405611,0.087481588474975,0.087482971180693
2.123779296875e-06,1.0744310599517,1.0986328125e-09,0.50000184151456,0.087481584587294,0.08748296800865
2.1248779296875e-06,1.0744310587177,1.0986328125e-09,0.50000184246801,0.087481580699613,0.087482964836606
2.1259765625e-06,1.0744310573774,1.0986328125e-09,0.50000184342147,0.087481576811932,0.087482961664563
2.1270751953125e-06,1.0744310561448,1.0986328125e-09,0.50000184437492,0.087481572924251,0.08748295849252
2.128173828125e-06,1.0744310548056,1.0986328125e-09,0.50000184532838,0.08748156903657,0.087482955320477
2.1292724609375e-06,1.0744310535743,1.0986328125e-09,0.50000184628183,0.087481565148889,0.087482952148434
2.13037109375e-06,1.0744310522363,1.0986328125e-09,0.50000184723529,0.087481561261208,0.08748294897639
2.1314697265625e-06,1.0744310510064,1.0986328125e-09,0.50000184818874,0.087481557373527,0.087482945804347
2.132568359375e-06,1.0744310496695,1.0986328125e-09,0.5000018491422,0.087481553485846,0.087482942632304
2.1336669921875e-06,1.074431048441,1.0986328125e-09,0.50000185009565,0.087481549598165,0.087482939460261
2.134765625e-06,1.0744310471053,1.0986328125e-09,0.5000018510491,0.087481545710484,0.087482936288218
2.1358642578125e-06,1.0744310458781,1.0986328125e-09,0.50000185200255,0.087481541822803,0.087482933116175
2.136962890625e-06,1.0744310445435,1.0986328125e-09,0.50000185295601,0.087481537935122,0.087482929944132
2.1380615234375e-06,1.0744310433177,1.0986328125e-09,0.50000185390946,0.087481534047441,0.087482926772089
2.13916015625e-06,1.0744310419843,1.0986328125e-09,0.50000185486291,0.08748153015976,0.087482923600046
2.1402587890625e-06,1.0744310407598,1.0986328125e-09,0.50000185581636,0.08748152627208,0.087482920428003
2.141357421875e-06,1.0744310394275,1.0986328125e-09,0.50000185676981,0.087481522384399,0.08748291725596
2.1424560546875e-06,1.0744310382044,1.0986328125e-09,0.50000185772327,0.087481518496718,0.087482914083918
2.1435546875e-06,1.0744310368733,1.0986328125e-09,0.50000185867672,0.087481514609038,0.087482910911875
2.1446533203125e-06,1.0744310356515,1.0986328125e-09,0.50000185963017,0.087481510721357,0.087482907739832
2.145751953125e-06,1.0744310343216,1.0986328125e-09,0.50000186058362,0.087481506833676,0.087482904567789
2.1468505859375e-06,1.0744310331012,1.0986328125e-09,0.50000186153707,0.087481502945996,0.087482901395746
2.14794921875e-06,1.0744310317724,1.0986328125e-09,0.50000186249051,0.087481499058315,0.087482898223704
2.1490478515625e-06,1.0744310305533,1.0986328125e-09,0.50000186344396,0.087481495170635,0.087482895051661
2.150146484375e-06,1.0744310292257,1.0986328125e-09,0.50000186439741,0.087481491282954,0.087482891879618
2.1512451171875e-06,1.074431028008,1.0986328125e-09,0.50000186535086,0.087481487395274,0.087482888707576
2.15234375e-06,1.0744310266815,1.0986328125e-09,0.50000186630431,0.087481483507593,0.087482885535533
2.1534423828125e-06,1.0744310254652,1.0986328125e-09,0.50000186725776,0.087481479619913,0.08748288236349
2.154541015625e-06,1.0744310241399,1.0986328125e-09,0.5000018682112,0.087481475732232,0.087482879191448
2.1556396484375e-06,1.0744310229249,1.0986328125e-09,0.50000186916465,0.087481471844552,0.087482876019405
2.15673828125e-06,1.0744310216007,1.0986328125e-09,0.5000018701181,0.087481467956871,0.087482872847363
2.1578369140625e-06,1.0744310203871,1.0986328125e-09,0.50000187107154,0.087481464069191,0.08748286967532
2.158935546875e-06,1.0744310190641,1.0986328125e-09,0.50000187202499,0.087481460181511,0.087482866503278
2.1600341796875e-06,1.0744310178518,1.0986328125e-09,0.50000187297844,0.087481456293831,0.087482863331235
2.1611328125e-06,1.07443101653,1.0986328125e-09,0.50000187393188,0.08748145240615,0.087482860159193
2.1622314453125e-06,1.074431015319,1.0986328125e-09,0.50000187488533,0.08748144851847,0.08748285698715
2.163330078125e-06,1.0744310139983,1.0986328125e-09,0.50000187583877,0.08748144463079,0.087482853815108
2.1644287109375e-06,1.0744310127888,1.0986328125e-09,0.50000187679222,0.08748144074311,0.087482850643066
2.16552734375e-06,1.0744310114692,1.0986328125e-09,0.50000187774566,0.08748143685543,0.087482847471023
2.1666259765625e-06,1.074431010261,1.0986328125e-09,0.50000187869911,0.087481432967749,0.087482844298981
2.167724609375e-06,1.0744310089426,1.0986328125e-09,0.50000187965255,0.087481429080069,0.087482841126939
2.1688232421875e-06,1.0744310077358,1.0986328125e-09,0.50000188060599,0.087481425192389,0.087482837954896
2.169921875e-06,1.0744310064186,1.0986328125e-09,0.50000188155944,0.087481421304709,0.087482834782854
2.1710205078125e-06,1.0744310052131,1.0986328125e-09,0.50000188251288,0.087481417417029,0.087482831610812
2.172119140625e-06,1.074431003897,1.0986328125e-09,0.50000188346632,0.087481413529349,0.08748282843877
2.1732177734375e-06,1.0744310026929,1.0986328125e-09,0.50000188441976,0.087481409641669,0.087482825266727
2.17431640625e-06,1.0744310013779,1.0986328125e-09,0.5000018853732,0.087481405753989,0.087482822094685
2.1754150390625e-06,1.0744310001751,1.0986328125e-09,0.50000188632665,0.087481401866309,0.087482818922643
2.176513671875e-06,1.0744309988614,1.0986328125e-09,0.50000188728009,0.08748139797863,0.087482815750601
2.1776123046875e-06,1.07443099766,1.0986328125e-09,0.50000188823353,0.08748139409095,0.087482812578559
2.1787109375e-06,1.0744309963473,1.0986328125e-09,0.50000188918697,0.08748139020327,0.087482809406517
2.1798095703125e-06,1.0744309951473,1.0986328125e-09,0.50000189014041,0.08748138631559,0.087482806234475
2.180908203125e-06,1.0744309938358,1.0986328125e-09,0.50000189109385,0.08748138242791,0.087482803062433
2.1820068359375e-06,1.0744309926371,1.0986328125e-09,0.50000189204729,0.087481378540231,0.087482799890391
2.18310546875e-06,1.0744309913268,1.0986328125e-09,0.50000189300073,0.087481374652551,0.087482796718349
2.1842041015625e-06,1.0744309901294,1.0986328125e-09,0.50000189395417,0.087481370764871,0.087482793546307
2.185302734375e-06,1.0744309888203,1.0986328125e-09,0.50000189490761,0.087481366877191,0.087482790374265
2.1864013671875e-06,1.0744309876243,1.0986328125e-09,0.50000189586104,0.087481362989512,0.087482787202223
2.1875e-06,1.0744309863163,1.0986328125e-09,0.50000189681448,0.087481359101832,0.087482784030182
2.1885986328125e-06,1.0744309851217,1.0986328125e-09,0.50000189776792,0.087481355214153,0.08748278085814
2.189697265625e-06,1.0744309838148,1.0986328125e-09,0.50000189872136,0.087481351326473,0.087482777686098
2.1907958984375e-06,1.0744309826215,1.0986328125e-09,0.50000189967479,0.087481347438794,0.087482774514056
2.19189453125e-06,1.0744309813159,1.0986328125e-09,0.50000190062823,0.087481343551114,0.087482771342014
2.1929931640625e-06,1.0744309801239,1.0986328125e-09,0.50000190158167,0.087481339663435,0.087482768169973
2.194091796875e-06,1.0744309788194,1.0986328125e-09,0.5000019025351,0.087481335775755,0.087482764997931
2.1951904296875e-06,1.0744309776288,1.0986328125e-09,0.50000190348854,0.087481331888076,0.087482761825889
2.1962890625e-06,1.0744309763255,1.0986328125e-09,0.50000190444197,0.087481328000396,0.087482758653848
2.1973876953125e-06,1.0744309751362,1.0986328125e-09,0.50000190539541,0.087481324112717,0.087482755481806
2.198486328125e-06,1.074430973834,1.0986328125e-09,0.50000190634884,0.087481320225038,0.087482752309764
2.1995849609375e-06,1.0744309726462,1.0986328125e-09,0.50000190730228,0.087481316337358,0.087482749137723
2.20068359375e-06,1.0744309713451,1.0986328125e-09,0.50000190825571,0.087481312449679,0.087482745965681
2.2017822265625e-06,1.0744309701586,1.0986328125e-09,0.50000190920915,0.087481308562,0.08748274279364
2.202880859375e-06,1.0744309688587,1.0986328125e-09,0.50000191016258,0.08748130467432,0.087482739621598
2.2039794921875e-06,1.0744309676735,1.0986328125e-09,0.50000191111601,0.087481300786641,0.087482736449557
2.205078125e-06,1.0744309663748,1.0986328125e-09,0.50000191206945,0.087481296898962,0.087482733277515
2.2061767578125e-06,1.074430965191,1.0986328125e-09,0.50000191302288,0.087481293011283,0.087482730105474
2.207275390625e-06,1.0744309638934,1.0986328125e-09,0.50000191397631,0.087481289123604,0.087482726933433
2.2083740234375e-06,1.0744309627109,1.0986328125e-09,0.50000191492974,0.087481285235925,0.087482723761391
2.20947265625e-06,1.0744309614145,1.0986328125e-09,0.50000191588318,0.087481281348246,0.08748272058935
2.2105712890625e-06,1.0744309602334,1.0986328125e-09,0.50000191683661,0.087481277460567,0.087482717417309
2.211669921875e-06,1.0744309589381,1.0986328125e-09,0.50000191779004,0.087481273572887,0.087482714245267
2.2127685546875e-06,1.0744309577584,1.0986328125e-09,0.50000191874347,0.087481269685209,0.087482711073226
2.2138671875e-06,1.0744309564643,1.0986328125e-09,0.5000019196969,0.08748126579753,0.087482707901185
2.2149658203125e-06,1.0744309552859,1.0986328125e-09,0.50000192065033,0.087481261909851,0.087482704729144
2.216064453125e-06,1.0744309539929,1.0986328125e-09,0.50000192160376,0.087481258022172,0.087482701557102
2.2171630859375e-06,1.0744309528159,1.0986328125e-09,0.50000192255719,0.087481254134493,0.087482698385061
2.21826171875e-06,1.0744309515241,1.0986328125e-09,0.50000192351062,0.087481250246814,0.08748269521302
2.2193603515625e-06,1.0744309503484,1.0986328125e-09,0.50000192446405,0.087481246359135,0.087482692040979
2.220458984375e-06,1.0744309490578,1.0986328125e-09,0.50000192541748,0.087481242471456,0.087482688868938
2.2215576171875e-06,1.0744309478835,1.0986328125e-09,0.5000019263709,0.087481238583777,0.087482685696897
2.22265625e-06,1.074430946594,1.0986328125e-09,0.50000192732433,0.087481234696099,0.087482682524856
2.2237548828125e-06,1.074430945421,1.0986328125e-09,0.50000192827776,0.08748123080842,0.087482679352815
2.224853515625e-06,1.0744309441327,1.0986328125e-09,0.50000192923119,0.087481226920741,0.087482676180774
2.2259521484375e-06,1.0744309429611,1.0986328125e-09,0.50000193018462,0.087481223033063,0.087482673008733
2.22705078125e-06,1.0744309416739,1.0986328125e-09,0.50000193113804,0.087481219145384,0.087482669836692
2.2281494140625e-06,1.0744309405036,1.0986328125e-09,0.50000193209147,0.087481215257705,0.087482666664651
2.229248046875e-06,1.0744309392176,1.0986328125e-09,0.50000193304489,0.087481211370027,0.08748266349261
2.2303466796875e-06,1.0744309380487,1.0986328125e-09,0.50000193399832,0.087481207482348,0.087482660320569
2.2314453125e-06,1.0744309367638,1.0986328125e-09,0.50000193495175,0.08748120359467,0.087482657148528
2.2325439453125e-06,1.0744309355963,1.0986328125e-09,0.50000193590517,0.087481199706991,0.087482653976487
2.233642578125e-06,1.0744309343126,1.0986328125e-09,0.5000019368586,0.087481195819313,0.087482650804447
2.2347412109375e-06,1.0744309331464,1.0986328125e-09,0.50000193781202,0.087481191931634,0.087482647632406
2.23583984375e-06,1.0744309318638,1.0986328125e-09,0.50000193876544,0.087481188043956,0.087482644460365
2.2369384765625e-06,1.074430930699,1.0986328125e-09,0.50000193971887,0.087481184156277,0.087482641288324
2.238037109375e-06,1.0744309294176,1.0986328125e-09,0.50000194067229,0.087481180268599,0.087482638116284
2.2391357421875e-06,1.0744309282541,1.0986328125e-09,0.50000194162572,0.087481176380921,0.087482634944243
2.240234375e-06,1.0744309269738,1.0986328125e-09,0.50000194257914,0.087481172493242,0.087482631772202
2.2413330078125e-06,1.0744309258117,1.0986328125e-09,0.50000194353256,0.087481168605564,0.087482628600162
2.242431640625e-06,1.0744309245326,1.0986328125e-09,0.50000194448598,0.087481164717886,0.087482625428121
2.2435302734375e-06,1.0744309233719,1.0986328125e-09,0.5000019454394,0.087481160830207,0.08748262225608
2.24462890625e-06,1.0744309220939,1.0986328125e-09,0.50000194639283,0.087481156942529,0.08748261908404
2.2457275390625e-06,1.0744309209345,1.0986328125e-09,0.50000194734625,0.087481153054851,0.087482615911999
2.246826171875e-06,1.0744309196577,1.0986328125e-09,0.50000194829967,0.087481149167173,0.087482612739959
2.2479248046875e-06,1.0744309184997,1.0986328125e-09,0.50000194925309,0.087481145279495,0.087482609567918
2.2490234375e-06,1.0744309172241,1.0986328125e-09,0.50000195020651,0.087481141391817,0.087482606395878
2.2501220703125e-06,1.0744309160674,1.0986328125e-09,0.50000195115993,0.087481137504138,0.087482603223838
2.251220703125e-06,1.0744309147929,1.0986328125e-09,0.50000195211335,0.08748113361646,0.087482600051797
2.2523193359375e-06,1.0744309136376,1.0986328125e-09,0.50000195306677,0.087481129728782,0.087482596879757
2.25341796875e-06,1.0744309123642,1.0986328125e-09,0.50000195402019,0.087481125841104,0.087482593707716
2.2545166015625e-06,1.0744309112103,1.0986328125e-09,0.50000195497361,0.087481121953426,0.087482590535676
2.255615234375e-06,1.0744309099381,1.0986328125e-09,0.50000195592703,0.087481118065748,0.087482587363636
2.2567138671875e-06,1.0744309087855,1.0986328125e-09,0.50000195688044,0.087481114178071,0.087482584191596
2.2578125e-06,1.0744309075144,1.0986328125e-09,0.50000195783386,0.087481110290393,0.087482581019555
2.2589111328125e-06,1.0744309063632,1.0986328125e-09,0.50000195878728,0.087481106402715,0.087482577847515
2.260009765625e-06,1.0744309050933,1.0986328125e-09,0.5000019597407,0.087481102515037,0.087482574675475
2.2611083984375e-06,1.0744309039434,1.0986328125e-09,0.50000196069411,0.087481098627359,0.087482571503435
2.26220703125e-06,1.0744309026747,1.0986328125e-09,0.50000196164753,0.087481094739681,0.087482568331395
2.2633056640625e-06,1.0744309015262,1.0986328125e-09,0.50000196260095,0.087481090852004,0.087482565159354
2.264404296875e-06,1.0744309002586,1.0986328125e-09,0.50000196355436,0.087481086964326,0.087482561987314
2.2655029296875e-06,1.0744308991114,1.0986328125e-09,0.50000196450778,0.087481083076648,0.087482558815274
2.2666015625e-06,1.074430897845,1.0986328125e-09,0.50000196546119,0.08748107918897,0.087482555643234
2.2677001953125e-06,1.0744308966992,1.0986328125e-09,0.50000196641461,0.087481075301293,0.087482552471194
2.268798828125e-06,1.0744308954339,1.0986328125e-09,0.50000196736802,0.087481071413615,0.087482549299154
2.2698974609375e-06,1.0744308942895,1.0986328125e-09,0.50000196832144,0.087481067525938,0.087482546127114
2.27099609375e-06,1.0744308930254,1.0986328125e-09,0.50000196927485,0.08748106363826,0.087482542955074
2.2720947265625e-06,1.0744308918822,1.0986328125e-09,0.50000197022827,0.087481059750582,0.087482539783034
2.273193359375e-06,1.0744308906193,1.0986328125e-09,0.50000197118168,0.087481055862905,0.087482536610994
2.2742919921875e-06,1.0744308894775,1.0986328125e-09,0.50000197213509,0.087481051975227,0.087482533438954
2.275390625e-06,1.0744308882157,1.0986328125e-09,0.50000197308851,0.08748104808755,0.087482530266915
2.2764892578125e-06,1.0744308870753,1.0986328125e-09,0.50000197404192,0.087481044199872,0.087482527094875
2.277587890625e-06,1.0744308858147,1.0986328125e-09,0.50000197499533,0.087481040312195,0.087482523922835
2.2786865234375e-06,1.0744308846757,1.0986328125e-09,0.50000197594874,0.087481036424518,0.087482520750795
2.27978515625e-06,1.0744308834162,1.0986328125e-09,0.50000197690216,0.08748103253684,0.087482517578755
2.2808837890625e-06,1.0744308822785,1.0986328125e-09,0.50000197785557,0.087481028649163,0.087482514406716
2.281982421875e-06,1.0744308810202,1.0986328125e-09,0.50000197880898,0.087481024761486,0.087482511234676
2.2830810546875e-06,1.0744308798838,1.0986328125e-09,0.50000197976239,0.087481020873808,0.087482508062636
2.2841796875e-06,1.0744308786267,1.0986328125e-09,0.5000019807158,0.087481016986131,0.087482504890597
2.2852783203125e-06,1.0744308774917,1.0986328125e-09,0.50000198166921,0.087481013098454,0.087482501718557
2.286376953125e-06,1.0744308762357,1.0986328125e-09,0.50000198262262,0.087481009210777,0.087482498546517
2.2874755859375e-06,1.074430875102,1.0986328125e-09,0.50000198357603,0.087481005323099,0.087482495374478
2.28857421875e-06,1.0744308738472,1.0986328125e-09,0.50000198452944,0.087481001435422,0.087482492202438
2.2896728515625e-06,1.0744308727149,1.0986328125e-09,0.50000198548285,0.087480997547745,0.087482489030399
2.290771484375e-06,1.0744308714612,1.0986328125e-09,0.50000198643625,0.087480993660068,0.087482485858359
2.2918701171875e-06,1.0744308703303,1.0986328125e-09,0.50000198738966,0.087480989772391,0.08748248268632
2.29296875e-06,1.0744308690777,1.0986328125e-09,0.50000198834307,0.087480985884714,0.08748247951428
2.2940673828125e-06,1.0744308679482,1.0986328125e-09,0.50000198929648,0.087480981997037,0.087482476342241
2.295166015625e-06,1.0744308666968,1.0986328125e-09,0.50000199024989,0.08748097810936,0.087482473170201
2.2962646484375e-06,1.0744308655686,1.0986328125e-09,0.50000199120329,0.087480974221683,0.087482469998162
2.29736328125e-06,1.0744308643184,1.0986328125e-09,0.5000019921567,0.087480970334006,0.087482466826123
2.2984619140625e-06,1.0744308631915,1.0986328125e-09,0.50000199311011,0.087480966446329,0.087482463654083
2.299560546875e-06,1.0744308619424,1.0986328125e-09,0.50000199406351,0.087480962558652,0.087482460482044
2.3006591796875e-06,1.0744308608169,1.0986328125e-09,0.50000199501692,0.087480958670975,0.087482457310005
2.3017578125e-06,1.074430859569,1.0986328125e-09,0.50000199597032,0.087480954783299,0.087482454137966
2.3028564453125e-06,1.0744308584449,1.0986328125e-09,0.50000199692373,0.087480950895622,0.087482450965926
2.303955078125e-06,1.0744308571981,1.0986328125e-09,0.50000199787713,0.087480947007945,0.087482447793887
2.3050537109375e-06,1.0744308560753,1.0986328125e-09,0.50000199883054,0.087480943120268,0.087482444621848
2.30615234375e-06,1.0744308548297,1.0986328125e-09,0.50000199978394,0.087480939232592,0.087482441449809
2.3072509765625e-06,1.0744308537083,1.0986328125e-09,0.50000200073734,0.087480935344915,0.08748243827777
2.308349609375e-06,1.0744308524638,1.0986328125e-09,0.50000200169075,0.087480931457238,0.087482435105731
2.3094482421875e-06,1.0744308513437,1.0986328125e-09,0.50000200264415,0.087480927569562,0.087482431933691
2.310546875e-06,1.0744308501004,1.0986328125e-09,0.50000200359755,0.087480923681885,0.087482428761652
2.3116455078125e-06,1.0744308489817,1.0986328125e-09,0.50000200455096,0.087480919794208,0.087482425589613
2.312744140625e-06,1.0744308477396,1.0986328125e-09,0.50000200550436,0.087480915906532,0.087482422417574
2.3138427734375e-06,1.0744308466222,1.0986328125e-09,0.50000200645776,0.087480912018855,0.087482419245535
2.31494140625e-06,1.0744308453812,1.0986328125e-09,0.50000200741116,0.087480908131179,0.087482416073496
2.3160400390625e-06,1.0744308442652,1.0986328125e-09,0.50000200836456,0.087480904243502,0.087482412901457
2.317138671875e-06,1.0744308430254,1.0986328125e-09,0.50000200931796,0.087480900355826,0.087482409729419
2.3182373046875e-06,1.0744308419107,1.0986328125e-09,0.50000201027136,0.087480896468149,0.08748240655738
2.3193359375e-06,1.074430840672,1.0986328125e-09,0.50000201122476,0.087480892580473,0.087482403385341
2.3204345703125e-06,1.0744308395588,1.0986328125e-09,0.50000201217816,0.087480888692797,0.087482400213302
2.321533203125e-06,1.0744308383212,1.0986328125e-09,0.50000201313156,0.08748088480512,0.087482397041263
2.3226318359374e-06,1.0744308372093,1.0986328125e-09,0.50000201408496,0.087480880917444,0.087482393869224
2.3237304687499e-06,1.0744308359729,1.0986328125e-09,0.50000201503836,0.087480877029768,0.087482390697186
2.3248291015624e-06,1.0744308348623,1.0986328125e-09,0.50000201599176,0.087480873142091,0.087482387525147
2.3259277343749e-06,1.0744308336271,1.0986328125e-09,0.50000201694516,0.087480869254415,0.087482384353108
2.3270263671874e-06,1.0744308325179,1.0986328125e-09,0.50000201789856,0.087480865366739,0.087482381181069
2.3281249999999e-06,1.0744308312838,1.0986328125e-09,0.50000201885196,0.087480861479063,0.087482378009031
2.3292236328124e-06,1.074430830176,1.0986328125e-09,0.50000201980535,0.087480857591386,0.087482374836992
2.3303222656249e-06,1.074430828943,1.0986328125e-09,0.50000202075875,0.08748085370371,0.087482371664954
2.3314208984374e-06,1.0744308278365,1.0986328125e-09,0.50000202171215,0.087480849816034,0.087482368492915
2.3325195312499e-06,1.0744308266048,1.0986328125e-09,0.50000202266554,0.087480845928358,0.087482365320876
2.3336181640624e-06,1.0744308254996,1.0986328125e-09,0.50000202361894,0.087480842040682,0.087482362148838
2.3347167968749e-06,1.074430824269,1.0986328125e-09,0.50000202457234,0.087480838153006,0.087482358976799
2.3358154296874e-06,1.0744308231652,1.0986328125e-09,0.50000202552573,0.08748083426533,0.087482355804761
2.3369140624999e-06,1.0744308219358,1.0986328125e-09,0.50000202647913,0.087480830377654,0.087482352632722
2.3380126953124e-06,1.0744308208333,1.0986328125e-09,0.50000202743252,0.087480826489978,0.087482349460684
2.3391113281249e-06,1.074430819605,1.0986328125e-09,0.50000202838592,0.087480822602302,0.087482346288646
2.3402099609374e-06,1.0744308185039,1.0986328125e-09,0.50000202933931,0.087480818714626,0.087482343116607
2.3413085937499e-06,1.0744308172768,1.0986328125e-09,0.50000203029271,0.08748081482695,0.087482339944569
2.3424072265624e-06,1.0744308161771,1.0986328125e-09,0.5000020312461,0.087480810939275,0.08748233677253
2.3435058593749e-06,1.0744308149511,1.0986328125e-09,0.50000203219949,0.087480807051599,0.087482333600492
2.3446044921874e-06,1.0744308138527,1.0986328125e-09,0.50000203315289,0.087480803163923,0.087482330428454
2.3457031249999e-06,1.0744308126279,1.0986328125e-09,0.50000203410628,0.087480799276247,0.087482327256416
2.3468017578124e-06,1.0744308115309,1.0986328125e-09,0.50000203505967,0.087480795388572,0.087482324084377
2.3479003906249e-06,1.0744308103072,1.0986328125e-09,0.50000203601306,0.087480791500896,0.087482320912339
2.3489990234374e-06,1.0744308092115,1.0986328125e-09,0.50000203696645,0.08748078761322,0.087482317740301
2.3500976562499e-06,1.074430807989,1.0986328125e-09,0.50000203791985,0.087480783725544,0.087482314568263
2.3511962890624e-06,1.0744308068947,1.0986328125e-09,0.50000203887324,0.087480779837869,0.087482311396225
2.3522949218749e-06,1.0744308056733,1.0986328125e-09,0.50000203982663,0.087480775950193,0.087482308224187
2.3533935546874e-06,1.0744308045804,1.0986328125e-09,0.50000204078002,0.087480772062518,0.087482305052149
2.3544921874999e-06,1.0744308033602,1.0986328125e-09,0.50000204173341,0.087480768174842,0.08748230188011
2.3555908203124e-06,1.0744308022686,1.0986328125e-09,0.5000020426868,0.087480764287167,0.087482298708072
2.3566894531249e-06,1.0744308010495,1.0986328125e-09,0.50000204364019,0.087480760399491,0.087482295536034
2.3577880859374e-06,1.0744307999593,1.0986328125e-09,0.50000204459358,0.087480756511816,0.087482292363996
2.3588867187499e-06,1.0744307987414,1.0986328125e-09,0.50000204554697,0.08748075262414,0.087482289191958
2.3599853515624e-06,1.0744307976525,1.0986328125e-09,0.50000204650036,0.087480748736465,0.087482286019921
2.3610839843749e-06,1.0744307964358,1.0986328125e-09,0.50000204745374,0.087480744848789,0.087482282847883
2.3621826171874e-06,1.0744307953482,1.0986328125e-09,0.50000204840713,0.087480740961114,0.087482279675845
2.3632812499999e-06,1.0744307941326,1.0986328125e-09,0.50000204936052,0.087480737073439,0.087482276503807
2.3643798828124e-06,1.0744307930465,1.0986328125e-09,0.50000205031391,0.087480733185763,0.087482273331769
2.3654785156249e-06,1.074430791832,1.0986328125e-09,0.50000205126729,0.087480729298088,0.087482270159731
2.3665771484374e-06,1.0744307907472,1.0986328125e-09,0.50000205222068,0.087480725410413,0.087482266987693
2.3676757812499e-06,1.0744307895339,1.0986328125e-09,0.50000205317407,0.087480721522738,0.087482263815656
2.3687744140624e-06,1.0744307884505,1.0986328125e-09,0.50000205412745,0.087480717635062,0.087482260643618
2.3698730468749e-06,1.0744307872383,1.0986328125e-09,0.50000205508084,0.087480713747387,0.08748225747158
2.3709716796874e-06,1.0744307861562,1.0986328125e-09,0.50000205603423,0.087480709859712,0.087482254299542
2.3720703124999e-06,1.0744307849453,1.0986328125e-09,0.50000205698761,0.087480705972037,0.087482251127505
2.3731689453124e-06,1.0744307838645,1.0986328125e-09,0.500002057941,0.087480702084362,0.087482247955467
2.3742675781249e-06,1.0744307826547,1.0986328125e-09,0.50000205889438,0.087480698196687,0.08748224478343
2.3753662109374e-06,1.0744307815753,1.0986328125e-09,0.50000205984776,0.087480694309012,0.087482241611392
2.3764648437499e-06,1.0744307803666,1.0986328125e-09,0.50000206080115,0.087480690421337,0.087482238439354
2.3775634765624e-06,1.0744307792886,1.0986328125e-09,0.50000206175453,0.087480686533662,0.087482235267317
2.3786621093749e-06,1.0744307780811,1.0986328125e-09,0.50000206270792,0.087480682645987,0.087482232095279
2.3797607421874e-06,1.0744307770044,1.0986328125e-09,0.5000020636613,0.087480678758312,0.087482228923242
2.3808593749999e-06,1.0744307757981,1.0986328125e-09,0.50000206461468,0.087480674870637,0.087482225751204
2.3819580078124e-06,1.0744307747227,1.0986328125e-09,0.50000206556806,0.087480670982962,0.087482222579167
2.3830566406249e-06,1.0744307735175,1.0986328125e-09,0.50000206652145,0.087480667095287,0.087482219407129
2.3841552734374e-06,1.0744307724436,1.0986328125e-09,0.50000206747483,0.087480663207612,0.087482216235092
2.3852539062499e-06,1.0744307712395,1.0986328125e-09,0.50000206842821,0.087480659319938,0.087482213063055
2.3863525390624e-06,1.0744307701669,1.0986328125e-09,0.50000206938159,0.087480655432263,0.087482209891017
2.3874511718749e-06,1.074430768964,1.0986328125e-09,0.50000207033497,0.087480651544588,0.08748220671898
2.3885498046874e-06,1.0744307678928,1.0986328125e-09,0.50000207128835,0.087480647656913,0.087482203546943
2.3896484374999e-06,1.074430766691,1.0986328125e-09,0.50000207224173,0.087480643769239,0.087482200374906
2.3907470703124e-06,1.0744307656211,1.0986328125e-09,0.50000207319511,0.087480639881564,0.087482197202868
2.3918457031249e-06,1.0744307644205,1.0986328125e-09,0.50000207414849,0.087480635993889,0.087482194030831
2.3929443359374e-06,1.074430763352,1.0986328125e-09,0.50000207510187,0.087480632106215,0.087482190858794
2.3940429687499e-06,1.0744307621526,1.0986328125e-09,0.50000207605525,0.08748062821854,0.087482187686757
2.3951416015624e-06,1.0744307610854,1.0986328125e-09,0.50000207700863,0.087480624330866,0.08748218451472
2.3962402343749e-06,1.0744307598871,1.0986328125e-09,0.50000207796201,0.087480620443191,0.087482181342682
2.3973388671874e-06,1.0744307588213,1.0986328125e-09,0.50000207891538,0.087480616555517,0.087482178170645
2.3984374999999e-06,1.0744307576242,1.0986328125e-09,0.50000207986876,0.087480612667842,0.087482174998608
2.3995361328124e-06,1.0744307565597,1.0986328125e-09,0.50000208082214,0.087480608780168,0.087482171826571
2.4006347656249e-06,1.0744307553637,1.0986328125e-09,0.50000208177552,0.087480604892493,0.087482168654534
2.4017333984374e-06,1.0744307543006,1.0986328125e-09,0.50000208272889,0.087480601004819,0.087482165482497
2.4028320312499e-06,1.0744307531058,1.0986328125e-09,0.50000208368227,0.087480597117145,0.08748216231046
2.4039306640624e-06,1.074430752044,1.0986328125e-09,0.50000208463564,0.08748059322947,0.087482159138423
2.4050292968749e-06,1.0744307508504,1.0986328125e-09,0.50000208558902,0.087480589341796,0.087482155966386
2.4061279296874e-06,1.07443074979,1.0986328125e-09,0.5000020865424,0.087480585454122,0.087482152794349
2.4072265624999e-06,1.0744307485975,1.0986328125e-09,0.50000208749577,0.087480581566447,0.087482149622313
2.4083251953124e-06,1.0744307475384,1.0986328125e-09,0.50000208844915,0.087480577678773,0.087482146450276
2.4094238281249e-06,1.0744307463471,1.0986328125e-09,0.50000208940252,0.087480573791099,0.087482143278239
2.4105224609374e-06,1.0744307452894,1.0986328125e-09,0.50000209035589,0.087480569903425,0.087482140106202
2.4116210937499e-06,1.0744307440992,1.0986328125e-09,0.50000209130927,0.087480566015751,0.087482136934165
2.4127197265624e-06,1.0744307430428,1.0986328125e-09,0.50000209226264,0.087480562128076,0.087482133762129
2.4138183593749e-06,1.0744307418538,1.0986328125e-09,0.50000209321602,0.087480558240402,0.087482130590092
2.4149169921874e-06,1.0744307407988,1.0986328125e-09,0.50000209416939,0.087480554352728,0.087482127418055
2.4160156249999e-06,1.0744307396109,1.0986328125e-09,0.50000209512276,0.087480550465054,0.087482124246019
2.4171142578124e-06,1.0744307385573,1.0986328125e-09,0.50000209607613,0.08748054657738,0.087482121073982
2.4182128906249e-06,1.0744307373706,1.0986328125e-09,0.50000209702951,0.087480542689706,0.087482117901945
2.4193115234374e-06,1.0744307363183,1.0986328125e-09,0.50000209798288,0.087480538802032,0.087482114729909
2.4204101562499e-06,1.0744307351327,1.0986328125e-09,0.50000209893625,0.087480534914358,0.087482111557872
2.4215087890624e-06,1.0744307340818,1.0986328125e-09,0.50000209988962,0.087480531026684,0.087482108385836
2.4226074218749e-06,1.0744307328974,1.0986328125e-09,0.50000210084299,0.08748052713901,0.087482105213799
2.4237060546874e-06,1.0744307318478,1.0986328125e-09,0.50000210179636,0.087480523251337,0.087482102041763
2.4248046874999e-06,1.0744307306646,1.0986328125e-09,0.50000210274973,0.087480519363663,0.087482098869726
2.4259033203124e-06,1.0744307296164,1.0986328125e-09,0.5000021037031,0.087480515475989,0.08748209569769
2.4270019531249e-06,1.0744307284342,1.0986328125e-09,0.50000210465647,0.087480511588315,0.087482092525653
2.4281005859374e-06,1.0744307273874,1.0986328125e-09,0.50000210560984,0.087480507700641,0.087482089353617
2.4291992187499e-06,1.0744307262064,1.0986328125e-09,0.50000210656321,0.087480503812968,0.08748208618158
2.4302978515624e-06,1.0744307251609,1.0986328125e-09,0.50000210751658,0.087480499925294,0.087482083009544
2.4313964843749e-06,1.0744307239811,1.0986328125e-09,0.50000210846994,0.08748049603762,0.087482079837508
2.4324951171874e-06,1.074430722937,1.0986328125e-09,0.50000210942331,0.087480492149947,0.087482076665471
2.4335937499999e-06,1.0744307217584,1.0986328125e-09,0.50000211037668,0.087480488262273,0.087482073493435
2.4346923828124e-06,1.0744307207156,1.0986328125e-09,0.50000211133005,0.087480484374599,0.087482070321399
2.4357910156249e-06,1.0744307195381,1.0986328125e-09,0.50000211228341,0.087480480486926,0.087482067149363
2.4368896484374e-06,1.0744307184967,1.0986328125e-09,0.50000211323678,0.087480476599252,0.087482063977327
2.4379882812499e-06,1.0744307173203,1.0986328125e-09,0.50000211419015,0.087480472711579,0.08748206080529
2.4390869140624e-06,1.0744307162802,1.0986328125e-09,0.50000211514351,0.087480468823905,0.087482057633254
2.4401855468749e-06,1.0744307151051,1.0986328125e-09,0.50000211609688,0.087480464936232,0.087482054461218
2.4412841796874e-06,1.0744307140664,1.0986328125e-09,0.50000211705024,0.087480461048558,0.087482051289182
2.4423828124999e-06,1.0744307128923,1.0986328125e-09,0.50000211800361,0.087480457160885,0.087482048117146
2.4434814453124e-06,1.074430711855,1.0986328125e-09,0.50000211895697,0.087480453273212,0.08748204494511
2.4445800781249e-06,1.0744307106821,1.0986328125e-09,0.50000211991034,0.087480449385538,0.087482041773074
2.4456787109374e-06,1.0744307096461,1.0986328125e-09,0.5000021208637,0.087480445497865,0.087482038601038
2.4467773437499e-06,1.0744307084744,1.0986328125e-09,0.50000212181707,0.087480441610192,0.087482035429002
2.4478759765624e-06,1.0744307074397,1.0986328125e-09,0.50000212277043,0.087480437722518,0.087482032256966
2.4489746093749e-06,1.0744307062692,1.0986328125e-09,0.50000212372379,0.087480433834845,0.08748202908493
2.4500732421874e-06,1.0744307052359,1.0986328125e-09,0.50000212467716,0.087480429947172,0.087482025912894
2.4511718749999e-06,1.0744307040665,1.0986328125e-09,0.50000212563052,0.087480426059499,0.087482022740858
2.4522705078124e-06,1.0744307030345,1.0986328125e-09,0.50000212658388,0.087480422171825,0.087482019568822
2.4533691406249e-06,1.0744307018663,1.0986328125e-09,0.50000212753724,0.087480418284152,0.087482016396787
2.4544677734374e-06,1.0744307008357,1.0986328125e-09,0.5000021284906,0.087480414396479,0.087482013224751
2.4555664062499e-06,1.0744306996686,1.0986328125e-09,0.50000212944397,0.087480410508806,0.087482010052715
2.4566650390624e-06,1.0744306986394,1.0986328125e-09,0.50000213039733,0.087480406621133,0.087482006880679
2.4577636718749e-06,1.0744306974734,1.0986328125e-09,0.50000213135069,0.08748040273346,0.087482003708643
2.4588623046874e-06,1.0744306964455,1.0986328125e-09,0.50000213230405,0.087480398845787,0.087482000536608
2.4599609374999e-06,1.0744306952807,1.0986328125e-09,0.50000213325741,0.087480394958114,0.087481997364572
2.4610595703124e-06,1.0744306942542,1.0986328125e-09,0.50000213421077,0.087480391070441,0.087481994192536
2.4621582031249e-06,1.0744306930906,1.0986328125e-09,0.50000213516413,0.087480387182768,0.087481991020501
2.4632568359374e-06,1.0744306920654,1.0986328125e-09,0.50000213611749,0.087480383295095,0.087481987848465
2.4643554687499e-06,1.074430690903,1.0986328125e-09,0.50000213707084,0.087480379407422,0.08748198467643
2.4654541015624e-06,1.0744306898792,1.0986328125e-09,0.5000021380242,0.08748037551975,0.087481981504394
2.4665527343749e-06,1.0744306887178,1.0986328125e-09,0.50000213897756,0.087480371632077,0.087481978332359
2.4676513671874e-06,1.0744306876954,1.0986328125e-09,0.50000213993092,0.087480367744404,0.087481975160323
2.4687499999999e-06,1.0744306865352,1.0986328125e-09,0.50000214088428,0.087480363856731,0.087481971988288
2.4698486328124e-06,1.0744306855141,1.0986328125e-09,0.50000214183763,0.087480359969058,0.087481968816252
2.4709472656249e-06,1.0744306843551,1.0986328125e-09,0.50000214279099,0.087480356081386,0.087481965644217
2.4720458984374e-06,1.0744306833354,1.0986328125e-09,0.50000214374435,0.087480352193713,0.087481962472181
2.4731445312499e-06,1.0744306821775,1.0986328125e-09,0.5000021446977,0.08748034830604,0.087481959300146
2.4742431640624e-06,1.0744306811591,1.0986328125e-09,0.50000214565106,0.087480344418368,0.087481956128111
2.4753417968749e-06,1.0744306800024,1.0986328125e-09,0.50000214660442,0.087480340530695,0.087481952956075
2.4764404296874e-06,1.0744306789854,1.0986328125e-09,0.50000214755777,0.087480336643023,0.08748194978404
2.4775390624999e-06,1.0744306778298,1.0986328125e-09,0.50000214851113,0.08748033275535,0.087481946612005
2.4786376953124e-06,1.0744306768142,1.0986328125e-09,0.50000214946448,0.087480328867677,0.087481943439969
2.4797363281249e-06,1.0744306756598,1.0986328125e-09,0.50000215041783,0.087480324980005,0.087481940267934
2.4808349609374e-06,1.0744306746454,1.0986328125e-09,0.50000215137119,0.087480321092333,0.087481937095899
2.4819335937499e-06,1.0744306734922,1.0986328125e-09,0.50000215232454,0.08748031720466,0.087481933923864
2.4830322265624e-06,1.0744306724792,1.0986328125e-09,0.5000021532779,0.087480313316988,0.087481930751829
2.4841308593749e-06,1.0744306713272,1.0986328125e-09,0.50000215423125,0.087480309429315,0.087481927579794
2.4852294921874e-06,1.0744306703156,1.0986328125e-09,0.5000021551846,0.087480305541643,0.087481924407758
2.4863281249999e-06,1.0744306691646,1.0986328125e-09,0.50000215613795,0.087480301653971,0.087481921235723
2.4874267578124e-06,1.0744306681544,1.0986328125e-09,0.50000215709131,0.087480297766298,0.087481918063688
2.4885253906249e-06,1.0744306670046,1.0986328125e-09,0.50000215804466,0.087480293878626,0.087481914891653
2.4896240234374e-06,1.0744306659957,1.0986328125e-09,0.50000215899801,0.087480289990954,0.087481911719618
2.4907226562499e-06,1.0744306648471,1.0986328125e-09,0.50000215995136,0.087480286103281,0.087481908547583
2.4918212890624e-06,1.0744306638395,1.0986328125e-09,0.50000216090471,0.087480282215609,0.087481905375548
2.4929199218749e-06,1.0744306626921,1.0986328125e-09,0.50000216185806,0.087480278327937,0.087481902203513
2.4940185546874e-06,1.0744306616859,1.0986328125e-09,0.50000216281141,0.087480274440265,0.087481899031479
2.4951171874999e-06,1.0744306605396,1.0986328125e-09,0.50000216376476,0.087480270552593,0.087481895859444
2.4962158203124e-06,1.0744306595347,1.0986328125e-09,0.50000216471811,0.087480266664921,0.087481892687409
2.4973144531249e-06,1.0744306583896,1.0986328125e-09,0.50000216567146,0.087480262777249,0.087481889515374
2.4984130859374e-06,1.0744306573861,1.0986328125e-09,0.50000216662481,0.087480258889577,0.087481886343339
2.4995117187499e-06,1.0744306562421,1.0986328125e-09,0.50000216757816,0.087480255001905,0.087481883171304
2.5006103515624e-06,1.07443065524,1.0986328125e-09,0.50000216853151,0.087480251114233,0.08748187999927
2.5017089843749e-06,1.0744306540971,1.0986328125e-09,0.50000216948485,0.087480247226561,0.087481876827235
2.5028076171874e-06,1.0744306530964,1.0986328125e-09,0.5000021704382,0.087480243338889,0.0874818736552
2.5039062499999e-06,1.0744306519547,1.0986328125e-09,0.50000217139155,0.087480239451217,0.087481870483165
2.5050048828124e-06,1.0744306509553,1.0986328125e-09,0.5000021723449,0.087480235563545,0.087481867311131
2.5061035156249e-06,1.0744306498147,1.0986328125e-09,0.50000217329824,0.087480231675873,0.087481864139096
2.5072021484374e-06,1.0744306488167,1.0986328125e-09,0.50000217425159,0.087480227788201,0.087481860967062
2.5083007812499e-06,1.0744306476773,1.0986328125e-09,0.50000217520494,0.087480223900529,0.087481857795027
2.5093994140624e-06,1.0744306466806,1.0986328125e-09,0.50000217615828,0.087480220012858,0.087481854622992
2.5104980468749e-06,1.0744306455424,1.0986328125e-09,0.50000217711163,0.087480216125186,0.087481851450958
2.5115966796874e-06,1.074430644547,1.0986328125e-09,0.50000217806497,0.087480212237514,0.087481848278923
2.5126953124999e-06,1.0744306434099,1.0986328125e-09,0.50000217901832,0.087480208349842,0.087481845106889
2.5137939453124e-06,1.074430642416,1.0986328125e-09,0.50000217997166,0.087480204462171,0.087481841934854
2.5148925781249e-06,1.07443064128,1.0986328125e-09,0.50000218092501,0.087480200574499,0.08748183876282
2.5159912109374e-06,1.0744306402874,1.0986328125e-09,0.50000218187835,0.087480196686827,0.087481835590786
2.5170898437499e-06,1.0744306391526,1.0986328125e-09,0.50000218283169,0.087480192799156,0.087481832418751
2.5181884765624e-06,1.0744306381614,1.0986328125e-09,0.50000218378504,0.087480188911484,0.087481829246717
2.5192871093749e-06,1.0744306370278,1.0986328125e-09,0.50000218473838,0.087480185023813,0.087481826074683
2.5203857421874e-06,1.0744306360378,1.0986328125e-09,0.50000218569172,0.087480181136141,0.087481822902648
2.5214843749999e-06,1.0744306349054,1.0986328125e-09,0.50000218664507,0.08748017724847,0.087481819730614
2.5225830078124e-06,1.0744306339168,1.0986328125e-09,0.50000218759841,0.087480173360798,0.08748181655858
2.5236816406249e-06,1.0744306327855,1.0986328125e-09,0.50000218855175,0.087480169473127,0.087481813386545
2.5247802734374e-06,1.0744306317983,1.0986328125e-09,0.50000218950509,0.087480165585455,0.087481810214511
2.5258789062499e-06,1.0744306306682,1.0986328125e-09,0.50000219045843,0.087480161697784,0.087481807042477
2.5269775390624e-06,1.0744306296823,1.0986328125e-09,0.50000219141177,0.087480157810113,0.087481803870443
2.5280761718749e-06,1.0744306285533,1.0986328125e-09,0.50000219236511,0.087480153922441,0.087481800698409
2.5291748046874e-06,1.0744306275688,1.0986328125e-09,0.50000219331845,0.08748015003477,0.087481797526375
2.5302734374999e-06,1.074430626441,1.0986328125e-09,0.50000219427179,0.087480146147099,0.087481794354341
2.5313720703124e-06,1.0744306254578,1.0986328125e-09,0.50000219522513,0.087480142259428,0.087481791182307
2.5324707031249e-06,1.0744306243312,1.0986328125e-09,0.50000219617847,0.087480138371756,0.087481788010273
2.5335693359374e-06,1.0744306233494,1.0986328125e-09,0.50000219713181,0.087480134484085,0.087481784838239
2.5346679687499e-06,1.0744306222238,1.0986328125e-09,0.50000219808515,0.087480130596414,0.087481781666205
2.5357666015624e-06,1.0744306212434,1.0986328125e-09,0.50000219903849,0.087480126708743,0.087481778494171
2.5368652343749e-06,1.074430620119,1.0986328125e-09,0.50000219999183,0.087480122821072,0.087481775322137
2.5379638671874e-06,1.07443061914,1.0986328125e-09,0.50000220094516,0.087480118933401,0.087481772150103
2.5390624999999e-06,1.0744306180167,1.0986328125e-09,0.5000022018985,0.08748011504573,0.087481768978069
2.5401611328124e-06,1.074430617039,1.0986328125e-09,0.50000220285184,0.087480111158059,0.087481765806035
2.5412597656249e-06,1.0744306159169,1.0986328125e-09,0.50000220380517,0.087480107270388,0.087481762634001
2.5423583984374e-06,1.0744306149406,1.0986328125e-09,0.50000220475851,0.087480103382717,0.087481759461967
2.5434570312499e-06,1.0744306138197,1.0986328125e-09,0.50000220571185,0.087480099495046,0.087481756289934
2.5445556640624e-06,1.0744306128447,1.0986328125e-09,0.50000220666518,0.087480095607375,0.0874817531179
2.5456542968749e-06,1.0744306117249,1.0986328125e-09,0.50000220761852,0.087480091719704,0.087481749945866
2.5467529296874e-06,1.0744306107513,1.0986328125e-09,0.50000220857185,0.087480087832033,0.087481746773832
2.5478515624999e-06,1.0744306096326,1.0986328125e-09,0.50000220952519,0.087480083944362,0.087481743601799
2.5489501953124e-06,1.0744306086604,1.0986328125e-09,0.50000221047852,0.087480080056691,0.087481740429765
2.5500488281249e-06,1.0744306075429,1.0986328125e-09,0.50000221143186,0.087480076169021,0.087481737257731
2.5511474609374e-06,1.074430606572,1.0986328125e-09,0.50000221238519,0.08748007228135,0.087481734085698
2.5522460937499e-06,1.0744306054557,1.0986328125e-09,0.50000221333852,0.087480068393679,0.087481730913664
2.5533447265624e-06,1.0744306044861,1.0986328125e-09,0.50000221429186,0.087480064506008,0.087481727741631
2.5544433593749e-06,1.0744306033709,1.0986328125e-09,0.50000221524519,0.087480060618338,0.087481724569597
2.5555419921874e-06,1.0744306024027,1.0986328125e-09,0.50000221619852,0.087480056730667,0.087481721397564
2.5566406249999e-06,1.0744306012887,1.0986328125e-09,0.50000221715185,0.087480052842996,0.08748171822553
2.5577392578124e-06,1.0744306003219,1.0986328125e-09,0.50000221810519,0.087480048955326,0.087481715053497
2.5588378906249e-06,1.074430599209,1.0986328125e-09,0.50000221905852,0.087480045067655,0.087481711881463
2.5599365234374e-06,1.0744305982435,1.0986328125e-09,0.50000222001185,0.087480041179985,0.08748170870943
2.5610351562499e-06,1.0744305971318,1.0986328125e-09,0.50000222096518,0.087480037292314,0.087481705537396
2.5621337890624e-06,1.0744305961677,1.0986328125e-09,0.50000222191851,0.087480033404644,0.087481702365363
2.5632324218749e-06,1.0744305950571,1.0986328125e-09,0.50000222287184,0.087480029516973,0.08748169919333
2.5643310546874e-06,1.0744305940943,1.0986328125e-09,0.50000222382517,0.087480025629303,0.087481696021296
2.5654296874999e-06,1.074430592985,1.0986328125e-09,0.5000022247785,0.087480021741632,0.087481692849263
2.5665283203124e-06,1.0744305920235,1.0986328125e-09,0.50000222573183,0.087480017853962,0.08748168967723
2.5676269531249e-06,1.0744305909153,1.0986328125e-09,0.50000222668516,0.087480013966291,0.087481686505197
2.5687255859374e-06,1.0744305899552,1.0986328125e-09,0.50000222763849,0.087480010078621,0.087481683333163
2.5698242187499e-06,1.0744305888481,1.0986328125e-09,0.50000222859182,0.087480006190951,0.08748168016113
2.5709228515624e-06,1.0744305878894,1.0986328125e-09,0.50000222954515,0.087480002303281,0.087481676989097
2.5720214843749e-06,1.0744305867835,1.0986328125e-09,0.50000223049847,0.08747999841561,0.087481673817064
2.5731201171874e-06,1.0744305858261,1.0986328125e-09,0.5000022314518,0.08747999452794,0.087481670645031
2.5742187499999e-06,1.0744305847214,1.0986328125e-09,0.50000223240513,0.08747999064027,0.087481667472998
2.5753173828124e-06,1.0744305837653,1.0986328125e-09,0.50000223335845,0.0874799867526,0.087481664300965
2.5764160156249e-06,1.0744305826617,1.0986328125e-09,0.50000223431178,0.08747998286493,0.087481661128932
2.5775146484374e-06,1.0744305817071,1.0986328125e-09,0.50000223526511,0.087479978977259,0.087481657956899
2.5786132812499e-06,1.0744305806046,1.0986328125e-09,0.50000223621843,0.087479975089589,0.087481654784866
2.5797119140624e-06,1.0744305796513,1.0986328125e-09,0.50000223717176,0.087479971201919,0.087481651612833
2.5808105468749e-06,1.07443057855,1.0986328125e-09,0.50000223812508,0.087479967314249,0.0874816484408
2.5819091796874e-06,1.074430577598,1.0986328125e-09,0.50000223907841,0.087479963426579,0.087481645268767
2.5830078124999e-06,1.0744305764979,1.0986328125e-09,0.50000224003173,0.087479959538909,0.087481642096734
2.5841064453124e-06,1.0744305755473,1.0986328125e-09,0.50000224098506,0.087479955651239,0.087481638924701
2.5852050781249e-06,1.0744305744483,1.0986328125e-09,0.50000224193838,0.087479951763569,0.087481635752668
2.5863037109374e-06,1.0744305734991,1.0986328125e-09,0.50000224289171,0.087479947875899,0.087481632580635
2.5874023437499e-06,1.0744305724012,1.0986328125e-09,0.50000224384503,0.087479943988229,0.087481629408603
2.5885009765624e-06,1.0744305714533,1.0986328125e-09,0.50000224479835,0.08747994010056,0.08748162623657
2.5895996093749e-06,1.0744305703567,1.0986328125e-09,0.50000224575168,0.08747993621289,0.087481623064537
2.5906982421874e-06,1.0744305694101,1.0986328125e-09,0.500002246705,0.08747993232522,0.087481619892504
2.5917968749999e-06,1.0744305683146,1.0986328125e-09,0.50000224765832,0.08747992843755,0.087481616720472
2.5928955078124e-06,1.0744305673694,1.0986328125e-09,0.50000224861164,0.08747992454988,0.087481613548439
2.5939941406249e-06,1.0744305662751,1.0986328125e-09,0.50000224956496,0.087479920662211,0.087481610376406
2.5950927734374e-06,1.0744305653312,1.0986328125e-09,0.50000225051828,0.087479916774541,0.087481607204374
2.5961914062499e-06,1.074430564238,1.0986328125e-09,0.50000225147161,0.087479912886871,0.087481604032341
2.5972900390624e-06,1.0744305632956,1.0986328125e-09,0.50000225242493,0.087479908999202,0.087481600860309
2.5983886718749e-06,1.0744305622035,1.0986328125e-09,0.50000225337825,0.087479905111532,0.087481597688276
2.5994873046874e-06,1.0744305612624,1.0986328125e-09,0.50000225433157,0.087479901223863,0.087481594516244
2.6005859374999e-06,1.0744305601715,1.0986328125e-09,0.50000225528489,0.087479897336193,0.087481591344211
2.6016845703124e-06,1.0744305592317,1.0986328125e-09,0.50000225623821,0.087479893448523,0.087481588172179
2.6027832031249e-06,1.074430558142,1.0986328125e-09,0.50000225719152,0.087479889560854,0.087481585000146
2.6038818359374e-06,1.0744305572036,1.0986328125e-09,0.50000225814484,0.087479885673184,0.087481581828114
2.6049804687499e-06,1.074430556115,1.0986328125e-09,0.50000225909816,0.087479881785515,0.087481578656081
2.6060791015624e-06,1.0744305551779,1.0986328125e-09,0.50000226005148,0.087479877897846,0.087481575484049
2.6071777343749e-06,1.0744305540905,1.0986328125e-09,0.5000022610048,0.087479874010176,0.087481572312017
2.6082763671874e-06,1.0744305531548,1.0986328125e-09,0.50000226195811,0.087479870122507,0.087481569139984
2.6093749999999e-06,1.0744305520685,1.0986328125e-09,0.50000226291143,0.087479866234837,0.087481565967952
2.6104736328124e-06,1.0744305511342,1.0986328125e-09,0.50000226386475,0.087479862347168,0.08748156279592
2.6115722656249e-06,1.074430550049,1.0986328125e-09,0.50000226481806,0.087479858459499,0.087481559623888
2.6126708984374e-06,1.0744305491161,1.0986328125e-09,0.50000226577138,0.08747985457183,0.087481556451855
2.6137695312499e-06,1.0744305480321,1.0986328125e-09,0.5000022667247,0.08747985068416,0.087481553279823
2.6148681640624e-06,1.0744305471005,1.0986328125e-09,0.50000226767801,0.087479846796491,0.087481550107791
2.6159667968749e-06,1.0744305460176,1.0986328125e-09,0.50000226863133,0.087479842908822,0.087481546935759
2.6170654296874e-06,1.0744305450874,1.0986328125e-09,0.50000226958464,0.087479839021153,0.087481543763727
2.6181640624999e-06,1.0744305440057,1.0986328125e-09,0.50000227053796,0.087479835133484,0.087481540591695
2.6192626953124e-06,1.0744305430768,1.0986328125e-09,0.50000227149127,0.087479831245815,0.087481537419663
2.6203613281249e-06,1.0744305419963,1.0986328125e-09,0.50000227244459,0.087479827358145,0.08748153424763
2.6214599609374e-06,1.0744305410687,1.0986328125e-09,0.5000022733979,0.087479823470476,0.087481531075598
2.6225585937499e-06,1.0744305399893,1.0986328125e-09,0.50000227435121,0.087479819582807,0.087481527903566
2.6236572265624e-06,1.0744305390631,1.0986328125e-09,0.50000227530453,0.087479815695138,0.087481524731534
2.6247558593749e-06,1.0744305379849,1.0986328125e-09,0.50000227625784,0.087479811807469,0.087481521559503
2.6258544921874e-06,1.0744305370601,1.0986328125e-09,0.50000227721115,0.0874798079198,0.087481518387471
2.6269531249999e-06,1.074430535983,1.0986328125e-09,0.50000227816446,0.087479804032132,0.087481515215439
2.6280517578124e-06,1.0744305350595,1.0986328125e-09,0.50000227911777,0.087479800144463,0.087481512043407
2.6291503906249e-06,1.0744305339836,1.0986328125e-09,0.50000228007109,0.087479796256794,0.087481508871375
2.6302490234374e-06,1.0744305330615,1.0986328125e-09,0.5000022810244,0.087479792369125,0.087481505699343
2.6313476562499e-06,1.0744305319868,1.0986328125e-09,0.50000228197771,0.087479788481456,0.087481502527311
2.6324462890624e-06,1.074430531066,1.0986328125e-09,0.50000228293102,0.087479784593787,0.08748149935528
2.6335449218749e-06,1.0744305299924,1.0986328125e-09,0.50000228388433,0.087479780706119,0.087481496183248
2.6346435546874e-06,1.074430529073,1.0986328125e-09,0.50000228483764,0.08747977681845,0.087481493011216
2.6357421874999e-06,1.0744305280005,1.0986328125e-09,0.50000228579095,0.087479772930781,0.087481489839184
2.6368408203124e-06,1.0744305270825,1.0986328125e-09,0.50000228674426,0.087479769043112,0.087481486667153
2.6379394531249e-06,1.0744305260112,1.0986328125e-09,0.50000228769756,0.087479765155444,0.087481483495121
2.6390380859374e-06,1.0744305250945,1.0986328125e-09,0.50000228865087,0.087479761267775,0.08748148032309
2.6401367187499e-06,1.0744305240243,1.0986328125e-09,0.50000228960418,0.087479757380106,0.087481477151058
2.6412353515624e-06,1.074430523109,1.0986328125e-09,0.50000229055749,0.087479753492438,0.087481473979026
2.6423339843749e-06,1.07443052204,1.0986328125e-09,0.5000022915108,0.087479749604769,0.087481470806995
2.6434326171874e-06,1.074430521126,1.0986328125e-09,0.5000022924641,0.087479745717101,0.087481467634963
2.6445312499999e-06,1.0744305200582,1.0986328125e-09,0.50000229341741,0.087479741829432,0.087481464462932
2.6456298828124e-06,1.0744305191455,1.0986328125e-09,0.50000229437072,0.087479737941764,0.0874814612909
2.6467285156249e-06,1.0744305180789,1.0986328125e-09,0.50000229532402,0.087479734054095,0.087481458118869
2.6478271484374e-06,1.0744305171676,1.0986328125e-09,0.50000229627733,0.087479730166427,0.087481454946837
2.6489257812499e-06,1.0744305161021,1.0986328125e-09,0.50000229723064,0.087479726278759,0.087481451774806
2.6500244140624e-06,1.0744305151921,1.0986328125e-09,0.50000229818394,0.08747972239109,0.087481448602775
2.6511230468749e-06,1.0744305141278,1.0986328125e-09,0.50000229913725,0.087479718503422,0.087481445430743
2.6522216796874e-06,1.0744305132192,1.0986328125e-09,0.50000230009055,0.087479714615754,0.087481442258712
2.6533203124999e-06,1.074430512156,1.0986328125e-09,0.50000230104386,0.087479710728085,0.087481439086681
2.6544189453124e-06,1.0744305112488,1.0986328125e-09,0.50000230199716,0.087479706840417,0.08748143591465
2.6555175781249e-06,1.0744305101867,1.0986328125e-09,0.50000230295046,0.087479702952749,0.087481432742618
2.6566162109374e-06,1.0744305092808,1.0986328125e-09,0.50000230390377,0.087479699065081,0.087481429570587
2.6577148437499e-06,1.07443050822,1.0986328125e-09,0.50000230485707,0.087479695177413,0.087481426398556
2.6588134765624e-06,1.0744305073154,1.0986328125e-09,0.50000230581037,0.087479691289744,0.087481423226525
2.6599121093749e-06,1.0744305062557,1.0986328125e-09,0.50000230676368,0.087479687402076,0.087481420054494
2.6610107421874e-06,1.0744305053525,1.0986328125e-09,0.50000230771698,0.087479683514408,0.087481416882462
2.6621093749999e-06,1.074430504294,1.0986328125e-09,0.50000230867028,0.08747967962674,0.087481413710431
2.6632080078124e-06,1.0744305033921,1.0986328125e-09,0.50000230962358,0.087479675739072,0.0874814105384
2.6643066406249e-06,1.0744305023347,1.0986328125e-09,0.50000231057688,0.087479671851404,0.087481407366369
2.6654052734374e-06,1.0744305014343,1.0986328125e-09,0.50000231153018,0.087479667963736,0.087481404194338
2.6665039062499e-06,1.074430500378,1.0986328125e-09,0.50000231248349,0.087479664076068,0.087481401022307
2.6676025390624e-06,1.0744304994789,1.0986328125e-09,0.50000231343679,0.0874796601884,0.087481397850276
2.6687011718749e-06,1.0744304984238,1.0986328125e-09,0.50000231439009,0.087479656300732,0.087481394678245
2.6697998046874e-06,1.074430497526,1.0986328125e-09,0.50000231534339,0.087479652413064,0.087481391506214
2.6708984374999e-06,1.0744304964721,1.0986328125e-09,0.50000231629668,0.087479648525397,0.087481388334183
2.6719970703124e-06,1.0744304955757,1.0986328125e-09,0.50000231724998,0.087479644637729,0.087481385162153
2.6730957031249e-06,1.0744304945229,1.0986328125e-09,0.50000231820328,0.087479640750061,0.087481381990122
2.6741943359374e-06,1.0744304936278,1.0986328125e-09,0.50000231915658,0.087479636862393,0.087481378818091
2.6752929687499e-06,1.0744304925762,1.0986328125e-09,0.50000232010988,0.087479632974725,0.08748137564606
2.6763916015624e-06,1.0744304916825,1.0986328125e-09,0.50000232106318,0.087479629087058,0.087481372474029
2.6774902343749e-06,1.074430490632,1.0986328125e-09,0.50000232201647,0.08747962519939,0.087481369301999
2.6785888671874e-06,1.0744304897397,1.0986328125e-09,0.50000232296977,0.087479621311722,0.087481366129968
2.6796874999999e-06,1.0744304886903,1.0986328125e-09,0.50000232392307,0.087479617424055,0.087481362957937
2.6807861328124e-06,1.0744304877994,1.0986328125e-09,0.50000232487636,0.087479613536387,0.087481359785906
2.6818847656249e-06,1.0744304867512,1.0986328125e-09,0.50000232582966,0.087479609648719,0.087481356613876
2.6829833984374e-06,1.0744304858616,1.0986328125e-09,0.50000232678296,0.087479605761052,0.087481353441845
2.6840820312499e-06,1.0744304848145,1.0986328125e-09,0.50000232773625,0.087479601873384,0.087481350269815
2.6851806640624e-06,1.0744304839263,1.0986328125e-09,0.50000232868955,0.087479597985717,0.087481347097784
2.6862792968749e-06,1.0744304828804,1.0986328125e-09,0.50000232964284,0.087479594098049,0.087481343925753
2.6873779296874e-06,1.0744304819935,1.0986328125e-09,0.50000233059614,0.087479590210382,0.087481340753723
2.6884765624999e-06,1.0744304809488,1.0986328125e-09,0.50000233154943,0.087479586322714,0.087481337581692
2.6895751953124e-06,1.0744304800632,1.0986328125e-09,0.50000233250273,0.087479582435047,0.087481334409662
2.6906738281249e-06,1.0744304790196,1.0986328125e-09,0.50000233345602,0.08747957854738,0.087481331237632
2.6917724609374e-06,1.0744304781355,1.0986328125e-09,0.50000233440931,0.087479574659712,0.087481328065601
2.6928710937499e-06,1.074430477093,1.0986328125e-09,0.50000233536261,0.087479570772045,0.087481324893571
2.6939697265624e-06,1.0744304762102,1.0986328125e-09,0.5000023363159,0.087479566884378,0.08748132172154
2.6950683593749e-06,1.0744304751689,1.0986328125e-09,0.50000233726919,0.08747956299671,0.08748131854951
2.6961669921874e-06,1.0744304742875,1.0986328125e-09,0.50000233822248,0.087479559109043,0.08748131537748
2.6972656249999e-06,1.0744304732473,1.0986328125e-09,0.50000233917578,0.087479555221376,0.087481312205449
2.6983642578124e-06,1.0744304723672,1.0986328125e-09,0.50000234012907,0.087479551333709,0.087481309033419
2.6994628906249e-06,1.0744304713283,1.0986328125e-09,0.50000234108236,0.087479547446042,0.087481305861389
2.7005615234374e-06,1.0744304704495,1.0986328125e-09,0.50000234203565,0.087479543558375,0.087481302689359
2.7016601562499e-06,1.0744304694117,1.0986328125e-09,0.50000234298894,0.087479539670707,0.087481299517328
2.7027587890624e-06,1.0744304685343,1.0986328125e-09,0.50000234394223,0.08747953578304,0.087481296345298
2.7038574218749e-06,1.0744304674976,1.0986328125e-09,0.50000234489552,0.087479531895373,0.087481293173268
2.7049560546874e-06,1.0744304666216,1.0986328125e-09,0.50000234584881,0.087479528007706,0.087481290001238
2.7060546874999e-06,1.0744304655861,1.0986328125e-09,0.5000023468021,0.087479524120039,0.087481286829208
2.7071533203124e-06,1.0744304647114,1.0986328125e-09,0.50000234775539,0.087479520232372,0.087481283657178
2.7082519531249e-06,1.074430463677,1.0986328125e-09,0.50000234870868,0.087479516344705,0.087481280485148
2.7093505859374e-06,1.0744304628037,1.0986328125e-09,0.50000234966196,0.087479512457038,0.087481277313118
2.7104492187499e-06,1.0744304617705,1.0986328125e-09,0.50000235061525,0.087479508569372,0.087481274141088
2.7115478515624e-06,1.0744304608985,1.0986328125e-09,0.50000235156854,0.087479504681705,0.087481270969058
2.7126464843749e-06,1.0744304598665,1.0986328125e-09,0.50000235252183,0.087479500794038,0.087481267797028
2.7137451171874e-06,1.0744304589958,1.0986328125e-09,0.50000235347511,0.087479496906371,0.087481264624998
2.7148437499999e-06,1.074430457965,1.0986328125e-09,0.5000023544284,0.087479493018704,0.087481261452968
2.7159423828124e-06,1.0744304570957,1.0986328125e-09,0.50000235538169,0.087479489131037,0.087481258280938
2.7170410156249e-06,1.074430456066,1.0986328125e-09,0.50000235633497,0.087479485243371,0.087481255108908
2.7181396484374e-06,1.074430455198,1.0986328125e-09,0.50000235728826,0.087479481355704,0.087481251936878
2.7192382812499e-06,1.0744304541695,1.0986328125e-09,0.50000235824154,0.087479477468037,0.087481248764849
2.7203369140624e-06,1.0744304533029,1.0986328125e-09,0.50000235919483,0.087479473580371,0.087481245592819
2.7214355468749e-06,1.0744304522755,1.0986328125e-09,0.50000236014812,0.087479469692704,0.087481242420789
2.7225341796874e-06,1.0744304514103,1.0986328125e-09,0.5000023611014,0.087479465805037,0.087481239248759
2.7236328124999e-06,1.074430450384,1.0986328125e-09,0.50000236205468,0.087479461917371,0.08748123607673
2.7247314453124e-06,1.0744304495201,1.0986328125e-09,0.50000236300797,0.087479458029704,0.0874812329047
2.7258300781249e-06,1.074430448495,1.0986328125e-09,0.50000236396125,0.087479454142038,0.08748122973267
2.7269287109374e-06,1.0744304476325,1.0986328125e-09,0.50000236491453,0.087479450254371,0.087481226560641
2.7280273437499e-06,1.0744304466086,1.0986328125e-09,0.50000236586782,0.087479446366705,0.087481223388611
2.7291259765624e-06,1.0744304457474,1.0986328125e-09,0.5000023668211,0.087479442479038,0.087481220216582
2.7302246093749e-06,1.0744304447246,1.0986328125e-09,0.50000236777438,0.087479438591372,0.087481217044552
2.7313232421874e-06,1.0744304438648,1.0986328125e-09,0.50000236872766,0.087479434703706,0.087481213872522
2.7324218749999e-06,1.0744304428432,1.0986328125e-09,0.50000236968095,0.087479430816039,0.087481210700493
2.7335205078124e-06,1.0744304419848,1.0986328125e-09,0.50000237063423,0.087479426928373,0.087481207528463
2.7346191406249e-06,1.0744304409643,1.0986328125e-09,0.50000237158751,0.087479423040707,0.087481204356434
2.7357177734374e-06,1.0744304401072,1.0986328125e-09,0.50000237254079,0.08747941915304,0.087481201184405
2.7368164062499e-06,1.0744304390879,1.0986328125e-09,0.50000237349407,0.087479415265374,0.087481198012375
2.7379150390624e-06,1.0744304382321,1.0986328125e-09,0.50000237444735,0.087479411377708,0.087481194840346
2.7390136718749e-06,1.0744304372139,1.0986328125e-09,0.50000237540063,0.087479407490042,0.087481191668316
2.7401123046874e-06,1.0744304363596,1.0986328125e-09,0.50000237635391,0.087479403602376,0.087481188496287
2.7412109374999e-06,1.0744304353425,1.0986328125e-09,0.50000237730719,0.087479399714709,0.087481185324258
2.7423095703124e-06,1.0744304344895,1.0986328125e-09,0.50000237826047,0.087479395827043,0.087481182152229
2.7434082031249e-06,1.0744304334737,1.0986328125e-09,0.50000237921375,0.087479391939377,0.087481178980199
2.7445068359374e-06,1.074430432622,1.0986328125e-09,0.50000238016702,0.087479388051711,0.08748117580817
2.7456054687499e-06,1.0744304316073,1.0986328125e-09,0.5000023811203,0.087479384164045,0.087481172636141
2.7467041015624e-06,1.074430430757,1.0986328125e-09,0.50000238207358,0.087479380276379,0.087481169464112
2.7478027343749e-06,1.0744304297434,1.0986328125e-09,0.50000238302686,0.087479376388713,0.087481166292082
2.7489013671874e-06,1.0744304288944,1.0986328125e-09,0.50000238398013,0.087479372501047,0.087481163120053
2.7499999999999e-06,1.074430427882,1.0986328125e-09,0.50000238493341,0.087479368613381,0.087481159948024
2.7510986328124e-06,1.0744304270344,1.0986328125e-09,0.50000238588669,0.087479364725715,0.087481156775995
2.7521972656249e-06,1.0744304260232,1.0986328125e-09,0.50000238683996,0.087479360838049,0.087481153603966
2.7532958984374e-06,1.0744304251769,1.0986328125e-09,0.50000238779324,0.087479356950384,0.087481150431937
2.7543945312499e-06,1.0744304241668,1.0986328125e-09,0.50000238874651,0.087479353062718,0.087481147259908
2.7554931640624e-06,1.074430423322,1.0986328125e-09,0.50000238969979,0.087479349175052,0.087481144087879
2.7565917968749e-06,1.074430422313,1.0986328125e-09,0.50000239065306,0.087479345287386,0.08748114091585
2.7576904296874e-06,1.0744304214695,1.0986328125e-09,0.50000239160634,0.08747934139972,0.087481137743821
2.7587890624999e-06,1.0744304204617,1.0986328125e-09,0.50000239255961,0.087479337512055,0.087481134571792
2.7598876953124e-06,1.0744304196195,1.0986328125e-09,0.50000239351288,0.087479333624389,0.087481131399763
2.7609863281249e-06,1.0744304186129,1.0986328125e-09,0.50000239446616,0.087479329736723,0.087481128227735
2.7620849609374e-06,1.0744304177721,1.0986328125e-09,0.50000239541943,0.087479325849058,0.087481125055706
2.7631835937499e-06,1.0744304167666,1.0986328125e-09,0.5000023963727,0.087479321961392,0.087481121883677
2.7642822265624e-06,1.0744304159271,1.0986328125e-09,0.50000239732598,0.087479318073726,0.087481118711648
2.7653808593749e-06,1.0744304149228,1.0986328125e-09,0.50000239827925,0.087479314186061,0.087481115539619
2.7664794921874e-06,1.0744304140847,1.0986328125e-09,0.50000239923252,0.087479310298395,0.087481112367591
2.7675781249999e-06,1.0744304130815,1.0986328125e-09,0.50000240018579,0.08747930641073,0.087481109195562
2.7686767578124e-06,1.0744304122447,1.0986328125e-09,0.50000240113906,0.087479302523064,0.087481106023533
2.7697753906249e-06,1.0744304112427,1.0986328125e-09,0.50000240209233,0.087479298635399,0.087481102851505
2.7708740234374e-06,1.0744304104073,1.0986328125e-09,0.50000240304561,0.087479294747734,0.087481099679476
2.7719726562499e-06,1.0744304094064,1.0986328125e-09,0.50000240399888,0.087479290860068,0.087481096507447
2.7730712890624e-06,1.0744304085724,1.0986328125e-09,0.50000240495215,0.087479286972403,0.087481093335419
2.7741699218749e-06,1.0744304075727,1.0986328125e-09,0.50000240590542,0.087479283084737,0.08748109016339
2.7752685546874e-06,1.07443040674,1.0986328125e-09,0.50000240685868,0.087479279197072,0.087481086991362
2.7763671874999e-06,1.0744304057414,1.0986328125e-09,0.50000240781195,0.087479275309407,0.087481083819333
2.7774658203124e-06,1.0744304049101,1.0986328125e-09,0.50000240876522,0.087479271421742,0.087481080647305
2.7785644531249e-06,1.0744304039127,1.0986328125e-09,0.50000240971849,0.087479267534076,0.087481077475276
2.7796630859374e-06,1.0744304030827,1.0986328125e-09,0.50000241067176,0.087479263646411,0.087481074303248
2.7807617187499e-06,1.0744304020865,1.0986328125e-09,0.50000241162503,0.087479259758746,0.087481071131219
2.7818603515624e-06,1.0744304012578,1.0986328125e-09,0.50000241257829,0.087479255871081,0.087481067959191
2.7829589843749e-06,1.0744304002628,1.0986328125e-09,0.50000241353156,0.087479251983416,0.087481064787163
2.7840576171874e-06,1.0744303994355,1.0986328125e-09,0.50000241448483,0.087479248095751,0.087481061615134
2.7851562499999e-06,1.0744303984415,1.0986328125e-09,0.50000241543809,0.087479244208085,0.087481058443106
2.7862548828124e-06,1.0744303976156,1.0986328125e-09,0.50000241639136,0.08747924032042,0.087481055271078
2.7873535156249e-06,1.0744303966228,1.0986328125e-09,0.50000241734463,0.087479236432755,0.087481052099049
2.7884521484374e-06,1.0744303957983,1.0986328125e-09,0.50000241829789,0.08747923254509,0.087481048927021
2.7895507812499e-06,1.0744303948066,1.0986328125e-09,0.50000241925116,0.087479228657425,0.087481045754993
2.7906494140624e-06,1.0744303939834,1.0986328125e-09,0.50000242020442,0.08747922476976,0.087481042582965
2.7917480468749e-06,1.074430392993,1.0986328125e-09,0.50000242115769,0.087479220882096,0.087481039410937
2.7928466796874e-06,1.0744303921711,1.0986328125e-09,0.50000242211095,0.087479216994431,0.087481036238909
2.7939453124999e-06,1.0744303911818,1.0986328125e-09,0.50000242306421,0.087479213106766,0.08748103306688
2.7950439453124e-06,1.0744303903613,1.0986328125e-09,0.50000242401748,0.087479209219101,0.087481029894852
2.7961425781249e-06,1.0744303893731,1.0986328125e-09,0.50000242497074,0.087479205331436,0.087481026722824
2.7972412109374e-06,1.074430388554,1.0986328125e-09,0.500002425924,0.087479201443771,0.087481023550796
2.7983398437499e-06,1.074430387567,1.0986328125e-09,0.50000242687727,0.087479197556107,0.087481020378768
2.7994384765624e-06,1.0744303867492,1.0986328125e-09,0.50000242783053,0.087479193668442,0.08748101720674
2.8005371093749e-06,1.0744303857633,1.0986328125e-09,0.50000242878379,0.087479189780777,0.087481014034712
2.8016357421874e-06,1.0744303849469,1.0986328125e-09,0.50000242973705,0.087479185893112,0.087481010862684
2.8027343749999e-06,1.0744303839622,1.0986328125e-09,0.50000243069031,0.087479182005448,0.087481007690656
2.8038330078124e-06,1.0744303831471,1.0986328125e-09,0.50000243164358,0.087479178117783,0.087481004518629
2.8049316406249e-06,1.0744303821636,1.0986328125e-09,0.50000243259684,0.087479174230119,0.087481001346601
2.8060302734374e-06,1.0744303813498,1.0986328125e-09,0.5000024335501,0.087479170342454,0.087480998174573
2.8071289062499e-06,1.0744303803675,1.0986328125e-09,0.50000243450336,0.087479166454789,0.087480995002545
2.8082275390624e-06,1.0744303795551,1.0986328125e-09,0.50000243545662,0.087479162567125,0.087480991830517
2.8093261718749e-06,1.0744303785738,1.0986328125e-09,0.50000243640988,0.08747915867946,0.08748098865849
2.8104248046874e-06,1.0744303777628,1.0986328125e-09,0.50000243736314,0.087479154791796,0.087480985486462
2.8115234374999e-06,1.0744303767827,1.0986328125e-09,0.50000243831639,0.087479150904132,0.087480982314434
2.8126220703124e-06,1.0744303759731,1.0986328125e-09,0.50000243926965,0.087479147016467,0.087480979142406
2.8137207031249e-06,1.0744303749942,1.0986328125e-09,0.50000244022291,0.087479143128803,0.087480975970379
2.8148193359374e-06,1.0744303741859,1.0986328125e-09,0.50000244117617,0.087479139241138,0.087480972798351
2.8159179687499e-06,1.0744303732081,1.0986328125e-09,0.50000244212943,0.087479135353474,0.087480969626323
2.8170166015624e-06,1.0744303724011,1.0986328125e-09,0.50000244308268,0.08747913146581,0.087480966454296
2.8181152343749e-06,1.0744303714245,1.0986328125e-09,0.50000244403594,0.087479127578145,0.087480963282268
2.8192138671874e-06,1.0744303706189,1.0986328125e-09,0.5000024449892,0.087479123690481,0.087480960110241
2.8203124999999e-06,1.0744303696434,1.0986328125e-09,0.50000244594245,0.087479119802817,0.087480956938213
2.8214111328124e-06,1.0744303688392,1.0986328125e-09,0.50000244689571,0.087479115915153,0.087480953766186
2.8225097656249e-06,1.0744303678649,1.0986328125e-09,0.50000244784897,0.087479112027489,0.087480950594158
2.8236083984374e-06,1.074430367062,1.0986328125e-09,0.50000244880222,0.087479108139824,0.087480947422131
2.8247070312499e-06,1.0744303660889,1.0986328125e-09,0.50000244975548,0.08747910425216,0.087480944250103
2.8258056640624e-06,1.0744303652873,1.0986328125e-09,0.50000245070873,0.087479100364496,0.087480941078076
2.8269042968749e-06,1.0744303643153,1.0986328125e-09,0.50000245166199,0.087479096476832,0.087480937906049
2.8280029296874e-06,1.0744303635152,1.0986328125e-09,0.50000245261524,0.087479092589168,0.087480934734021
2.8291015624999e-06,1.0744303625443,1.0986328125e-09,0.50000245356849,0.087479088701504,0.087480931561994
2.8302001953124e-06,1.0744303617455,1.0986328125e-09,0.50000245452175,0.08747908481384,0.087480928389967
2.8312988281249e-06,1.0744303607758,1.0986328125e-09,0.500002455475,0.087479080926176,0.08748092521794
2.8323974609374e-06,1.0744303599783,1.0986328125e-09,0.50000245642825,0.087479077038512,0.087480922045912
2.8334960937499e-06,1.0744303590098,1.0986328125e-09,0.50000245738151,0.087479073150848,0.087480918873885
2.8345947265624e-06,1.0744303582137,1.0986328125e-09,0.50000245833476,0.087479069263184,0.087480915701858
2.8356933593749e-06,1.0744303572463,1.0986328125e-09,0.50000245928801,0.087479065375521,0.087480912529831
2.8367919921874e-06,1.0744303564515,1.0986328125e-09,0.50000246024126,0.087479061487857,0.087480909357804
2.8378906249999e-06,1.0744303554853,1.0986328125e-09,0.50000246119451,0.087479057600193,0.087480906185776
2.8389892578124e-06,1.0744303546919,1.0986328125e-09,0.50000246214776,0.087479053712529,0.087480903013749
2.8400878906249e-06,1.0744303537268,1.0986328125e-09,0.50000246310101,0.087479049824865,0.087480899841722
2.8411865234374e-06,1.0744303529348,1.0986328125e-09,0.50000246405426,0.087479045937202,0.087480896669695
2.8422851562499e-06,1.0744303519709,1.0986328125e-09,0.50000246500751,0.087479042049538,0.087480893497668
2.8433837890624e-06,1.0744303511802,1.0986328125e-09,0.50000246596076,0.087479038161874,0.087480890325641
2.8444824218749e-06,1.0744303502174,1.0986328125e-09,0.50000246691401,0.087479034274211,0.087480887153614
2.8455810546874e-06,1.0744303494281,1.0986328125e-09,0.50000246786726,0.087479030386547,0.087480883981587
2.8466796874999e-06,1.0744303484664,1.0986328125e-09,0.50000246882051,0.087479026498884,0.08748088080956
2.8477783203124e-06,1.0744303476785,1.0986328125e-09,0.50000246977376,0.08747902261122,0.087480877637534
2.8488769531249e-06,1.074430346718,1.0986328125e-09,0.50000247072701,0.087479018723557,0.087480874465507
2.8499755859374e-06,1.0744303459314,1.0986328125e-09,0.50000247168026,0.087479014835893,0.08748087129348
2.8510742187499e-06,1.0744303449721,1.0986328125e-09,0.5000024726335,0.08747901094823,0.087480868121453
2.8521728515624e-06,1.0744303441868,1.0986328125e-09,0.50000247358675,0.087479007060566,0.087480864949426
2.8532714843749e-06,1.0744303432287,1.0986328125e-09,0.50000247454,0.087479003172903,0.087480861777399
2.8543701171874e-06,1.0744303424447,1.0986328125e-09,0.50000247549324,0.087478999285239,0.087480858605373
2.8554687499999e-06,1.0744303414877,1.0986328125e-09,0.50000247644649,0.087478995397576,0.087480855433346
2.8565673828124e-06,1.0744303407052,1.0986328125e-09,0.50000247739974,0.087478991509913,0.087480852261319
2.8576660156249e-06,1.0744303397493,1.0986328125e-09,0.50000247835298,0.087478987622249,0.087480849089293
2.8587646484374e-06,1.0744303389681,1.0986328125e-09,0.50000247930623,0.087478983734586,0.087480845917266
2.8598632812499e-06,1.0744303380134,1.0986328125e-09,0.50000248025947,0.087478979846923,0.087480842745239
2.8609619140624e-06,1.0744303372336,1.0986328125e-09,0.50000248121272,0.087478975959259,0.087480839573213
2.8620605468749e-06,1.0744303362801,1.0986328125e-09,0.50000248216596,0.087478972071596,0.087480836401186
2.8631591796874e-06,1.0744303355016,1.0986328125e-09,0.5000024831192,0.087478968183933,0.08748083322916
2.8642578124999e-06,1.0744303345492,1.0986328125e-09,0.50000248407245,0.08747896429627,0.087480830057133
2.8653564453124e-06,1.0744303337721,1.0986328125e-09,0.50000248502569,0.087478960408607,0.087480826885107
2.8664550781249e-06,1.0744303328208,1.0986328125e-09,0.50000248597893,0.087478956520944,0.08748082371308
2.8675537109374e-06,1.074430332045,1.0986328125e-09,0.50000248693218,0.087478952633281,0.087480820541054
2.8686523437499e-06,1.074430331095,1.0986328125e-09,0.50000248788542,0.087478948745618,0.087480817369027
2.8697509765624e-06,1.0744303303205,1.0986328125e-09,0.50000248883866,0.087478944857954,0.087480814197001
2.8708496093749e-06,1.0744303293716,1.0986328125e-09,0.5000024897919,0.087478940970291,0.087480811024975
2.8719482421874e-06,1.0744303285985,1.0986328125e-09,0.50000249074514,0.087478937082628,0.087480807852948
2.8730468749999e-06,1.0744303276508,1.0986328125e-09,0.50000249169839,0.087478933194966,0.087480804680922
2.8741455078124e-06,1.0744303268791,1.0986328125e-09,0.50000249265163,0.087478929307303,0.087480801508896
2.8752441406249e-06,1.0744303259324,1.0986328125e-09,0.50000249360487,0.08747892541964,0.087480798336869
2.8763427734374e-06,1.0744303251621,1.0986328125e-09,0.50000249455811,0.087478921531977,0.087480795164843
2.8774414062499e-06,1.0744303242166,1.0986328125e-09,0.50000249551135,0.087478917644314,0.087480791992817
2.8785400390624e-06,1.0744303234476,1.0986328125e-09,0.50000249646459,0.087478913756651,0.087480788820791
2.8796386718749e-06,1.0744303225033,1.0986328125e-09,0.50000249741783,0.087478909868988,0.087480785648765
2.8807373046874e-06,1.0744303217357,1.0986328125e-09,0.50000249837106,0.087478905981326,0.087480782476738
2.8818359374999e-06,1.0744303207925,1.0986328125e-09,0.5000024993243,0.087478902093663,0.087480779304712
2.8829345703124e-06,1.0744303200262,1.0986328125e-09,0.50000250027754,0.087478898206,0.087480776132686
2.8840332031249e-06,1.0744303190842,1.0986328125e-09,0.50000250123078,0.087478894318338,0.08748077296066
2.8851318359374e-06,1.0744303183193,1.0986328125e-09,0.50000250218402,0.087478890430675,0.087480769788634
2.8862304687499e-06,1.0744303173784,1.0986328125e-09,0.50000250313725,0.087478886543012,0.087480766616608
2.8873291015624e-06,1.0744303166149,1.0986328125e-09,0.50000250409049,0.08747888265535,0.087480763444582
2.8884277343749e-06,1.0744303156752,1.0986328125e-09,0.50000250504373,0.087478878767687,0.087480760272556
2.8895263671874e-06,1.0744303149129,1.0986328125e-09,0.50000250599696,0.087478874880025,0.08748075710053
2.8906249999999e-06,1.0744303139744,1.0986328125e-09,0.5000025069502,0.087478870992362,0.087480753928504
2.8917236328124e-06,1.0744303132135,1.0986328125e-09,0.50000250790344,0.0874788671047,0.087480750756478
2.8928222656249e-06,1.0744303122762,1.0986328125e-09,0.50000250885667,0.087478863217037,0.087480747584453
2.8939208984374e-06,1.0744303115166,1.0986328125e-09,0.50000250980991,0.087478859329375,0.087480744412427
2.8950195312499e-06,1.0744303105804,1.0986328125e-09,0.50000251076314,0.087478855441712,0.087480741240401
2.8961181640624e-06,1.0744303098222,1.0986328125e-09,0.50000251171638,0.08747885155405,0.087480738068375
2.8972167968749e-06,1.0744303088872,1.0986328125e-09,0.50000251266961,0.087478847666388,0.087480734896349
2.8983154296874e-06,1.0744303081304,1.0986328125e-09,0.50000251362284,0.087478843778725,0.087480731724324
2.8994140624999e-06,1.0744303071964,1.0986328125e-09,0.50000251457608,0.087478839891063,0.087480728552298
2.9005126953124e-06,1.074430306441,1.0986328125e-09,0.50000251552931,0.087478836003401,0.087480725380272
2.9016113281249e-06,1.0744303055082,1.0986328125e-09,0.50000251648254,0.087478832115738,0.087480722208247
2.9027099609374e-06,1.0744303047541,1.0986328125e-09,0.50000251743578,0.087478828228076,0.087480719036221
2.9038085937499e-06,1.0744303038225,1.0986328125e-09,0.50000251838901,0.087478824340414,0.087480715864195
2.9049072265624e-06,1.0744303030698,1.0986328125e-09,0.50000251934224,0.087478820452752,0.08748071269217
2.9060058593749e-06,1.0744303021393,1.0986328125e-09,0.50000252029547,0.08747881656509,0.087480709520144
2.9071044921874e-06,1.0744303013879,1.0986328125e-09,0.5000025212487,0.087478812677428,0.087480706348119
2.9082031249999e-06,1.0744303004586,1.0986328125e-09,0.50000252220193,0.087478808789765,0.087480703176093
2.9093017578124e-06,1.0744302997086,1.0986328125e-09,0.50000252315516,0.087478804902103,0.087480700004068
2.9104003906249e-06,1.0744302987804,1.0986328125e-09,0.50000252410839,0.087478801014441,0.087480696832042
2.9114990234374e-06,1.0744302980318,1.0986328125e-09,0.50000252506162,0.087478797126779,0.087480693660017
2.9125976562499e-06,1.0744302971048,1.0986328125e-09,0.50000252601485,0.087478793239117,0.087480690487991
2.9136962890624e-06,1.0744302963574,1.0986328125e-09,0.50000252696808,0.087478789351455,0.087480687315966
2.9147949218749e-06,1.0744302954316,1.0986328125e-09,0.50000252792131,0.087478785463793,0.08748068414394
2.9158935546874e-06,1.0744302946856,1.0986328125e-09,0.50000252887454,0.087478781576132,0.087480680971915
2.9169921874999e-06,1.074430293761,1.0986328125e-09,0.50000252982777,0.08747877768847,0.08748067779989
2.9180908203124e-06,1.0744302930163,1.0986328125e-09,0.500002530781,0.087478773800808,0.087480674627864
2.9191894531249e-06,1.0744302920928,1.0986328125e-09,0.50000253173423,0.087478769913146,0.087480671455839
2.9202880859374e-06,1.0744302913496,1.0986328125e-09,0.50000253268745,0.087478766025484,0.087480668283814
2.9213867187499e-06,1.0744302904272,1.0986328125e-09,0.50000253364068,0.087478762137822,0.087480665111789
2.9224853515624e-06,1.0744302896853,1.0986328125e-09,0.50000253459391,0.087478758250161,0.087480661939764
2.9235839843749e-06,1.074430288764,1.0986328125e-09,0.50000253554713,0.087478754362499,0.087480658767738
2.9246826171874e-06,1.0744302880235,1.0986328125e-09,0.50000253650036,0.087478750474837,0.087480655595713
2.9257812499999e-06,1.0744302871034,1.0986328125e-09,0.50000253745359,0.087478746587176,0.087480652423688
2.9268798828124e-06,1.0744302863642,1.0986328125e-09,0.50000253840681,0.087478742699514,0.087480649251663
2.9279785156249e-06,1.0744302854453,1.0986328125e-09,0.50000253936004,0.087478738811852,0.087480646079638
2.9290771484374e-06,1.0744302847075,1.0986328125e-09,0.50000254031326,0.087478734924191,0.087480642907613
2.9301757812499e-06,1.0744302837897,1.0986328125e-09,0.50000254126649,0.087478731036529,0.087480639735588
2.9312744140624e-06,1.0744302830532,1.0986328125e-09,0.50000254221971,0.087478727148868,0.087480636563563
2.9323730468749e-06,1.0744302821366,1.0986328125e-09,0.50000254317293,0.087478723261206,0.087480633391538
2.9334716796874e-06,1.0744302814015,1.0986328125e-09,0.50000254412616,0.087478719373545,0.087480630219513
2.9345703124999e-06,1.074430280486,1.0986328125e-09,0.50000254507938,0.087478715485883,0.087480627047488
2.9356689453124e-06,1.0744302797523,1.0986328125e-09,0.5000025460326,0.087478711598222,0.087480623875463
2.9367675781249e-06,1.074430278838,1.0986328125e-09,0.50000254698583,0.08747870771056,0.087480620703438
2.9378662109374e-06,1.0744302781056,1.0986328125e-09,0.50000254793905,0.087478703822899,0.087480617531413
2.9389648437499e-06,1.0744302771924,1.0986328125e-09,0.50000254889227,0.087478699935238,0.087480614359389
2.9400634765624e-06,1.0744302764614,1.0986328125e-09,0.50000254984549,0.087478696047576,0.087480611187364
2.9411621093749e-06,1.0744302755494,1.0986328125e-09,0.50000255079871,0.087478692159915,0.087480608015339
2.9422607421874e-06,1.0744302748197,1.0986328125e-09,0.50000255175194,0.087478688272254,0.087480604843314
2.9433593749999e-06,1.0744302739088,1.0986328125e-09,0.50000255270516,0.087478684384593,0.08748060167129
2.9444580078124e-06,1.0744302731805,1.0986328125e-09,0.50000255365838,0.087478680496931,0.087480598499265
2.9455566406249e-06,1.0744302722708,1.0986328125e-09,0.5000025546116,0.08747867660927,0.08748059532724
2.9466552734374e-06,1.0744302715438,1.0986328125e-09,0.50000255556482,0.087478672721609,0.087480592155215
2.9477539062499e-06,1.0744302706353,1.0986328125e-09,0.50000255651804,0.087478668833948,0.087480588983191
2.9488525390624e-06,1.0744302699096,1.0986328125e-09,0.50000255747126,0.087478664946287,0.087480585811166
2.9499511718749e-06,1.0744302690022,1.0986328125e-09,0.50000255842447,0.087478661058626,0.087480582639142
2.9510498046874e-06,1.074430268278,1.0986328125e-09,0.50000255937769,0.087478657170965,0.087480579467117
2.9521484374999e-06,1.0744302673717,1.0986328125e-09,0.50000256033091,0.087478653283304,0.087480576295093
2.9532470703124e-06,1.0744302666488,1.0986328125e-09,0.50000256128413,0.087478649395643,0.087480573123068
2.9543457031249e-06,1.0744302657437,1.0986328125e-09,0.50000256223735,0.087478645507982,0.087480569951044
2.9554443359374e-06,1.0744302650222,1.0986328125e-09,0.50000256319056,0.087478641620321,0.087480566779019
2.9565429687499e-06,1.0744302641182,1.0986328125e-09,0.50000256414378,0.08747863773266,0.087480563606995
2.9576416015624e-06,1.074430263398,1.0986328125e-09,0.500002565097,0.087478633844999,0.08748056043497
2.9587402343749e-06,1.0744302624953,1.0986328125e-09,0.50000256605021,0.087478629957338,0.087480557262946
2.9598388671874e-06,1.0744302617764,1.0986328125e-09,0.50000256700343,0.087478626069677,0.087480554090922
2.9609374999999e-06,1.0744302608748,1.0986328125e-09,0.50000256795665,0.087478622182016,0.087480550918897
2.9620361328123e-06,1.0744302601573,1.0986328125e-09,0.50000256890986,0.087478618294356,0.087480547746873
2.9631347656248e-06,1.0744302592568,1.0986328125e-09,0.50000256986308,0.087478614406695,0.087480544574849
2.9642333984373e-06,1.0744302585407,1.0986328125e-09,0.50000257081629,0.087478610519034,0.087480541402825
2.9653320312498e-06,1.0744302576414,1.0986328125e-09,0.50000257176951,0.087478606631373,0.0874805382308
2.9664306640623e-06,1.0744302569266,1.0986328125e-09,0.50000257272272,0.087478602743713,0.087480535058776
2.9675292968748e-06,1.0744302560284,1.0986328125e-09,0.50000257367593,0.087478598856052,0.087480531886752
2.9686279296873e-06,1.074430255315,1.0986328125e-09,0.50000257462915,0.087478594968391,0.087480528714728
2.9697265624998e-06,1.074430254418,1.0986328125e-09,0.50000257558236,0.087478591080731,0.087480525542704
2.9708251953123e-06,1.0744302537059,1.0986328125e-09,0.50000257653557,0.08747858719307,0.08748052237068
2.9719238281248e-06,1.0744302528101,1.0986328125e-09,0.50000257748879,0.08747858330541,0.087480519198655
2.9730224609373e-06,1.0744302520993,1.0986328125e-09,0.500002578442,0.087478579417749,0.087480516026631
2.9741210937498e-06,1.0744302512047,1.0986328125e-09,0.50000257939521,0.087478575530089,0.087480512854607
2.9752197265623e-06,1.0744302504953,1.0986328125e-09,0.50000258034842,0.087478571642428,0.087480509682583
2.9763183593748e-06,1.0744302496017,1.0986328125e-09,0.50000258130163,0.087478567754768,0.087480506510559
2.9774169921873e-06,1.0744302488937,1.0986328125e-09,0.50000258225484,0.087478563867107,0.087480503338535
2.9785156249998e-06,1.0744302480013,1.0986328125e-09,0.50000258320805,0.087478559979447,0.087480500166512
2.9796142578123e-06,1.0744302472947,1.0986328125e-09,0.50000258416126,0.087478556091787,0.087480496994488
2.9807128906248e-06,1.0744302464035,1.0986328125e-09,0.50000258511447,0.087478552204126,0.087480493822464
2.9818115234373e-06,1.0744302456981,1.0986328125e-09,0.50000258606768,0.087478548316466,0.08748049065044
2.9829101562498e-06,1.0744302448081,1.0986328125e-09,0.50000258702089,0.087478544428806,0.087480487478416
2.9840087890623e-06,1.0744302441041,1.0986328125e-09,0.5000025879741,0.087478540541145,0.087480484306392
2.9851074218748e-06,1.0744302432152,1.0986328125e-09,0.50000258892731,0.087478536653485,0.087480481134369
2.9862060546873e-06,1.0744302425126,1.0986328125e-09,0.50000258988052,0.087478532765825,0.087480477962345
2.9873046874998e-06,1.0744302416248,1.0986328125e-09,0.50000259083373,0.087478528878165,0.087480474790321
2.9884033203123e-06,1.0744302409236,1.0986328125e-09,0.50000259178694,0.087478524990505,0.087480471618297
2.9895019531248e-06,1.074430240037,1.0986328125e-09,0.50000259274014,0.087478521102845,0.087480468446274
2.9906005859373e-06,1.0744302393371,1.0986328125e-09,0.50000259369335,0.087478517215185,0.08748046527425
2.9916992187498e-06,1.0744302384516,1.0986328125e-09,0.50000259464656,0.087478513327524,0.087480462102226
2.9927978515623e-06,1.0744302377531,1.0986328125e-09,0.50000259559976,0.087478509439864,0.087480458930203
2.9938964843748e-06,1.0744302368688,1.0986328125e-09,0.50000259655297,0.087478505552204,0.087480455758179
2.9949951171873e-06,1.0744302361716,1.0986328125e-09,0.50000259750618,0.087478501664544,0.087480452586156
2.9960937499998e-06,1.0744302352885,1.0986328125e-09,0.50000259845938,0.087478497776884,0.087480449414132
2.9971923828123e-06,1.0744302345927,1.0986328125e-09,0.50000259941259,0.087478493889225,0.087480446242109
2.9982910156248e-06,1.0744302337107,1.0986328125e-09,0.50000260036579,0.087478490001565,0.087480443070085
2.9993896484373e-06,1.0744302330162,1.0986328125e-09,0.500002601319,0.087478486113905,0.087480439898062
3.0004882812498e-06,1.0744302321354,1.0986328125e-09,0.5000026022722,0.087478482226245,0.087480436726038
3.0015869140623e-06,1.0744302314422,1.0986328125e-09,0.5000026032254,0.087478478338585,0.087480433554015
3.0026855468748e-06,1.0744302305626,1.0986328125e-09,0.50000260417861,0.087478474450925,0.087480430381991
3.0037841796873e-06,1.0744302298708,1.0986328125e-09,0.50000260513181,0.087478470563265,0.087480427209968
3.0048828124998e-06,1.0744302289923,1.0986328125e-09,0.50000260608501,0.087478466675606,0.087480424037945
3.0059814453123e-06,1.0744302283019,1.0986328125e-09,0.50000260703822,0.087478462787946,0.087480420865921
3.0070800781248e-06,1.0744302274245,1.0986328125e-09,0.50000260799142,0.087478458900286,0.087480417693898
3.0081787109373e-06,1.0744302267354,1.0986328125e-09,0.50000260894462,0.087478455012627,0.087480414521875
3.0092773437498e-06,1.0744302258592,1.0986328125e-09,0.50000260989782,0.087478451124967,0.087480411349852
3.0103759765623e-06,1.0744302251715,1.0986328125e-09,0.50000261085102,0.087478447237307,0.087480408177829
3.0114746093748e-06,1.0744302242964,1.0986328125e-09,0.50000261180423,0.087478443349648,0.087480405005805
3.0125732421873e-06,1.0744302236101,1.0986328125e-09,0.50000261275743,0.087478439461988,0.087480401833782
3.0136718749998e-06,1.0744302227362,1.0986328125e-09,0.50000261371063,0.087478435574329,0.087480398661759
3.0147705078123e-06,1.0744302220512,1.0986328125e-09,0.50000261466383,0.087478431686669,0.087480395489736
3.0158691406248e-06,1.0744302211784,1.0986328125e-09,0.50000261561703,0.08747842779901,0.087480392317713
3.0169677734373e-06,1.0744302204948,1.0986328125e-09,0.50000261657023,0.08747842391135,0.08748038914569
3.0180664062498e-06,1.0744302196232,1.0986328125e-09,0.50000261752343,0.087478420023691,0.087480385973667
3.0191650390623e-06,1.0744302189409,1.0986328125e-09,0.50000261847662,0.087478416136031,0.087480382801644
3.0202636718748e-06,1.0744302180705,1.0986328125e-09,0.50000261942982,0.087478412248372,0.087480379629621
3.0213623046873e-06,1.0744302173896,1.0986328125e-09,0.50000262038302,0.087478408360713,0.087480376457598
3.0224609374998e-06,1.0744302165203,1.0986328125e-09,0.50000262133622,0.087478404473053,0.087480373285575
3.0235595703123e-06,1.0744302158407,1.0986328125e-09,0.50000262228942,0.087478400585394,0.087480370113552
3.0246582031248e-06,1.0744302149726,1.0986328125e-09,0.50000262324261,0.087478396697735,0.087480366941529
3.0257568359373e-06,1.0744302142943,1.0986328125e-09,0.50000262419581,0.087478392810076,0.087480363769506
3.0268554687498e-06,1.0744302134274,1.0986328125e-09,0.50000262514901,0.087478388922416,0.087480360597483
3.0279541015623e-06,1.0744302127505,1.0986328125e-09,0.5000026261022,0.087478385034757,0.087480357425461
3.0290527343748e-06,1.0744302118847,1.0986328125e-09,0.5000026270554,0.087478381147098,0.087480354253438
3.0301513671873e-06,1.0744302112092,1.0986328125e-09,0.5000026280086,0.087478377259439,0.087480351081415
3.0312499999998e-06,1.0744302103445,1.0986328125e-09,0.50000262896179,0.08747837337178,0.087480347909392
3.0323486328123e-06,1.0744302096703,1.0986328125e-09,0.50000262991499,0.087478369484121,0.08748034473737
3.0334472656248e-06,1.0744302088068,1.0986328125e-09,0.50000263086818,0.087478365596462,0.087480341565347
3.0345458984373e-06,1.074430208134,1.0986328125e-09,0.50000263182137,0.087478361708803,0.087480338393324
3.0356445312498e-06,1.0744302072716,1.0986328125e-09,0.50000263277457,0.087478357821144,0.087480335221302
3.0367431640623e-06,1.0744302066002,1.0986328125e-09,0.50000263372776,0.087478353933485,0.087480332049279
3.0378417968748e-06,1.074430205739,1.0986328125e-09,0.50000263468096,0.087478350045826,0.087480328877257
3.0389404296873e-06,1.0744302050689,1.0986328125e-09,0.50000263563415,0.087478346158167,0.087480325705234
3.0400390624998e-06,1.0744302042088,1.0986328125e-09,0.50000263658734,0.087478342270508,0.087480322533211
3.0411376953123e-06,1.0744302035401,1.0986328125e-09,0.50000263754053,0.087478338382849,0.087480319361189
3.0422363281248e-06,1.0744302026812,1.0986328125e-09,0.50000263849373,0.08747833449519,0.087480316189166
3.0433349609373e-06,1.0744302020138,1.0986328125e-09,0.50000263944692,0.087478330607531,0.087480313017144
3.0444335937498e-06,1.0744302011561,1.0986328125e-09,0.50000264040011,0.087478326719873,0.087480309845122
3.0455322265623e-06,1.0744302004901,1.0986328125e-09,0.5000026413533,0.087478322832214,0.087480306673099
3.0466308593748e-06,1.0744301996335,1.0986328125e-09,0.50000264230649,0.087478318944555,0.087480303501077
3.0477294921873e-06,1.0744301989688,1.0986328125e-09,0.50000264325968,0.087478315056896,0.087480300329054
3.0488281249998e-06,1.0744301981134,1.0986328125e-09,0.50000264421287,0.087478311169238,0.087480297157032
3.0499267578123e-06,1.07443019745,1.0986328125e-09,0.50000264516606,0.087478307281579,0.08748029398501
3.0510253906248e-06,1.0744301965958,1.0986328125e-09,0.50000264611925,0.08747830339392,0.087480290812987
3.0521240234373e-06,1.0744301959338,1.0986328125e-09,0.50000264707244,0.087478299506262,0.087480287640965
3.0532226562498e-06,1.0744301950807,1.0986328125e-09,0.50000264802563,0.087478295618603,0.087480284468943
3.0543212890623e-06,1.0744301944201,1.0986328125e-09,0.50000264897882,0.087478291730945,0.087480281296921
3.0554199218748e-06,1.0744301935681,1.0986328125e-09,0.50000264993201,0.087478287843286,0.087480278124899
3.0565185546873e-06,1.0744301929088,1.0986328125e-09,0.5000026508852,0.087478283955628,0.087480274952876
3.0576171874998e-06,1.074430192058,1.0986328125e-09,0.50000265183838,0.087478280067969,0.087480271780854
3.0587158203123e-06,1.0744301914001,1.0986328125e-09,0.50000265279157,0.087478276180311,0.087480268608832
3.0598144531248e-06,1.0744301905504,1.0986328125e-09,0.50000265374476,0.087478272292652,0.08748026543681
3.0609130859373e-06,1.0744301898939,1.0986328125e-09,0.50000265469795,0.087478268404994,0.087480262264788
3.0620117187498e-06,1.0744301890454,1.0986328125e-09,0.50000265565113,0.087478264517336,0.087480259092766
3.0631103515623e-06,1.0744301883902,1.0986328125e-09,0.50000265660432,0.087478260629677,0.087480255920744
3.0642089843748e-06,1.0744301875428,1.0986328125e-09,0.5000026575575,0.087478256742019,0.087480252748722
3.0653076171873e-06,1.074430186889,1.0986328125e-09,0.50000265851069,0.087478252854361,0.0874802495767
3.0664062499998e-06,1.0744301860428,1.0986328125e-09,0.50000265946387,0.087478248966702,0.087480246404678
3.0675048828123e-06,1.0744301853903,1.0986328125e-09,0.50000266041706,0.087478245079044,0.087480243232656
3.0686035156248e-06,1.0744301845453,1.0986328125e-09,0.50000266137024,0.087478241191386,0.087480240060634
3.0697021484373e-06,1.0744301838942,1.0986328125e-09,0.50000266232343,0.087478237303728,0.087480236888613
3.0708007812498e-06,1.0744301830502,1.0986328125e-09,0.50000266327661,0.08747823341607,0.087480233716591
3.0718994140623e-06,1.0744301824005,1.0986328125e-09,0.5000026642298,0.087478229528412,0.087480230544569
3.0729980468748e-06,1.0744301815577,1.0986328125e-09,0.50000266518298,0.087478225640754,0.087480227372547
3.0740966796873e-06,1.0744301809093,1.0986328125e-09,0.50000266613616,0.087478221753095,0.087480224200525
3.0751953124998e-06,1.0744301800677,1.0986328125e-09,0.50000266708935,0.087478217865437,0.087480221028504
3.0762939453123e-06,1.0744301794207,1.0986328125e-09,0.50000266804253,0.087478213977779,0.087480217856482
3.0773925781248e-06,1.0744301785802,1.0986328125e-09,0.50000266899571,0.087478210090121,0.08748021468446
3.0784912109373e-06,1.0744301779345,1.0986328125e-09,0.50000266994889,0.087478206202463,0.087480211512439
3.0795898437498e-06,1.0744301770953,1.0986328125e-09,0.50000267090207,0.087478202314806,0.087480208340417
3.0806884765623e-06,1.0744301764509,1.0986328125e-09,0.50000267185525,0.087478198427148,0.087480205168395
3.0817871093748e-06,1.0744301756128,1.0986328125e-09,0.50000267280843,0.08747819453949,0.087480201996374
3.0828857421873e-06,1.0744301749698,1.0986328125e-09,0.50000267376161,0.087478190651832,0.087480198824352
3.0839843749998e-06,1.0744301741328,1.0986328125e-09,0.50000267471479,0.087478186764174,0.087480195652331
3.0850830078123e-06,1.0744301734912,1.0986328125e-09,0.50000267566797,0.087478182876516,0.087480192480309
3.0861816406248e-06,1.0744301726554,1.0986328125e-09,0.50000267662115,0.087478178988859,0.087480189308288
3.0872802734373e-06,1.0744301720151,1.0986328125e-09,0.50000267757433,0.087478175101201,0.087480186136266
3.0883789062498e-06,1.0744301711804,1.0986328125e-09,0.50000267852751,0.087478171213543,0.087480182964245
3.0894775390623e-06,1.0744301705415,1.0986328125e-09,0.50000267948069,0.087478167325885,0.087480179792223
3.0905761718748e-06,1.074430169708,1.0986328125e-09,0.50000268043387,0.087478163438228,0.087480176620202
3.0916748046873e-06,1.0744301690704,1.0986328125e-09,0.50000268138705,0.08747815955057,0.087480173448181
3.0927734374998e-06,1.074430168238,1.0986328125e-09,0.50000268234022,0.087478155662912,0.087480170276159
3.0938720703123e-06,1.0744301676018,1.0986328125e-09,0.5000026832934,0.087478151775255,0.087480167104138
3.0949707031248e-06,1.0744301667706,1.0986328125e-09,0.50000268424658,0.087478147887597,0.087480163932117
3.0960693359373e-06,1.0744301661358,1.0986328125e-09,0.50000268519975,0.08747814399994,0.087480160760095
3.0971679687498e-06,1.0744301653057,1.0986328125e-09,0.50000268615293,0.087478140112282,0.087480157588074
3.0982666015623e-06,1.0744301646722,1.0986328125e-09,0.50000268710611,0.087478136224625,0.087480154416053
3.0993652343748e-06,1.0744301638433,1.0986328125e-09,0.50000268805928,0.087478132336967,0.087480151244032
3.1004638671873e-06,1.0744301632111,1.0986328125e-09,0.50000268901246,0.08747812844931,0.087480148072011
3.1015624999998e-06,1.0744301623834,1.0986328125e-09,0.50000268996563,0.087478124561652,0.087480144899989
3.1026611328123e-06,1.0744301617526,1.0986328125e-09,0.50000269091881,0.087478120673995,0.087480141727968
3.1037597656248e-06,1.074430160926,1.0986328125e-09,0.50000269187198,0.087478116786338,0.087480138555947
3.1048583984373e-06,1.0744301602966,1.0986328125e-09,0.50000269282516,0.08747811289868,0.087480135383926
3.1059570312498e-06,1.0744301594711,1.0986328125e-09,0.50000269377833,0.087478109011023,0.087480132211905
3.1070556640623e-06,1.0744301588431,1.0986328125e-09,0.5000026947315,0.087478105123366,0.087480129039884
3.1081542968748e-06,1.0744301580188,1.0986328125e-09,0.50000269568468,0.087478101235709,0.087480125867863
3.1092529296873e-06,1.074430157392,1.0986328125e-09,0.50000269663785,0.087478097348051,0.087480122695842
3.1103515624998e-06,1.0744301565689,1.0986328125e-09,0.50000269759102,0.087478093460394,0.087480119523821
3.1114501953123e-06,1.0744301559435,1.0986328125e-09,0.50000269854419,0.087478089572737,0.0874801163518
3.1125488281248e-06,1.0744301551216,1.0986328125e-09,0.50000269949737,0.08747808568508,0.087480113179779
3.1136474609373e-06,1.0744301544975,1.0986328125e-09,0.50000270045054,0.087478081797423,0.087480110007759
3.1147460937498e-06,1.0744301536767,1.0986328125e-09,0.50000270140371,0.087478077909766,0.087480106835738
3.1158447265623e-06,1.0744301530541,1.0986328125e-09,0.50000270235688,0.087478074022109,0.087480103663717
3.1169433593748e-06,1.0744301522344,1.0986328125e-09,0.50000270331005,0.087478070134452,0.087480100491696
3.1180419921873e-06,1.0744301516131,1.0986328125e-09,0.50000270426322,0.087478066246795,0.087480097319675
3.1191406249998e-06,1.0744301507946,1.0986328125e-09,0.50000270521639,0.087478062359138,0.087480094147655
3.1202392578123e-06,1.0744301501746,1.0986328125e-09,0.50000270616956,0.087478058471481,0.087480090975634
3.1213378906248e-06,1.0744301493572,1.0986328125e-09,0.50000270712273,0.087478054583824,0.087480087803613
3.1224365234373e-06,1.0744301487386,1.0986328125e-09,0.5000027080759,0.087478050696167,0.087480084631593
3.1235351562498e-06,1.0744301479224,1.0986328125e-09,0.50000270902907,0.08747804680851,0.087480081459572
3.1246337890623e-06,1.0744301473052,1.0986328125e-09,0.50000270998223,0.087478042920853,0.087480078287551
3.1257324218748e-06,1.0744301464901,1.0986328125e-09,0.5000027109354,0.087478039033196,0.087480075115531
3.1268310546873e-06,1.0744301458743,1.0986328125e-09,0.50000271188857,0.08747803514554,0.08748007194351
3.1279296874998e-06,1.0744301450603,1.0986328125e-09,0.50000271284174,0.087478031257883,0.08748006877149
3.1290283203123e-06,1.0744301444458,1.0986328125e-09,0.5000027137949,0.087478027370226,0.087480065599469
3.1301269531248e-06,1.0744301436331,1.0986328125e-09,0.50000271474807,0.087478023482569,0.087480062427449
3.1312255859373e-06,1.0744301430199,1.0986328125e-09,0.50000271570124,0.087478019594913,0.087480059255428
3.1323242187498e-06,1.0744301422083,1.0986328125e-09,0.5000027166544,0.087478015707256,0.087480056083408
3.1334228515623e-06,1.0744301415965,1.0986328125e-09,0.50000271760757,0.087478011819599,0.087480052911387
3.1345214843748e-06,1.074430140786,1.0986328125e-09,0.50000271856074,0.087478007931943,0.087480049739367
3.1356201171873e-06,1.0744301401756,1.0986328125e-09,0.5000027195139,0.087478004044286,0.087480046567347
3.1367187499998e-06,1.0744301393663,1.0986328125e-09,0.50000272046707,0.08747800015663,0.087480043395326
3.1378173828123e-06,1.0744301387572,1.0986328125e-09,0.50000272142023,0.087477996268973,0.087480040223306
3.1389160156248e-06,1.074430137949,1.0986328125e-09,0.50000272237339,0.087477992381317,0.087480037051286
3.1400146484373e-06,1.0744301373413,1.0986328125e-09,0.50000272332656,0.08747798849366,0.087480033879265
3.1411132812498e-06,1.0744301365343,1.0986328125e-09,0.50000272427972,0.087477984606004,0.087480030707245
3.1422119140623e-06,1.0744301359279,1.0986328125e-09,0.50000272523288,0.087477980718347,0.087480027535225
3.1433105468748e-06,1.0744301351221,1.0986328125e-09,0.50000272618605,0.087477976830691,0.087480024363205
3.1444091796873e-06,1.074430134517,1.0986328125e-09,0.50000272713921,0.087477972943035,0.087480021191185
3.1455078124998e-06,1.0744301337124,1.0986328125e-09,0.50000272809237,0.087477969055378,0.087480018019164
3.1466064453123e-06,1.0744301331087,1.0986328125e-09,0.50000272904553,0.087477965167722,0.087480014847144
3.1477050781248e-06,1.0744301323052,1.0986328125e-09,0.5000027299987,0.087477961280066,0.087480011675124
3.1488037109373e-06,1.0744301317028,1.0986328125e-09,0.50000273095186,0.087477957392409,0.087480008503104
3.1499023437498e-06,1.0744301309005,1.0986328125e-09,0.50000273190502,0.087477953504753,0.087480005331084
3.1510009765623e-06,1.0744301302995,1.0986328125e-09,0.50000273285818,0.087477949617097,0.087480002159064
3.1520996093748e-06,1.0744301294983,1.0986328125e-09,0.50000273381134,0.087477945729441,0.087479998987044
3.1531982421873e-06,1.0744301288986,1.0986328125e-09,0.5000027347645,0.087477941841785,0.087479995815024
3.1542968749998e-06,1.0744301280986,1.0986328125e-09,0.50000273571766,0.087477937954128,0.087479992643004
3.1553955078123e-06,1.0744301275003,1.0986328125e-09,0.50000273667082,0.087477934066472,0.087479989470984
3.1564941406248e-06,1.0744301267014,1.0986328125e-09,0.50000273762398,0.087477930178816,0.087479986298964
3.1575927734373e-06,1.0744301261045,1.0986328125e-09,0.50000273857714,0.08747792629116,0.087479983126945
3.1586914062498e-06,1.0744301253067,1.0986328125e-09,0.50000273953029,0.087477922403504,0.087479979954925
3.1597900390623e-06,1.0744301247112,1.0986328125e-09,0.50000274048345,0.087477918515848,0.087479976782905
3.1608886718748e-06,1.0744301239146,1.0986328125e-09,0.50000274143661,0.087477914628192,0.087479973610885
3.1619873046873e-06,1.0744301233204,1.0986328125e-09,0.50000274238977,0.087477910740536,0.087479970438865
3.1630859374998e-06,1.0744301225249,1.0986328125e-09,0.50000274334293,0.08747790685288,0.087479967266846
3.1641845703123e-06,1.0744301219321,1.0986328125e-09,0.50000274429608,0.087477902965225,0.087479964094826
3.1652832031248e-06,1.0744301211378,1.0986328125e-09,0.50000274524924,0.087477899077569,0.087479960922806
3.1663818359373e-06,1.0744301205463,1.0986328125e-09,0.5000027462024,0.087477895189913,0.087479957750787
3.1674804687498e-06,1.0744301197532,1.0986328125e-09,0.50000274715555,0.087477891302257,0.087479954578767
3.1685791015623e-06,1.074430119163,1.0986328125e-09,0.50000274810871,0.087477887414601,0.087479951406747
3.1696777343748e-06,1.0744301183711,1.0986328125e-09,0.50000274906186,0.087477883526946,0.087479948234728
3.1707763671873e-06,1.0744301177823,1.0986328125e-09,0.50000275001502,0.08747787963929,0.087479945062708
3.1718749999998e-06,1.0744301169914,1.0986328125e-09,0.50000275096817,0.087477875751634,0.087479941890689
3.1729736328123e-06,1.074430116404,1.0986328125e-09,0.50000275192133,0.087477871863978,0.087479938718669
3.1740722656248e-06,1.0744301156143,1.0986328125e-09,0.50000275287448,0.087477867976323,0.08747993554665
3.1751708984373e-06,1.0744301150283,1.0986328125e-09,0.50000275382763,0.087477864088667,0.08747993237463
3.1762695312498e-06,1.0744301142398,1.0986328125e-09,0.50000275478079,0.087477860201012,0.087479929202611
3.1773681640623e-06,1.074430113655,1.0986328125e-09,0.50000275573394,0.087477856313356,0.087479926030591
3.1784667968748e-06,1.0744301128677,1.0986328125e-09,0.50000275668709,0.087477852425701,0.087479922858572
3.1795654296873e-06,1.0744301122843,1.0986328125e-09,0.50000275764024,0.087477848538045,0.087479919686552
3.1806640624998e-06,1.0744301114981,1.0986328125e-09,0.5000027585934,0.08747784465039,0.087479916514533
3.1817626953123e-06,1.0744301109161,1.0986328125e-09,0.50000275954655,0.087477840762734,0.087479913342514
3.1828613281248e-06,1.074430110131,1.0986328125e-09,0.5000027604997,0.087477836875079,0.087479910170495
3.1839599609373e-06,1.0744301095504,1.0986328125e-09,0.50000276145285,0.087477832987423,0.087479906998475
3.1850585937498e-06,1.0744301087665,1.0986328125e-09,0.500002762406,0.087477829099768,0.087479903826456
3.1861572265623e-06,1.0744301081872,1.0986328125e-09,0.50000276335915,0.087477825212113,0.087479900654437
3.1872558593748e-06,1.0744301074044,1.0986328125e-09,0.5000027643123,0.087477821324457,0.087479897482418
3.1883544921873e-06,1.0744301068265,1.0986328125e-09,0.50000276526545,0.087477817436802,0.087479894310398
3.1894531249998e-06,1.0744301060449,1.0986328125e-09,0.5000027662186,0.087477813549147,0.087479891138379
3.1905517578123e-06,1.0744301054683,1.0986328125e-09,0.50000276717175,0.087477809661491,0.08747988796636
3.1916503906248e-06,1.0744301046878,1.0986328125e-09,0.5000027681249,0.087477805773836,0.087479884794341
3.1927490234373e-06,1.0744301041126,1.0986328125e-09,0.50000276907805,0.087477801886181,0.087479881622322
3.1938476562498e-06,1.0744301033333,1.0986328125e-09,0.5000027700312,0.087477797998526,0.087479878450303
3.1949462890623e-06,1.0744301027594,1.0986328125e-09,0.50000277098434,0.087477794110871,0.087479875278284
3.1960449218748e-06,1.0744301019813,1.0986328125e-09,0.50000277193749,0.087477790223216,0.087479872106265
3.1971435546873e-06,1.0744301014088,1.0986328125e-09,0.50000277289064,0.08747778633556,0.087479868934246
3.1982421874998e-06,1.0744301006318,1.0986328125e-09,0.50000277384379,0.087477782447905,0.087479865762227
3.1993408203123e-06,1.0744301000606,1.0986328125e-09,0.50000277479693,0.08747777856025,0.087479862590208
3.2004394531248e-06,1.0744300992848,1.0986328125e-09,0.50000277575008,0.087477774672595,0.087479859418189
3.2015380859373e-06,1.074430098715,1.0986328125e-09,0.50000277670323,0.08747777078494,0.08747985624617
3.2026367187498e-06,1.0744300979403,1.0986328125e-09,0.50000277765637,0.087477766897285,0.087479853074152
3.2037353515623e-06,1.0744300973719,1.0986328125e-09,0.50000277860952,0.087477763009631,0.087479849902133
3.2048339843748e-06,1.0744300965983,1.0986328125e-09,0.50000277956266,0.087477759121976,0.087479846730114
3.2059326171873e-06,1.0744300960312,1.0986328125e-09,0.50000278051581,0.087477755234321,0.087479843558095
3.2070312499998e-06,1.0744300952589,1.0986328125e-09,0.50000278146895,0.087477751346666,0.087479840386076
3.2081298828123e-06,1.0744300946931,1.0986328125e-09,0.5000027824221,0.087477747459011,0.087479837214058
3.2092285156248e-06,1.0744300939219,1.0986328125e-09,0.50000278337524,0.087477743571356,0.087479834042039
3.2103271484373e-06,1.0744300933575,1.0986328125e-09,0.50000278432838,0.087477739683702,0.08747983087002
3.2114257812498e-06,1.0744300925875,1.0986328125e-09,0.50000278528153,0.087477735796047,0.087479827698002
3.2125244140623e-06,1.0744300920244,1.0986328125e-09,0.50000278623467,0.087477731908392,0.087479824525983
3.2136230468748e-06,1.0744300912555,1.0986328125e-09,0.50000278718781,0.087477728020737,0.087479821353964
3.2147216796873e-06,1.0744300906938,1.0986328125e-09,0.50000278814095,0.087477724133083,0.087479818181946
3.2158203124998e-06,1.0744300899261,1.0986328125e-09,0.5000027890941,0.087477720245428,0.087479815009927
3.2169189453123e-06,1.0744300893658,1.0986328125e-09,0.50000279004724,0.087477716357774,0.087479811837909
3.2180175781248e-06,1.0744300885992,1.0986328125e-09,0.50000279100038,0.087477712470119,0.08747980866589
3.2191162109373e-06,1.0744300880402,1.0986328125e-09,0.50000279195352,0.087477708582464,0.087479805493872
3.2202148437498e-06,1.0744300872748,1.0986328125e-09,0.50000279290666,0.08747770469481,0.087479802321853
3.2213134765623e-06,1.0744300867171,1.0986328125e-09,0.5000027938598,0.087477700807155,0.087479799149835
3.2224121093748e-06,1.0744300859528,1.0986328125e-09,0.50000279481294,0.087477696919501,0.087479795977817
3.2235107421873e-06,1.0744300853966,1.0986328125e-09,0.50000279576608,0.087477693031846,0.087479792805798
3.2246093749998e-06,1.0744300846334,1.0986328125e-09,0.50000279671922,0.087477689144192,0.08747978963378
3.2257080078123e-06,1.0744300840785,1.0986328125e-09,0.50000279767236,0.087477685256538,0.087479786461762
3.2268066406248e-06,1.0744300833166,1.0986328125e-09,0.5000027986255,0.087477681368883,0.087479783289743
3.2279052734373e-06,1.074430082763,1.0986328125e-09,0.50000279957863,0.087477677481229,0.087479780117725
3.2290039062498e-06,1.0744300820022,1.0986328125e-09,0.50000280053177,0.087477673593575,0.087479776945707
3.2301025390623e-06,1.07443008145,1.0986328125e-09,0.50000280148491,0.08747766970592,0.087479773773688
3.2312011718748e-06,1.0744300806903,1.0986328125e-09,0.50000280243805,0.087477665818266,0.08747977060167
3.2322998046873e-06,1.0744300801395,1.0986328125e-09,0.50000280339118,0.087477661930612,0.087479767429652
3.2333984374998e-06,1.0744300793809,1.0986328125e-09,0.50000280434432,0.087477658042958,0.087479764257634
3.2344970703123e-06,1.0744300788314,1.0986328125e-09,0.50000280529746,0.087477654155303,0.087479761085616
3.2355957031248e-06,1.0744300780741,1.0986328125e-09,0.50000280625059,0.087477650267649,0.087479757913598
3.2366943359373e-06,1.0744300775259,1.0986328125e-09,0.50000280720373,0.087477646379995,0.08747975474158
3.2377929687498e-06,1.0744300767697,1.0986328125e-09,0.50000280815687,0.087477642492341,0.087479751569562
3.2388916015623e-06,1.074430076223,1.0986328125e-09,0.50000280911,0.087477638604687,0.087479748397544
3.2399902343748e-06,1.0744300754679,1.0986328125e-09,0.50000281006314,0.087477634717033,0.087479745225526
3.2410888671873e-06,1.0744300749225,1.0986328125e-09,0.50000281101627,0.087477630829379,0.087479742053508
3.2421874999998e-06,1.0744300741686,1.0986328125e-09,0.5000028119694,0.087477626941725,0.08747973888149
3.2432861328123e-06,1.0744300736245,1.0986328125e-09,0.50000281292254,0.087477623054071,0.087479735709472
3.2443847656248e-06,1.0744300728718,1.0986328125e-09,0.50000281387567,0.087477619166417,0.087479732537454
3.2454833984373e-06,1.074430072329,1.0986328125e-09,0.50000281482881,0.087477615278763,0.087479729365436
3.2465820312498e-06,1.0744300715774,1.0986328125e-09,0.50000281578194,0.087477611391109,0.087479726193418
3.2476806640623e-06,1.0744300710361,1.0986328125e-09,0.50000281673507,0.087477607503455,0.0874797230214
3.2487792968748e-06,1.0744300702856,1.0986328125e-09,0.5000028176882,0.087477603615802,0.087479719849383
3.2498779296873e-06,1.0744300697456,1.0986328125e-09,0.50000281864134,0.087477599728148,0.087479716677365
3.2509765624998e-06,1.0744300689964,1.0986328125e-09,0.50000281959447,0.087477595840494,0.087479713505347
3.2520751953123e-06,1.0744300684577,1.0986328125e-09,0.5000028205476,0.08747759195284,0.087479710333329
3.2531738281248e-06,1.0744300677096,1.0986328125e-09,0.50000282150073,0.087477588065186,0.087479707161312
3.2542724609373e-06,1.0744300671723,1.0986328125e-09,0.50000282245386,0.087477584177533,0.087479703989294
3.2553710937498e-06,1.0744300664253,1.0986328125e-09,0.50000282340699,0.087477580289879,0.087479700817276
3.2564697265623e-06,1.0744300658894,1.0986328125e-09,0.50000282436012,0.087477576402225,0.087479697645259
3.2575683593748e-06,1.0744300651435,1.0986328125e-09,0.50000282531325,0.087477572514572,0.087479694473241
3.2586669921873e-06,1.0744300646089,1.0986328125e-09,0.50000282626638,0.087477568626918,0.087479691301224
3.2597656249998e-06,1.0744300638643,1.0986328125e-09,0.50000282721951,0.087477564739265,0.087479688129206
3.2608642578123e-06,1.074430063331,1.0986328125e-09,0.50000282817264,0.087477560851611,0.087479684957188
3.2619628906248e-06,1.0744300625875,1.0986328125e-09,0.50000282912577,0.087477556963958,0.087479681785171
3.2630615234373e-06,1.0744300620556,1.0986328125e-09,0.50000283007889,0.087477553076304,0.087479678613153
3.2641601562498e-06,1.0744300613133,1.0986328125e-09,0.50000283103202,0.087477549188651,0.087479675441136
3.2652587890623e-06,1.0744300607828,1.0986328125e-09,0.50000283198515,0.087477545300997,0.087479672269119
3.2663574218748e-06,1.0744300600416,1.0986328125e-09,0.50000283293828,0.087477541413344,0.087479669097101
3.2674560546873e-06,1.0744300595124,1.0986328125e-09,0.5000028338914,0.08747753752569,0.087479665925084
3.2685546874998e-06,1.0744300587723,1.0986328125e-09,0.50000283484453,0.087477533638037,0.087479662753066
3.2696533203123e-06,1.0744300582445,1.0986328125e-09,0.50000283579766,0.087477529750384,0.087479659581049
3.2707519531248e-06,1.0744300575056,1.0986328125e-09,0.50000283675078,0.08747752586273,0.087479656409032
3.2718505859373e-06,1.0744300569792,1.0986328125e-09,0.50000283770391,0.087477521975077,0.087479653237015
3.2729492187498e-06,1.0744300562414,1.0986328125e-09,0.50000283865703,0.087477518087424,0.087479650064997
3.2740478515623e-06,1.0744300557163,1.0986328125e-09,0.50000283961016,0.087477514199771,0.08747964689298
3.2751464843748e-06,1.0744300549797,1.0986328125e-09,0.50000284056328,0.087477510312118,0.087479643720963
3.2762451171873e-06,1.074430054456,1.0986328125e-09,0.50000284151641,0.087477506424464,0.087479640548946
3.2773437499998e-06,1.0744300537205,1.0986328125e-09,0.50000284246953,0.087477502536811,0.087479637376929
3.2784423828123e-06,1.0744300531981,1.0986328125e-09,0.50000284342265,0.087477498649158,0.087479634204911
3.2795410156248e-06,1.0744300524639,1.0986328125e-09,0.50000284437578,0.087477494761505,0.087479631032894
3.2806396484373e-06,1.0744300519428,1.0986328125e-09,0.5000028453289,0.087477490873852,0.087479627860877
3.2817382812498e-06,1.0744300512097,1.0986328125e-09,0.50000284628202,0.087477486986199,0.08747962468886
3.2828369140623e-06,1.07443005069,1.0986328125e-09,0.50000284723515,0.087477483098546,0.087479621516843
3.2839355468748e-06,1.074430049958,1.0986328125e-09,0.50000284818827,0.087477479210893,0.087479618344826
3.2850341796873e-06,1.0744300494397,1.0986328125e-09,0.50000284914139,0.08747747532324,0.087479615172809
3.2861328124998e-06,1.0744300487089,1.0986328125e-09,0.50000285009451,0.087477471435587,0.087479612000792
3.2872314453123e-06,1.0744300481919,1.0986328125e-09,0.50000285104763,0.087477467547934,0.087479608828775
3.2883300781248e-06,1.0744300474622,1.0986328125e-09,0.50000285200075,0.087477463660281,0.087479605656758
3.2894287109373e-06,1.0744300469466,1.0986328125e-09,0.50000285295387,0.087477459772628,0.087479602484742
3.2905273437498e-06,1.0744300462181,1.0986328125e-09,0.50000285390699,0.087477455884976,0.087479599312725
3.2916259765623e-06,1.0744300457038,1.0986328125e-09,0.50000285486011,0.087477451997323,0.087479596140708
3.2927246093748e-06,1.0744300449765,1.0986328125e-09,0.50000285581323,0.08747744810967,0.087479592968691
3.2938232421873e-06,1.0744300444636,1.0986328125e-09,0.50000285676635,0.087477444222017,0.087479589796674
3.2949218749998e-06,1.0744300437374,1.0986328125e-09,0.50000285771947,0.087477440334365,0.087479586624658
3.2960205078123e-06,1.0744300432258,1.0986328125e-09,0.50000285867259,0.087477436446712,0.087479583452641
3.2971191406248e-06,1.0744300425008,1.0986328125e-09,0.50000285962571,0.087477432559059,0.087479580280624
3.2982177734373e-06,1.0744300419905,1.0986328125e-09,0.50000286057883,0.087477428671407,0.087479577108607
3.2993164062498e-06,1.0744300412667,1.0986328125e-09,0.50000286153194,0.087477424783754,0.087479573936591
3.3004150390623e-06,1.0744300407578,1.0986328125e-09,0.50000286248506,0.087477420896101,0.087479570764574
3.3015136718748e-06,1.0744300400351,1.0986328125e-09,0.50000286343818,0.087477417008449,0.087479567592558
3.3026123046873e-06,1.0744300395276,1.0986328125e-09,0.50000286439129,0.087477413120796,0.087479564420541
3.3037109374998e-06,1.074430038806,1.0986328125e-09,0.50000286534441,0.087477409233144,0.087479561248524
3.3048095703123e-06,1.0744300382998,1.0986328125e-09,0.50000286629753,0.087477405345491,0.087479558076508
3.3059082031248e-06,1.0744300375794,1.0986328125e-09,0.50000286725064,0.087477401457839,0.087479554904491
3.3070068359373e-06,1.0744300370746,1.0986328125e-09,0.50000286820376,0.087477397570186,0.087479551732475
3.3081054687498e-06,1.0744300363553,1.0986328125e-09,0.50000286915687,0.087477393682534,0.087479548560459
3.3092041015623e-06,1.0744300358519,1.0986328125e-09,0.50000287010999,0.087477389794882,0.087479545388442
3.3103027343748e-06,1.0744300351338,1.0986328125e-09,0.5000028710631,0.087477385907229,0.087479542216426
3.3114013671873e-06,1.0744300346317,1.0986328125e-09,0.50000287201622,0.087477382019577,0.087479539044409
3.3124999999998e-06,1.0744300339147,1.0986328125e-09,0.50000287296933,0.087477378131925,0.087479535872393
3.3135986328123e-06,1.074430033414,1.0986328125e-09,0.50000287392244,0.087477374244272,0.087479532700377
3.3146972656248e-06,1.0744300326982,1.0986328125e-09,0.50000287487556,0.08747737035662,0.08747952952836
3.3157958984373e-06,1.0744300321988,1.0986328125e-09,0.50000287582867,0.087477366468968,0.087479526356344
3.3168945312498e-06,1.0744300314842,1.0986328125e-09,0.50000287678178,0.087477362581316,0.087479523184328
3.3179931640623e-06,1.0744300309862,1.0986328125e-09,0.50000287773489,0.087477358693664,0.087479520012312
3.3190917968748e-06,1.0744300302727,1.0986328125e-09,0.50000287868801,0.087477354806012,0.087479516840295
3.3201904296873e-06,1.074430029776,1.0986328125e-09,0.50000287964112,0.08747735091836,0.087479513668279
3.3212890624998e-06,1.0744300290637,1.0986328125e-09,0.50000288059423,0.087477347030707,0.087479510496263
3.3223876953123e-06,1.0744300285684,1.0986328125e-09,0.50000288154734,0.087477343143055,0.087479507324247
3.3234863281248e-06,1.0744300278571,1.0986328125e-09,0.50000288250045,0.087477339255403,0.087479504152231
3.3245849609373e-06,1.0744300273632,1.0986328125e-09,0.50000288345356,0.087477335367751,0.087479500980215
3.3256835937498e-06,1.0744300266532,1.0986328125e-09,0.50000288440667,0.087477331480099,0.087479497808199
3.3267822265623e-06,1.0744300261606,1.0986328125e-09,0.50000288535978,0.087477327592447,0.087479494636183
3.3278808593748e-06,1.0744300254517,1.0986328125e-09,0.50000288631289,0.087477323704796,0.087479491464167
3.3289794921873e-06,1.0744300249604,1.0986328125e-09,0.500002887266,0.087477319817144,0.087479488292151
3.3300781249998e-06,1.0744300242527,1.0986328125e-09,0.50000288821911,0.087477315929492,0.087479485120135
3.3311767578123e-06,1.0744300237628,1.0986328125e-09,0.50000288917222,0.08747731204184,0.087479481948119
3.3322753906248e-06,1.0744300230562,1.0986328125e-09,0.50000289012532,0.087477308154188,0.087479478776103
3.3333740234373e-06,1.0744300225677,1.0986328125e-09,0.50000289107843,0.087477304266536,0.087479475604087
3.3344726562498e-06,1.0744300218623,1.0986328125e-09,0.50000289203154,0.087477300378885,0.087479472432071
3.3355712890623e-06,1.0744300213751,1.0986328125e-09,0.50000289298465,0.087477296491233,0.087479469260055
3.3366699218748e-06,1.0744300206708,1.0986328125e-09,0.50000289393775,0.087477292603581,0.08747946608804
3.3377685546873e-06,1.074430020185,1.0986328125e-09,0.50000289489086,0.087477288715929,0.087479462916024
3.3388671874998e-06,1.0744300194819,1.0986328125e-09,0.50000289584397,0.087477284828278,0.087479459744008
3.3399658203123e-06,1.0744300189974,1.0986328125e-09,0.50000289679707,0.087477280940626,0.087479456571992
3.3410644531248e-06,1.0744300182955,1.0986328125e-09,0.50000289775018,0.087477277052975,0.087479453399977
3.3421630859373e-06,1.0744300178123,1.0986328125e-09,0.50000289870328,0.087477273165323,0.087479450227961
3.3432617187498e-06,1.0744300171115,1.0986328125e-09,0.50000289965639,0.087477269277671,0.087479447055945
3.3443603515623e-06,1.0744300166298,1.0986328125e-09,0.50000290060949,0.08747726539002,0.08747944388393
3.3454589843748e-06,1.0744300159301,1.0986328125e-09,0.5000029015626,0.087477261502368,0.087479440711914
3.3465576171873e-06,1.0744300154497,1.0986328125e-09,0.5000029025157,0.087477257614717,0.087479437539898
3.3476562499998e-06,1.0744300147512,1.0986328125e-09,0.5000029034688,0.087477253727066,0.087479434367883
3.3487548828123e-06,1.0744300142722,1.0986328125e-09,0.50000290442191,0.087477249839414,0.087479431195867
3.3498535156248e-06,1.0744300135748,1.0986328125e-09,0.50000290537501,0.087477245951763,0.087479428023852
3.3509521484373e-06,1.0744300130971,1.0986328125e-09,0.50000290632811,0.087477242064111,0.087479424851836
3.3520507812498e-06,1.0744300124009,1.0986328125e-09,0.50000290728121,0.08747723817646,0.087479421679821
3.3531494140623e-06,1.0744300119246,1.0986328125e-09,0.50000290823432,0.087477234288809,0.087479418507805
3.3542480468748e-06,1.0744300112295,1.0986328125e-09,0.50000290918742,0.087477230401157,0.08747941533579
3.3553466796873e-06,1.0744300107546,1.0986328125e-09,0.50000291014052,0.087477226513506,0.087479412163775
3.3564453124998e-06,1.0744300100607,1.0986328125e-09,0.50000291109362,0.087477222625855,0.087479408991759
3.3575439453123e-06,1.0744300095871,1.0986328125e-09,0.50000291204672,0.087477218738204,0.087479405819744
3.3586425781248e-06,1.0744300088943,1.0986328125e-09,0.50000291299982,0.087477214850553,0.087479402647729
3.3597412109373e-06,1.0744300084221,1.0986328125e-09,0.50000291395292,0.087477210962901,0.087479399475713
3.3608398437498e-06,1.0744300077305,1.0986328125e-09,0.50000291490602,0.08747720707525,0.087479396303698
3.3619384765623e-06,1.0744300072596,1.0986328125e-09,0.50000291585912,0.087477203187599,0.087479393131683
3.3630371093748e-06,1.0744300065691,1.0986328125e-09,0.50000291681222,0.087477199299948,0.087479389959668
3.3641357421873e-06,1.0744300060996,1.0986328125e-09,0.50000291776532,0.087477195412297,0.087479386787653
3.3652343749998e-06,1.0744300054103,1.0986328125e-09,0.50000291871842,0.087477191524646,0.087479383615637
3.3663330078123e-06,1.0744300049421,1.0986328125e-09,0.50000291967151,0.087477187636995,0.087479380443622
3.3674316406248e-06,1.074430004254,1.0986328125e-09,0.50000292062461,0.087477183749344,0.087479377271607
3.3685302734373e-06,1.0744300037871,1.0986328125e-09,0.50000292157771,0.087477179861693,0.087479374099592
3.3696289062498e-06,1.0744300031001,1.0986328125e-09,0.50000292253081,0.087477175974042,0.087479370927577
3.3707275390623e-06,1.0744300026347,1.0986328125e-09,0.5000029234839,0.087477172086391,0.087479367755562
3.3718261718748e-06,1.0744300019488,1.0986328125e-09,0.500002924437,0.087477168198741,0.087479364583547
3.3729248046873e-06,1.0744300014847,1.0986328125e-09,0.5000029253901,0.08747716431109,0.087479361411532
3.3740234374998e-06,1.0744300008,1.0986328125e-09,0.50000292634319,0.087477160423439,0.087479358239517
3.3751220703123e-06,1.0744300003373,1.0986328125e-09,0.50000292729629,0.087477156535788,0.087479355067502
3.3762207031248e-06,1.0744299996537,1.0986328125e-09,0.50000292824938,0.087477152648138,0.087479351895487
3.3773193359373e-06,1.0744299991923,1.0986328125e-09,0.50000292920248,0.087477148760487,0.087479348723472
3.3784179687498e-06,1.07442999851,1.0986328125e-09,0.50000293015557,0.087477144872836,0.087479345551457
3.3795166015623e-06,1.0744299980499,1.0986328125e-09,0.50000293110867,0.087477140985185,0.087479342379443
3.3806152343748e-06,1.0744299973687,1.0986328125e-09,0.50000293206176,0.087477137097535,0.087479339207428
3.3817138671873e-06,1.07442999691,1.0986328125e-09,0.50000293301486,0.087477133209884,0.087479336035413
3.3828124999998e-06,1.0744299962299,1.0986328125e-09,0.50000293396795,0.087477129322234,0.087479332863398
3.3839111328123e-06,1.0744299957726,1.0986328125e-09,0.50000293492104,0.087477125434583,0.087479329691384
3.3850097656248e-06,1.0744299950937,1.0986328125e-09,0.50000293587413,0.087477121546932,0.087479326519369
3.3861083984373e-06,1.0744299946377,1.0986328125e-09,0.50000293682723,0.087477117659282,0.087479323347354
3.3872070312498e-06,1.0744299939599,1.0986328125e-09,0.50000293778032,0.087477113771631,0.087479320175339
3.3883056640623e-06,1.0744299935053,1.0986328125e-09,0.50000293873341,0.087477109883981,0.087479317003325
3.3894042968748e-06,1.0744299928287,1.0986328125e-09,0.5000029396865,0.087477105996331,0.08747931383131
3.3905029296873e-06,1.0744299923754,1.0986328125e-09,0.50000294063959,0.08747710210868,0.087479310659296
3.3916015624998e-06,1.0744299917,1.0986328125e-09,0.50000294159268,0.08747709822103,0.087479307487281
3.3927001953123e-06,1.074429991248,1.0986328125e-09,0.50000294254577,0.087477094333379,0.087479304315267
3.3937988281248e-06,1.0744299905737,1.0986328125e-09,0.50000294349886,0.087477090445729,0.087479301143252
3.3948974609373e-06,1.0744299901232,1.0986328125e-09,0.50000294445195,0.087477086558079,0.087479297971238
3.3959960937498e-06,1.07442998945,1.0986328125e-09,0.50000294540504,0.087477082670429,0.087479294799223
3.3970947265623e-06,1.0744299890008,1.0986328125e-09,0.50000294635813,0.087477078782778,0.087479291627209
3.3981933593748e-06,1.0744299883288,1.0986328125e-09,0.50000294731122,0.087477074895128,0.087479288455194
3.3992919921873e-06,1.0744299878809,1.0986328125e-09,0.50000294826431,0.087477071007478,0.08747928528318
3.4003906249998e-06,1.0744299872101,1.0986328125e-09,0.5000029492174,0.087477067119828,0.087479282111166
3.4014892578123e-06,1.0744299867636,1.0986328125e-09,0.50000295017049,0.087477063232178,0.087479278939151
3.4025878906248e-06,1.0744299860939,1.0986328125e-09,0.50000295112357,0.087477059344528,0.087479275767137
3.4036865234373e-06,1.0744299856488,1.0986328125e-09,0.50000295207666,0.087477055456877,0.087479272595123
3.4047851562498e-06,1.0744299849803,1.0986328125e-09,0.50000295302975,0.087477051569227,0.087479269423108
3.4058837890623e-06,1.0744299845365,1.0986328125e-09,0.50000295398283,0.087477047681577,0.087479266251094
3.4069824218748e-06,1.0744299838691,1.0986328125e-09,0.50000295493592,0.087477043793927,0.08747926307908
3.4080810546873e-06,1.0744299834266,1.0986328125e-09,0.50000295588901,0.087477039906277,0.087479259907066
3.4091796874998e-06,1.0744299827604,1.0986328125e-09,0.50000295684209,0.087477036018627,0.087479256735052
3.4102783203123e-06,1.0744299823193,1.0986328125e-09,0.50000295779518,0.087477032130978,0.087479253563037
3.4113769531248e-06,1.0744299816543,1.0986328125e-09,0.50000295874826,0.087477028243328,0.087479250391023
3.4124755859373e-06,1.0744299812145,1.0986328125e-09,0.50000295970135,0.087477024355678,0.087479247219009
3.4135742187498e-06,1.0744299805507,1.0986328125e-09,0.50000296065443,0.087477020468028,0.087479244046995
3.4146728515623e-06,1.0744299801123,1.0986328125e-09,0.50000296160752,0.087477016580378,0.087479240874981
3.4157714843748e-06,1.0744299794495,1.0986328125e-09,0.5000029625606,0.087477012692728,0.087479237702967
3.4168701171873e-06,1.0744299790125,1.0986328125e-09,0.50000296351368,0.087477008805079,0.087479234530953
3.4179687499998e-06,1.0744299783509,1.0986328125e-09,0.50000296446677,0.087477004917429,0.087479231358939
3.4190673828123e-06,1.0744299779152,1.0986328125e-09,0.50000296541985,0.087477001029779,0.087479228186925
3.4201660156248e-06,1.0744299772548,1.0986328125e-09,0.50000296637293,0.087476997142129,0.087479225014911
3.4212646484373e-06,1.0744299768205,1.0986328125e-09,0.50000296732601,0.08747699325448,0.087479221842897
3.4223632812498e-06,1.0744299761612,1.0986328125e-09,0.5000029682791,0.08747698936683,0.087479218670884
3.4234619140623e-06,1.0744299757282,1.0986328125e-09,0.50000296923218,0.087476985479181,0.08747921549887
3.4245605468748e-06,1.0744299750701,1.0986328125e-09,0.50000297018526,0.087476981591531,0.087479212326856
3.4256591796873e-06,1.0744299746385,1.0986328125e-09,0.50000297113834,0.087476977703881,0.087479209154842
3.4267578124998e-06,1.0744299739815,1.0986328125e-09,0.50000297209142,0.087476973816232,0.087479205982828
3.4278564453123e-06,1.0744299735512,1.0986328125e-09,0.5000029730445,0.087476969928582,0.087479202810815
3.4289550781248e-06,1.0744299728954,1.0986328125e-09,0.50000297399758,0.087476966040933,0.087479199638801
3.4300537109373e-06,1.0744299724665,1.0986328125e-09,0.50000297495066,0.087476962153283,0.087479196466787
3.4311523437498e-06,1.0744299718118,1.0986328125e-09,0.50000297590374,0.087476958265634,0.087479193294774
3.4322509765623e-06,1.0744299713843,1.0986328125e-09,0.50000297685682,0.087476954377985,0.08747919012276
3.4333496093748e-06,1.0744299707308,1.0986328125e-09,0.5000029778099,0.087476950490335,0.087479186950746
3.4344482421873e-06,1.0744299703046,1.0986328125e-09,0.50000297876297,0.087476946602686,0.087479183778733
3.4355468749998e-06,1.0744299696522,1.0986328125e-09,0.50000297971605,0.087476942715037,0.087479180606719
3.4366455078123e-06,1.0744299692274,1.0986328125e-09,0.50000298066913,0.087476938827387,0.087479177434706
3.4377441406248e-06,1.0744299685762,1.0986328125e-09,0.50000298162221,0.087476934939738,0.087479174262692
3.4388427734373e-06,1.0744299681527,1.0986328125e-09,0.50000298257528,0.087476931052089,0.087479171090679
3.4399414062498e-06,1.0744299675026,1.0986328125e-09,0.50000298352836,0.08747692716444,0.087479167918665
3.4410400390623e-06,1.0744299670805,1.0986328125e-09,0.50000298448144,0.087476923276791,0.087479164746652
3.4421386718748e-06,1.0744299664316,1.0986328125e-09,0.50000298543451,0.087476919389141,0.087479161574638
3.4432373046873e-06,1.0744299660108,1.0986328125e-09,0.50000298638759,0.087476915501492,0.087479158402625
3.4443359374998e-06,1.0744299653631,1.0986328125e-09,0.50000298734067,0.087476911613843,0.087479155230612
3.4454345703123e-06,1.0744299649437,1.0986328125e-09,0.50000298829374,0.087476907726194,0.087479152058598
3.4465332031248e-06,1.0744299642971,1.0986328125e-09,0.50000298924681,0.087476903838545,0.087479148886585
3.4476318359373e-06,1.074429963879,1.0986328125e-09,0.50000299019989,0.087476899950896,0.087479145714572
3.4487304687498e-06,1.0744299632336,1.0986328125e-09,0.50000299115296,0.087476896063247,0.087479142542558
3.4498291015623e-06,1.0744299628169,1.0986328125e-09,0.50000299210604,0.087476892175598,0.087479139370545
3.4509277343748e-06,1.0744299621726,1.0986328125e-09,0.50000299305911,0.087476888287949,0.087479136198532
3.4520263671873e-06,1.0744299617572,1.0986328125e-09,0.50000299401218,0.0874768844003,0.087479133026519
3.4531249999998e-06,1.0744299611141,1.0986328125e-09,0.50000299496526,0.087476880512651,0.087479129854506
3.4542236328123e-06,1.0744299607001,1.0986328125e-09,0.50000299591833,0.087476876625002,0.087479126682493
3.4553222656248e-06,1.0744299600581,1.0986328125e-09,0.5000029968714,0.087476872737354,0.087479123510479
3.4564208984373e-06,1.0744299596455,1.0986328125e-09,0.50000299782447,0.087476868849705,0.087479120338466
3.4575195312498e-06,1.0744299590047,1.0986328125e-09,0.50000299877755,0.087476864962056,0.087479117166453
3.4586181640623e-06,1.0744299585934,1.0986328125e-09,0.50000299973062,0.087476861074407,0.08747911399444
3.4597167968748e-06,1.0744299579537,1.0986328125e-09,0.50000300068369,0.087476857186759,0.087479110822427
3.4608154296873e-06,1.0744299575438,1.0986328125e-09,0.50000300163676,0.08747685329911,0.087479107650414
3.4619140624998e-06,1.0744299569053,1.0986328125e-09,0.50000300258983,0.087476849411461,0.087479104478401
3.4630126953123e-06,1.0744299564967,1.0986328125e-09,0.5000030035429,0.087476845523813,0.087479101306388
3.4641113281248e-06,1.0744299558593,1.0986328125e-09,0.50000300449597,0.087476841636164,0.087479098134375
3.4652099609373e-06,1.0744299554521,1.0986328125e-09,0.50000300544904,0.087476837748515,0.087479094962363
3.4663085937498e-06,1.0744299548159,1.0986328125e-09,0.50000300640211,0.087476833860867,0.08747909179035
3.4674072265623e-06,1.07442995441,1.0986328125e-09,0.50000300735518,0.087476829973218,0.087479088618337
3.4685058593748e-06,1.074429953775,1.0986328125e-09,0.50000300830824,0.08747682608557,0.087479085446324
3.4696044921873e-06,1.0744299533705,1.0986328125e-09,0.50000300926131,0.087476822197921,0.087479082274311
3.4707031249998e-06,1.0744299527366,1.0986328125e-09,0.50000301021438,0.087476818310273,0.087479079102298
3.4718017578123e-06,1.0744299523334,1.0986328125e-09,0.50000301116745,0.087476814422624,0.087479075930286
3.4729003906248e-06,1.0744299517007,1.0986328125e-09,0.50000301212051,0.087476810534976,0.087479072758273
3.4739990234373e-06,1.0744299512989,1.0986328125e-09,0.50000301307358,0.087476806647328,0.08747906958626
3.4750976562498e-06,1.0744299506673,1.0986328125e-09,0.50000301402665,0.087476802759679,0.087479066414248
3.4761962890623e-06,1.0744299502668,1.0986328125e-09,0.50000301497971,0.087476798872031,0.087479063242235
3.4772949218748e-06,1.0744299496364,1.0986328125e-09,0.50000301593278,0.087476794984383,0.087479060070222
3.4783935546873e-06,1.0744299492373,1.0986328125e-09,0.50000301688584,0.087476791096734,0.08747905689821
3.4794921874998e-06,1.074429948608,1.0986328125e-09,0.50000301783891,0.087476787209086,0.087479053726197
3.4805908203123e-06,1.0744299482103,1.0986328125e-09,0.50000301879197,0.087476783321438,0.087479050554185
3.4816894531248e-06,1.0744299475821,1.0986328125e-09,0.50000301974504,0.08747677943379,0.087479047382172
3.4827880859373e-06,1.0744299471858,1.0986328125e-09,0.5000030206981,0.087476775546141,0.08747904421016
3.4838867187498e-06,1.0744299465588,1.0986328125e-09,0.50000302165117,0.087476771658493,0.087479041038147
3.4849853515623e-06,1.0744299461637,1.0986328125e-09,0.50000302260423,0.087476767770845,0.087479037866135
3.4860839843748e-06,1.0744299455379,1.0986328125e-09,0.50000302355729,0.087476763883197,0.087479034694122
3.4871826171873e-06,1.0744299451443,1.0986328125e-09,0.50000302451036,0.087476759995549,0.08747903152211
3.4882812499998e-06,1.0744299445196,1.0986328125e-09,0.50000302546342,0.087476756107901,0.087479028350098
3.4893798828123e-06,1.0744299441273,1.0986328125e-09,0.50000302641648,0.087476752220253,0.087479025178085
3.4904785156248e-06,1.0744299435038,1.0986328125e-09,0.50000302736954,0.087476748332605,0.087479022006073
3.4915771484373e-06,1.0744299431128,1.0986328125e-09,0.50000302832261,0.087476744444957,0.087479018834061
3.4926757812498e-06,1.0744299424904,1.0986328125e-09,0.50000302927567,0.087476740557309,0.087479015662048
3.4937744140623e-06,1.0744299421008,1.0986328125e-09,0.50000303022873,0.087476736669661,0.087479012490036
3.4948730468748e-06,1.0744299414796,1.0986328125e-09,0.50000303118179,0.087476732782013,0.087479009318024
3.4959716796873e-06,1.0744299410914,1.0986328125e-09,0.50000303213485,0.087476728894366,0.087479006146012
3.4970703124998e-06,1.0744299404713,1.0986328125e-09,0.50000303308791,0.087476725006718,0.087479002974
3.4981689453123e-06,1.0744299400844,1.0986328125e-09,0.50000303404097,0.08747672111907,0.087478999801988
3.4992675781248e-06,1.0744299394655,1.0986328125e-09,0.50000303499403,0.087476717231422,0.087478996629975
3.5003662109373e-06,1.07442993908,1.0986328125e-09,0.50000303594709,0.087476713343774,0.087478993457963
3.5014648437498e-06,1.0744299384622,1.0986328125e-09,0.50000303690015,0.087476709456127,0.087478990285951
3.5025634765623e-06,1.074429938078,1.0986328125e-09,0.5000030378532,0.087476705568479,0.087478987113939
3.5036621093748e-06,1.0744299374614,1.0986328125e-09,0.50000303880626,0.087476701680831,0.087478983941927
3.5047607421873e-06,1.0744299370786,1.0986328125e-09,0.50000303975932,0.087476697793184,0.087478980769915
3.5058593749998e-06,1.0744299364632,1.0986328125e-09,0.50000304071238,0.087476693905536,0.087478977597903
3.5069580078123e-06,1.0744299360817,1.0986328125e-09,0.50000304166544,0.087476690017889,0.087478974425891
3.5080566406248e-06,1.0744299354674,1.0986328125e-09,0.50000304261849,0.087476686130241,0.087478971253879
3.5091552734373e-06,1.0744299350873,1.0986328125e-09,0.50000304357155,0.087476682242593,0.087478968081868
3.5102539062498e-06,1.0744299344742,1.0986328125e-09,0.5000030445246,0.087476678354946,0.087478964909856
3.5113525390623e-06,1.0744299340954,1.0986328125e-09,0.50000304547766,0.087476674467298,0.087478961737844
3.5124511718748e-06,1.0744299334834,1.0986328125e-09,0.50000304643072,0.087476670579651,0.087478958565832
3.5135498046873e-06,1.074429933106,1.0986328125e-09,0.50000304738377,0.087476666692004,0.08747895539382
3.5146484374998e-06,1.0744299324952,1.0986328125e-09,0.50000304833683,0.087476662804356,0.087478952221808
3.5157470703123e-06,1.0744299321191,1.0986328125e-09,0.50000304928988,0.087476658916709,0.087478949049797
3.5168457031248e-06,1.0744299315094,1.0986328125e-09,0.50000305024294,0.087476655029061,0.087478945877785
3.5179443359373e-06,1.0744299311347,1.0986328125e-09,0.50000305119599,0.087476651141414,0.087478942705773
3.5190429687498e-06,1.0744299305262,1.0986328125e-09,0.50000305214904,0.087476647253767,0.087478939533762
3.5201416015623e-06,1.0744299301529,1.0986328125e-09,0.5000030531021,0.08747664336612,0.08747893636175
3.5212402343748e-06,1.0744299295455,1.0986328125e-09,0.50000305405515,0.087476639478472,0.087478933189738
3.5223388671873e-06,1.0744299291735,1.0986328125e-09,0.5000030550082,0.087476635590825,0.087478930017727
3.5234374999998e-06,1.0744299285673,1.0986328125e-09,0.50000305596125,0.087476631703178,0.087478926845715
3.5245361328123e-06,1.0744299281967,1.0986328125e-09,0.50000305691431,0.087476627815531,0.087478923673704
3.5256347656248e-06,1.0744299275916,1.0986328125e-09,0.50000305786736,0.087476623927884,0.087478920501692
3.5267333984373e-06,1.0744299272223,1.0986328125e-09,0.50000305882041,0.087476620040237,0.087478917329681
3.5278320312498e-06,1.0744299266184,1.0986328125e-09,0.50000305977346,0.087476616152589,0.087478914157669
3.5289306640623e-06,1.0744299262505,1.0986328125e-09,0.50000306072651,0.087476612264942,0.087478910985658
3.5300292968748e-06,1.0744299256478,1.0986328125e-09,0.50000306167956,0.087476608377295,0.087478907813646
3.5311279296873e-06,1.0744299252812,1.0986328125e-09,0.50000306263261,0.087476604489648,0.087478904641635
3.5322265624998e-06,1.0744299246796,1.0986328125e-09,0.50000306358566,0.087476600602001,0.087478901469624
3.5333251953123e-06,1.0744299243144,1.0986328125e-09,0.50000306453871,0.087476596714355,0.087478898297612
3.5344238281248e-06,1.074429923714,1.0986328125e-09,0.50000306549176,0.087476592826708,0.087478895125601
3.5355224609373e-06,1.0744299233501,1.0986328125e-09,0.50000306644481,0.087476588939061,0.08747889195359
3.5366210937498e-06,1.0744299227508,1.0986328125e-09,0.50000306739786,0.087476585051414,0.087478888781578
3.5377197265623e-06,1.0744299223883,1.0986328125e-09,0.50000306835091,0.087476581163767,0.087478885609567
3.5388183593748e-06,1.0744299217902,1.0986328125e-09,0.50000306930395,0.08747657727612,0.087478882437556
3.5399169921873e-06,1.074429921429,1.0986328125e-09,0.500003070257,0.087476573388473,0.087478879265545
3.5410156249998e-06,1.074429920832,1.0986328125e-09,0.50000307121005,0.087476569500827,0.087478876093534
3.5421142578123e-06,1.0744299204722,1.0986328125e-09,0.5000030721631,0.08747656561318,0.087478872921522
3.5432128906248e-06,1.0744299198764,1.0986328125e-09,0.50000307311614,0.087476561725533,0.087478869749511
3.5443115234373e-06,1.074429919518,1.0986328125e-09,0.50000307406919,0.087476557837887,0.0874788665775
3.5454101562498e-06,1.0744299189233,1.0986328125e-09,0.50000307502223,0.08747655395024,0.087478863405489
3.5465087890623e-06,1.0744299185662,1.0986328125e-09,0.50000307597528,0.087476550062593,0.087478860233478
3.5476074218748e-06,1.0744299179727,1.0986328125e-09,0.50000307692833,0.087476546174947,0.087478857061467
3.5487060546873e-06,1.074429917617,1.0986328125e-09,0.50000307788137,0.0874765422873,0.087478853889456
3.5498046874998e-06,1.0744299170246,1.0986328125e-09,0.50000307883442,0.087476538399654,0.087478850717445
3.5509033203123e-06,1.0744299166702,1.0986328125e-09,0.50000307978746,0.087476534512007,0.087478847545434
3.5520019531248e-06,1.074429916079,1.0986328125e-09,0.5000030807405,0.087476530624361,0.087478844373423
3.5531005859373e-06,1.074429915726,1.0986328125e-09,0.50000308169355,0.087476526736714,0.087478841201412
3.5541992187498e-06,1.0744299151359,1.0986328125e-09,0.50000308264659,0.087476522849068,0.087478838029401
3.5552978515623e-06,1.0744299147843,1.0986328125e-09,0.50000308359963,0.087476518961421,0.087478834857391
3.5563964843748e-06,1.0744299141954,1.0986328125e-09,0.50000308455268,0.087476515073775,0.08747883168538
3.5574951171873e-06,1.0744299138451,1.0986328125e-09,0.50000308550572,0.087476511186128,0.087478828513369
3.5585937499998e-06,1.0744299132573,1.0986328125e-09,0.50000308645876,0.087476507298482,0.087478825341358
3.5596923828123e-06,1.0744299129083,1.0986328125e-09,0.5000030874118,0.087476503410836,0.087478822169348
3.5607910156248e-06,1.0744299123218,1.0986328125e-09,0.50000308836484,0.08747649952319,0.087478818997337
3.5618896484373e-06,1.0744299119742,1.0986328125e-09,0.50000308931789,0.087476495635543,0.087478815825326
3.5629882812498e-06,1.0744299113887,1.0986328125e-09,0.50000309027093,0.087476491747897,0.087478812653315
3.5640869140623e-06,1.0744299110425,1.0986328125e-09,0.50000309122397,0.087476487860251,0.087478809481305
3.5651855468748e-06,1.0744299104582,1.0986328125e-09,0.50000309217701,0.087476483972605,0.087478806309294
3.5662841796873e-06,1.0744299101133,1.0986328125e-09,0.50000309313005,0.087476480084959,0.087478803137284
3.5673828124998e-06,1.0744299095302,1.0986328125e-09,0.50000309408309,0.087476476197312,0.087478799965273
3.5684814453123e-06,1.0744299091866,1.0986328125e-09,0.50000309503613,0.087476472309666,0.087478796793262
3.5695800781248e-06,1.0744299086047,1.0986328125e-09,0.50000309598916,0.08747646842202,0.087478793621252
3.5706787109373e-06,1.0744299082625,1.0986328125e-09,0.5000030969422,0.087476464534374,0.087478790449241
3.5717773437498e-06,1.0744299076816,1.0986328125e-09,0.50000309789524,0.087476460646728,0.087478787277231
3.5728759765623e-06,1.0744299073408,1.0986328125e-09,0.50000309884828,0.087476456759082,0.087478784105221
3.5739746093748e-06,1.0744299067611,1.0986328125e-09,0.50000309980132,0.087476452871436,0.08747878093321
3.5750732421873e-06,1.0744299064217,1.0986328125e-09,0.50000310075435,0.08747644898379,0.0874787777612
3.5761718749998e-06,1.0744299058432,1.0986328125e-09,0.50000310170739,0.087476445096144,0.087478774589189
3.5772705078123e-06,1.074429905505,1.0986328125e-09,0.50000310266043,0.087476441208499,0.087478771417179
3.5783691406248e-06,1.0744299049277,1.0986328125e-09,0.50000310361346,0.087476437320853,0.087478768245169
3.5794677734373e-06,1.0744299045909,1.0986328125e-09,0.5000031045665,0.087476433433207,0.087478765073158
3.5805664062498e-06,1.0744299040147,1.0986328125e-09,0.50000310551954,0.087476429545561,0.087478761901148
3.5816650390623e-06,1.0744299036793,1.0986328125e-09,0.50000310647257,0.087476425657915,0.087478758729138
3.5827636718748e-06,1.0744299031043,1.0986328125e-09,0.50000310742561,0.08747642177027,0.087478755557128
3.5838623046873e-06,1.0744299027702,1.0986328125e-09,0.50000310837864,0.087476417882624,0.087478752385117
3.5849609374998e-06,1.0744299021963,1.0986328125e-09,0.50000310933168,0.087476413994978,0.087478749213107
3.5860595703123e-06,1.0744299018636,1.0986328125e-09,0.50000311028471,0.087476410107332,0.087478746041097
3.5871582031248e-06,1.0744299012909,1.0986328125e-09,0.50000311123774,0.087476406219687,0.087478742869087
3.5882568359373e-06,1.0744299009595,1.0986328125e-09,0.50000311219078,0.087476402332041,0.087478739697077
3.5893554687498e-06,1.0744299003879,1.0986328125e-09,0.50000311314381,0.087476398444396,0.087478736525067
3.5904541015623e-06,1.0744299000579,1.0986328125e-09,0.50000311409684,0.08747639455675,0.087478733353057
3.5915527343748e-06,1.0744298994875,1.0986328125e-09,0.50000311504988,0.087476390669105,0.087478730181047
3.5926513671873e-06,1.0744298991588,1.0986328125e-09,0.50000311600291,0.087476386781459,0.087478727009037
3.5937499999998e-06,1.0744298985896,1.0986328125e-09,0.50000311695594,0.087476382893814,0.087478723837027
3.5948486328123e-06,1.0744298982623,1.0986328125e-09,0.50000311790897,0.087476379006168,0.087478720665017
3.5959472656248e-06,1.0744298976942,1.0986328125e-09,0.500003118862,0.087476375118523,0.087478717493007
3.5970458984373e-06,1.0744298973682,1.0986328125e-09,0.50000311981503,0.087476371230877,0.087478714320997
3.5981445312498e-06,1.0744298968013,1.0986328125e-09,0.50000312076806,0.087476367343232,0.087478711148987
3.5992431640623e-06,1.0744298964767,1.0986328125e-09,0.50000312172109,0.087476363455587,0.087478707976977
3.6003417968748e-06,1.0744298959109,1.0986328125e-09,0.50000312267412,0.087476359567941,0.087478704804968
3.6014404296872e-06,1.0744298955877,1.0986328125e-09,0.50000312362715,0.087476355680296,0.087478701632958
3.6025390624997e-06,1.074429895023,1.0986328125e-09,0.50000312458018,0.087476351792651,0.087478698460948
3.6036376953122e-06,1.0744298947011,1.0986328125e-09,0.50000312553321,0.087476347905005,0.087478695288938
3.6047363281247e-06,1.0744298941376,1.0986328125e-09,0.50000312648624,0.08747634401736,0.087478692116929
3.6058349609372e-06,1.0744298938171,1.0986328125e-09,0.50000312743927,0.087476340129715,0.087478688944919
3.6069335937497e-06,1.0744298932548,1.0986328125e-09,0.5000031283923,0.08747633624207,0.087478685772909
3.6080322265622e-06,1.0744298929356,1.0986328125e-09,0.50000312934532,0.087476332354425,0.087478682600899
3.6091308593747e-06,1.0744298923744,1.0986328125e-09,0.50000313029835,0.08747632846678,0.08747867942889
3.6102294921872e-06,1.0744298920566,1.0986328125e-09,0.50000313125138,0.087476324579135,0.08747867625688
3.6113281249997e-06,1.0744298914966,1.0986328125e-09,0.50000313220441,0.087476320691489,0.087478673084871
3.6124267578122e-06,1.0744298911801,1.0986328125e-09,0.50000313315743,0.087476316803844,0.087478669912861
3.6135253906247e-06,1.0744298906212,1.0986328125e-09,0.50000313411046,0.087476312916199,0.087478666740852
3.6146240234372e-06,1.0744298903061,1.0986328125e-09,0.50000313506348,0.087476309028554,0.087478663568842
3.6157226562497e-06,1.0744298897484,1.0986328125e-09,0.50000313601651,0.087476305140909,0.087478660396833
3.6168212890622e-06,1.0744298894347,1.0986328125e-09,0.50000313696953,0.087476301253265,0.087478657224823
3.6179199218747e-06,1.0744298888781,1.0986328125e-09,0.50000313792256,0.08747629736562,0.087478654052814
3.6190185546872e-06,1.0744298885657,1.0986328125e-09,0.50000313887558,0.087476293477975,0.087478650880804
3.6201171874997e-06,1.0744298880103,1.0986328125e-09,0.50000313982861,0.08747628959033,0.087478647708795
3.6212158203122e-06,1.0744298876992,1.0986328125e-09,0.50000314078163,0.087476285702685,0.087478644536786
3.6223144531247e-06,1.074429887145,1.0986328125e-09,0.50000314173466,0.08747628181504,0.087478641364776
3.6234130859372e-06,1.0744298868353,1.0986328125e-09,0.50000314268768,0.087476277927396,0.087478638192767
3.6245117187497e-06,1.0744298862822,1.0986328125e-09,0.5000031436407,0.087476274039751,0.087478635020758
3.6256103515622e-06,1.0744298859739,1.0986328125e-09,0.50000314459372,0.087476270152106,0.087478631848749
3.6267089843747e-06,1.0744298854219,1.0986328125e-09,0.50000314554675,0.087476266264461,0.087478628676739
3.6278076171872e-06,1.0744298851149,1.0986328125e-09,0.50000314649977,0.087476262376817,0.08747862550473
3.6289062499997e-06,1.0744298845641,1.0986328125e-09,0.50000314745279,0.087476258489172,0.087478622332721
3.6300048828122e-06,1.0744298842585,1.0986328125e-09,0.50000314840581,0.087476254601528,0.087478619160712
3.6311035156247e-06,1.0744298837088,1.0986328125e-09,0.50000314935883,0.087476250713883,0.087478615988703
3.6322021484372e-06,1.0744298834046,1.0986328125e-09,0.50000315031185,0.087476246826238,0.087478612816694
3.6333007812497e-06,1.0744298828561,1.0986328125e-09,0.50000315126487,0.087476242938594,0.087478609644685
3.6343994140622e-06,1.0744298825532,1.0986328125e-09,0.50000315221789,0.087476239050949,0.087478606472675
3.6354980468747e-06,1.0744298820058,1.0986328125e-09,0.50000315317091,0.087476235163305,0.087478603300666
3.6365966796872e-06,1.0744298817043,1.0986328125e-09,0.50000315412393,0.08747623127566,0.087478600128657
3.6376953124997e-06,1.0744298811581,1.0986328125e-09,0.50000315507695,0.087476227388016,0.087478596956648
3.6387939453122e-06,1.0744298808579,1.0986328125e-09,0.50000315602997,0.087476223500372,0.08747859378464
3.6398925781247e-06,1.0744298803129,1.0986328125e-09,0.50000315698299,0.087476219612727,0.087478590612631
3.6409912109372e-06,1.074429880014,1.0986328125e-09,0.50000315793601,0.087476215725083,0.087478587440622
3.6420898437497e-06,1.0744298794701,1.0986328125e-09,0.50000315888902,0.087476211837439,0.087478584268613
3.6431884765622e-06,1.0744298791727,1.0986328125e-09,0.50000315984204,0.087476207949794,0.087478581096604
3.6442871093747e-06,1.0744298786299,1.0986328125e-09,0.50000316079506,0.08747620406215,0.087478577924595
3.6453857421872e-06,1.0744298783338,1.0986328125e-09,0.50000316174808,0.087476200174506,0.087478574752586
3.6464843749997e-06,1.0744298777922,1.0986328125e-09,0.50000316270109,0.087476196286862,0.087478571580578
3.6475830078122e-06,1.0744298774975,1.0986328125e-09,0.50000316365411,0.087476192399217,0.087478568408569
3.6486816406247e-06,1.074429876957,1.0986328125e-09,0.50000316460712,0.087476188511573,0.08747856523656
3.6497802734372e-06,1.0744298766636,1.0986328125e-09,0.50000316556014,0.087476184623929,0.087478562064551
3.6508789062497e-06,1.0744298761244,1.0986328125e-09,0.50000316651315,0.087476180736285,0.087478558892543
3.6519775390622e-06,1.0744298758323,1.0986328125e-09,0.50000316746617,0.087476176848641,0.087478555720534
3.6530761718747e-06,1.0744298752942,1.0986328125e-09,0.50000316841918,0.087476172960997,0.087478552548526
3.6541748046872e-06,1.0744298750035,1.0986328125e-09,0.5000031693722,0.087476169073353,0.087478549376517
3.6552734374997e-06,1.0744298744665,1.0986328125e-09,0.50000317032521,0.087476165185709,0.087478546204508
3.6563720703122e-06,1.0744298741772,1.0986328125e-09,0.50000317127823,0.087476161298065,0.0874785430325
3.6574707031247e-06,1.0744298736413,1.0986328125e-09,0.50000317223124,0.087476157410421,0.087478539860491
3.6585693359372e-06,1.0744298733534,1.0986328125e-09,0.50000317318425,0.087476153522777,0.087478536688483
3.6596679687497e-06,1.0744298728187,1.0986328125e-09,0.50000317413726,0.087476149635133,0.087478533516474
3.6607666015622e-06,1.0744298725321,1.0986328125e-09,0.50000317509028,0.087476145747489,0.087478530344466
3.6618652343747e-06,1.0744298719986,1.0986328125e-09,0.50000317604329,0.087476141859846,0.087478527172457
3.6629638671872e-06,1.0744298717133,1.0986328125e-09,0.5000031769963,0.087476137972202,0.087478524000449
3.6640624999997e-06,1.0744298711809,1.0986328125e-09,0.50000317794931,0.087476134084558,0.087478520828441
3.6651611328122e-06,1.074429870897,1.0986328125e-09,0.50000317890232,0.087476130196914,0.087478517656432
3.6662597656247e-06,1.0744298703658,1.0986328125e-09,0.50000317985533,0.08747612630927,0.087478514484424
3.6673583984372e-06,1.0744298700832,1.0986328125e-09,0.50000318080834,0.087476122421627,0.087478511312416
3.6684570312497e-06,1.0744298695532,1.0986328125e-09,0.50000318176135,0.087476118533983,0.087478508140407
3.6695556640622e-06,1.074429869272,1.0986328125e-09,0.50000318271436,0.087476114646339,0.087478504968399
3.6706542968747e-06,1.0744298687431,1.0986328125e-09,0.50000318366737,0.087476110758696,0.087478501796391
3.6717529296872e-06,1.0744298684632,1.0986328125e-09,0.50000318462038,0.087476106871052,0.087478498624383
3.6728515624997e-06,1.0744298679355,1.0986328125e-09,0.50000318557339,0.087476102983409,0.087478495452375
3.6739501953122e-06,1.074429867657,1.0986328125e-09,0.5000031865264,0.087476099095765,0.087478492280366
3.6750488281247e-06,1.0744298671304,1.0986328125e-09,0.50000318747941,0.087476095208122,0.087478489108358
3.6761474609372e-06,1.0744298668532,1.0986328125e-09,0.50000318843241,0.087476091320478,0.08747848593635
3.6772460937497e-06,1.0744298663278,1.0986328125e-09,0.50000318938542,0.087476087432835,0.087478482764342
3.6783447265622e-06,1.074429866052,1.0986328125e-09,0.50000319033843,0.087476083545191,0.087478479592334
3.6794433593747e-06,1.0744298655278,1.0986328125e-09,0.50000319129144,0.087476079657548,0.087478476420326
3.6805419921872e-06,1.0744298652533,1.0986328125e-09,0.50000319224444,0.087476075769904,0.087478473248318
3.6816406249997e-06,1.0744298647302,1.0986328125e-09,0.50000319319745,0.087476071882261,0.08747847007631
3.6827392578122e-06,1.0744298644571,1.0986328125e-09,0.50000319415045,0.087476067994618,0.087478466904302
3.6838378906247e-06,1.0744298639351,1.0986328125e-09,0.50000319510346,0.087476064106974,0.087478463732294
3.6849365234372e-06,1.0744298636634,1.0986328125e-09,0.50000319605647,0.087476060219331,0.087478460560286
3.6860351562497e-06,1.0744298631426,1.0986328125e-09,0.50000319700947,0.087476056331688,0.087478457388278
3.6871337890622e-06,1.0744298628722,1.0986328125e-09,0.50000319796248,0.087476052444045,0.087478454216271
3.6882324218747e-06,1.0744298623526,1.0986328125e-09,0.50000319891548,0.087476048556401,0.087478451044263
3.6893310546872e-06,1.0744298620835,1.0986328125e-09,0.50000319986848,0.087476044668758,0.087478447872255
3.6904296874997e-06,1.074429861565,1.0986328125e-09,0.50000320082149,0.087476040781115,0.087478444700247
3.6915283203122e-06,1.0744298612974,1.0986328125e-09,0.50000320177449,0.087476036893472,0.087478441528239
3.6926269531247e-06,1.07442986078,1.0986328125e-09,0.50000320272749,0.087476033005829,0.087478438356232
3.6937255859372e-06,1.0744298605137,1.0986328125e-09,0.5000032036805,0.087476029118186,0.087478435184224
3.6948242187497e-06,1.0744298599975,1.0986328125e-09,0.5000032046335,0.087476025230543,0.087478432012216
3.6959228515622e-06,1.0744298597326,1.0986328125e-09,0.5000032055865,0.0874760213429,0.087478428840209
3.6970214843747e-06,1.0744298592175,1.0986328125e-09,0.5000032065395,0.087476017455257,0.087478425668201
3.6981201171872e-06,1.0744298589539,1.0986328125e-09,0.5000032074925,0.087476013567614,0.087478422496193
3.6992187499997e-06,1.07442985844,1.0986328125e-09,0.5000032084455,0.087476009679971,0.087478419324186
3.7003173828122e-06,1.0744298581778,1.0986328125e-09,0.5000032093985,0.087476005792328,0.087478416152178
3.7014160156247e-06,1.0744298576651,1.0986328125e-09,0.50000321035151,0.087476001904685,0.087478412980171
3.7025146484372e-06,1.0744298574042,1.0986328125e-09,0.50000321130451,0.087475998017042,0.087478409808163
3.7036132812497e-06,1.0744298568926,1.0986328125e-09,0.50000321225751,0.087475994129399,0.087478406636156
3.7047119140622e-06,1.074429856633,1.0986328125e-09,0.5000032132105,0.087475990241757,0.087478403464148
3.7058105468747e-06,1.0744298561226,1.0986328125e-09,0.5000032141635,0.087475986354114,0.087478400292141
3.7069091796872e-06,1.0744298558644,1.0986328125e-09,0.5000032151165,0.087475982466471,0.087478397120133
3.7080078124997e-06,1.0744298553552,1.0986328125e-09,0.5000032160695,0.087475978578828,0.087478393948126
3.7091064453122e-06,1.0744298550983,1.0986328125e-09,0.5000032170225,0.087475974691186,0.087478390776119
3.7102050781247e-06,1.0744298545902,1.0986328125e-09,0.5000032179755,0.087475970803543,0.087478387604111
3.7113037109372e-06,1.0744298543347,1.0986328125e-09,0.50000321892849,0.0874759669159,0.087478384432104
3.7124023437497e-06,1.0744298538278,1.0986328125e-09,0.50000321988149,0.087475963028258,0.087478381260097
3.7135009765622e-06,1.0744298535737,1.0986328125e-09,0.50000322083449,0.087475959140615,0.08747837808809
3.7145996093747e-06,1.0744298530679,1.0986328125e-09,0.50000322178748,0.087475955252973,0.087478374916082
3.7156982421872e-06,1.0744298528151,1.0986328125e-09,0.50000322274048,0.08747595136533,0.087478371744075
3.7167968749997e-06,1.0744298523104,1.0986328125e-09,0.50000322369348,0.087475947477688,0.087478368572068
3.7178955078122e-06,1.074429852059,1.0986328125e-09,0.50000322464647,0.087475943590045,0.087478365400061
3.7189941406247e-06,1.0744298515555,1.0986328125e-09,0.50000322559947,0.087475939702403,0.087478362228054
3.7200927734372e-06,1.0744298513055,1.0986328125e-09,0.50000322655246,0.08747593581476,0.087478359056047
3.7211914062497e-06,1.0744298508031,1.0986328125e-09,0.50000322750546,0.087475931927118,0.08747835588404
3.7222900390622e-06,1.0744298505544,1.0986328125e-09,0.50000322845845,0.087475928039476,0.087478352712032
3.7233886718747e-06,1.0744298500532,1.0986328125e-09,0.50000322941145,0.087475924151833,0.087478349540025
3.7244873046872e-06,1.0744298498059,1.0986328125e-09,0.50000323036444,0.087475920264191,0.087478346368019
3.7255859374997e-06,1.0744298493059,1.0986328125e-09,0.50000323131743,0.087475916376549,0.087478343196011
3.7266845703122e-06,1.0744298490599,1.0986328125e-09,0.50000323227043,0.087475912488906,0.087478340024005
3.7277832031247e-06,1.074429848561,1.0986328125e-09,0.50000323322342,0.087475908601264,0.087478336851998
3.7288818359372e-06,1.0744298483164,1.0986328125e-09,0.50000323417641,0.087475904713622,0.087478333679991
3.7299804687497e-06,1.0744298478186,1.0986328125e-09,0.5000032351294,0.08747590082598,0.087478330507984
3.7310791015622e-06,1.0744298475754,1.0986328125e-09,0.50000323608239,0.087475896938337,0.087478327335977
3.7321777343747e-06,1.0744298470788,1.0986328125e-09,0.50000323703539,0.087475893050695,0.08747832416397
3.7332763671872e-06,1.0744298468369,1.0986328125e-09,0.50000323798838,0.087475889163053,0.087478320991963
3.7343749999997e-06,1.0744298463414,1.0986328125e-09,0.50000323894137,0.087475885275411,0.087478317819957
3.7354736328122e-06,1.0744298461009,1.0986328125e-09,0.50000323989436,0.087475881387769,0.08747831464795
3.7365722656247e-06,1.0744298456066,1.0986328125e-09,0.50000324084735,0.087475877500127,0.087478311475943
3.7376708984372e-06,1.0744298453674,1.0986328125e-09,0.50000324180034,0.087475873612485,0.087478308303936
3.7387695312497e-06,1.0744298448743,1.0986328125e-09,0.50000324275333,0.087475869724843,0.08747830513193
3.7398681640622e-06,1.0744298446364,1.0986328125e-09,0.50000324370632,0.087475865837201,0.087478301959923
3.7409667968747e-06,1.0744298441445,1.0986328125e-09,0.50000324465931,0.087475861949559,0.087478298787916
3.7420654296872e-06,1.074429843908,1.0986328125e-09,0.50000324561229,0.087475858061917,0.08747829561591
3.7431640624997e-06,1.0744298434171,1.0986328125e-09,0.50000324656528,0.087475854174275,0.087478292443903
3.7442626953122e-06,1.074429843182,1.0986328125e-09,0.50000324751827,0.087475850286634,0.087478289271897
3.7453613281247e-06,1.0744298426923,1.0986328125e-09,0.50000324847126,0.087475846398992,0.08747828609989
3.7464599609372e-06,1.0744298424586,1.0986328125e-09,0.50000324942424,0.08747584251135,0.087478282927884
3.7475585937497e-06,1.0744298419701,1.0986328125e-09,0.50000325037723,0.087475838623708,0.087478279755877
3.7486572265622e-06,1.0744298417376,1.0986328125e-09,0.50000325133022,0.087475834736066,0.087478276583871
3.7497558593747e-06,1.0744298412503,1.0986328125e-09,0.5000032522832,0.087475830848425,0.087478273411864
3.7508544921872e-06,1.0744298410192,1.0986328125e-09,0.50000325323619,0.087475826960783,0.087478270239858
3.7519531249997e-06,1.074429840533,1.0986328125e-09,0.50000325418918,0.087475823073141,0.087478267067852
3.7530517578122e-06,1.0744298403033,1.0986328125e-09,0.50000325514216,0.0874758191855,0.087478263895845
3.7541503906247e-06,1.0744298398182,1.0986328125e-09,0.50000325609515,0.087475815297858,0.087478260723839
3.7552490234372e-06,1.0744298395899,1.0986328125e-09,0.50000325704813,0.087475811410217,0.087478257551833
3.7563476562497e-06,1.074429839106,1.0986328125e-09,0.50000325800112,0.087475807522575,0.087478254379826
3.7574462890622e-06,1.074429838879,1.0986328125e-09,0.5000032589541,0.087475803634934,0.08747825120782
3.7585449218747e-06,1.0744298383962,1.0986328125e-09,0.50000325990708,0.087475799747292,0.087478248035814
3.7596435546872e-06,1.0744298381706,1.0986328125e-09,0.50000326086007,0.087475795859651,0.087478244863808
3.7607421874997e-06,1.074429837689,1.0986328125e-09,0.50000326181305,0.087475791972009,0.087478241691801
3.7618408203122e-06,1.0744298374647,1.0986328125e-09,0.50000326276603,0.087475788084368,0.087478238519795
3.7629394531247e-06,1.0744298369843,1.0986328125e-09,0.50000326371902,0.087475784196726,0.087478235347789
3.7640380859372e-06,1.0744298367613,1.0986328125e-09,0.500003264672,0.087475780309085,0.087478232175783
3.7651367187497e-06,1.0744298362821,1.0986328125e-09,0.50000326562498,0.087475776421444,0.087478229003777
3.7662353515622e-06,1.0744298360605,1.0986328125e-09,0.50000326657796,0.087475772533802,0.087478225831771
3.7673339843747e-06,1.0744298355823,1.0986328125e-09,0.50000326753094,0.087475768646161,0.087478222659765
3.7684326171872e-06,1.0744298353621,1.0986328125e-09,0.50000326848392,0.08747576475852,0.087478219487759
3.7695312499997e-06,1.0744298348851,1.0986328125e-09,0.5000032694369,0.087475760870879,0.087478216315753
3.7706298828122e-06,1.0744298346663,1.0986328125e-09,0.50000327038988,0.087475756983237,0.087478213143747
3.7717285156247e-06,1.0744298341905,1.0986328125e-09,0.50000327134286,0.087475753095596,0.087478209971741
3.7728271484372e-06,1.0744298339729,1.0986328125e-09,0.50000327229584,0.087475749207955,0.087478206799735
3.7739257812497e-06,1.0744298334983,1.0986328125e-09,0.50000327324882,0.087475745320314,0.087478203627729
3.7750244140622e-06,1.0744298332821,1.0986328125e-09,0.5000032742018,0.087475741432673,0.087478200455723
3.7761230468747e-06,1.0744298328086,1.0986328125e-09,0.50000327515478,0.087475737545032,0.087478197283718
3.7772216796872e-06,1.0744298325938,1.0986328125e-09,0.50000327610776,0.087475733657391,0.087478194111712
3.7783203124997e-06,1.0744298321214,1.0986328125e-09,0.50000327706073,0.08747572976975,0.087478190939706
3.7794189453122e-06,1.074429831908,1.0986328125e-09,0.50000327801371,0.087475725882109,0.0874781877677
3.7805175781247e-06,1.0744298314368,1.0986328125e-09,0.50000327896669,0.087475721994468,0.087478184595694
3.7816162109372e-06,1.0744298312247,1.0986328125e-09,0.50000327991967,0.087475718106827,0.087478181423689
3.7827148437497e-06,1.0744298307546,1.0986328125e-09,0.50000328087264,0.087475714219186,0.087478178251683
3.7838134765622e-06,1.0744298305439,1.0986328125e-09,0.50000328182562,0.087475710331545,0.087478175079677
3.7849121093747e-06,1.074429830075,1.0986328125e-09,0.5000032827786,0.087475706443904,0.087478171907672
3.7860107421872e-06,1.0744298298656,1.0986328125e-09,0.50000328373157,0.087475702556263,0.087478168735666
3.7871093749997e-06,1.0744298293979,1.0986328125e-09,0.50000328468455,0.087475698668622,0.087478165563661
3.7882080078122e-06,1.0744298291898,1.0986328125e-09,0.50000328563752,0.087475694780982,0.087478162391655
3.7893066406247e-06,1.0744298287233,1.0986328125e-09,0.5000032865905,0.087475690893341,0.087478159219649
3.7904052734372e-06,1.0744298285166,1.0986328125e-09,0.50000328754347,0.0874756870057,0.087478156047644
3.7915039062497e-06,1.0744298280511,1.0986328125e-09,0.50000328849644,0.087475683118059,0.087478152875638
3.7926025390622e-06,1.0744298278458,1.0986328125e-09,0.50000328944942,0.087475679230419,0.087478149703633
3.7937011718747e-06,1.0744298273816,1.0986328125e-09,0.50000329040239,0.087475675342778,0.087478146531628
3.7947998046872e-06,1.0744298271776,1.0986328125e-09,0.50000329135536,0.087475671455137,0.087478143359622
3.7958984374997e-06,1.0744298267145,1.0986328125e-09,0.50000329230834,0.087475667567497,0.087478140187617
3.7969970703122e-06,1.0744298265118,1.0986328125e-09,0.50000329326131,0.087475663679856,0.087478137015611
3.7980957031247e-06,1.0744298260499,1.0986328125e-09,0.50000329421428,0.087475659792216,0.087478133843606
3.7991943359372e-06,1.0744298258486,1.0986328125e-09,0.50000329516725,0.087475655904575,0.087478130671601
3.8002929687497e-06,1.0744298253878,1.0986328125e-09,0.50000329612023,0.087475652016935,0.087478127499596
3.8013916015622e-06,1.0744298251879,1.0986328125e-09,0.5000032970732,0.087475648129294,0.08747812432759
3.8024902343747e-06,1.0744298247282,1.0986328125e-09,0.50000329802617,0.087475644241654,0.087478121155585
3.8035888671872e-06,1.0744298245297,1.0986328125e-09,0.50000329897914,0.087475640354013,0.08747811798358
3.8046874999997e-06,1.0744298240712,1.0986328125e-09,0.50000329993211,0.087475636466373,0.087478114811575
3.8057861328122e-06,1.074429823874,1.0986328125e-09,0.50000330088508,0.087475632578733,0.087478111639569
3.8068847656247e-06,1.0744298234166,1.0986328125e-09,0.50000330183805,0.087475628691092,0.087478108467564
3.8079833984372e-06,1.0744298232208,1.0986328125e-09,0.50000330279102,0.087475624803452,0.087478105295559
3.8090820312497e-06,1.0744298227646,1.0986328125e-09,0.50000330374399,0.087475620915812,0.087478102123554
3.8101806640622e-06,1.0744298225701,1.0986328125e-09,0.50000330469695,0.087475617028172,0.087478098951549
3.8112792968747e-06,1.0744298221151,1.0986328125e-09,0.50000330564992,0.087475613140531,0.087478095779544
3.8123779296872e-06,1.0744298219219,1.0986328125e-09,0.50000330660289,0.087475609252891,0.087478092607539
3.8134765624997e-06,1.0744298214681,1.0986328125e-09,0.50000330755586,0.087475605365251,0.087478089435534
3.8145751953122e-06,1.0744298212763,1.0986328125e-09,0.50000330850882,0.087475601477611,0.087478086263529
3.8156738281247e-06,1.0744298208236,1.0986328125e-09,0.50000330946179,0.087475597589971,0.087478083091524
3.8167724609372e-06,1.0744298206331,1.0986328125e-09,0.50000331041476,0.087475593702331,0.087478079919519
3.8178710937497e-06,1.0744298201816,1.0986328125e-09,0.50000331136773,0.087475589814691,0.087478076747514
3.8189697265622e-06,1.0744298199925,1.0986328125e-09,0.50000331232069,0.087475585927051,0.08747807357551
3.8200683593747e-06,1.0744298195421,1.0986328125e-09,0.50000331327366,0.08747558203941,0.087478070403505
3.8211669921872e-06,1.0744298193543,1.0986328125e-09,0.50000331422662,0.087475578151771,0.0874780672315
3.8222656249997e-06,1.0744298189051,1.0986328125e-09,0.50000331517959,0.087475574264131,0.087478064059495
3.8233642578122e-06,1.0744298187187,1.0986328125e-09,0.50000331613255,0.087475570376491,0.08747806088749
3.8244628906247e-06,1.0744298182706,1.0986328125e-09,0.50000331708552,0.087475566488851,0.087478057715486
3.8255615234372e-06,1.0744298180856,1.0986328125e-09,0.50000331803848,0.087475562601211,0.087478054543481
3.8266601562497e-06,1.0744298176386,1.0986328125e-09,0.50000331899144,0.087475558713571,0.087478051371476
3.8277587890622e-06,1.074429817455,1.0986328125e-09,0.50000331994441,0.087475554825931,0.087478048199472
3.8288574218747e-06,1.0744298170092,1.0986328125e-09,0.50000332089737,0.087475550938291,0.087478045027467
3.8299560546872e-06,1.0744298168269,1.0986328125e-09,0.50000332185033,0.087475547050652,0.087478041855462
3.8310546874997e-06,1.0744298163822,1.0986328125e-09,0.5000033228033,0.087475543163012,0.087478038683458
3.8321533203122e-06,1.0744298162013,1.0986328125e-09,0.50000332375626,0.087475539275372,0.087478035511453
3.8332519531247e-06,1.0744298157578,1.0986328125e-09,0.50000332470922,0.087475535387732,0.087478032339449
3.8343505859372e-06,1.0744298155782,1.0986328125e-09,0.50000332566218,0.087475531500093,0.087478029167444
3.8354492187497e-06,1.0744298151359,1.0986328125e-09,0.50000332661514,0.087475527612453,0.08747802599544
3.8365478515622e-06,1.0744298149577,1.0986328125e-09,0.5000033275681,0.087475523724814,0.087478022823435
3.8376464843747e-06,1.0744298145165,1.0986328125e-09,0.50000332852106,0.087475519837174,0.087478019651431
3.8387451171872e-06,1.0744298143396,1.0986328125e-09,0.50000332947402,0.087475515949534,0.087478016479426
3.8398437499997e-06,1.0744298138996,1.0986328125e-09,0.50000333042698,0.087475512061895,0.087478013307422
3.8409423828122e-06,1.074429813724,1.0986328125e-09,0.50000333137994,0.087475508174255,0.087478010135418
3.8420410156247e-06,1.0744298132852,1.0986328125e-09,0.5000033323329,0.087475504286616,0.087478006963413
3.8431396484372e-06,1.074429813111,1.0986328125e-09,0.50000333328586,0.087475500398976,0.087478003791409
3.8442382812497e-06,1.0744298126733,1.0986328125e-09,0.50000333423882,0.087475496511337,0.087478000619405
3.8453369140622e-06,1.0744298125005,1.0986328125e-09,0.50000333519178,0.087475492623698,0.0874779974474
3.8464355468747e-06,1.0744298120639,1.0986328125e-09,0.50000333614474,0.087475488736058,0.087477994275396
3.8475341796872e-06,1.0744298118924,1.0986328125e-09,0.50000333709769,0.087475484848419,0.087477991103392
3.8486328124997e-06,1.074429811457,1.0986328125e-09,0.50000333805065,0.08747548096078,0.087477987931388
3.8497314453122e-06,1.0744298112869,1.0986328125e-09,0.50000333900361,0.08747547707314,0.087477984759384
3.8508300781247e-06,1.0744298108527,1.0986328125e-09,0.50000333995656,0.087475473185501,0.08747798158738
3.8519287109372e-06,1.0744298106839,1.0986328125e-09,0.50000334090952,0.087475469297862,0.087477978415375
3.8530273437497e-06,1.0744298102508,1.0986328125e-09,0.50000334186248,0.087475465410223,0.087477975243371
3.8541259765622e-06,1.0744298100834,1.0986328125e-09,0.50000334281543,0.087475461522583,0.087477972071367
3.8552246093747e-06,1.0744298096515,1.0986328125e-09,0.50000334376839,0.087475457634944,0.087477968899363
3.8563232421872e-06,1.0744298094854,1.0986328125e-09,0.50000334472134,0.087475453747305,0.087477965727359
3.8574218749997e-06,1.0744298090546,1.0986328125e-09,0.5000033456743,0.087475449859666,0.087477962555355
3.8585205078122e-06,1.0744298088899,1.0986328125e-09,0.50000334662725,0.087475445972027,0.087477959383351
3.8596191406247e-06,1.0744298084603,1.0986328125e-09,0.50000334758021,0.087475442084388,0.087477956211347
3.8607177734372e-06,1.074429808297,1.0986328125e-09,0.50000334853316,0.087475438196749,0.087477953039343
3.8618164062497e-06,1.0744298078685,1.0986328125e-09,0.50000334948611,0.08747543430911,0.08747794986734
3.8629150390622e-06,1.0744298077065,1.0986328125e-09,0.50000335043907,0.087475430421471,0.087477946695336
3.8640136718747e-06,1.0744298072792,1.0986328125e-09,0.50000335139202,0.087475426533832,0.087477943523332
3.8651123046872e-06,1.0744298071186,1.0986328125e-09,0.50000335234497,0.087475422646193,0.087477940351328
3.8662109374997e-06,1.0744298066924,1.0986328125e-09,0.50000335329792,0.087475418758554,0.087477937179324
3.8673095703122e-06,1.0744298065331,1.0986328125e-09,0.50000335425088,0.087475414870915,0.087477934007321
3.8684082031247e-06,1.0744298061081,1.0986328125e-09,0.50000335520383,0.087475410983276,0.087477930835317
3.8695068359372e-06,1.0744298059502,1.0986328125e-09,0.50000335615678,0.087475407095637,0.087477927663313
3.8706054687497e-06,1.0744298055263,1.0986328125e-09,0.50000335710973,0.087475403207999,0.087477924491309
3.8717041015622e-06,1.0744298053698,1.0986328125e-09,0.50000335806268,0.08747539932036,0.087477921319306
3.8728027343747e-06,1.074429804947,1.0986328125e-09,0.50000335901563,0.087475395432721,0.087477918147302
3.8739013671872e-06,1.0744298047918,1.0986328125e-09,0.50000335996858,0.087475391545082,0.087477914975299
3.8749999999997e-06,1.0744298043703,1.0986328125e-09,0.50000336092153,0.087475387657444,0.087477911803295
3.8760986328122e-06,1.0744298042164,1.0986328125e-09,0.50000336187448,0.087475383769805,0.087477908631291
3.8771972656247e-06,1.074429803796,1.0986328125e-09,0.50000336282743,0.087475379882166,0.087477905459288
3.8782958984372e-06,1.0744298036435,1.0986328125e-09,0.50000336378038,0.087475375994528,0.087477902287284
3.8793945312497e-06,1.0744298032243,1.0986328125e-09,0.50000336473333,0.087475372106889,0.087477899115281
3.8804931640622e-06,1.0744298030732,1.0986328125e-09,0.50000336568627,0.087475368219251,0.087477895943277
3.8815917968747e-06,1.0744298026551,1.0986328125e-09,0.50000336663922,0.087475364331612,0.087477892771274
3.8826904296872e-06,1.0744298025053,1.0986328125e-09,0.50000336759217,0.087475360443974,0.087477889599271
3.8837890624997e-06,1.0744298020883,1.0986328125e-09,0.50000336854512,0.087475356556335,0.087477886427267
3.8848876953122e-06,1.0744298019399,1.0986328125e-09,0.50000336949806,0.087475352668697,0.087477883255264
3.8859863281247e-06,1.0744298015241,1.0986328125e-09,0.50000337045101,0.087475348781058,0.08747788008326
3.8870849609372e-06,1.0744298013771,1.0986328125e-09,0.50000337140395,0.08747534489342,0.087477876911257
3.8881835937497e-06,1.0744298009624,1.0986328125e-09,0.5000033723569,0.087475341005782,0.087477873739254
3.8892822265622e-06,1.0744298008167,1.0986328125e-09,0.50000337330985,0.087475337118143,0.087477870567251
3.8903808593747e-06,1.0744298004032,1.0986328125e-09,0.50000337426279,0.087475333230505,0.087477867395247
3.8914794921872e-06,1.0744298002589,1.0986328125e-09,0.50000337521574,0.087475329342867,0.087477864223244
3.8925781249997e-06,1.0744297998465,1.0986328125e-09,0.50000337616868,0.087475325455228,0.087477861051241
3.8936767578122e-06,1.0744297997035,1.0986328125e-09,0.50000337712162,0.08747532156759,0.087477857879238
3.8947753906247e-06,1.0744297992924,1.0986328125e-09,0.50000337807457,0.087475317679952,0.087477854707235
3.8958740234372e-06,1.0744297991507,1.0986328125e-09,0.50000337902751,0.087475313792314,0.087477851535232
3.8969726562497e-06,1.0744297987407,1.0986328125e-09,0.50000337998045,0.087475309904676,0.087477848363228
3.8980712890622e-06,1.0744297986004,1.0986328125e-09,0.5000033809334,0.087475306017038,0.087477845191225
3.8991699218747e-06,1.0744297981915,1.0986328125e-09,0.50000338188634,0.087475302129399,0.087477842019222
3.9002685546872e-06,1.0744297980526,1.0986328125e-09,0.50000338283928,0.087475298241761,0.087477838847219
3.9013671874997e-06,1.0744297976449,1.0986328125e-09,0.50000338379222,0.087475294354123,0.087477835675216
3.9024658203122e-06,1.0744297975073,1.0986328125e-09,0.50000338474517,0.087475290466485,0.087477832503213
3.9035644531247e-06,1.0744297971007,1.0986328125e-09,0.50000338569811,0.087475286578847,0.087477829331211
3.9046630859372e-06,1.0744297969645,1.0986328125e-09,0.50000338665105,0.087475282691209,0.087477826159208
3.9057617187497e-06,1.0744297965591,1.0986328125e-09,0.50000338760399,0.087475278803571,0.087477822987205
3.9068603515622e-06,1.0744297964242,1.0986328125e-09,0.50000338855693,0.087475274915933,0.087477819815202
3.9079589843747e-06,1.07442979602,1.0986328125e-09,0.50000338950987,0.087475271028296,0.087477816643199
3.9090576171872e-06,1.0744297958865,1.0986328125e-09,0.50000339046281,0.087475267140658,0.087477813471196
3.9101562499997e-06,1.0744297954834,1.0986328125e-09,0.50000339141575,0.08747526325302,0.087477810299193
3.9112548828122e-06,1.0744297953512,1.0986328125e-09,0.50000339236869,0.087475259365382,0.087477807127191
3.9123535156247e-06,1.0744297949493,1.0986328125e-09,0.50000339332162,0.087475255477744,0.087477803955188
3.9134521484372e-06,1.0744297948185,1.0986328125e-09,0.50000339427456,0.087475251590107,0.087477800783185
3.9145507812497e-06,1.0744297944177,1.0986328125e-09,0.5000033952275,0.087475247702469,0.087477797611183
3.9156494140622e-06,1.0744297942882,1.0986328125e-09,0.50000339618044,0.087475243814831,0.08747779443918
3.9167480468747e-06,1.0744297938886,1.0986328125e-09,0.50000339713338,0.087475239927193,0.087477791267177
3.9178466796872e-06,1.0744297937605,1.0986328125e-09,0.50000339808631,0.087475236039556,0.087477788095175
3.9189453124997e-06,1.074429793362,1.0986328125e-09,0.50000339903925,0.087475232151918,0.087477784923172
3.9200439453122e-06,1.0744297932353,1.0986328125e-09,0.50000339999219,0.087475228264281,0.087477781751169
3.9211425781247e-06,1.0744297928379,1.0986328125e-09,0.50000340094512,0.087475224376643,0.087477778579167
3.9222412109372e-06,1.0744297927126,1.0986328125e-09,0.50000340189806,0.087475220489005,0.087477775407164
3.9233398437497e-06,1.0744297923164,1.0986328125e-09,0.50000340285099,0.087475216601368,0.087477772235162
3.9244384765622e-06,1.0744297921924,1.0986328125e-09,0.50000340380393,0.08747521271373,0.087477769063159
3.9255371093747e-06,1.0744297917973,1.0986328125e-09,0.50000340475686,0.087475208826093,0.087477765891157
3.9266357421872e-06,1.0744297916747,1.0986328125e-09,0.5000034057098,0.087475204938456,0.087477762719155
3.9277343749997e-06,1.0744297912808,1.0986328125e-09,0.50000340666273,0.087475201050818,0.087477759547152
3.9288330078122e-06,1.0744297911595,1.0986328125e-09,0.50000340761567,0.087475197163181,0.08747775637515
3.9299316406247e-06,1.0744297907668,1.0986328125e-09,0.5000034085686,0.087475193275543,0.087477753203147
3.9310302734372e-06,1.0744297906468,1.0986328125e-09,0.50000340952153,0.087475189387906,0.087477750031145
3.9321289062497e-06,1.0744297902553,1.0986328125e-09,0.50000341047446,0.087475185500269,0.087477746859143
3.9332275390622e-06,1.0744297901367,1.0986328125e-09,0.5000034114274,0.087475181612631,0.087477743687141
3.9343261718747e-06,1.0744297897462,1.0986328125e-09,0.50000341238033,0.087475177724994,0.087477740515138
3.9354248046872e-06,1.074429789629,1.0986328125e-09,0.50000341333326,0.087475173837357,0.087477737343136
3.9365234374997e-06,1.0744297892397,1.0986328125e-09,0.50000341428619,0.08747516994972,0.087477734171134
3.9376220703122e-06,1.0744297891239,1.0986328125e-09,0.50000341523912,0.087475166062083,0.087477730999132
3.9387207031247e-06,1.0744297887358,1.0986328125e-09,0.50000341619206,0.087475162174445,0.08747772782713
3.9398193359372e-06,1.0744297886212,1.0986328125e-09,0.50000341714499,0.087475158286808,0.087477724655128
3.9409179687497e-06,1.0744297882343,1.0986328125e-09,0.50000341809792,0.087475154399171,0.087477721483126
3.9420166015622e-06,1.0744297881211,1.0986328125e-09,0.50000341905085,0.087475150511534,0.087477718311123
3.9431152343747e-06,1.0744297877353,1.0986328125e-09,0.50000342000378,0.087475146623897,0.087477715139121
3.9442138671872e-06,1.0744297876235,1.0986328125e-09,0.5000034209567,0.08747514273626,0.087477711967119
3.9453124999997e-06,1.0744297872388,1.0986328125e-09,0.50000342190963,0.087475138848623,0.087477708795117
3.9464111328122e-06,1.0744297871284,1.0986328125e-09,0.50000342286256,0.087475134960986,0.087477705623115
3.9475097656247e-06,1.0744297867449,1.0986328125e-09,0.50000342381549,0.087475131073349,0.087477702451114
3.9486083984372e-06,1.0744297866358,1.0986328125e-09,0.50000342476842,0.087475127185712,0.087477699279112
3.9497070312497e-06,1.0744297862534,1.0986328125e-09,0.50000342572135,0.087475123298075,0.08747769610711
3.9508056640622e-06,1.0744297861457,1.0986328125e-09,0.50000342667427,0.087475119410439,0.087477692935108
3.9519042968747e-06,1.0744297857645,1.0986328125e-09,0.5000034276272,0.087475115522802,0.087477689763106
3.9530029296872e-06,1.0744297856581,1.0986328125e-09,0.50000342858013,0.087475111635165,0.087477686591104
3.9541015624997e-06,1.0744297852781,1.0986328125e-09,0.50000342953305,0.087475107747528,0.087477683419102
3.9552001953122e-06,1.074429785173,1.0986328125e-09,0.50000343048598,0.087475103859891,0.087477680247101
3.9562988281247e-06,1.0744297847942,1.0986328125e-09,0.50000343143891,0.087475099972255,0.087477677075099
3.9573974609372e-06,1.0744297846905,1.0986328125e-09,0.50000343239183,0.087475096084618,0.087477673903097
3.9584960937497e-06,1.0744297843128,1.0986328125e-09,0.50000343334476,0.087475092196981,0.087477670731095
3.9595947265622e-06,1.0744297842104,1.0986328125e-09,0.50000343429768,0.087475088309345,0.087477667559094
3.9606933593747e-06,1.0744297838339,1.0986328125e-09,0.50000343525061,0.087475084421708,0.087477664387092
3.9617919921872e-06,1.0744297837329,1.0986328125e-09,0.50000343620353,0.087475080534072,0.087477661215091
3.9628906249998e-06,1.0744297833575,1.0986328125e-09,0.50000343715645,0.087475076646435,0.087477658043089
3.9639892578123e-06,1.0744297832578,1.0986328125e-09,0.50000343810938,0.087475072758798,0.087477654871087
3.9650878906248e-06,1.0744297828836,1.0986328125e-09,0.5000034390623,0.087475068871162,0.087477651699086
3.9661865234373e-06,1.0744297827853,1.0986328125e-09,0.50000344001522,0.087475064983525,0.087477648527084
3.9672851562498e-06,1.0744297824122,1.0986328125e-09,0.50000344096814,0.087475061095889,0.087477645355083
3.9683837890623e-06,1.0744297823153,1.0986328125e-09,0.50000344192107,0.087475057208253,0.087477642183081
3.9694824218748e-06,1.0744297819434,1.0986328125e-09,0.50000344287399,0.087475053320616,0.08747763901108
3.9705810546873e-06,1.0744297818478,1.0986328125e-09,0.50000344382691,0.08747504943298,0.087477635839079
3.9716796874998e-06,1.074429781477,1.0986328125e-09,0.50000344477983,0.087475045545343,0.087477632667077
3.9727783203123e-06,1.0744297813828,1.0986328125e-09,0.50000344573275,0.087475041657707,0.087477629495076
3.9738769531248e-06,1.0744297810132,1.0986328125e-09,0.50000344668567,0.087475037770071,0.087477626323074
3.9749755859373e-06,1.0744297809203,1.0986328125e-09,0.50000344763859,0.087475033882435,0.087477623151073
3.9760742187498e-06,1.0744297805518,1.0986328125e-09,0.50000344859151,0.087475029994798,0.087477619979072
3.9771728515623e-06,1.0744297804603,1.0986328125e-09,0.50000344954443,0.087475026107162,0.087477616807071
3.9782714843748e-06,1.074429780093,1.0986328125e-09,0.50000345049735,0.087475022219526,0.087477613635069
3.9793701171873e-06,1.0744297800029,1.0986328125e-09,0.50000345145027,0.08747501833189,0.087477610463068
3.9804687499998e-06,1.0744297796367,1.0986328125e-09,0.50000345240319,0.087475014444254,0.087477607291067
3.9815673828123e-06,1.0744297795479,1.0986328125e-09,0.50000345335611,0.087475010556617,0.087477604119066
3.9826660156248e-06,1.0744297791829,1.0986328125e-09,0.50000345430903,0.087475006668981,0.087477600947065
3.9837646484373e-06,1.0744297790955,1.0986328125e-09,0.50000345526194,0.087475002781345,0.087477597775064
3.9848632812498e-06,1.0744297787316,1.0986328125e-09,0.50000345621486,0.087474998893709,0.087477594603062
3.9859619140623e-06,1.0744297786455,1.0986328125e-09,0.50000345716778,0.087474995006073,0.087477591431061
3.9870605468748e-06,1.0744297782828,1.0986328125e-09,0.5000034581207,0.087474991118437,0.08747758825906
3.9881591796873e-06,1.0744297781981,1.0986328125e-09,0.50000345907361,0.087474987230801,0.087477585087059
3.9892578124998e-06,1.0744297778366,1.0986328125e-09,0.50000346002653,0.087474983343165,0.087477581915058
3.9903564453123e-06,1.0744297777532,1.0986328125e-09,0.50000346097944,0.08747497945553,0.087477578743057
3.9914550781248e-06,1.0744297773928,1.0986328125e-09,0.50000346193236,0.087474975567894,0.087477575571056
3.9925537109373e-06,1.0744297773108,1.0986328125e-09,0.50000346288527,0.087474971680258,0.087477572399056
3.9936523437498e-06,1.0744297769515,1.0986328125e-09,0.50000346383819,0.087474967792622,0.087477569227055
3.9947509765623e-06,1.0744297768709,1.0986328125e-09,0.5000034647911,0.087474963904986,0.087477566055054
3.9958496093748e-06,1.0744297765128,1.0986328125e-09,0.50000346574402,0.08747496001735,0.087477562883053
3.9969482421873e-06,1.0744297764335,1.0986328125e-09,0.50000346669693,0.087474956129715,0.087477559711052
3.9980468749998e-06,1.0744297760765,1.0986328125e-09,0.50000346764984,0.087474952242079,0.087477556539051
3.9991455078123e-06,1.0744297759986,1.0986328125e-09,0.50000346860276,0.087474948354443,0.087477553367051
4.0002441406248e-06,1.0744297756428,1.0986328125e-09,0.50000346955567,0.087474944466808,0.08747755019505
4.0013427734373e-06,1.0744297755662,1.0986328125e-09,0.50000347050858,0.087474940579172,0.087477547023049
4.0024414062498e-06,1.0744297752116,1.0986328125e-09,0.5000034714615,0.087474936691536,0.087477543851048
4.0035400390623e-06,1.0744297751364,1.0986328125e-09,0.50000347241441,0.087474932803901,0.087477540679048
4.0046386718748e-06,1.0744297747829,1.0986328125e-09,0.50000347336732,0.087474928916265,0.087477537507047
4.0057373046873e-06,1.074429774709,1.0986328125e-09,0.50000347432023,0.08747492502863,0.087477534335047
4.0068359374998e-06,1.0744297743567,1.0986328125e-09,0.50000347527314,0.087474921140994,0.087477531163046
4.0079345703123e-06,1.0744297742842,1.0986328125e-09,0.50000347622605,0.087474917253359,0.087477527991045
4.0090332031248e-06,1.074429773933,1.0986328125e-09,0.50000347717896,0.087474913365723,0.087477524819045
4.0101318359373e-06,1.0744297738618,1.0986328125e-09,0.50000347813187,0.087474909478088,0.087477521647044
4.0112304687498e-06,1.0744297735118,1.0986328125e-09,0.50000347908478,0.087474905590452,0.087477518475044
4.0123291015623e-06,1.074429773442,1.0986328125e-09,0.50000348003769,0.087474901702817,0.087477515303043
4.0134277343748e-06,1.0744297730932,1.0986328125e-09,0.5000034809906,0.087474897815182,0.087477512131043
4.0145263671873e-06,1.0744297730247,1.0986328125e-09,0.50000348194351,0.087474893927546,0.087477508959042
4.0156249999998e-06,1.074429772677,1.0986328125e-09,0.50000348289642,0.087474890039911,0.087477505787042
4.0167236328123e-06,1.0744297726099,1.0986328125e-09,0.50000348384932,0.087474886152276,0.087477502615042
4.0178222656248e-06,1.0744297722633,1.0986328125e-09,0.50000348480223,0.087474882264641,0.087477499443041
4.0189208984373e-06,1.0744297721976,1.0986328125e-09,0.50000348575514,0.087474878377005,0.087477496271041
4.0200195312498e-06,1.0744297718522,1.0986328125e-09,0.50000348670805,0.08747487448937,0.087477493099041
4.0211181640623e-06,1.0744297717878,1.0986328125e-09,0.50000348766095,0.087474870601735,0.087477489927041
4.0222167968748e-06,1.0744297714436,1.0986328125e-09,0.50000348861386,0.0874748667141,0.08747748675504
4.0233154296873e-06,1.0744297713805,1.0986328125e-09,0.50000348956677,0.087474862826465,0.08747748358304
4.0244140624998e-06,1.0744297710374,1.0986328125e-09,0.50000349051967,0.08747485893883,0.08747748041104
4.0255126953123e-06,1.0744297709758,1.0986328125e-09,0.50000349147258,0.087474855051195,0.08747747723904
4.0266113281248e-06,1.0744297706338,1.0986328125e-09,0.50000349242548,0.08747485116356,0.08747747406704
4.0277099609373e-06,1.0744297705735,1.0986328125e-09,0.50000349337839,0.087474847275925,0.087477470895039
4.0288085937498e-06,1.0744297702327,1.0986328125e-09,0.50000349433129,0.08747484338829,0.087477467723039
4.0299072265623e-06,1.0744297701738,1.0986328125e-09,0.50000349528419,0.087474839500655,0.087477464551039
4.0310058593748e-06,1.0744297698341,1.0986328125e-09,0.5000034962371,0.08747483561302,0.087477461379039
4.0321044921873e-06,1.0744297697765,1.0986328125e-09,0.50000349719,0.087474831725385,0.087477458207039
4.0332031249998e-06,1.0744297694381,1.0986328125e-09,0.50000349814291,0.08747482783775,0.087477455035039
4.0343017578123e-06,1.0744297693818,1.0986328125e-09,0.50000349909581,0.087474823950115,0.087477451863039
4.0354003906248e-06,1.0744297690445,1.0986328125e-09,0.50000350004871,0.087474820062481,0.087477448691039
4.0364990234373e-06,1.0744297689896,1.0986328125e-09,0.50000350100161,0.087474816174846,0.087477445519039
4.0375976562498e-06,1.0744297686534,1.0986328125e-09,0.50000350195451,0.087474812287211,0.08747744234704
4.0386962890623e-06,1.0744297685999,1.0986328125e-09,0.50000350290742,0.087474808399576,0.08747743917504
4.0397949218748e-06,1.0744297682649,1.0986328125e-09,0.50000350386032,0.087474804511942,0.08747743600304
4.0408935546873e-06,1.0744297682127,1.0986328125e-09,0.50000350481322,0.087474800624307,0.08747743283104
4.0419921874998e-06,1.0744297678788,1.0986328125e-09,0.50000350576612,0.087474796736672,0.08747742965904
4.0430908203123e-06,1.074429767828,1.0986328125e-09,0.50000350671902,0.087474792849038,0.08747742648704
4.0441894531248e-06,1.0744297674953,1.0986328125e-09,0.50000350767192,0.087474788961403,0.087477423315041
4.0452880859373e-06,1.0744297674458,1.0986328125e-09,0.50000350862482,0.087474785073768,0.087477420143041
4.0463867187498e-06,1.0744297671142,1.0986328125e-09,0.50000350957772,0.087474781186134,0.087477416971041
4.0474853515623e-06,1.0744297670661,1.0986328125e-09,0.50000351053062,0.087474777298499,0.087477413799042
4.0485839843748e-06,1.0744297667357,1.0986328125e-09,0.50000351148352,0.087474773410865,0.087477410627042
4.0496826171873e-06,1.074429766689,1.0986328125e-09,0.50000351243641,0.08747476952323,0.087477407455042
4.0507812499998e-06,1.0744297663597,1.0986328125e-09,0.50000351338931,0.087474765635596,0.087477404283043
4.0518798828123e-06,1.0744297663143,1.0986328125e-09,0.50000351434221,0.087474761747961,0.087477401111043
4.0529785156248e-06,1.0744297659862,1.0986328125e-09,0.50000351529511,0.087474757860327,0.087477397939044
4.0540771484373e-06,1.0744297659422,1.0986328125e-09,0.500003516248,0.087474753972693,0.087477394767044
4.0551757812498e-06,1.0744297656152,1.0986328125e-09,0.5000035172009,0.087474750085058,0.087477391595045
4.0562744140623e-06,1.0744297655725,1.0986328125e-09,0.5000035181538,0.087474746197424,0.087477388423045
4.0573730468748e-06,1.0744297652468,1.0986328125e-09,0.50000351910669,0.08747474230979,0.087477385251046
4.0584716796873e-06,1.0744297652054,1.0986328125e-09,0.50000352005959,0.087474738422156,0.087477382079046
4.0595703124998e-06,1.0744297648808,1.0986328125e-09,0.50000352101248,0.087474734534521,0.087477378907047
4.0606689453123e-06,1.0744297648408,1.0986328125e-09,0.50000352196538,0.087474730646887,0.087477375735048
4.0617675781248e-06,1.0744297645173,1.0986328125e-09,0.50000352291827,0.087474726759253,0.087477372563048
4.0628662109373e-06,1.0744297644787,1.0986328125e-09,0.50000352387117,0.087474722871619,0.087477369391049
4.0639648437498e-06,1.0744297641564,1.0986328125e-09,0.50000352482406,0.087474718983985,0.08747736621905
4.0650634765623e-06,1.0744297641191,1.0986328125e-09,0.50000352577696,0.087474715096351,0.08747736304705
4.0661621093748e-06,1.0744297637979,1.0986328125e-09,0.50000352672985,0.087474711208717,0.087477359875051
4.0672607421873e-06,1.074429763762,1.0986328125e-09,0.50000352768274,0.087474707321082,0.087477356703052
4.0683593749998e-06,1.074429763442,1.0986328125e-09,0.50000352863564,0.087474703433448,0.087477353531053
4.0694580078123e-06,1.0744297634074,1.0986328125e-09,0.50000352958853,0.087474699545814,0.087477350359054
4.0705566406248e-06,1.0744297630886,1.0986328125e-09,0.50000353054142,0.087474695658181,0.087477347187054
4.0716552734373e-06,1.0744297630554,1.0986328125e-09,0.50000353149431,0.087474691770547,0.087477344015055
4.0727539062498e-06,1.0744297627377,1.0986328125e-09,0.5000035324472,0.087474687882913,0.087477340843056
4.0738525390623e-06,1.0744297627058,1.0986328125e-09,0.5000035334001,0.087474683995279,0.087477337671057
4.0749511718748e-06,1.0744297623893,1.0986328125e-09,0.50000353435299,0.087474680107645,0.087477334499058
4.0760498046873e-06,1.0744297623588,1.0986328125e-09,0.50000353530588,0.087474676220011,0.087477331327059
4.0771484374998e-06,1.0744297620434,1.0986328125e-09,0.50000353625877,0.087474672332377,0.08747732815506
4.0782470703123e-06,1.0744297620142,1.0986328125e-09,0.50000353721166,0.087474668444743,0.087477324983061
4.0793457031248e-06,1.0744297617,1.0986328125e-09,0.50000353816455,0.08747466455711,0.087477321811062
4.0804443359373e-06,1.0744297616722,1.0986328125e-09,0.50000353911744,0.087474660669476,0.087477318639063
4.0815429687498e-06,1.0744297613591,1.0986328125e-09,0.50000354007032,0.087474656781842,0.087477315467064
4.0826416015623e-06,1.0744297613327,1.0986328125e-09,0.50000354102321,0.087474652894209,0.087477312295065
4.0837402343748e-06,1.0744297610208,1.0986328125e-09,0.5000035419761,0.087474649006575,0.087477309123067
4.0848388671873e-06,1.0744297609957,1.0986328125e-09,0.50000354292899,0.087474645118941,0.087477305951068
4.0859374999998e-06,1.0744297606849,1.0986328125e-09,0.50000354388188,0.087474641231308,0.087477302779069
4.0870361328123e-06,1.0744297606612,1.0986328125e-09,0.50000354483476,0.087474637343674,0.08747729960707
4.0881347656248e-06,1.0744297603516,1.0986328125e-09,0.50000354578765,0.087474633456041,0.087477296435071
4.0892333984373e-06,1.0744297603292,1.0986328125e-09,0.50000354674054,0.087474629568407,0.087477293263073
4.0903320312498e-06,1.0744297600207,1.0986328125e-09,0.50000354769342,0.087474625680774,0.087477290091074
4.0914306640623e-06,1.0744297599997,1.0986328125e-09,0.50000354864631,0.08747462179314,0.087477286919075
4.0925292968748e-06,1.0744297596924,1.0986328125e-09,0.5000035495992,0.087474617905507,0.087477283747077
4.0936279296873e-06,1.0744297596727,1.0986328125e-09,0.50000355055208,0.087474614017873,0.087477280575078
4.0947265624998e-06,1.0744297593666,1.0986328125e-09,0.50000355150497,0.08747461013024,0.08747727740308
4.0958251953123e-06,1.0744297593483,1.0986328125e-09,0.50000355245785,0.087474606242607,0.087477274231081
4.0969238281248e-06,1.0744297590433,1.0986328125e-09,0.50000355341074,0.087474602354973,0.087477271059082
4.0980224609373e-06,1.0744297590263,1.0986328125e-09,0.50000355436362,0.08747459846734,0.087477267887084
4.0991210937498e-06,1.0744297587225,1.0986328125e-09,0.5000035553165,0.087474594579707,0.087477264715085
4.1002197265623e-06,1.0744297587069,1.0986328125e-09,0.50000355626939,0.087474590692074,0.087477261543087
4.1013183593748e-06,1.0744297584042,1.0986328125e-09,0.50000355722227,0.08747458680444,0.087477258371088
4.1024169921873e-06,1.07442975839,1.0986328125e-09,0.50000355817515,0.087474582916807,0.08747725519909
4.1035156249998e-06,1.0744297580884,1.0986328125e-09,0.50000355912804,0.087474579029174,0.087477252027092
4.1046142578123e-06,1.0744297580755,1.0986328125e-09,0.50000356008092,0.087474575141541,0.087477248855093
4.1057128906248e-06,1.0744297577752,1.0986328125e-09,0.5000035610338,0.087474571253908,0.087477245683095
4.1068115234373e-06,1.0744297577636,1.0986328125e-09,0.50000356198668,0.087474567366275,0.087477242511097
4.1079101562498e-06,1.0744297574644,1.0986328125e-09,0.50000356293956,0.087474563478642,0.087477239339098
4.1090087890623e-06,1.0744297574542,1.0986328125e-09,0.50000356389244,0.087474559591008,0.0874772361671
4.1101074218748e-06,1.0744297571562,1.0986328125e-09,0.50000356484532,0.087474555703375,0.087477232995102
4.1112060546873e-06,1.0744297571473,1.0986328125e-09,0.5000035657982,0.087474551815742,0.087477229823104
4.1123046874998e-06,1.0744297568504,1.0986328125e-09,0.50000356675108,0.08747454792811,0.087477226651105
4.1134033203123e-06,1.074429756843,1.0986328125e-09,0.50000356770396,0.087474544040477,0.087477223479107
4.1145019531248e-06,1.0744297565472,1.0986328125e-09,0.50000356865684,0.087474540152844,0.087477220307109
4.1156005859373e-06,1.0744297565411,1.0986328125e-09,0.50000356960972,0.087474536265211,0.087477217135111
4.1166992187498e-06,1.0744297562465,1.0986328125e-09,0.5000035705626,0.087474532377578,0.087477213963113
4.1177978515623e-06,1.0744297562417,1.0986328125e-09,0.50000357151548,0.087474528489945,0.087477210791115
4.1188964843748e-06,1.0744297559483,1.0986328125e-09,0.50000357246836,0.087474524602312,0.087477207619117
4.1199951171873e-06,1.0744297559449,1.0986328125e-09,0.50000357342123,0.08747452071468,0.087477204447119
4.1210937499998e-06,1.0744297556526,1.0986328125e-09,0.50000357437411,0.087474516827047,0.087477201275121
4.1221923828123e-06,1.0744297556505,1.0986328125e-09,0.50000357532699,0.087474512939414,0.087477198103123
4.1232910156248e-06,1.0744297553594,1.0986328125e-09,0.50000357627986,0.087474509051781,0.087477194931125
4.1243896484373e-06,1.0744297553587,1.0986328125e-09,0.50000357723274,0.087474505164149,0.087477191759127
4.1254882812498e-06,1.0744297550687,1.0986328125e-09,0.50000357818562,0.087474501276516,0.087477188587129
4.1265869140623e-06,1.0744297550694,1.0986328125e-09,0.50000357913849,0.087474497388883,0.087477185415131
4.1276855468748e-06,1.0744297547805,1.0986328125e-09,0.50000358009137,0.087474493501251,0.087477182243133
4.1287841796873e-06,1.0744297547826,1.0986328125e-09,0.50000358104424,0.087474489613618,0.087477179071135
4.1298828124998e-06,1.0744297544949,1.0986328125e-09,0.50000358199712,0.087474485725986,0.087477175899138
4.1309814453123e-06,1.0744297544983,1.0986328125e-09,0.50000358294999,0.087474481838353,0.08747717272714
4.1320800781248e-06,1.0744297542117,1.0986328125e-09,0.50000358390287,0.087474477950721,0.087477169555142
4.1331787109373e-06,1.0744297542165,1.0986328125e-09,0.50000358485574,0.087474474063088,0.087477166383144
4.1342773437498e-06,1.0744297539311,1.0986328125e-09,0.50000358580861,0.087474470175456,0.087477163211147
4.1353759765623e-06,1.0744297539372,1.0986328125e-09,0.50000358676149,0.087474466287824,0.087477160039149
4.1364746093748e-06,1.074429753653,1.0986328125e-09,0.50000358771436,0.087474462400191,0.087477156867151
4.1375732421873e-06,1.0744297536604,1.0986328125e-09,0.50000358866723,0.087474458512559,0.087477153695154
4.1386718749998e-06,1.0744297533773,1.0986328125e-09,0.5000035896201,0.087474454624926,0.087477150523156
4.1397705078123e-06,1.0744297533861,1.0986328125e-09,0.50000359057298,0.087474450737294,0.087477147351159
4.1408691406248e-06,1.0744297531042,1.0986328125e-09,0.50000359152585,0.087474446849662,0.087477144179161
4.1419677734373e-06,1.0744297531144,1.0986328125e-09,0.50000359247872,0.08747444296203,0.087477141007164
4.1430664062498e-06,1.0744297528336,1.0986328125e-09,0.50000359343159,0.087474439074398,0.087477137835166
4.1441650390623e-06,1.0744297528451,1.0986328125e-09,0.50000359438446,0.087474435186765,0.087477134663169
4.1452636718748e-06,1.0744297525655,1.0986328125e-09,0.50000359533733,0.087474431299133,0.087477131491171
4.1463623046873e-06,1.0744297525784,1.0986328125e-09,0.5000035962902,0.087474427411501,0.087477128319174
4.1474609374998e-06,1.0744297523,1.0986328125e-09,0.50000359724307,0.087474423523869,0.087477125147176
4.1485595703123e-06,1.0744297523142,1.0986328125e-09,0.50000359819594,0.087474419636237,0.087477121975179
4.1496582031248e-06,1.0744297520369,1.0986328125e-09,0.50000359914881,0.087474415748605,0.087477118803182
4.1507568359373e-06,1.0744297520525,1.0986328125e-09,0.50000360010168,0.087474411860973,0.087477115631184
4.1518554687498e-06,1.0744297517763,1.0986328125e-09,0.50000360105454,0.087474407973341,0.087477112459187
4.1529541015623e-06,1.0744297517933,1.0986328125e-09,0.50000360200741,0.087474404085709,0.08747710928719
4.1540527343748e-06,1.0744297515183,1.0986328125e-09,0.50000360296028,0.087474400198077,0.087477106115193
4.1551513671873e-06,1.0744297515366,1.0986328125e-09,0.50000360391315,0.087474396310445,0.087477102943195
4.1562499999998e-06,1.0744297512627,1.0986328125e-09,0.50000360486601,0.087474392422813,0.087477099771198
4.1573486328123e-06,1.0744297512824,1.0986328125e-09,0.50000360581888,0.087474388535181,0.087477096599201
4.1584472656248e-06,1.0744297510097,1.0986328125e-09,0.50000360677175,0.087474384647549,0.087477093427204
4.1595458984373e-06,1.0744297510307,1.0986328125e-09,0.50000360772461,0.087474380759917,0.087477090255207
4.1606445312498e-06,1.0744297507592,1.0986328125e-09,0.50000360867748,0.087474376872286,0.08747708708321
4.1617431640623e-06,1.0744297507815,1.0986328125e-09,0.50000360963034,0.087474372984654,0.087477083911212
4.1628417968748e-06,1.0744297505112,1.0986328125e-09,0.50000361058321,0.087474369097022,0.087477080739215
4.1639404296873e-06,1.0744297505349,1.0986328125e-09,0.50000361153607,0.08747436520939,0.087477077567218
4.1650390624998e-06,1.0744297502657,1.0986328125e-09,0.50000361248894,0.087474361321759,0.087477074395221
4.1661376953123e-06,1.0744297502907,1.0986328125e-09,0.5000036134418,0.087474357434127,0.087477071223224
4.1672363281248e-06,1.0744297500227,1.0986328125e-09,0.50000361439467,0.087474353546495,0.087477068051227
4.1683349609373e-06,1.0744297500491,1.0986328125e-09,0.50000361534753,0.087474349658864,0.087477064879231
4.1694335937498e-06,1.0744297497822,1.0986328125e-09,0.50000361630039,0.087474345771232,0.087477061707234
4.1705322265623e-06,1.07442974981,1.0986328125e-09,0.50000361725326,0.087474341883601,0.087477058535237
4.1716308593748e-06,1.0744297495442,1.0986328125e-09,0.50000361820612,0.087474337995969,0.08747705536324
4.1727294921873e-06,1.0744297495734,1.0986328125e-09,0.50000361915898,0.087474334108338,0.087477052191243
4.1738281249998e-06,1.0744297493088,1.0986328125e-09,0.50000362011184,0.087474330220706,0.087477049019246
4.1749267578123e-06,1.0744297493393,1.0986328125e-09,0.5000036210647,0.087474326333075,0.08747704584725
4.1760253906248e-06,1.0744297490758,1.0986328125e-09,0.50000362201756,0.087474322445443,0.087477042675253
4.1771240234373e-06,1.0744297491077,1.0986328125e-09,0.50000362297043,0.087474318557812,0.087477039503256
4.1782226562498e-06,1.0744297488454,1.0986328125e-09,0.50000362392329,0.087474314670181,0.087477036331259
4.1793212890623e-06,1.0744297488786,1.0986328125e-09,0.50000362487615,0.087474310782549,0.087477033159263
4.1804199218748e-06,1.0744297486174,1.0986328125e-09,0.50000362582901,0.087474306894918,0.087477029987266
4.1815185546873e-06,1.074429748652,1.0986328125e-09,0.50000362678187,0.087474303007287,0.087477026815269
4.1826171874998e-06,1.074429748392,1.0986328125e-09,0.50000362773473,0.087474299119655,0.087477023643273
4.1837158203123e-06,1.0744297484279,1.0986328125e-09,0.50000362868758,0.087474295232024,0.087477020471276
4.1848144531248e-06,1.0744297481691,1.0986328125e-09,0.50000362964044,0.087474291344393,0.08747701729928
4.1859130859373e-06,1.0744297482064,1.0986328125e-09,0.5000036305933,0.087474287456762,0.087477014127283
4.1870117187498e-06,1.0744297479487,1.0986328125e-09,0.50000363154616,0.087474283569131,0.087477010955287
4.1881103515623e-06,1.0744297479873,1.0986328125e-09,0.50000363249902,0.087474279681499,0.08747700778329
4.1892089843748e-06,1.0744297477308,1.0986328125e-09,0.50000363345187,0.087474275793868,0.087477004611294
4.1903076171873e-06,1.0744297477708,1.0986328125e-09,0.50000363440473,0.087474271906237,0.087477001439297
4.1914062499998e-06,1.0744297475154,1.0986328125e-09,0.50000363535759,0.087474268018606,0.087476998267301
4.1925048828123e-06,1.0744297475568,1.0986328125e-09,0.50000363631044,0.087474264130975,0.087476995095305
4.1936035156248e-06,1.0744297473026,1.0986328125e-09,0.5000036372633,0.087474260243344,0.087476991923308
4.1947021484373e-06,1.0744297473453,1.0986328125e-09,0.50000363821615,0.087474256355713,0.087476988751312
4.1958007812498e-06,1.0744297470922,1.0986328125e-09,0.50000363916901,0.087474252468082,0.087476985579316
4.1968994140623e-06,1.0744297471362,1.0986328125e-09,0.50000364012187,0.087474248580451,0.087476982407319
4.1979980468748e-06,1.0744297468844,1.0986328125e-09,0.50000364107472,0.087474244692821,0.087476979235323
4.1990966796873e-06,1.0744297469298,1.0986328125e-09,0.50000364202757,0.08747424080519,0.087476976063327
4.2001953124998e-06,1.074429746679,1.0986328125e-09,0.50000364298043,0.087474236917559,0.087476972891331
4.2012939453123e-06,1.0744297467258,1.0986328125e-09,0.50000364393328,0.087474233029928,0.087476969719335
4.2023925781248e-06,1.0744297464762,1.0986328125e-09,0.50000364488614,0.087474229142297,0.087476966547338
4.2034912109373e-06,1.0744297465243,1.0986328125e-09,0.50000364583899,0.087474225254666,0.087476963375342
4.2045898437498e-06,1.0744297462759,1.0986328125e-09,0.50000364679184,0.087474221367036,0.087476960203346
4.2056884765623e-06,1.0744297463253,1.0986328125e-09,0.50000364774469,0.087474217479405,0.08747695703135
4.2067871093748e-06,1.074429746078,1.0986328125e-09,0.50000364869755,0.087474213591774,0.087476953859354
4.2078857421873e-06,1.0744297461289,1.0986328125e-09,0.5000036496504,0.087474209704144,0.087476950687358
4.2089843749998e-06,1.0744297458827,1.0986328125e-09,0.50000365060325,0.087474205816513,0.087476947515362
4.2100830078123e-06,1.0744297459349,1.0986328125e-09,0.5000036515561,0.087474201928883,0.087476944343366
4.2111816406248e-06,1.07442974569,1.0986328125e-09,0.50000365250895,0.087474198041252,0.08747694117137
4.2122802734373e-06,1.0744297457435,1.0986328125e-09,0.5000036534618,0.087474194153621,0.087476937999374
4.2133789062498e-06,1.0744297454997,1.0986328125e-09,0.50000365441465,0.087474190265991,0.087476934827378
4.2144775390623e-06,1.0744297455546,1.0986328125e-09,0.5000036553675,0.08747418637836,0.087476931655382
4.2155761718748e-06,1.0744297453119,1.0986328125e-09,0.50000365632035,0.08747418249073,0.087476928483387
4.2166748046873e-06,1.0744297453681,1.0986328125e-09,0.5000036572732,0.087474178603099,0.087476925311391
4.2177734374998e-06,1.0744297451266,1.0986328125e-09,0.50000365822605,0.087474174715469,0.087476922139395
4.2188720703123e-06,1.0744297451842,1.0986328125e-09,0.5000036591789,0.087474170827839,0.087476918967399
4.2199707031248e-06,1.0744297449439,1.0986328125e-09,0.50000366013175,0.087474166940208,0.087476915795403
4.2210693359373e-06,1.0744297450028,1.0986328125e-09,0.50000366108459,0.087474163052578,0.087476912623408
4.2221679687498e-06,1.0744297447636,1.0986328125e-09,0.50000366203744,0.087474159164948,0.087476909451412
4.2232666015623e-06,1.074429744824,1.0986328125e-09,0.50000366299029,0.087474155277317,0.087476906279416
4.2243652343748e-06,1.0744297445859,1.0986328125e-09,0.50000366394313,0.087474151389687,0.087476903107421
4.2254638671873e-06,1.0744297446476,1.0986328125e-09,0.50000366489598,0.087474147502057,0.087476899935425
4.2265624999998e-06,1.0744297444107,1.0986328125e-09,0.50000366584883,0.087474143614427,0.087476896763429
4.2276611328123e-06,1.0744297444737,1.0986328125e-09,0.50000366680167,0.087474139726797,0.087476893591434
4.2287597656248e-06,1.074429744238,1.0986328125e-09,0.50000366775452,0.087474135839166,0.087476890419438
4.2298583984373e-06,1.0744297443024,1.0986328125e-09,0.50000366870736,0.087474131951536,0.087476887247443
4.2309570312498e-06,1.0744297440678,1.0986328125e-09,0.50000366966021,0.087474128063906,0.087476884075447
4.2320556640623e-06,1.0744297441335,1.0986328125e-09,0.50000367061305,0.087474124176276,0.087476880903452
4.2331542968748e-06,1.0744297439001,1.0986328125e-09,0.5000036715659,0.087474120288646,0.087476877731456
4.2342529296873e-06,1.0744297439672,1.0986328125e-09,0.50000367251874,0.087474116401016,0.087476874559461
4.2353515624998e-06,1.0744297437349,1.0986328125e-09,0.50000367347159,0.087474112513386,0.087476871387466
4.2364501953123e-06,1.0744297438034,1.0986328125e-09,0.50000367442443,0.087474108625756,0.08747686821547
4.2375488281248e-06,1.0744297435722,1.0986328125e-09,0.50000367537727,0.087474104738126,0.087476865043475
4.2386474609373e-06,1.074429743642,1.0986328125e-09,0.50000367633012,0.087474100850496,0.08747686187148
4.2397460937498e-06,1.0744297434121,1.0986328125e-09,0.50000367728296,0.087474096962866,0.087476858699484
4.2408447265623e-06,1.0744297434832,1.0986328125e-09,0.5000036782358,0.087474093075237,0.087476855527489
4.2419433593748e-06,1.0744297432544,1.0986328125e-09,0.50000367918864,0.087474089187607,0.087476852355494
4.2430419921873e-06,1.0744297433269,1.0986328125e-09,0.50000368014148,0.087474085299977,0.087476849183498
4.2441406249998e-06,1.0744297430993,1.0986328125e-09,0.50000368109432,0.087474081412347,0.087476846011503
4.2452392578123e-06,1.0744297431732,1.0986328125e-09,0.50000368204716,0.087474077524717,0.087476842839508
4.2463378906248e-06,1.0744297429467,1.0986328125e-09,0.50000368300001,0.087474073637088,0.087476839667513
4.2474365234373e-06,1.0744297430219,1.0986328125e-09,0.50000368395285,0.087474069749458,0.087476836495518
4.2485351562498e-06,1.0744297427965,1.0986328125e-09,0.50000368490569,0.087474065861828,0.087476833323523
4.2496337890623e-06,1.0744297428731,1.0986328125e-09,0.50000368585852,0.087474061974199,0.087476830151528
4.2507324218748e-06,1.0744297426489,1.0986328125e-09,0.50000368681136,0.087474058086569,0.087476826979533
4.2518310546873e-06,1.0744297427269,1.0986328125e-09,0.5000036877642,0.087474054198939,0.087476823807538
4.2529296874998e-06,1.0744297425038,1.0986328125e-09,0.50000368871704,0.08747405031131,0.087476820635543
4.2540283203123e-06,1.0744297425831,1.0986328125e-09,0.50000368966988,0.08747404642368,0.087476817463548
4.2551269531248e-06,1.0744297423612,1.0986328125e-09,0.50000369062272,0.087474042536051,0.087476814291553
4.2562255859373e-06,1.0744297424419,1.0986328125e-09,0.50000369157555,0.087474038648421,0.087476811119558
4.2573242187498e-06,1.0744297422212,1.0986328125e-09,0.50000369252839,0.087474034760792,0.087476807947563
4.2584228515623e-06,1.0744297423032,1.0986328125e-09,0.50000369348123,0.087474030873162,0.087476804775568
4.2595214843748e-06,1.0744297420836,1.0986328125e-09,0.50000369443407,0.087474026985533,0.087476801603573
4.2606201171873e-06,1.0744297421669,1.0986328125e-09,0.5000036953869,0.087474023097904,0.087476798431578
4.2617187499998e-06,1.0744297419485,1.0986328125e-09,0.50000369633974,0.087474019210274,0.087476795259583
4.2628173828123e-06,1.0744297420332,1.0986328125e-09,0.50000369729257,0.087474015322645,0.087476792087589
4.2639160156248e-06,1.074429741816,1.0986328125e-09,0.50000369824541,0.087474011435016,0.087476788915594
4.2650146484373e-06,1.074429741902,1.0986328125e-09,0.50000369919824,0.087474007547386,0.087476785743599
4.2661132812498e-06,1.0744297416859,1.0986328125e-09,0.50000370015108,0.087474003659757,0.087476782571605
4.2672119140623e-06,1.0744297417734,1.0986328125e-09,0.50000370110391,0.087473999772128,0.08747677939961
4.2683105468748e-06,1.0744297415584,1.0986328125e-09,0.50000370205675,0.087473995884499,0.087476776227615
4.2694091796873e-06,1.0744297416472,1.0986328125e-09,0.50000370300958,0.08747399199687,0.087476773055621
4.2705078124998e-06,1.0744297414334,1.0986328125e-09,0.50000370396241,0.08747398810924,0.087476769883626
4.2716064453123e-06,1.0744297415235,1.0986328125e-09,0.50000370491525,0.087473984221611,0.087476766711631
4.2727050781248e-06,1.0744297413109,1.0986328125e-09,0.50000370586808,0.087473980333982,0.087476763539637
4.2738037109373e-06,1.0744297414024,1.0986328125e-09,0.50000370682091,0.087473976446353,0.087476760367642
4.2749023437498e-06,1.0744297411909,1.0986328125e-09,0.50000370777374,0.087473972558724,0.087476757195648
4.2760009765623e-06,1.0744297412837,1.0986328125e-09,0.50000370872657,0.087473968671095,0.087476754023653
4.2770996093748e-06,1.0744297410734,1.0986328125e-09,0.50000370967941,0.087473964783466,0.087476750851659
4.2781982421873e-06,1.0744297411676,1.0986328125e-09,0.50000371063224,0.087473960895837,0.087476747679664
4.2792968749998e-06,1.0744297409584,1.0986328125e-09,0.50000371158507,0.087473957008208,0.08747674450767
4.2803955078123e-06,1.074429741054,1.0986328125e-09,0.5000037125379,0.087473953120579,0.087476741335676
4.2814941406248e-06,1.074429740846,1.0986328125e-09,0.50000371349073,0.08747394923295,0.087476738163681
4.2825927734373e-06,1.0744297409429,1.0986328125e-09,0.50000371444356,0.087473945345322,0.087476734991687
4.2836914062498e-06,1.074429740736,1.0986328125e-09,0.50000371539639,0.087473941457693,0.087476731819693
4.2847900390623e-06,1.0744297408343,1.0986328125e-09,0.50000371634922,0.087473937570064,0.087476728647698
4.2858886718748e-06,1.0744297406285,1.0986328125e-09,0.50000371730204,0.087473933682435,0.087476725475704
4.2869873046873e-06,1.0744297407282,1.0986328125e-09,0.50000371825487,0.087473929794806,0.08747672230371
4.2880859374998e-06,1.0744297405236,1.0986328125e-09,0.5000037192077,0.087473925907178,0.087476719131716
4.2891845703123e-06,1.0744297406246,1.0986328125e-09,0.50000372016053,0.087473922019549,0.087476715959722
4.2902832031248e-06,1.0744297404212,1.0986328125e-09,0.50000372111336,0.08747391813192,0.087476712787727
4.2913818359373e-06,1.0744297405235,1.0986328125e-09,0.50000372206618,0.087473914244292,0.087476709615733
4.2924804687498e-06,1.0744297403213,1.0986328125e-09,0.50000372301901,0.087473910356663,0.087476706443739
4.2935791015623e-06,1.074429740425,1.0986328125e-09,0.50000372397184,0.087473906469035,0.087476703271745
4.2946777343748e-06,1.0744297402239,1.0986328125e-09,0.50000372492466,0.087473902581406,0.087476700099751
4.2957763671873e-06,1.0744297403289,1.0986328125e-09,0.50000372587749,0.087473898693777,0.087476696927757
4.2968749999998e-06,1.074429740129,1.0986328125e-09,0.50000372683031,0.087473894806149,0.087476693755763
4.2979736328123e-06,1.0744297402354,1.0986328125e-09,0.50000372778314,0.08747389091852,0.087476690583769
4.2990722656248e-06,1.0744297400366,1.0986328125e-09,0.50000372873596,0.087473887030892,0.087476687411775
4.3001708984373e-06,1.0744297401443,1.0986328125e-09,0.50000372968879,0.087473883143264,0.087476684239781
4.3012695312498e-06,1.0744297399467,1.0986328125e-09,0.50000373064161,0.087473879255635,0.087476681067787
4.3023681640623e-06,1.0744297400558,1.0986328125e-09,0.50000373159444,0.087473875368007,0.087476677895793
4.3034667968748e-06,1.0744297398593,1.0986328125e-09,0.50000373254726,0.087473871480378,0.0874766747238
4.3045654296873e-06,1.0744297399698,1.0986328125e-09,0.50000373350008,0.08747386759275,0.087476671551806
4.3056640624998e-06,1.0744297397745,1.0986328125e-09,0.50000373445291,0.087473863705122,0.087476668379812
4.3067626953123e-06,1.0744297398863,1.0986328125e-09,0.50000373540573,0.087473859817494,0.087476665207818
4.3078613281248e-06,1.0744297396921,1.0986328125e-09,0.50000373635855,0.087473855929865,0.087476662035824
4.3089599609373e-06,1.0744297398053,1.0986328125e-09,0.50000373731137,0.087473852042237,0.087476658863831
4.3100585937498e-06,1.0744297396123,1.0986328125e-09,0.5000037382642,0.087473848154609,0.087476655691837
4.3111572265623e-06,1.0744297397268,1.0986328125e-09,0.50000373921702,0.087473844266981,0.087476652519843
4.3122558593748e-06,1.074429739535,1.0986328125e-09,0.50000374016984,0.087473840379353,0.08747664934785
4.3133544921873e-06,1.0744297396509,1.0986328125e-09,0.50000374112266,0.087473836491725,0.087476646175856
4.3144531249998e-06,1.0744297394602,1.0986328125e-09,0.50000374207548,0.087473832604096,0.087476643003862
4.3155517578123e-06,1.0744297395774,1.0986328125e-09,0.5000037430283,0.087473828716468,0.087476639831869
4.3166503906248e-06,1.0744297393879,1.0986328125e-09,0.50000374398112,0.08747382482884,0.087476636659875
4.3177490234373e-06,1.0744297395065,1.0986328125e-09,0.50000374493394,0.087473820941212,0.087476633487882
4.3188476562498e-06,1.0744297393181,1.0986328125e-09,0.50000374588676,0.087473817053584,0.087476630315888
4.3199462890623e-06,1.074429739438,1.0986328125e-09,0.50000374683958,0.087473813165956,0.087476627143895
4.3210449218748e-06,1.0744297392508,1.0986328125e-09,0.50000374779239,0.087473809278328,0.087476623971901
4.3221435546873e-06,1.0744297393721,1.0986328125e-09,0.50000374874521,0.087473805390701,0.087476620799908
4.3232421874998e-06,1.074429739186,1.0986328125e-09,0.50000374969803,0.087473801503073,0.087476617627915
4.3243408203123e-06,1.0744297393087,1.0986328125e-09,0.50000375065085,0.087473797615445,0.087476614455921
4.3254394531248e-06,1.0744297391238,1.0986328125e-09,0.50000375160367,0.087473793727817,0.087476611283928
4.3265380859373e-06,1.0744297392478,1.0986328125e-09,0.50000375255648,0.087473789840189,0.087476608111934
4.3276367187498e-06,1.074429739064,1.0986328125e-09,0.5000037535093,0.087473785952561,0.087476604939941
4.3287353515623e-06,1.0744297391894,1.0986328125e-09,0.50000375446211,0.087473782064934,0.087476601767948
4.3298339843748e-06,1.0744297390068,1.0986328125e-09,0.50000375541493,0.087473778177306,0.087476598595955
4.3309326171873e-06,1.0744297391335,1.0986328125e-09,0.50000375636775,0.087473774289678,0.087476595423961
4.3320312499998e-06,1.074429738952,1.0986328125e-09,0.50000375732056,0.087473770402051,0.087476592251968
4.3331298828123e-06,1.0744297390801,1.0986328125e-09,0.50000375827338,0.087473766514423,0.087476589079975
4.3342285156248e-06,1.0744297388998,1.0986328125e-09,0.50000375922619,0.087473762626795,0.087476585907982
4.3353271484373e-06,1.0744297390293,1.0986328125e-09,0.500003760179,0.087473758739168,0.087476582735989
4.3364257812498e-06,1.0744297388501,1.0986328125e-09,0.50000376113182,0.08747375485154,0.087476579563996
4.3375244140623e-06,1.0744297389809,1.0986328125e-09,0.50000376208463,0.087473750963913,0.087476576392003
4.3386230468748e-06,1.0744297388029,1.0986328125e-09,0.50000376303744,0.087473747076285,0.08747657322001
4.3397216796873e-06,1.0744297389351,1.0986328125e-09,0.50000376399026,0.087473743188658,0.087476570048017
4.3408203124998e-06,1.0744297387582,1.0986328125e-09,0.50000376494307,0.08747373930103,0.087476566876024
4.3419189453123e-06,1.0744297388918,1.0986328125e-09,0.50000376589588,0.087473735413403,0.087476563704031
4.3430175781248e-06,1.0744297387161,1.0986328125e-09,0.50000376684869,0.087473731525776,0.087476560532038
4.3441162109373e-06,1.0744297388509,1.0986328125e-09,0.50000376780151,0.087473727638148,0.087476557360045
4.3452148437498e-06,1.0744297386764,1.0986328125e-09,0.50000376875432,0.087473723750521,0.087476554188052
4.3463134765623e-06,1.0744297388126,1.0986328125e-09,0.50000376970713,0.087473719862894,0.087476551016059
4.3474121093748e-06,1.0744297386392,1.0986328125e-09,0.50000377065994,0.087473715975266,0.087476547844066
4.3485107421873e-06,1.0744297387768,1.0986328125e-09,0.50000377161275,0.087473712087639,0.087476544672073
4.3496093749998e-06,1.0744297386046,1.0986328125e-09,0.50000377256556,0.087473708200012,0.08747654150008
4.3507080078123e-06,1.0744297387435,1.0986328125e-09,0.50000377351837,0.087473704312385,0.087476538328088
4.3518066406248e-06,1.0744297385724,1.0986328125e-09,0.50000377447118,0.087473700424757,0.087476535156095
4.3529052734373e-06,1.0744297387127,1.0986328125e-09,0.50000377542399,0.08747369653713,0.087476531984102
4.3540039062498e-06,1.0744297385428,1.0986328125e-09,0.5000037763768,0.087473692649503,0.087476528812109
4.3551025390623e-06,1.0744297386845,1.0986328125e-09,0.5000037773296,0.087473688761876,0.087476525640117
4.3562011718748e-06,1.0744297385157,1.0986328125e-09,0.50000377828241,0.087473684874249,0.087476522468124
4.3572998046873e-06,1.0744297386587,1.0986328125e-09,0.50000377923522,0.087473680986622,0.087476519296131
4.3583984374998e-06,1.0744297384911,1.0986328125e-09,0.50000378018803,0.087473677098995,0.087476516124139
4.3594970703123e-06,1.0744297386355,1.0986328125e-09,0.50000378114083,0.087473673211368,0.087476512952146
4.3605957031248e-06,1.074429738469,1.0986328125e-09,0.50000378209364,0.087473669323741,0.087476509780154
4.3616943359373e-06,1.0744297386147,1.0986328125e-09,0.50000378304645,0.087473665436114,0.087476506608161
4.3627929687498e-06,1.0744297384494,1.0986328125e-09,0.50000378399925,0.087473661548487,0.087476503436169
4.3638916015623e-06,1.0744297385965,1.0986328125e-09,0.50000378495206,0.08747365766086,0.087476500264176
4.3649902343748e-06,1.0744297384324,1.0986328125e-09,0.50000378590486,0.087473653773233,0.087476497092184
4.3660888671873e-06,1.0744297385808,1.0986328125e-09,0.50000378685767,0.087473649885606,0.087476493920191
4.3671874999998e-06,1.0744297384178,1.0986328125e-09,0.50000378781047,0.08747364599798,0.087476490748199
4.3682861328123e-06,1.0744297385676,1.0986328125e-09,0.50000378876328,0.087473642110353,0.087476487576207
4.3693847656248e-06,1.0744297384057,1.0986328125e-09,0.50000378971608,0.087473638222726,0.087476484404214
4.3704833984373e-06,1.0744297385569,1.0986328125e-09,0.50000379066889,0.087473634335099,0.087476481232222
4.3715820312498e-06,1.0744297383962,1.0986328125e-09,0.50000379162169,0.087473630447473,0.08747647806023
4.3726806640623e-06,1.0744297385487,1.0986328125e-09,0.50000379257449,0.087473626559846,0.087476474888237
4.3737792968748e-06,1.0744297383892,1.0986328125e-09,0.5000037935273,0.087473622672219,0.087476471716245
4.3748779296873e-06,1.074429738543,1.0986328125e-09,0.5000037944801,0.087473618784593,0.087476468544253
4.3759765624998e-06,1.0744297383847,1.0986328125e-09,0.5000037954329,0.087473614896966,0.087476465372261
4.3770751953123e-06,1.0744297385399,1.0986328125e-09,0.5000037963857,0.087473611009339,0.087476462200268
4.3781738281248e-06,1.0744297383826,1.0986328125e-09,0.5000037973385,0.087473607121713,0.087476459028276
4.3792724609373e-06,1.0744297385392,1.0986328125e-09,0.50000379829131,0.087473603234086,0.087476455856284
4.3803710937498e-06,1.0744297383831,1.0986328125e-09,0.50000379924411,0.08747359934646,0.087476452684292
4.3814697265623e-06,1.0744297385411,1.0986328125e-09,0.50000380019691,0.087473595458833,0.0874764495123
4.3825683593748e-06,1.0744297383862,1.0986328125e-09,0.50000380114971,0.087473591571207,0.087476446340308
4.3836669921873e-06,1.0744297385454,1.0986328125e-09,0.50000380210251,0.087473587683581,0.087476443168316
4.3847656249998e-06,1.0744297383917,1.0986328125e-09,0.50000380305531,0.087473583795954,0.087476439996324
4.3858642578123e-06,1.0744297385523,1.0986328125e-09,0.50000380400811,0.087473579908328,0.087476436824332
4.3869628906248e-06,1.0744297383997,1.0986328125e-09,0.50000380496091,0.087473576020702,0.08747643365234
4.3880615234373e-06,1.0744297385617,1.0986328125e-09,0.5000038059137,0.087473572133075,0.087476430480348
4.3891601562498e-06,1.0744297384103,1.0986328125e-09,0.5000038068665,0.087473568245449,0.087476427308356
4.3902587890623e-06,1.0744297385736,1.0986328125e-09,0.5000038078193,0.087473564357823,0.087476424136364
4.3913574218748e-06,1.0744297384233,1.0986328125e-09,0.5000038087721,0.087473560470196,0.087476420964372
4.3924560546873e-06,1.074429738588,1.0986328125e-09,0.5000038097249,0.08747355658257,0.087476417792381
4.3935546874998e-06,1.0744297384389,1.0986328125e-09,0.50000381067769,0.087473552694944,0.087476414620389
4.3946533203123e-06,1.0744297386049,1.0986328125e-09,0.50000381163049,0.087473548807318,0.087476411448397
4.3957519531248e-06,1.0744297384569,1.0986328125e-09,0.50000381258329,0.087473544919692,0.087476408276405
4.3968505859373e-06,1.0744297386244,1.0986328125e-09,0.50000381353608,0.087473541032066,0.087476405104414
4.3979492187498e-06,1.0744297384775,1.0986328125e-09,0.50000381448888,0.08747353714444,0.087476401932422
4.3990478515624e-06,1.0744297386463,1.0986328125e-09,0.50000381544167,0.087473533256814,0.08747639876043
4.4001464843749e-06,1.0744297385006,1.0986328125e-09,0.50000381639447,0.087473529369188,0.087476395588439
4.4012451171874e-06,1.0744297386708,1.0986328125e-09,0.50000381734726,0.087473525481562,0.087476392416447
4.4023437499999e-06,1.0744297385262,1.0986328125e-09,0.50000381830006,0.087473521593936,0.087476389244455
4.4034423828124e-06,1.0744297386977,1.0986328125e-09,0.50000381925285,0.08747351770631,0.087476386072464
4.4045410156249e-06,1.0744297385544,1.0986328125e-09,0.50000382020564,0.087473513818684,0.087476382900472
4.4056396484374e-06,1.0744297387272,1.0986328125e-09,0.50000382115844,0.087473509931058,0.087476379728481
4.4067382812499e-06,1.074429738585,1.0986328125e-09,0.50000382211123,0.087473506043432,0.087476376556489
4.4078369140624e-06,1.0744297387592,1.0986328125e-09,0.50000382306402,0.087473502155806,0.087476373384498
4.4089355468749e-06,1.0744297386181,1.0986328125e-09,0.50000382401682,0.08747349826818,0.087476370212506
4.4100341796874e-06,1.0744297387937,1.0986328125e-09,0.50000382496961,0.087473494380555,0.087476367040515
4.4111328124999e-06,1.0744297386538,1.0986328125e-09,0.5000038259224,0.087473490492929,0.087476363868523
4.4122314453124e-06,1.0744297388307,1.0986328125e-09,0.50000382687519,0.087473486605303,0.087476360696532
4.4133300781249e-06,1.0744297386919,1.0986328125e-09,0.50000382782798,0.087473482717677,0.087476357524541
4.4144287109374e-06,1.0744297388702,1.0986328125e-09,0.50000382878077,0.087473478830052,0.087476354352549
4.4155273437499e-06,1.0744297387326,1.0986328125e-09,0.50000382973356,0.087473474942426,0.087476351180558
4.4166259765624e-06,1.0744297389122,1.0986328125e-09,0.50000383068635,0.0874734710548,0.087476348008567
4.4177246093749e-06,1.0744297387758,1.0986328125e-09,0.50000383163914,0.087473467167175,0.087476344836575
4.4188232421874e-06,1.0744297389568,1.0986328125e-09,0.50000383259193,0.087473463279549,0.087476341664584
4.4199218749999e-06,1.0744297388215,1.0986328125e-09,0.50000383354472,0.087473459391924,0.087476338492593
4.4210205078124e-06,1.0744297390038,1.0986328125e-09,0.50000383449751,0.087473455504298,0.087476335320602
4.4221191406249e-06,1.0744297388697,1.0986328125e-09,0.5000038354503,0.087473451616673,0.087476332148611
4.4232177734374e-06,1.0744297390534,1.0986328125e-09,0.50000383640309,0.087473447729047,0.08747632897662
4.4243164062499e-06,1.0744297389204,1.0986328125e-09,0.50000383735588,0.087473443841422,0.087476325804628
4.4254150390624e-06,1.0744297391054,1.0986328125e-09,0.50000383830866,0.087473439953796,0.087476322632637
4.4265136718749e-06,1.0744297389736,1.0986328125e-09,0.50000383926145,0.087473436066171,0.087476319460646
4.4276123046874e-06,1.07442973916,1.0986328125e-09,0.50000384021424,0.087473432178546,0.087476316288655
4.4287109374999e-06,1.0744297390294,1.0986328125e-09,0.50000384116702,0.08747342829092,0.087476313116664
4.4298095703124e-06,1.0744297392171,1.0986328125e-09,0.50000384211981,0.087473424403295,0.087476309944673
4.4309082031249e-06,1.0744297390876,1.0986328125e-09,0.5000038430726,0.08747342051567,0.087476306772682
4.4320068359374e-06,1.0744297392767,1.0986328125e-09,0.50000384402538,0.087473416628045,0.087476303600691
4.4331054687499e-06,1.0744297391484,1.0986328125e-09,0.50000384497817,0.087473412740419,0.087476300428701
4.4342041015624e-06,1.0744297393388,1.0986328125e-09,0.50000384593095,0.087473408852794,0.08747629725671
4.4353027343749e-06,1.0744297392116,1.0986328125e-09,0.50000384688374,0.087473404965169,0.087476294084719
4.4364013671874e-06,1.0744297394035,1.0986328125e-09,0.50000384783652,0.087473401077544,0.087476290912728
4.4374999999999e-06,1.0744297392774,1.0986328125e-09,0.50000384878931,0.087473397189919,0.087476287740737
4.4385986328124e-06,1.0744297394706,1.0986328125e-09,0.50000384974209,0.087473393302294,0.087476284568746
4.4396972656249e-06,1.0744297393457,1.0986328125e-09,0.50000385069487,0.087473389414669,0.087476281396756
4.4407958984374e-06,1.0744297395402,1.0986328125e-09,0.50000385164766,0.087473385527044,0.087476278224765
4.4418945312499e-06,1.0744297394165,1.0986328125e-09,0.50000385260044,0.087473381639419,0.087476275052774
4.4429931640624e-06,1.0744297396124,1.0986328125e-09,0.50000385355322,0.087473377751794,0.087476271880783
4.4440917968749e-06,1.0744297394898,1.0986328125e-09,0.500003854506,0.087473373864169,0.087476268708793
4.4451904296874e-06,1.0744297396871,1.0986328125e-09,0.50000385545878,0.087473369976544,0.087476265536802
4.4462890624999e-06,1.0744297395656,1.0986328125e-09,0.50000385641157,0.087473366088919,0.087476262364812
4.4473876953124e-06,1.0744297397642,1.0986328125e-09,0.50000385736435,0.087473362201294,0.087476259192821
4.4484863281249e-06,1.074429739644,1.0986328125e-09,0.50000385831713,0.087473358313669,0.08747625602083
4.4495849609374e-06,1.0744297398439,1.0986328125e-09,0.50000385926991,0.087473354426044,0.08747625284884
4.4506835937499e-06,1.0744297397248,1.0986328125e-09,0.50000386022269,0.087473350538419,0.087476249676849
4.4517822265624e-06,1.0744297399261,1.0986328125e-09,0.50000386117547,0.087473346650795,0.087476246504859
4.4528808593749e-06,1.0744297398082,1.0986328125e-09,0.50000386212825,0.08747334276317,0.087476243332869
4.4539794921874e-06,1.0744297400108,1.0986328125e-09,0.50000386308103,0.087473338875545,0.087476240160878
4.4550781249999e-06,1.074429739894,1.0986328125e-09,0.50000386403381,0.08747333498792,0.087476236988888
4.4561767578124e-06,1.0744297400981,1.0986328125e-09,0.50000386498658,0.087473331100296,0.087476233816897
4.4572753906249e-06,1.0744297399824,1.0986328125e-09,0.50000386593936,0.087473327212671,0.087476230644907
4.4583740234374e-06,1.0744297401878,1.0986328125e-09,0.50000386689214,0.087473323325046,0.087476227472917
4.4594726562499e-06,1.0744297400733,1.0986328125e-09,0.50000386784492,0.087473319437422,0.087476224300926
4.4605712890624e-06,1.07442974028,1.0986328125e-09,0.5000038687977,0.087473315549797,0.087476221128936
4.4616699218749e-06,1.0744297401667,1.0986328125e-09,0.50000386975047,0.087473311662173,0.087476217956946
4.4627685546874e-06,1.0744297403748,1.0986328125e-09,0.50000387070325,0.087473307774548,0.087476214784956
4.4638671874999e-06,1.0744297402626,1.0986328125e-09,0.50000387165603,0.087473303886924,0.087476211612965
4.4649658203124e-06,1.0744297404721,1.0986328125e-09,0.5000038726088,0.087473299999299,0.087476208440975
4.4660644531249e-06,1.074429740361,1.0986328125e-09,0.50000387356158,0.087473296111675,0.087476205268985
4.4671630859374e-06,1.0744297405718,1.0986328125e-09,0.50000387451435,0.08747329222405,0.087476202096995
4.4682617187499e-06,1.074429740462,1.0986328125e-09,0.50000387546713,0.087473288336426,0.087476198925005
4.4693603515624e-06,1.0744297406741,1.0986328125e-09,0.5000038764199,0.087473284448802,0.087476195753015
4.4704589843749e-06,1.0744297405654,1.0986328125e-09,0.50000387737268,0.087473280561177,0.087476192581025
4.4715576171874e-06,1.0744297407789,1.0986328125e-09,0.50000387832545,0.087473276673553,0.087476189409035
4.4726562499999e-06,1.0744297406714,1.0986328125e-09,0.50000387927822,0.087473272785929,0.087476186237045
4.4737548828124e-06,1.0744297408862,1.0986328125e-09,0.500003880231,0.087473268898305,0.087476183065055
4.4748535156249e-06,1.0744297407798,1.0986328125e-09,0.50000388118377,0.08747326501068,0.087476179893065
4.4759521484374e-06,1.0744297409961,1.0986328125e-09,0.50000388213654,0.087473261123056,0.087476176721075
4.4770507812499e-06,1.0744297408908,1.0986328125e-09,0.50000388308931,0.087473257235432,0.087476173549085
4.4781494140624e-06,1.0744297411084,1.0986328125e-09,0.50000388404209,0.087473253347808,0.087476170377095
4.4792480468749e-06,1.0744297410043,1.0986328125e-09,0.50000388499486,0.087473249460184,0.087476167205105
4.4803466796874e-06,1.0744297412232,1.0986328125e-09,0.50000388594763,0.08747324557256,0.087476164033115
4.4814453124999e-06,1.0744297411203,1.0986328125e-09,0.5000038869004,0.087473241684936,0.087476160861125
4.4825439453124e-06,1.0744297413406,1.0986328125e-09,0.50000388785317,0.087473237797312,0.087476157689136
4.4836425781249e-06,1.0744297412388,1.0986328125e-09,0.50000388880594,0.087473233909688,0.087476154517146
4.4847412109374e-06,1.0744297414604,1.0986328125e-09,0.50000388975871,0.087473230022064,0.087476151345156
4.4858398437499e-06,1.0744297413598,1.0986328125e-09,0.50000389071148,0.08747322613444,0.087476148173166
4.4869384765624e-06,1.0744297415828,1.0986328125e-09,0.50000389166425,0.087473222246816,0.087476145001177
4.4880371093749e-06,1.0744297414833,1.0986328125e-09,0.50000389261702,0.087473218359192,0.087476141829187
4.4891357421874e-06,1.0744297417077,1.0986328125e-09,0.50000389356979,0.087473214471568,0.087476138657197
4.4902343749999e-06,1.0744297416094,1.0986328125e-09,0.50000389452256,0.087473210583944,0.087476135485208
4.4913330078124e-06,1.0744297418351,1.0986328125e-09,0.50000389547532,0.08747320669632,0.087476132313218
4.4924316406249e-06,1.0744297417379,1.0986328125e-09,0.50000389642809,0.087473202808697,0.087476129141229
4.4935302734374e-06,1.074429741965,1.0986328125e-09,0.50000389738086,0.087473198921073,0.087476125969239
4.4946289062499e-06,1.074429741869,1.0986328125e-09,0.50000389833363,0.087473195033449,0.08747612279725
4.4957275390624e-06,1.0744297420974,1.0986328125e-09,0.50000389928639,0.087473191145825,0.08747611962526
4.4968261718749e-06,1.0744297420026,1.0986328125e-09,0.50000390023916,0.087473187258202,0.087476116453271
4.4979248046874e-06,1.0744297422324,1.0986328125e-09,0.50000390119193,0.087473183370578,0.087476113281281
4.4990234374999e-06,1.0744297421386,1.0986328125e-09,0.50000390214469,0.087473179482954,0.087476110109292
4.5001220703124e-06,1.0744297423698,1.0986328125e-09,0.50000390309746,0.087473175595331,0.087476106937303
4.5012207031249e-06,1.0744297422772,1.0986328125e-09,0.50000390405022,0.087473171707707,0.087476103765313
4.5023193359374e-06,1.0744297425098,1.0986328125e-09,0.50000390500299,0.087473167820084,0.087476100593324
4.5034179687499e-06,1.0744297424183,1.0986328125e-09,0.50000390595575,0.08747316393246,0.087476097421335
4.5045166015624e-06,1.0744297426522,1.0986328125e-09,0.50000390690852,0.087473160044837,0.087476094249345
4.5056152343749e-06,1.074429742562,1.0986328125e-09,0.50000390786128,0.087473156157213,0.087476091077356
4.5067138671874e-06,1.0744297427972,1.0986328125e-09,0.50000390881404,0.08747315226959,0.087476087905367
4.5078124999999e-06,1.0744297427081,1.0986328125e-09,0.50000390976681,0.087473148381966,0.087476084733378
4.5089111328124e-06,1.0744297429447,1.0986328125e-09,0.50000391071957,0.087473144494343,0.087476081561388
4.5100097656249e-06,1.0744297428567,1.0986328125e-09,0.50000391167233,0.087473140606719,0.087476078389399
4.5111083984374e-06,1.0744297430947,1.0986328125e-09,0.5000039126251,0.087473136719096,0.08747607521741
4.5122070312499e-06,1.0744297430079,1.0986328125e-09,0.50000391357786,0.087473132831473,0.087476072045421
4.5133056640624e-06,1.0744297432472,1.0986328125e-09,0.50000391453062,0.087473128943849,0.087476068873432
4.5144042968749e-06,1.0744297431615,1.0986328125e-09,0.50000391548338,0.087473125056226,0.087476065701443
4.5155029296874e-06,1.0744297434022,1.0986328125e-09,0.50000391643614,0.087473121168603,0.087476062529454
4.5166015624999e-06,1.0744297433177,1.0986328125e-09,0.5000039173889,0.08747311728098,0.087476059357465
4.5177001953124e-06,1.0744297435597,1.0986328125e-09,0.50000391834166,0.087473113393357,0.087476056185476
4.5187988281249e-06,1.0744297434764,1.0986328125e-09,0.50000391929442,0.087473109505733,0.087476053013487
4.5198974609374e-06,1.0744297437198,1.0986328125e-09,0.50000392024718,0.08747310561811,0.087476049841498
4.5209960937499e-06,1.0744297436376,1.0986328125e-09,0.50000392119994,0.087473101730487,0.087476046669509
4.5220947265624e-06,1.0744297438823,1.0986328125e-09,0.5000039221527,0.087473097842864,0.08747604349752
4.5231933593749e-06,1.0744297438013,1.0986328125e-09,0.50000392310546,0.087473093955241,0.087476040325531
4.5242919921874e-06,1.0744297440474,1.0986328125e-09,0.50000392405822,0.087473090067618,0.087476037153542
4.5253906249999e-06,1.0744297439675,1.0986328125e-09,0.50000392501097,0.087473086179995,0.087476033981554
4.5264892578124e-06,1.074429744215,1.0986328125e-09,0.50000392596373,0.087473082292372,0.087476030809565
4.5275878906249e-06,1.0744297441363,1.0986328125e-09,0.50000392691649,0.087473078404749,0.087476027637576
4.5286865234374e-06,1.074429744385,1.0986328125e-09,0.50000392786925,0.087473074517126,0.087476024465587
4.5297851562499e-06,1.0744297443075,1.0986328125e-09,0.500003928822,0.087473070629503,0.087476021293599
4.5308837890624e-06,1.0744297445576,1.0986328125e-09,0.50000392977476,0.08747306674188,0.08747601812161
4.5319824218749e-06,1.0744297444812,1.0986328125e-09,0.50000393072752,0.087473062854258,0.087476014949621
4.5330810546874e-06,1.0744297447327,1.0986328125e-09,0.50000393168027,0.087473058966635,0.087476011777633
4.5341796874999e-06,1.0744297446575,1.0986328125e-09,0.50000393263303,0.087473055079012,0.087476008605644
4.5352783203124e-06,1.0744297449104,1.0986328125e-09,0.50000393358578,0.087473051191389,0.087476005433656
4.5363769531249e-06,1.0744297448363,1.0986328125e-09,0.50000393453854,0.087473047303766,0.087476002261667
4.5374755859374e-06,1.0744297450905,1.0986328125e-09,0.50000393549129,0.087473043416144,0.087475999089678
4.5385742187499e-06,1.0744297450176,1.0986328125e-09,0.50000393644405,0.087473039528521,0.08747599591769
4.5396728515624e-06,1.0744297452731,1.0986328125e-09,0.5000039373968,0.087473035640898,0.087475992745702
4.5407714843749e-06,1.0744297452014,1.0986328125e-09,0.50000393834955,0.087473031753276,0.087475989573713
4.5418701171874e-06,1.0744297454583,1.0986328125e-09,0.50000393930231,0.087473027865653,0.087475986401725
4.5429687499999e-06,1.0744297453877,1.0986328125e-09,0.50000394025506,0.08747302397803,0.087475983229736
4.5440673828124e-06,1.0744297456459,1.0986328125e-09,0.50000394120781,0.087473020090408,0.087475980057748
4.5451660156249e-06,1.0744297455765,1.0986328125e-09,0.50000394216056,0.087473016202785,0.087475976885759
4.5462646484374e-06,1.0744297458361,1.0986328125e-09,0.50000394311332,0.087473012315163,0.087475973713771
4.5473632812499e-06,1.0744297457678,1.0986328125e-09,0.50000394406607,0.08747300842754,0.087475970541783
4.5484619140624e-06,1.0744297460288,1.0986328125e-09,0.50000394501882,0.087473004539918,0.087475967369795
4.5495605468749e-06,1.0744297459617,1.0986328125e-09,0.50000394597157,0.087473000652296,0.087475964197806
4.5506591796874e-06,1.074429746224,1.0986328125e-09,0.50000394692432,0.087472996764673,0.087475961025818
4.5517578124999e-06,1.074429746158,1.0986328125e-09,0.50000394787707,0.087472992877051,0.08747595785383
4.5528564453124e-06,1.0744297464217,1.0986328125e-09,0.50000394882982,0.087472988989428,0.087475954681842
4.5539550781249e-06,1.0744297463569,1.0986328125e-09,0.50000394978257,0.087472985101806,0.087475951509854
4.5550537109374e-06,1.0744297466219,1.0986328125e-09,0.50000395073532,0.087472981214184,0.087475948337865
4.5561523437499e-06,1.0744297465582,1.0986328125e-09,0.50000395168807,0.087472977326562,0.087475945165877
4.5572509765624e-06,1.0744297468247,1.0986328125e-09,0.50000395264082,0.087472973438939,0.087475941993889
4.5583496093749e-06,1.0744297467621,1.0986328125e-09,0.50000395359356,0.087472969551317,0.087475938821901
4.5594482421874e-06,1.0744297470299,1.0986328125e-09,0.50000395454631,0.087472965663695,0.087475935649913
4.5605468749999e-06,1.0744297469685,1.0986328125e-09,0.50000395549906,0.087472961776073,0.087475932477925
4.5616455078124e-06,1.0744297472377,1.0986328125e-09,0.50000395645181,0.087472957888451,0.087475929305937
4.5627441406249e-06,1.0744297471774,1.0986328125e-09,0.50000395740455,0.087472954000829,0.087475926133949
4.5638427734374e-06,1.0744297474479,1.0986328125e-09,0.5000039583573,0.087472950113207,0.087475922961961
4.5649414062499e-06,1.0744297473889,1.0986328125e-09,0.50000395931005,0.087472946225584,0.087475919789973
4.5660400390624e-06,1.0744297476607,1.0986328125e-09,0.50000396026279,0.087472942337962,0.087475916617985
4.5671386718749e-06,1.0744297476028,1.0986328125e-09,0.50000396121554,0.08747293845034,0.087475913445998
4.5682373046874e-06,1.074429747876,1.0986328125e-09,0.50000396216828,0.087472934562718,0.08747591027401
4.5693359374999e-06,1.0744297478192,1.0986328125e-09,0.50000396312103,0.087472930675097,0.087475907102022
4.5704345703124e-06,1.0744297480938,1.0986328125e-09,0.50000396407377,0.087472926787475,0.087475903930034
4.5715332031249e-06,1.0744297480382,1.0986328125e-09,0.50000396502652,0.087472922899853,0.087475900758046
4.5726318359374e-06,1.0744297483141,1.0986328125e-09,0.50000396597926,0.087472919012231,0.087475897586059
4.5737304687499e-06,1.0744297482597,1.0986328125e-09,0.50000396693201,0.087472915124609,0.087475894414071
4.5748291015624e-06,1.0744297485369,1.0986328125e-09,0.50000396788475,0.087472911236987,0.087475891242083
4.5759277343749e-06,1.0744297484836,1.0986328125e-09,0.50000396883749,0.087472907349365,0.087475888070096
4.5770263671874e-06,1.0744297487622,1.0986328125e-09,0.50000396979023,0.087472903461744,0.087475884898108
4.5781249999999e-06,1.0744297487101,1.0986328125e-09,0.50000397074298,0.087472899574122,0.08747588172612
4.5792236328124e-06,1.0744297489901,1.0986328125e-09,0.50000397169572,0.0874728956865,0.087475878554133
4.5803222656249e-06,1.0744297489391,1.0986328125e-09,0.50000397264846,0.087472891798879,0.087475875382145
4.5814208984374e-06,1.0744297492204,1.0986328125e-09,0.5000039736012,0.087472887911257,0.087475872210158
4.5825195312499e-06,1.0744297491706,1.0986328125e-09,0.50000397455394,0.087472884023635,0.08747586903817
4.5836181640624e-06,1.0744297494533,1.0986328125e-09,0.50000397550668,0.087472880136014,0.087475865866183
4.5847167968749e-06,1.0744297494046,1.0986328125e-09,0.50000397645942,0.087472876248392,0.087475862694195
4.5858154296874e-06,1.0744297496887,1.0986328125e-09,0.50000397741217,0.087472872360771,0.087475859522208
4.5869140624999e-06,1.0744297496412,1.0986328125e-09,0.5000039783649,0.087472868473149,0.08747585635022
4.5880126953124e-06,1.0744297499266,1.0986328125e-09,0.50000397931764,0.087472864585528,0.087475853178233
4.5891113281249e-06,1.0744297498802,1.0986328125e-09,0.50000398027038,0.087472860697906,0.087475850006246
4.5902099609374e-06,1.074429750167,1.0986328125e-09,0.50000398122312,0.087472856810285,0.087475846834258
4.5913085937499e-06,1.0744297501218,1.0986328125e-09,0.50000398217586,0.087472852922663,0.087475843662271
4.5924072265624e-06,1.0744297504099,1.0986328125e-09,0.5000039831286,0.087472849035042,0.087475840490284
4.5935058593749e-06,1.0744297503658,1.0986328125e-09,0.50000398408134,0.08747284514742,0.087475837318297
4.5946044921874e-06,1.0744297506553,1.0986328125e-09,0.50000398503407,0.087472841259799,0.087475834146309
4.5957031249999e-06,1.0744297506124,1.0986328125e-09,0.50000398598681,0.087472837372178,0.087475830974322
4.5968017578124e-06,1.0744297509033,1.0986328125e-09,0.50000398693955,0.087472833484557,0.087475827802335
4.5979003906249e-06,1.0744297508615,1.0986328125e-09,0.50000398789229,0.087472829596935,0.087475824630348
4.5989990234374e-06,1.0744297511537,1.0986328125e-09,0.50000398884502,0.087472825709314,0.087475821458361
4.6000976562499e-06,1.0744297511131,1.0986328125e-09,0.50000398979776,0.087472821821693,0.087475818286373
4.6011962890624e-06,1.0744297514067,1.0986328125e-09,0.50000399075049,0.087472817934072,0.087475815114386
4.6022949218749e-06,1.0744297513672,1.0986328125e-09,0.50000399170323,0.087472814046451,0.087475811942399
4.6033935546874e-06,1.0744297516621,1.0986328125e-09,0.50000399265596,0.087472810158829,0.087475808770412
4.6044921874999e-06,1.0744297516239,1.0986328125e-09,0.5000039936087,0.087472806271208,0.087475805598425
4.6055908203124e-06,1.0744297519201,1.0986328125e-09,0.50000399456143,0.087472802383587,0.087475802426438
4.6066894531249e-06,1.074429751883,1.0986328125e-09,0.50000399551417,0.087472798495966,0.087475799254451
4.6077880859374e-06,1.0744297521806,1.0986328125e-09,0.5000039964669,0.087472794608345,0.087475796082464
4.6088867187499e-06,1.0744297521446,1.0986328125e-09,0.50000399741963,0.087472790720724,0.087475792910478
4.6099853515624e-06,1.0744297524436,1.0986328125e-09,0.50000399837237,0.087472786833103,0.087475789738491
4.6110839843749e-06,1.0744297524088,1.0986328125e-09,0.5000039993251,0.087472782945482,0.087475786566504
4.6121826171874e-06,1.0744297527091,1.0986328125e-09,0.50000400027783,0.087472779057861,0.087475783394517
4.6132812499999e-06,1.0744297526755,1.0986328125e-09,0.50000400123056,0.08747277517024,0.08747578022253
4.6143798828124e-06,1.0744297529771,1.0986328125e-09,0.50000400218329,0.08747277128262,0.087475777050543
4.6154785156249e-06,1.0744297529447,1.0986328125e-09,0.50000400313603,0.087472767394999,0.087475773878557
4.6165771484374e-06,1.0744297532477,1.0986328125e-09,0.50000400408876,0.087472763507378,0.08747577070657
4.6176757812499e-06,1.0744297532163,1.0986328125e-09,0.50000400504149,0.087472759619757,0.087475767534583
4.6187744140624e-06,1.0744297535207,1.0986328125e-09,0.50000400599422,0.087472755732136,0.087475764362596
4.6198730468749e-06,1.0744297534905,1.0986328125e-09,0.50000400694695,0.087472751844516,0.08747576119061
4.6209716796874e-06,1.0744297537963,1.0986328125e-09,0.50000400789968,0.087472747956895,0.087475758018623
4.6220703124999e-06,1.0744297537673,1.0986328125e-09,0.50000400885241,0.087472744069274,0.087475754846637
4.6231689453124e-06,1.0744297540744,1.0986328125e-09,0.50000400980514,0.087472740181654,0.08747575167465
4.6242675781249e-06,1.0744297540465,1.0986328125e-09,0.50000401075786,0.087472736294033,0.087475748502663
4.6253662109374e-06,1.074429754355,1.0986328125e-09,0.50000401171059,0.087472732406412,0.087475745330677
4.6264648437499e-06,1.0744297543282,1.0986328125e-09,0.50000401266332,0.087472728518792,0.08747574215869
4.6275634765624e-06,1.0744297546381,1.0986328125e-09,0.50000401361605,0.087472724631171,0.087475738986704
4.6286621093749e-06,1.0744297546125,1.0986328125e-09,0.50000401456878,0.087472720743551,0.087475735814717
4.6297607421874e-06,1.0744297549237,1.0986328125e-09,0.5000040155215,0.08747271685593,0.087475732642731
4.6308593749999e-06,1.0744297548992,1.0986328125e-09,0.50000401647423,0.08747271296831,0.087475729470745
4.6319580078124e-06,1.0744297552118,1.0986328125e-09,0.50000401742696,0.087472709080689,0.087475726298758
4.6330566406249e-06,1.0744297551885,1.0986328125e-09,0.50000401837968,0.087472705193069,0.087475723126772
4.6341552734374e-06,1.0744297555024,1.0986328125e-09,0.50000401933241,0.087472701305449,0.087475719954785
4.6352539062499e-06,1.0744297554803,1.0986328125e-09,0.50000402028513,0.087472697417828,0.087475716782799
4.6363525390624e-06,1.0744297557956,1.0986328125e-09,0.50000402123786,0.087472693530208,0.087475713610813
4.6374511718749e-06,1.0744297557746,1.0986328125e-09,0.50000402219058,0.087472689642588,0.087475710438827
4.6385498046874e-06,1.0744297560912,1.0986328125e-09,0.50000402314331,0.087472685754967,0.08747570726684
4.6396484374999e-06,1.0744297560714,1.0986328125e-09,0.50000402409603,0.087472681867347,0.087475704094854
4.6407470703124e-06,1.0744297563894,1.0986328125e-09,0.50000402504876,0.087472677979727,0.087475700922868
4.6418457031249e-06,1.0744297563707,1.0986328125e-09,0.50000402600148,0.087472674092107,0.087475697750882
4.6429443359374e-06,1.0744297566901,1.0986328125e-09,0.5000040269542,0.087472670204486,0.087475694578896
4.6440429687499e-06,1.0744297566726,1.0986328125e-09,0.50000402790693,0.087472666316866,0.08747569140691
4.6451416015624e-06,1.0744297569932,1.0986328125e-09,0.50000402885965,0.087472662429246,0.087475688234924
4.6462402343749e-06,1.0744297569769,1.0986328125e-09,0.50000402981237,0.087472658541626,0.087475685062937
4.6473388671874e-06,1.0744297572989,1.0986328125e-09,0.50000403076509,0.087472654654006,0.087475681890952
4.6484374999999e-06,1.0744297572838,1.0986328125e-09,0.50000403171781,0.087472650766386,0.087475678718965
4.6495361328124e-06,1.0744297576072,1.0986328125e-09,0.50000403267054,0.087472646878766,0.087475675546979
4.6506347656249e-06,1.0744297575931,1.0986328125e-09,0.50000403362326,0.087472642991146,0.087475672374994
4.6517333984374e-06,1.0744297579179,1.0986328125e-09,0.50000403457598,0.087472639103526,0.087475669203008
4.6528320312499e-06,1.074429757905,1.0986328125e-09,0.5000040355287,0.087472635215906,0.087475666031022
4.6539306640624e-06,1.0744297582311,1.0986328125e-09,0.50000403648142,0.087472631328286,0.087475662859036
4.6550292968749e-06,1.0744297582194,1.0986328125e-09,0.50000403743414,0.087472627440666,0.08747565968705
4.6561279296874e-06,1.0744297585469,1.0986328125e-09,0.50000403838686,0.087472623553046,0.087475656515064
4.6572265624999e-06,1.0744297585363,1.0986328125e-09,0.50000403933958,0.087472619665427,0.087475653343078
4.6583251953124e-06,1.0744297588651,1.0986328125e-09,0.50000404029229,0.087472615777807,0.087475650171093
4.6594238281249e-06,1.0744297588557,1.0986328125e-09,0.50000404124501,0.087472611890187,0.087475646999107
4.6605224609374e-06,1.0744297591859,1.0986328125e-09,0.50000404219773,0.087472608002567,0.087475643827121
4.6616210937499e-06,1.0744297591777,1.0986328125e-09,0.50000404315045,0.087472604114948,0.087475640655135
4.6627197265624e-06,1.0744297595092,1.0986328125e-09,0.50000404410317,0.087472600227328,0.08747563748315
4.6638183593749e-06,1.0744297595021,1.0986328125e-09,0.50000404505588,0.087472596339708,0.087475634311164
4.6649169921874e-06,1.074429759835,1.0986328125e-09,0.5000040460086,0.087472592452089,0.087475631139178
4.6660156249999e-06,1.074429759829,1.0986328125e-09,0.50000404696132,0.087472588564469,0.087475627967193
4.6671142578124e-06,1.0744297601633,1.0986328125e-09,0.50000404791403,0.087472584676849,0.087475624795207
4.6682128906249e-06,1.0744297601585,1.0986328125e-09,0.50000404886675,0.08747258078923,0.087475621623222
4.6693115234374e-06,1.0744297604941,1.0986328125e-09,0.50000404981946,0.08747257690161,0.087475618451236
4.6704101562499e-06,1.0744297604905,1.0986328125e-09,0.50000405077218,0.087472573013991,0.087475615279251
4.6715087890624e-06,1.0744297608274,1.0986328125e-09,0.50000405172489,0.087472569126371,0.087475612107265
4.6726074218749e-06,1.074429760825,1.0986328125e-09,0.50000405267761,0.087472565238752,0.08747560893528
4.6737060546874e-06,1.0744297611633,1.0986328125e-09,0.50000405363032,0.087472561351132,0.087475605763294
4.6748046874999e-06,1.074429761162,1.0986328125e-09,0.50000405458303,0.087472557463513,0.087475602591309
4.6759033203124e-06,1.0744297615016,1.0986328125e-09,0.50000405553575,0.087472553575894,0.087475599419323
4.6770019531249e-06,1.0744297615015,1.0986328125e-09,0.50000405648846,0.087472549688274,0.087475596247338
4.6781005859374e-06,1.0744297618425,1.0986328125e-09,0.50000405744117,0.087472545800655,0.087475593075353
4.6791992187499e-06,1.0744297618435,1.0986328125e-09,0.50000405839389,0.087472541913036,0.087475589903367
4.6802978515624e-06,1.0744297621859,1.0986328125e-09,0.5000040593466,0.087472538025416,0.087475586731382
4.6813964843749e-06,1.074429762188,1.0986328125e-09,0.50000406029931,0.087472534137797,0.087475583559397
4.6824951171874e-06,1.0744297625317,1.0986328125e-09,0.50000406125202,0.087472530250178,0.087475580387412
4.6835937499999e-06,1.0744297625351,1.0986328125e-09,0.50000406220473,0.087472526362559,0.087475577215426
4.6846923828124e-06,1.0744297628802,1.0986328125e-09,0.50000406315744,0.087472522474939,0.087475574043441
4.6857910156249e-06,1.0744297628846,1.0986328125e-09,0.50000406411015,0.08747251858732,0.087475570871456
4.6868896484374e-06,1.0744297632311,1.0986328125e-09,0.50000406506286,0.087472514699701,0.087475567699471
4.6879882812499e-06,1.0744297632367,1.0986328125e-09,0.50000406601557,0.087472510812082,0.087475564527486
4.6890869140624e-06,1.0744297635845,1.0986328125e-09,0.50000406696828,0.087472506924463,0.087475561355501
4.6901855468749e-06,1.0744297635913,1.0986328125e-09,0.50000406792099,0.087472503036844,0.087475558183516
4.6912841796874e-06,1.0744297639404,1.0986328125e-09,0.5000040688737,0.087472499149225,0.087475555011531
4.6923828124999e-06,1.0744297639484,1.0986328125e-09,0.50000406982641,0.087472495261606,0.087475551839546
4.6934814453124e-06,1.0744297642989,1.0986328125e-09,0.50000407077912,0.087472491373987,0.087475548667561
4.6945800781249e-06,1.074429764308,1.0986328125e-09,0.50000407173183,0.087472487486368,0.087475545495576
4.6956787109374e-06,1.0744297646598,1.0986328125e-09,0.50000407268453,0.087472483598749,0.087475542323591
4.6967773437499e-06,1.0744297646701,1.0986328125e-09,0.50000407363724,0.08747247971113,0.087475539151606
4.6978759765624e-06,1.0744297650233,1.0986328125e-09,0.50000407458995,0.087472475823512,0.087475535979621
4.6989746093749e-06,1.0744297650347,1.0986328125e-09,0.50000407554266,0.087472471935893,0.087475532807636
4.7000732421874e-06,1.0744297653893,1.0986328125e-09,0.50000407649536,0.087472468048274,0.087475529635651
4.7011718749999e-06,1.0744297654018,1.0986328125e-09,0.50000407744807,0.087472464160655,0.087475526463666
4.7022705078124e-06,1.0744297657578,1.0986328125e-09,0.50000407840077,0.087472460273036,0.087475523291682
4.7033691406249e-06,1.0744297657715,1.0986328125e-09,0.50000407935348,0.087472456385418,0.087475520119697
4.7044677734374e-06,1.0744297661288,1.0986328125e-09,0.50000408030618,0.087472452497799,0.087475516947712
4.7055664062499e-06,1.0744297661437,1.0986328125e-09,0.50000408125889,0.08747244861018,0.087475513775727
4.7066650390624e-06,1.0744297665023,1.0986328125e-09,0.50000408221159,0.087472444722562,0.087475510603743
4.7077636718749e-06,1.0744297665183,1.0986328125e-09,0.5000040831643,0.087472440834943,0.087475507431758
4.7088623046874e-06,1.0744297668783,1.0986328125e-09,0.500004084117,0.087472436947324,0.087475504259773
4.7099609374999e-06,1.0744297668955,1.0986328125e-09,0.5000040850697,0.087472433059706,0.087475501087789
4.7110595703124e-06,1.0744297672569,1.0986328125e-09,0.50000408602241,0.087472429172087,0.087475497915804
4.7121582031249e-06,1.0744297672752,1.0986328125e-09,0.50000408697511,0.087472425284469,0.08747549474382
4.7132568359374e-06,1.0744297676379,1.0986328125e-09,0.50000408792781,0.08747242139685,0.087475491571835
4.7143554687499e-06,1.0744297676574,1.0986328125e-09,0.50000408888051,0.087472417509232,0.087475488399851
4.7154541015624e-06,1.0744297680215,1.0986328125e-09,0.50000408983321,0.087472413621613,0.087475485227866
4.7165527343749e-06,1.0744297680421,1.0986328125e-09,0.50000409078592,0.087472409733995,0.087475482055882
4.7176513671874e-06,1.0744297684076,1.0986328125e-09,0.50000409173862,0.087472405846377,0.087475478883897
4.7187499999999e-06,1.0744297684294,1.0986328125e-09,0.50000409269132,0.087472401958758,0.087475475711913
4.7198486328124e-06,1.0744297687962,1.0986328125e-09,0.50000409364402,0.08747239807114,0.087475472539929
4.7209472656249e-06,1.0744297688191,1.0986328125e-09,0.50000409459672,0.087472394183522,0.087475469367944
4.7220458984374e-06,1.0744297691873,1.0986328125e-09,0.50000409554942,0.087472390295903,0.08747546619596
4.7231445312499e-06,1.0744297692114,1.0986328125e-09,0.50000409650212,0.087472386408285,0.087475463023975
4.7242431640624e-06,1.0744297695809,1.0986328125e-09,0.50000409745482,0.087472382520667,0.087475459851991
4.7253417968749e-06,1.0744297696062,1.0986328125e-09,0.50000409840752,0.087472378633049,0.087475456680007
4.7264404296874e-06,1.074429769977,1.0986328125e-09,0.50000409936021,0.087472374745431,0.087475453508023
4.7275390624999e-06,1.0744297700034,1.0986328125e-09,0.50000410031291,0.087472370857813,0.087475450336039
4.7286376953124e-06,1.0744297703757,1.0986328125e-09,0.50000410126561,0.087472366970194,0.087475447164054
4.7297363281249e-06,1.0744297704032,1.0986328125e-09,0.50000410221831,0.087472363082576,0.08747544399207
4.7308349609374e-06,1.0744297707768,1.0986328125e-09,0.500004103171,0.087472359194958,0.087475440820086
4.7319335937499e-06,1.0744297708055,1.0986328125e-09,0.5000041041237,0.08747235530734,0.087475437648102
4.7330322265624e-06,1.0744297711805,1.0986328125e-09,0.5000041050764,0.087472351419722,0.087475434476118
4.7341308593749e-06,1.0744297712104,1.0986328125e-09,0.50000410602909,0.087472347532104,0.087475431304134
4.7352294921874e-06,1.0744297715867,1.0986328125e-09,0.50000410698179,0.087472343644486,0.08747542813215
4.7363281249999e-06,1.0744297716177,1.0986328125e-09,0.50000410793449,0.087472339756868,0.087475424960166
4.7374267578124e-06,1.0744297719953,1.0986328125e-09,0.50000410888718,0.08747233586925,0.087475421788182
4.7385253906249e-06,1.0744297720275,1.0986328125e-09,0.50000410983988,0.087472331981633,0.087475418616198
4.7396240234374e-06,1.0744297724065,1.0986328125e-09,0.50000411079257,0.087472328094015,0.087475415444214
4.7407226562499e-06,1.0744297724399,1.0986328125e-09,0.50000411174526,0.087472324206397,0.08747541227223
4.7418212890624e-06,1.0744297728203,1.0986328125e-09,0.50000411269796,0.087472320318779,0.087475409100246
4.7429199218749e-06,1.0744297728548,1.0986328125e-09,0.50000411365065,0.087472316431161,0.087475405928262
4.7440185546874e-06,1.0744297732365,1.0986328125e-09,0.50000411460334,0.087472312543544,0.087475402756278
4.7451171874999e-06,1.0744297732721,1.0986328125e-09,0.50000411555604,0.087472308655926,0.087475399584295
4.7462158203124e-06,1.0744297736552,1.0986328125e-09,0.50000411650873,0.087472304768308,0.087475396412311
4.7473144531249e-06,1.074429773692,1.0986328125e-09,0.50000411746142,0.087472300880691,0.087475393240327
4.7484130859374e-06,1.0744297740765,1.0986328125e-09,0.50000411841411,0.087472296993073,0.087475390068343
4.7495117187499e-06,1.0744297741144,1.0986328125e-09,0.50000411936681,0.087472293105455,0.08747538689636
4.7506103515624e-06,1.0744297745002,1.0986328125e-09,0.5000041203195,0.087472289217838,0.087475383724376
4.7517089843749e-06,1.0744297745393,1.0986328125e-09,0.50000412127219,0.08747228533022,0.087475380552392
4.7528076171874e-06,1.0744297749265,1.0986328125e-09,0.50000412222488,0.087472281442603,0.087475377380409
4.7539062499999e-06,1.0744297749668,1.0986328125e-09,0.50000412317757,0.087472277554985,0.087475374208425
4.7550048828124e-06,1.0744297753553,1.0986328125e-09,0.50000412413026,0.087472273667368,0.087475371036441
4.7561035156249e-06,1.0744297753967,1.0986328125e-09,0.50000412508295,0.08747226977975,0.087475367864458
4.7572021484374e-06,1.0744297757866,1.0986328125e-09,0.50000412603564,0.087472265892133,0.087475364692474
4.7583007812499e-06,1.0744297758292,1.0986328125e-09,0.50000412698833,0.087472262004515,0.087475361520491
4.7593994140624e-06,1.0744297762204,1.0986328125e-09,0.50000412794102,0.087472258116898,0.087475358348507
4.7604980468749e-06,1.0744297762641,1.0986328125e-09,0.5000041288937,0.087472254229281,0.087475355176524
4.7615966796874e-06,1.0744297766567,1.0986328125e-09,0.50000412984639,0.087472250341663,0.08747535200454
4.7626953124999e-06,1.0744297767016,1.0986328125e-09,0.50000413079908,0.087472246454046,0.087475348832557
4.7637939453124e-06,1.0744297770955,1.0986328125e-09,0.50000413175177,0.087472242566429,0.087475345660574
4.7648925781249e-06,1.0744297771416,1.0986328125e-09,0.50000413270445,0.087472238678812,0.08747534248859
4.7659912109374e-06,1.0744297775369,1.0986328125e-09,0.50000413365714,0.087472234791194,0.087475339316607
4.7670898437499e-06,1.0744297775841,1.0986328125e-09,0.50000413460983,0.087472230903577,0.087475336144624
4.7681884765624e-06,1.0744297779807,1.0986328125e-09,0.50000413556251,0.08747222701596,0.08747533297264
4.7692871093749e-06,1.0744297780291,1.0986328125e-09,0.5000041365152,0.087472223128343,0.087475329800657
4.7703857421874e-06,1.0744297784271,1.0986328125e-09,0.50000413746788,0.087472219240726,0.087475326628674
4.7714843749999e-06,1.0744297784766,1.0986328125e-09,0.50000413842057,0.087472215353109,0.087475323456691
4.7725830078124e-06,1.074429778876,1.0986328125e-09,0.50000413937325,0.087472211465492,0.087475320284707
4.7736816406249e-06,1.0744297789267,1.0986328125e-09,0.50000414032594,0.087472207577875,0.087475317112724
4.7747802734374e-06,1.0744297793274,1.0986328125e-09,0.50000414127862,0.087472203690258,0.087475313940741
4.7758789062499e-06,1.0744297793792,1.0986328125e-09,0.50000414223131,0.087472199802641,0.087475310768758
4.7769775390624e-06,1.0744297797813,1.0986328125e-09,0.50000414318399,0.087472195915024,0.087475307596775
4.7780761718749e-06,1.0744297798343,1.0986328125e-09,0.50000414413667,0.087472192027407,0.087475304424792
4.7791748046874e-06,1.0744297802377,1.0986328125e-09,0.50000414508936,0.08747218813979,0.087475301252809
4.7802734374999e-06,1.0744297802919,1.0986328125e-09,0.50000414604204,0.087472184252173,0.087475298080826
4.7813720703124e-06,1.0744297806966,1.0986328125e-09,0.50000414699472,0.087472180364556,0.087475294908843
4.7824707031249e-06,1.0744297807519,1.0986328125e-09,0.5000041479474,0.087472176476939,0.08747529173686
4.7835693359374e-06,1.0744297811581,1.0986328125e-09,0.50000414890008,0.087472172589322,0.087475288564877
4.7846679687499e-06,1.0744297812145,1.0986328125e-09,0.50000414985276,0.087472168701706,0.087475285392894
4.7857666015624e-06,1.074429781622,1.0986328125e-09,0.50000415080545,0.087472164814089,0.087475282220911
4.7868652343749e-06,1.0744297816797,1.0986328125e-09,0.50000415175813,0.087472160926472,0.087475279048928
4.7879638671874e-06,1.0744297820885,1.0986328125e-09,0.50000415271081,0.087472157038856,0.087475275876945
4.7890624999999e-06,1.0744297821473,1.0986328125e-09,0.50000415366349,0.087472153151239,0.087475272704963
4.7901611328124e-06,1.0744297825575,1.0986328125e-09,0.50000415461617,0.087472149263622,0.08747526953298
4.7912597656249e-06,1.0744297826174,1.0986328125e-09,0.50000415556884,0.087472145376006,0.087475266360997
4.7923583984374e-06,1.074429783029,1.0986328125e-09,0.50000415652152,0.087472141488389,0.087475263189014
4.7934570312499e-06,1.0744297830901,1.0986328125e-09,0.5000041574742,0.087472137600773,0.087475260017032
4.7945556640624e-06,1.074429783503,1.0986328125e-09,0.50000415842688,0.087472133713156,0.087475256845049
4.7956542968749e-06,1.0744297835652,1.0986328125e-09,0.50000415937956,0.087472129825539,0.087475253673066
4.7967529296874e-06,1.0744297839795,1.0986328125e-09,0.50000416033224,0.087472125937923,0.087475250501084
4.7978515624999e-06,1.0744297840429,1.0986328125e-09,0.50000416128491,0.087472122050307,0.087475247329101
4.7989501953124e-06,1.0744297844585,1.0986328125e-09,0.50000416223759,0.08747211816269,0.087475244157119
4.8000488281249e-06,1.0744297845231,1.0986328125e-09,0.50000416319027,0.087472114275074,0.087475240985136
4.8011474609374e-06,1.0744297849401,1.0986328125e-09,0.50000416414294,0.087472110387457,0.087475237813153
4.8022460937499e-06,1.0744297850058,1.0986328125e-09,0.50000416509562,0.087472106499841,0.087475234641171
4.8033447265624e-06,1.0744297854241,1.0986328125e-09,0.50000416604829,0.087472102612225,0.087475231469188
4.8044433593749e-06,1.074429785491,1.0986328125e-09,0.50000416700097,0.087472098724608,0.087475228297206
4.8055419921874e-06,1.0744297859107,1.0986328125e-09,0.50000416795364,0.087472094836992,0.087475225125224
4.8066406249999e-06,1.0744297859787,1.0986328125e-09,0.50000416890632,0.087472090949376,0.087475221953241
4.8077392578124e-06,1.0744297863998,1.0986328125e-09,0.50000416985899,0.08747208706176,0.087475218781259
4.8088378906249e-06,1.074429786469,1.0986328125e-09,0.50000417081167,0.087472083174144,0.087475215609276
4.8099365234374e-06,1.0744297868914,1.0986328125e-09,0.50000417176434,0.087472079286527,0.087475212437294
4.8110351562499e-06,1.0744297869617,1.0986328125e-09,0.50000417271701,0.087472075398911,0.087475209265312
4.8121337890624e-06,1.0744297873855,1.0986328125e-09,0.50000417366969,0.087472071511295,0.087475206093329
4.8132324218749e-06,1.074429787457,1.0986328125e-09,0.50000417462236,0.087472067623679,0.087475202921347
4.8143310546874e-06,1.0744297878821,1.0986328125e-09,0.50000417557503,0.087472063736063,0.087475199749365
4.8154296874999e-06,1.0744297879547,1.0986328125e-09,0.5000041765277,0.087472059848447,0.087475196577383
4.8165283203124e-06,1.0744297883812,1.0986328125e-09,0.50000417748038,0.087472055960831,0.087475193405401
4.8176269531249e-06,1.074429788455,1.0986328125e-09,0.50000417843305,0.087472052073215,0.087475190233418
4.8187255859374e-06,1.0744297888829,1.0986328125e-09,0.50000417938572,0.087472048185599,0.087475187061436
4.8198242187499e-06,1.0744297889578,1.0986328125e-09,0.50000418033839,0.087472044297983,0.087475183889454
4.8209228515624e-06,1.074429789387,1.0986328125e-09,0.50000418129106,0.087472040410367,0.087475180717472
4.8220214843749e-06,1.0744297894631,1.0986328125e-09,0.50000418224373,0.087472036522751,0.08747517754549
4.8231201171874e-06,1.0744297898937,1.0986328125e-09,0.5000041831964,0.087472032635136,0.087475174373508
4.8242187499999e-06,1.074429789971,1.0986328125e-09,0.50000418414907,0.08747202874752,0.087475171201526
4.8253173828124e-06,1.0744297904029,1.0986328125e-09,0.50000418510174,0.087472024859904,0.087475168029544
4.8264160156249e-06,1.0744297904813,1.0986328125e-09,0.50000418605441,0.087472020972288,0.087475164857562
4.8275146484374e-06,1.0744297909146,1.0986328125e-09,0.50000418700708,0.087472017084672,0.08747516168558
4.8286132812499e-06,1.0744297909941,1.0986328125e-09,0.50000418795974,0.087472013197057,0.087475158513598
4.8297119140624e-06,1.0744297914288,1.0986328125e-09,0.50000418891241,0.087472009309441,0.087475155341616
4.8308105468749e-06,1.0744297915095,1.0986328125e-09,0.50000418986508,0.087472005421825,0.087475152169634
4.8319091796874e-06,1.0744297919455,1.0986328125e-09,0.50000419081775,0.08747200153421,0.087475148997653
4.8330078124999e-06,1.0744297920274,1.0986328125e-09,0.50000419177041,0.087471997646594,0.087475145825671
4.8341064453124e-06,1.0744297924647,1.0986328125e-09,0.50000419272308,0.087471993758979,0.087475142653689
4.8352050781249e-06,1.0744297925478,1.0986328125e-09,0.50000419367575,0.087471989871363,0.087475139481707
4.8363037109375e-06,1.0744297929865,1.0986328125e-09,0.50000419462841,0.087471985983748,0.087475136309725
4.83740234375e-06,1.0744297930707,1.0986328125e-09,0.50000419558108,0.087471982096132,0.087475133137744
4.8385009765625e-06,1.0744297935107,1.0986328125e-09,0.50000419653374,0.087471978208517,0.087475129965762
4.839599609375e-06,1.0744297935961,1.0986328125e-09,0.50000419748641,0.087471974320901,0.08747512679378
4.8406982421875e-06,1.0744297940375,1.0986328125e-09,0.50000419843907,0.087471970433286,0.087475123621799
4.841796875e-06,1.074429794124,1.0986328125e-09,0.50000419939174,0.08747196654567,0.087475120449817
4.8428955078125e-06,1.0744297945668,1.0986328125e-09,0.5000042003444,0.087471962658055,0.087475117277836
4.843994140625e-06,1.0744297946544,1.0986328125e-09,0.50000420129706,0.08747195877044,0.087475114105854
4.8450927734375e-06,1.0744297950986,1.0986328125e-09,0.50000420224973,0.087471954882824,0.087475110933872
4.84619140625e-06,1.0744297951874,1.0986328125e-09,0.50000420320239,0.087471950995209,0.087475107761891
4.8472900390625e-06,1.0744297956329,1.0986328125e-09,0.50000420415505,0.087471947107594,0.087475104589909
4.848388671875e-06,1.0744297957228,1.0986328125e-09,0.50000420510771,0.087471943219978,0.087475101417928
4.8494873046875e-06,1.0744297961697,1.0986328125e-09,0.50000420606038,0.087471939332363,0.087475098245947
4.8505859375e-06,1.0744297962608,1.0986328125e-09,0.50000420701304,0.087471935444748,0.087475095073965
4.8516845703125e-06,1.074429796709,1.0986328125e-09,0.5000042079657,0.087471931557133,0.087475091901984
4.852783203125e-06,1.0744297968013,1.0986328125e-09,0.50000420891836,0.087471927669518,0.087475088730002
4.8538818359375e-06,1.0744297972509,1.0986328125e-09,0.50000420987102,0.087471923781903,0.087475085558021
4.85498046875e-06,1.0744297973443,1.0986328125e-09,0.50000421082368,0.087471919894288,0.08747508238604
4.8560791015625e-06,1.0744297977952,1.0986328125e-09,0.50000421177634,0.087471916006673,0.087475079214059
4.857177734375e-06,1.0744297978898,1.0986328125e-09,0.500004212729,0.087471912119058,0.087475076042077
4.8582763671875e-06,1.0744297983421,1.0986328125e-09,0.50000421368166,0.087471908231443,0.087475072870096
4.859375e-06,1.0744297984378,1.0986328125e-09,0.50000421463432,0.087471904343828,0.087475069698115
4.8604736328125e-06,1.0744297988915,1.0986328125e-09,0.50000421558698,0.087471900456213,0.087475066526134
4.861572265625e-06,1.0744297989884,1.0986328125e-09,0.50000421653963,0.087471896568598,0.087475063354152
4.8626708984375e-06,1.0744297994434,1.0986328125e-09,0.50000421749229,0.087471892680983,0.087475060182171
4.86376953125e-06,1.0744297995414,1.0986328125e-09,0.50000421844495,0.087471888793368,0.08747505701019
4.8648681640625e-06,1.0744297999978,1.0986328125e-09,0.50000421939761,0.087471884905753,0.087475053838209
4.865966796875e-06,1.074429800097,1.0986328125e-09,0.50000422035026,0.087471881018138,0.087475050666228
4.8670654296875e-06,1.0744298005547,1.0986328125e-09,0.50000422130292,0.087471877130524,0.087475047494247
4.8681640625e-06,1.0744298006551,1.0986328125e-09,0.50000422225558,0.087471873242909,0.087475044322266
4.8692626953125e-06,1.0744298011141,1.0986328125e-09,0.50000422320823,0.087471869355294,0.087475041150285
4.870361328125e-06,1.0744298012156,1.0986328125e-09,0.50000422416089,0.087471865467679,0.087475037978304
4.8714599609375e-06,1.0744298016761,1.0986328125e-09,0.50000422511354,0.087471861580065,0.087475034806323
4.87255859375e-06,1.0744298017787,1.0986328125e-09,0.5000042260662,0.08747185769245,0.087475031634342
4.8736572265625e-06,1.0744298022405,1.0986328125e-09,0.50000422701885,0.087471853804835,0.087475028462361
4.874755859375e-06,1.0744298023444,1.0986328125e-09,0.50000422797151,0.087471849917221,0.08747502529038
4.8758544921875e-06,1.0744298028075,1.0986328125e-09,0.50000422892416,0.087471846029606,0.0874750221184
4.876953125e-06,1.0744298029125,1.0986328125e-09,0.50000422987682,0.087471842141992,0.087475018946419
4.8780517578125e-06,1.074429803377,1.0986328125e-09,0.50000423082947,0.087471838254377,0.087475015774438
4.879150390625e-06,1.0744298034831,1.0986328125e-09,0.50000423178212,0.087471834366763,0.087475012602457
4.8802490234375e-06,1.074429803949,1.0986328125e-09,0.50000423273478,0.087471830479148,0.087475009430476
4.88134765625e-06,1.0744298040563,1.0986328125e-09,0.50000423368743,0.087471826591534,0.087475006258496
4.8824462890625e-06,1.0744298045235,1.0986328125e-09,0.50000423464008,0.087471822703919,0.087475003086515
4.883544921875e-06,1.0744298046319,1.0986328125e-09,0.50000423559273,0.087471818816305,0.087474999914534
4.8846435546875e-06,1.0744298051005,1.0986328125e-09,0.50000423654538,0.087471814928691,0.087474996742554
4.8857421875e-06,1.0744298052101,1.0986328125e-09,0.50000423749803,0.087471811041076,0.087474993570573
4.8868408203125e-06,1.07442980568,1.0986328125e-09,0.50000423845069,0.087471807153462,0.087474990398593
4.887939453125e-06,1.0744298057908,1.0986328125e-09,0.50000423940334,0.087471803265848,0.087474987226612
4.8890380859375e-06,1.0744298062621,1.0986328125e-09,0.50000424035599,0.087471799378233,0.087474984054631
4.89013671875e-06,1.074429806374,1.0986328125e-09,0.50000424130864,0.087471795490619,0.087474980882651
4.8912353515625e-06,1.0744298068466,1.0986328125e-09,0.50000424226129,0.087471791603005,0.087474977710671
4.892333984375e-06,1.0744298069597,1.0986328125e-09,0.50000424321393,0.087471787715391,0.08747497453869
4.8934326171875e-06,1.0744298074337,1.0986328125e-09,0.50000424416658,0.087471783827777,0.08747497136671
4.89453125e-06,1.074429807548,1.0986328125e-09,0.50000424511923,0.087471779940163,0.087474968194729
4.8956298828125e-06,1.0744298080233,1.0986328125e-09,0.50000424607188,0.087471776052548,0.087474965022749
4.896728515625e-06,1.0744298081387,1.0986328125e-09,0.50000424702453,0.087471772164934,0.087474961850769
4.8978271484375e-06,1.0744298086154,1.0986328125e-09,0.50000424797718,0.08747176827732,0.087474958678788
4.89892578125e-06,1.074429808732,1.0986328125e-09,0.50000424892982,0.087471764389706,0.087474955506808
4.9000244140625e-06,1.07442980921,1.0986328125e-09,0.50000424988247,0.087471760502092,0.087474952334828
4.901123046875e-06,1.0744298093277,1.0986328125e-09,0.50000425083512,0.087471756614478,0.087474949162847
4.9022216796875e-06,1.0744298098071,1.0986328125e-09,0.50000425178776,0.087471752726864,0.087474945990867
4.9033203125e-06,1.074429809926,1.0986328125e-09,0.50000425274041,0.087471748839251,0.087474942818887
4.9044189453125e-06,1.0744298104068,1.0986328125e-09,0.50000425369305,0.087471744951637,0.087474939646907
4.905517578125e-06,1.0744298105268,1.0986328125e-09,0.5000042546457,0.087471741064023,0.087474936474927
4.9066162109375e-06,1.0744298110089,1.0986328125e-09,0.50000425559834,0.087471737176409,0.087474933302946
4.90771484375e-06,1.0744298111301,1.0986328125e-09,0.50000425655099,0.087471733288795,0.087474930130966
4.9088134765625e-06,1.0744298116136,1.0986328125e-09,0.50000425750363,0.087471729401181,0.087474926958986
4.909912109375e-06,1.0744298117359,1.0986328125e-09,0.50000425845628,0.087471725513568,0.087474923787006
4.9110107421875e-06,1.0744298122208,1.0986328125e-09,0.50000425940892,0.087471721625954,0.087474920615026
4.912109375e-06,1.0744298123443,1.0986328125e-09,0.50000426036156,0.08747171773834,0.087474917443046
4.9132080078125e-06,1.0744298128305,1.0986328125e-09,0.50000426131421,0.087471713850726,0.087474914271066
4.914306640625e-06,1.0744298129551,1.0986328125e-09,0.50000426226685,0.087471709963113,0.087474911099086
4.9154052734375e-06,1.0744298134427,1.0986328125e-09,0.50000426321949,0.087471706075499,0.087474907927106
4.91650390625e-06,1.0744298135685,1.0986328125e-09,0.50000426417213,0.087471702187886,0.087474904755126
4.9176025390625e-06,1.0744298140574,1.0986328125e-09,0.50000426512477,0.087471698300272,0.087474901583146
4.918701171875e-06,1.0744298141843,1.0986328125e-09,0.50000426607742,0.087471694412658,0.087474898411167
4.9197998046875e-06,1.0744298146746,1.0986328125e-09,0.50000426703006,0.087471690525045,0.087474895239187
4.9208984375e-06,1.0744298148027,1.0986328125e-09,0.5000042679827,0.087471686637431,0.087474892067207
4.9219970703125e-06,1.0744298152944,1.0986328125e-09,0.50000426893534,0.087471682749818,0.087474888895227
4.923095703125e-06,1.0744298154236,1.0986328125e-09,0.50000426988798,0.087471678862205,0.087474885723247
4.9241943359375e-06,1.0744298159166,1.0986328125e-09,0.50000427084062,0.087471674974591,0.087474882551268
4.92529296875e-06,1.074429816047,1.0986328125e-09,0.50000427179326,0.087471671086978,0.087474879379288
4.9263916015625e-06,1.0744298165414,1.0986328125e-09,0.5000042727459,0.087471667199364,0.087474876207308
4.927490234375e-06,1.074429816673,1.0986328125e-09,0.50000427369853,0.087471663311751,0.087474873035329
4.9285888671875e-06,1.0744298171687,1.0986328125e-09,0.50000427465117,0.087471659424138,0.087474869863349
4.9296875e-06,1.0744298173014,1.0986328125e-09,0.50000427560381,0.087471655536524,0.087474866691369
4.9307861328125e-06,1.0744298177985,1.0986328125e-09,0.50000427655645,0.087471651648911,0.08747486351939
4.931884765625e-06,1.0744298179323,1.0986328125e-09,0.50000427750909,0.087471647761298,0.08747486034741
4.9329833984375e-06,1.0744298184308,1.0986328125e-09,0.50000427846172,0.087471643873685,0.087474857175431
4.93408203125e-06,1.0744298185658,1.0986328125e-09,0.50000427941436,0.087471639986072,0.087474854003451
4.9351806640625e-06,1.0744298190656,1.0986328125e-09,0.500004280367,0.087471636098458,0.087474850831472
4.936279296875e-06,1.0744298192018,1.0986328125e-09,0.50000428131963,0.087471632210845,0.087474847659492
4.9373779296875e-06,1.0744298197029,1.0986328125e-09,0.50000428227227,0.087471628323232,0.087474844487513
4.9384765625e-06,1.0744298198403,1.0986328125e-09,0.5000042832249,0.087471624435619,0.087474841315533
4.9395751953125e-06,1.0744298203428,1.0986328125e-09,0.50000428417754,0.087471620548006,0.087474838143554
4.940673828125e-06,1.0744298204813,1.0986328125e-09,0.50000428513017,0.087471616660393,0.087474834971575
4.9417724609375e-06,1.0744298209851,1.0986328125e-09,0.50000428608281,0.08747161277278,0.087474831799595
4.94287109375e-06,1.0744298211248,1.0986328125e-09,0.50000428703544,0.087471608885167,0.087474828627616
4.9439697265625e-06,1.07442982163,1.0986328125e-09,0.50000428798808,0.087471604997554,0.087474825455637
4.945068359375e-06,1.0744298217708,1.0986328125e-09,0.50000428894071,0.087471601109941,0.087474822283657
4.9461669921875e-06,1.0744298222774,1.0986328125e-09,0.50000428989334,0.087471597222328,0.087474819111678
4.947265625e-06,1.0744298224194,1.0986328125e-09,0.50000429084598,0.087471593334716,0.087474815939699
4.9483642578125e-06,1.0744298229273,1.0986328125e-09,0.50000429179861,0.087471589447103,0.08747481276772
4.949462890625e-06,1.0744298230704,1.0986328125e-09,0.50000429275124,0.08747158555949,0.087474809595741
4.9505615234375e-06,1.0744298235797,1.0986328125e-09,0.50000429370387,0.087471581671877,0.087474806423761
4.95166015625e-06,1.074429823724,1.0986328125e-09,0.5000042946565,0.087471577784264,0.087474803251782
4.9527587890625e-06,1.0744298242346,1.0986328125e-09,0.50000429560913,0.087471573896652,0.087474800079803
4.953857421875e-06,1.0744298243801,1.0986328125e-09,0.50000429656177,0.087471570009039,0.087474796907824
4.9549560546875e-06,1.0744298248921,1.0986328125e-09,0.5000042975144,0.087471566121426,0.087474793735845
4.9560546875e-06,1.0744298250387,1.0986328125e-09,0.50000429846703,0.087471562233814,0.087474790563866
4.9571533203125e-06,1.074429825552,1.0986328125e-09,0.50000429941966,0.087471558346201,0.087474787391887
4.958251953125e-06,1.0744298256998,1.0986328125e-09,0.50000430037229,0.087471554458588,0.087474784219908
4.9593505859375e-06,1.0744298262145,1.0986328125e-09,0.50000430132491,0.087471550570976,0.087474781047929
4.96044921875e-06,1.0744298263634,1.0986328125e-09,0.50000430227754,0.087471546683363,0.08747477787595
4.9615478515625e-06,1.0744298268795,1.0986328125e-09,0.50000430323017,0.087471542795751,0.087474774703971
4.962646484375e-06,1.0744298270295,1.0986328125e-09,0.5000043041828,0.087471538908138,0.087474771531993
4.9637451171875e-06,1.0744298275469,1.0986328125e-09,0.50000430513543,0.087471535020526,0.087474768360014
4.96484375e-06,1.0744298276982,1.0986328125e-09,0.50000430608806,0.087471531132913,0.087474765188035
4.9659423828125e-06,1.074429828217,1.0986328125e-09,0.50000430704068,0.087471527245301,0.087474762016056
4.967041015625e-06,1.0744298283693,1.0986328125e-09,0.50000430799331,0.087471523357689,0.087474758844077
4.9681396484375e-06,1.0744298288895,1.0986328125e-09,0.50000430894594,0.087471519470076,0.087474755672099
4.96923828125e-06,1.074429829043,1.0986328125e-09,0.50000430989856,0.087471515582464,0.08747475250012
4.9703369140625e-06,1.0744298295645,1.0986328125e-09,0.50000431085119,0.087471511694852,0.087474749328141
4.971435546875e-06,1.0744298297192,1.0986328125e-09,0.50000431180381,0.087471507807239,0.087474746156163
4.9725341796875e-06,1.074429830242,1.0986328125e-09,0.50000431275644,0.087471503919627,0.087474742984184
4.9736328125e-06,1.0744298303979,1.0986328125e-09,0.50000431370906,0.087471500032015,0.087474739812205
4.9747314453125e-06,1.0744298309221,1.0986328125e-09,0.50000431466169,0.087471496144403,0.087474736640227
4.975830078125e-06,1.0744298310791,1.0986328125e-09,0.50000431561431,0.087471492256791,0.087474733468248
4.9769287109375e-06,1.0744298316047,1.0986328125e-09,0.50000431656694,0.087471488369178,0.08747473029627
4.97802734375e-06,1.0744298317628,1.0986328125e-09,0.50000431751956,0.087471484481566,0.087474727124291
4.9791259765625e-06,1.0744298322898,1.0986328125e-09,0.50000431847218,0.087471480593954,0.087474723952313
4.980224609375e-06,1.0744298324491,1.0986328125e-09,0.50000431942481,0.087471476706342,0.087474720780334
4.9813232421875e-06,1.0744298329774,1.0986328125e-09,0.50000432037743,0.08747147281873,0.087474717608356
4.982421875e-06,1.0744298331378,1.0986328125e-09,0.50000432133005,0.087471468931118,0.087474714436377
4.9835205078125e-06,1.0744298336675,1.0986328125e-09,0.50000432228267,0.087471465043506,0.087474711264399
4.984619140625e-06,1.0744298338291,1.0986328125e-09,0.5000043232353,0.087471461155894,0.087474708092421
4.9857177734375e-06,1.0744298343601,1.0986328125e-09,0.50000432418792,0.087471457268282,0.087474704920442
4.98681640625e-06,1.0744298345229,1.0986328125e-09,0.50000432514054,0.08747145338067,0.087474701748464
4.9879150390625e-06,1.0744298350552,1.0986328125e-09,0.50000432609316,0.087471449493058,0.087474698576486
4.989013671875e-06,1.0744298352192,1.0986328125e-09,0.50000432704578,0.087471445605446,0.087474695404507
4.9901123046875e-06,1.0744298357529,1.0986328125e-09,0.5000043279984,0.087471441717835,0.087474692232529
4.9912109375e-06,1.074429835918,1.0986328125e-09,0.50000432895102,0.087471437830223,0.087474689060551
4.9923095703125e-06,1.0744298364531,1.0986328125e-09,0.50000432990364,0.087471433942611,0.087474685888573
4.993408203125e-06,1.0744298366193,1.0986328125e-09,0.50000433085626,0.087471430054999,0.087474682716595
4.9945068359375e-06,1.0744298371557,1.0986328125e-09,0.50000433180888,0.087471426167388,0.087474679544616
4.99560546875e-06,1.0744298373231,1.0986328125e-09,0.5000043327615,0.087471422279776,0.087474676372638
4.9967041015625e-06,1.0744298378609,1.0986328125e-09,0.50000433371411,0.087471418392164,0.08747467320066
4.997802734375e-06,1.0744298380295,1.0986328125e-09,0.50000433466673,0.087471414504553,0.087474670028682
4.9989013671875e-06,1.0744298385686,1.0986328125e-09,0.50000433561935,0.087471410616941,0.087474666856704
5e-06,1.0744298387384,1.0986328125e-09,0.50000433657197,0.087471406729329,0.087474663684726
5.0010986328125e-06,1.0744298392789,1.0986328125e-09,0.50000433752458,0.087471402841718,0.087474660512748
5.002197265625e-06,1.0744298394497,1.0986328125e-09,0.5000043384772,0.087471398954106,0.08747465734077
5.0032958984375e-06,1.0744298399916,1.0986328125e-09,0.50000433942982,0.087471395066495,0.087474654168792
5.00439453125e-06,1.0744298401636,1.0986328125e-09,0.50000434038243,0.087471391178883,0.087474650996814
5.0054931640625e-06,1.0744298407068,1.0986328125e-09,0.50000434133505,0.087471387291272,0.087474647824836
5.006591796875e-06,1.07442984088,1.0986328125e-09,0.50000434228766,0.08747138340366,0.087474644652859
5.0076904296875e-06,1.0744298414246,1.0986328125e-09,0.50000434324028,0.087471379516049,0.087474641480881
5.0087890625e-06,1.0744298415989,1.0986328125e-09,0.50000434419289,0.087471375628438,0.087474638308903
5.0098876953125e-06,1.0744298421449,1.0986328125e-09,0.5000043451455,0.087471371740826,0.087474635136925
5.010986328125e-06,1.0744298423204,1.0986328125e-09,0.50000434609812,0.087471367853215,0.087474631964947
5.0120849609375e-06,1.0744298428677,1.0986328125e-09,0.50000434705073,0.087471363965604,0.08747462879297
5.01318359375e-06,1.0744298430443,1.0986328125e-09,0.50000434800335,0.087471360077992,0.087474625620992
5.0142822265625e-06,1.074429843593,1.0986328125e-09,0.50000434895596,0.087471356190381,0.087474622449014
5.015380859375e-06,1.0744298437708,1.0986328125e-09,0.50000434990857,0.08747135230277,0.087474619277037
5.0164794921875e-06,1.0744298443208,1.0986328125e-09,0.50000435086118,0.087471348415159,0.087474616105059
5.017578125e-06,1.0744298444997,1.0986328125e-09,0.50000435181379,0.087471344527547,0.087474612933081
5.0186767578125e-06,1.0744298450511,1.0986328125e-09,0.50000435276641,0.087471340639936,0.087474609761104
5.019775390625e-06,1.0744298452312,1.0986328125e-09,0.50000435371902,0.087471336752325,0.087474606589126
5.0208740234375e-06,1.0744298457839,1.0986328125e-09,0.50000435467163,0.087471332864714,0.087474603417149
5.02197265625e-06,1.0744298459652,1.0986328125e-09,0.50000435562424,0.087471328977103,0.087474600245171
5.0230712890625e-06,1.0744298465193,1.0986328125e-09,0.50000435657685,0.087471325089492,0.087474597073194
5.024169921875e-06,1.0744298467017,1.0986328125e-09,0.50000435752946,0.087471321201881,0.087474593901216
5.0252685546875e-06,1.0744298472572,1.0986328125e-09,0.50000435848207,0.08747131731427,0.087474590729239
5.0263671875e-06,1.0744298474408,1.0986328125e-09,0.50000435943468,0.087471313426659,0.087474587557261
5.0274658203125e-06,1.0744298479975,1.0986328125e-09,0.50000436038729,0.087471309539048,0.087474584385284
5.028564453125e-06,1.0744298481823,1.0986328125e-09,0.5000043613399,0.087471305651437,0.087474581213307
5.0296630859375e-06,1.0744298487404,1.0986328125e-09,0.5000043622925,0.087471301763826,0.087474578041329
5.03076171875e-06,1.0744298489263,1.0986328125e-09,0.50000436324511,0.087471297876216,0.087474574869352
5.0318603515625e-06,1.0744298494859,1.0986328125e-09,0.50000436419772,0.087471293988605,0.087474571697375
5.032958984375e-06,1.0744298496729,1.0986328125e-09,0.50000436515033,0.087471290100994,0.087474568525397
5.0340576171875e-06,1.0744298502338,1.0986328125e-09,0.50000436610293,0.087471286213383,0.08747456535342
5.03515625e-06,1.074429850422,1.0986328125e-09,0.50000436705554,0.087471282325772,0.087474562181443
5.0362548828125e-06,1.0744298509842,1.0986328125e-09,0.50000436800815,0.087471278438162,0.087474559009466
5.037353515625e-06,1.0744298511736,1.0986328125e-09,0.50000436896075,0.087471274550551,0.087474555837489
5.0384521484375e-06,1.0744298517372,1.0986328125e-09,0.50000436991336,0.08747127066294,0.087474552665512
5.03955078125e-06,1.0744298519277,1.0986328125e-09,0.50000437086596,0.08747126677533,0.087474549493534
5.0406494140625e-06,1.0744298524926,1.0986328125e-09,0.50000437181857,0.087471262887719,0.087474546321557
5.041748046875e-06,1.0744298526843,1.0986328125e-09,0.50000437277117,0.087471259000108,0.08747454314958
5.0428466796875e-06,1.0744298532506,1.0986328125e-09,0.50000437372378,0.087471255112498,0.087474539977603
5.0439453125e-06,1.0744298534434,1.0986328125e-09,0.50000437467638,0.087471251224887,0.087474536805626
5.0450439453125e-06,1.0744298540111,1.0986328125e-09,0.50000437562899,0.087471247337277,0.087474533633649
5.046142578125e-06,1.0744298542051,1.0986328125e-09,0.50000437658159,0.087471243449666,0.087474530461672
5.0472412109375e-06,1.0744298547741,1.0986328125e-09,0.50000437753419,0.087471239562056,0.087474527289695
5.04833984375e-06,1.0744298549693,1.0986328125e-09,0.50000437848679,0.087471235674445,0.087474524117718
5.0494384765625e-06,1.0744298555396,1.0986328125e-09,0.5000043794394,0.087471231786835,0.087474520945741
5.050537109375e-06,1.0744298557359,1.0986328125e-09,0.500004380392,0.087471227899225,0.087474517773765
5.0516357421875e-06,1.0744298563077,1.0986328125e-09,0.5000043813446,0.087471224011614,0.087474514601788
5.052734375e-06,1.0744298565051,1.0986328125e-09,0.5000043822972,0.087471220124004,0.087474511429811
5.0538330078125e-06,1.0744298570782,1.0986328125e-09,0.5000043832498,0.087471216236394,0.087474508257834
5.054931640625e-06,1.0744298572768,1.0986328125e-09,0.5000043842024,0.087471212348783,0.087474505085857
5.0560302734375e-06,1.0744298578513,1.0986328125e-09,0.500004385155,0.087471208461173,0.087474501913881
5.05712890625e-06,1.074429858051,1.0986328125e-09,0.5000043861076,0.087471204573563,0.087474498741904
5.0582275390625e-06,1.0744298586268,1.0986328125e-09,0.5000043870602,0.087471200685953,0.087474495569927
5.059326171875e-06,1.0744298588278,1.0986328125e-09,0.5000043880128,0.087471196798343,0.087474492397951
5.0604248046875e-06,1.0744298594049,1.0986328125e-09,0.5000043889654,0.087471192910732,0.087474489225974
5.0615234375e-06,1.074429859607,1.0986328125e-09,0.500004389918,0.087471189023122,0.087474486053997
5.0626220703125e-06,1.0744298601855,1.0986328125e-09,0.5000043908706,0.087471185135512,0.087474482882021
5.063720703125e-06,1.0744298603888,1.0986328125e-09,0.5000043918232,0.087471181247902,0.087474479710044
5.0648193359375e-06,1.0744298609686,1.0986328125e-09,0.5000043927758,0.087471177360292,0.087474476538068
5.06591796875e-06,1.074429861173,1.0986328125e-09,0.50000439372839,0.087471173472682,0.087474473366091
5.0670166015625e-06,1.0744298617543,1.0986328125e-09,0.50000439468099,0.087471169585072,0.087474470194115
5.068115234375e-06,1.0744298619598,1.0986328125e-09,0.50000439563359,0.087471165697462,0.087474467022138
5.0692138671875e-06,1.0744298625424,1.0986328125e-09,0.50000439658618,0.087471161809852,0.087474463850162
5.0703125e-06,1.0744298627491,1.0986328125e-09,0.50000439753878,0.087471157922242,0.087474460678185
5.0714111328125e-06,1.0744298633331,1.0986328125e-09,0.50000439849138,0.087471154034632,0.087474457506209
5.072509765625e-06,1.0744298635409,1.0986328125e-09,0.50000439944397,0.087471150147023,0.087474454334233
5.0736083984375e-06,1.0744298641263,1.0986328125e-09,0.50000440039657,0.087471146259413,0.087474451162256
5.07470703125e-06,1.0744298643353,1.0986328125e-09,0.50000440134916,0.087471142371803,0.08747444799028
5.0758056640625e-06,1.0744298649219,1.0986328125e-09,0.50000440230176,0.087471138484193,0.087474444818304
5.076904296875e-06,1.0744298651321,1.0986328125e-09,0.50000440325435,0.087471134596583,0.087474441646327
5.0780029296875e-06,1.0744298657201,1.0986328125e-09,0.50000440420694,0.087471130708974,0.087474438474351
5.0791015625e-06,1.0744298659315,1.0986328125e-09,0.50000440515954,0.087471126821364,0.087474435302375
5.0802001953125e-06,1.0744298665208,1.0986328125e-09,0.50000440611213,0.087471122933754,0.087474432130399
5.081298828125e-06,1.0744298667333,1.0986328125e-09,0.50000440706472,0.087471119046145,0.087474428958423
5.0823974609375e-06,1.0744298673241,1.0986328125e-09,0.50000440801732,0.087471115158535,0.087474425786446
5.08349609375e-06,1.0744298675377,1.0986328125e-09,0.50000440896991,0.087471111270926,0.08747442261447
5.0845947265625e-06,1.0744298681298,1.0986328125e-09,0.5000044099225,0.087471107383316,0.087474419442494
5.085693359375e-06,1.0744298683446,1.0986328125e-09,0.50000441087509,0.087471103495706,0.087474416270518
5.0867919921875e-06,1.0744298689381,1.0986328125e-09,0.50000441182768,0.087471099608097,0.087474413098542
5.087890625e-06,1.074429869154,1.0986328125e-09,0.50000441278027,0.087471095720488,0.087474409926566
5.0889892578125e-06,1.0744298697488,1.0986328125e-09,0.50000441373286,0.087471091832878,0.08747440675459
5.090087890625e-06,1.074429869966,1.0986328125e-09,0.50000441468545,0.087471087945269,0.087474403582614
5.0911865234375e-06,1.0744298705621,1.0986328125e-09,0.50000441563804,0.087471084057659,0.087474400410638
5.09228515625e-06,1.0744298707804,1.0986328125e-09,0.50000441659063,0.08747108017005,0.087474397238662
5.0933837890625e-06,1.0744298713779,1.0986328125e-09,0.50000441754322,0.08747107628244,0.087474394066687
5.094482421875e-06,1.0744298715974,1.0986328125e-09,0.50000441849581,0.087471072394831,0.087474390894711
5.0955810546875e-06,1.0744298721962,1.0986328125e-09,0.5000044194484,0.087471068507222,0.087474387722735
5.0966796875e-06,1.0744298724168,1.0986328125e-09,0.50000442040099,0.087471064619613,0.087474384550759
5.0977783203125e-06,1.0744298730171,1.0986328125e-09,0.50000442135358,0.087471060732003,0.087474381378783
5.098876953125e-06,1.0744298732388,1.0986328125e-09,0.50000442230616,0.087471056844394,0.087474378206807
5.0999755859375e-06,1.0744298738404,1.0986328125e-09,0.50000442325875,0.087471052956785,0.087474375034832
5.10107421875e-06,1.0744298740633,1.0986328125e-09,0.50000442421134,0.087471049069176,0.087474371862856
5.1021728515625e-06,1.0744298746663,1.0986328125e-09,0.50000442516393,0.087471045181567,0.08747436869088
5.103271484375e-06,1.0744298748903,1.0986328125e-09,0.50000442611651,0.087471041293958,0.087474365518905
5.1043701171875e-06,1.0744298754946,1.0986328125e-09,0.5000044270691,0.087471037406348,0.087474362346929
5.10546875e-06,1.0744298757198,1.0986328125e-09,0.50000442802168,0.087471033518739,0.087474359174953
5.1065673828125e-06,1.0744298758258,1.0986328125e-09,0.50000442897427,0.08747102963113,0.087474356002978
5.107666015625e-06,1.074429876529,1.0986328125e-09,0.50000442992685,0.087471025743521,0.087474352831002
5.1087646484375e-06,1.0744298768276,1.0986328125e-09,0.50000443087944,0.087471021855912,0.087474349659027
5.10986328125e-06,1.0744298774933,1.0986328125e-09,0.50000443183202,0.087471017968303,0.087474346487051
5.1109619140625e-06,1.0744298777496,1.0986328125e-09,0.50000443278461,0.087471014080694,0.087474343315076
5.112060546875e-06,1.0744298783803,1.0986328125e-09,0.50000443373719,0.087471010193086,0.0874743401431
5.1131591796875e-06,1.0744298786202,1.0986328125e-09,0.50000443468977,0.087471006305477,0.087474336971125
5.1142578125e-06,1.074429879239,1.0986328125e-09,0.50000443564236,0.087471002417868,0.087474333799149
5.1153564453125e-06,1.0744298794737,1.0986328125e-09,0.50000443659494,0.087470998530259,0.087474330627174
5.116455078125e-06,1.074429880089,1.0986328125e-09,0.50000443754752,0.08747099464265,0.087474327455199
5.1175537109375e-06,1.0744298803224,1.0986328125e-09,0.5000044385001,0.087470990755041,0.087474324283223
5.11865234375e-06,1.0744298809371,1.0986328125e-09,0.50000443945269,0.087470986867433,0.087474321111248
5.1197509765625e-06,1.0744298811706,1.0986328125e-09,0.50000444040527,0.087470982979824,0.087474317939273
5.120849609375e-06,1.0744298817859,1.0986328125e-09,0.50000444135785,0.087470979092215,0.087474314767297
5.1219482421875e-06,1.0744298820201,1.0986328125e-09,0.50000444231043,0.087470975204607,0.087474311595322
5.123046875e-06,1.0744298821355,1.0986328125e-09,0.50000444326301,0.087470971316998,0.087474308423347
5.1241455078125e-06,1.0744298828493,1.0986328125e-09,0.50000444421559,0.087470967429389,0.087474305251372
5.125244140625e-06,1.0744298831568,1.0986328125e-09,0.50000444516817,0.087470963541781,0.087474302079397
5.1263427734375e-06,1.0744298838329,1.0986328125e-09,0.50000444612075,0.087470959654172,0.087474298907422
5.12744140625e-06,1.074429884098,1.0986328125e-09,0.50000444707333,0.087470955766564,0.087474295735446
5.1285400390625e-06,1.0744298847389,1.0986328125e-09,0.50000444802591,0.087470951878955,0.087474292563471
5.129638671875e-06,1.0744298849875,1.0986328125e-09,0.50000444897848,0.087470947991347,0.087474289391496
5.1307373046875e-06,1.0744298856166,1.0986328125e-09,0.50000444993106,0.087470944103738,0.087474286219521
5.1318359375e-06,1.07442988586,1.0986328125e-09,0.50000445088364,0.08747094021613,0.087474283047546
5.1329345703125e-06,1.0744298864855,1.0986328125e-09,0.50000445183622,0.087470936328521,0.087474279875571
5.134033203125e-06,1.0744298867276,1.0986328125e-09,0.5000044527888,0.087470932440913,0.087474276703596
5.1351318359375e-06,1.0744298873525,1.0986328125e-09,0.50000445374137,0.087470928553305,0.087474273531621
5.13623046875e-06,1.0744298875947,1.0986328125e-09,0.50000445469395,0.087470924665696,0.087474270359646
5.1373291015625e-06,1.0744298877184,1.0986328125e-09,0.50000445564652,0.087470920778088,0.087474267187672
5.138427734375e-06,1.0744298884414,1.0986328125e-09,0.5000044565991,0.08747091689048,0.087474264015697
5.1395263671875e-06,1.0744298887566,1.0986328125e-09,0.50000445755168,0.087470913002872,0.087474260843722
5.140625e-06,1.0744298894417,1.0986328125e-09,0.50000445850425,0.087470909115263,0.087474257671747
5.1417236328125e-06,1.0744298897143,1.0986328125e-09,0.50000445945683,0.087470905227655,0.087474254499772
5.142822265625e-06,1.0744298903642,1.0986328125e-09,0.5000044604094,0.087470901340047,0.087474251327798
5.1439208984375e-06,1.0744298906203,1.0986328125e-09,0.50000446136197,0.087470897452439,0.087474248155823
5.14501953125e-06,1.0744298912583,1.0986328125e-09,0.50000446231455,0.087470893564831,0.087474244983848
5.1461181640625e-06,1.0744298915092,1.0986328125e-09,0.50000446326712,0.087470889677223,0.087474241811873
5.147216796875e-06,1.0744298921435,1.0986328125e-09,0.5000044642197,0.087470885789615,0.087474238639899
5.1483154296875e-06,1.0744298923932,1.0986328125e-09,0.50000446517227,0.087470881902007,0.087474235467924
5.1494140625e-06,1.0744298925242,1.0986328125e-09,0.50000446612484,0.087470878014399,0.087474232295949
5.1505126953125e-06,1.0744298932555,1.0986328125e-09,0.50000446707741,0.087470874126791,0.087474229123975
5.151611328125e-06,1.0744298935774,1.0986328125e-09,0.50000446802998,0.087470870239183,0.087474225952
5.1527099609375e-06,1.0744298942702,1.0986328125e-09,0.50000446898256,0.087470866351575,0.087474222780026
5.15380859375e-06,1.0744298945494,1.0986328125e-09,0.50000446993513,0.087470862463967,0.087474219608051
5.1549072265625e-06,1.0744298952068,1.0986328125e-09,0.5000044708877,0.087470858576359,0.087474216436077
5.156005859375e-06,1.0744298954694,1.0986328125e-09,0.50000447184027,0.087470854688751,0.087474213264102
5.1571044921875e-06,1.0744298961149,1.0986328125e-09,0.50000447279284,0.087470850801143,0.087474210092128
5.158203125e-06,1.0744298963722,1.0986328125e-09,0.50000447374541,0.087470846913535,0.087474206920153
5.1593017578125e-06,1.074429897014,1.0986328125e-09,0.50000447469798,0.087470843025928,0.087474203748179
5.160400390625e-06,1.0744298972701,1.0986328125e-09,0.50000447565055,0.08747083913832,0.087474200576205
5.1614990234375e-06,1.0744298974079,1.0986328125e-09,0.50000447660312,0.087470835250712,0.08747419740423
5.16259765625e-06,1.0744298981467,1.0986328125e-09,0.50000447755569,0.087470831363105,0.087474194232256
5.1636962890625e-06,1.074429898475,1.0986328125e-09,0.50000447850825,0.087470827475497,0.087474191060282
5.164794921875e-06,1.0744298991753,1.0986328125e-09,0.50000447946082,0.087470823587889,0.087474187888308
5.1658935546875e-06,1.0744298994609,1.0986328125e-09,0.50000448041339,0.087470819700282,0.087474184716333
5.1669921875e-06,1.0744299001258,1.0986328125e-09,0.50000448136596,0.087470815812674,0.087474181544359
5.1680908203125e-06,1.0744299003948,1.0986328125e-09,0.50000448231852,0.087470811925067,0.087474178372385
5.169189453125e-06,1.0744299010477,1.0986328125e-09,0.50000448327109,0.087470808037459,0.087474175200411
5.1702880859375e-06,1.0744299013114,1.0986328125e-09,0.50000448422366,0.087470804149852,0.087474172028437
5.17138671875e-06,1.0744299019607,1.0986328125e-09,0.50000448517622,0.087470800262244,0.087474168856462
5.1724853515625e-06,1.0744299022231,1.0986328125e-09,0.50000448612879,0.087470796374637,0.087474165684488
5.173583984375e-06,1.0744299023676,1.0986328125e-09,0.50000448708135,0.087470792487029,0.087474162512514
5.1746826171875e-06,1.074429903114,1.0986328125e-09,0.50000448803392,0.087470788599422,0.08747415934054
5.17578125e-06,1.0744299034488,1.0986328125e-09,0.50000448898648,0.087470784711814,0.087474156168566
5.1768798828125e-06,1.0744299041566,1.0986328125e-09,0.50000448993905,0.087470780824207,0.087474152996592
5.177978515625e-06,1.0744299044485,1.0986328125e-09,0.50000449089161,0.0874707769366,0.087474149824618
5.1790771484375e-06,1.0744299051209,1.0986328125e-09,0.50000449184418,0.087470773048992,0.087474146652644
5.18017578125e-06,1.0744299053962,1.0986328125e-09,0.50000449279674,0.087470769161385,0.087474143480671
5.1812744140625e-06,1.0744299060566,1.0986328125e-09,0.5000044937493,0.087470765273778,0.087474140308697
5.182373046875e-06,1.0744299063267,1.0986328125e-09,0.50000449470186,0.087470761386171,0.087474137136723
5.1834716796875e-06,1.0744299064784,1.0986328125e-09,0.50000449565443,0.087470757498564,0.087474133964749
5.1845703125e-06,1.0744299072324,1.0986328125e-09,0.50000449660699,0.087470753610956,0.087474130792775
5.1856689453125e-06,1.074429907573,1.0986328125e-09,0.50000449755955,0.087470749723349,0.087474127620801
5.186767578125e-06,1.0744299082875,1.0986328125e-09,0.50000449851211,0.087470745835742,0.087474124448828
5.1878662109375e-06,1.074429908585,1.0986328125e-09,0.50000449946467,0.087470741948135,0.087474121276854
5.18896484375e-06,1.0744299092637,1.0986328125e-09,0.50000450041723,0.087470738060528,0.08747411810488
5.1900634765625e-06,1.0744299095444,1.0986328125e-09,0.50000450136979,0.087470734172921,0.087474114932906
5.191162109375e-06,1.0744299102111,1.0986328125e-09,0.50000450232235,0.087470730285314,0.087474111760933
5.1922607421875e-06,1.0744299104864,1.0986328125e-09,0.50000450327491,0.087470726397707,0.087474108588959
5.193359375e-06,1.0744299106437,1.0986328125e-09,0.50000450422747,0.0874707225101,0.087474105416986
5.1944580078125e-06,1.0744299114039,1.0986328125e-09,0.50000450518003,0.087470718622493,0.087474102245012
5.195556640625e-06,1.0744299117498,1.0986328125e-09,0.50000450613259,0.087470714734886,0.087474099073038
5.1966552734375e-06,1.0744299124705,1.0986328125e-09,0.50000450708515,0.087470710847279,0.087474095901065
5.19775390625e-06,1.0744299127732,1.0986328125e-09,0.50000450803771,0.087470706959672,0.087474092729091
5.1988525390625e-06,1.0744299134581,1.0986328125e-09,0.50000450899027,0.087470703072066,0.087474089557118
5.199951171875e-06,1.074429913744,1.0986328125e-09,0.50000450994282,0.087470699184459,0.087474086385144
5.2010498046875e-06,1.0744299144168,1.0986328125e-09,0.50000451089538,0.087470695296852,0.087474083213171
5.2021484375e-06,1.0744299146973,1.0986328125e-09,0.50000451184794,0.087470691409245,0.087474080041198
5.2032470703125e-06,1.0744299148601,1.0986328125e-09,0.50000451280049,0.087470687521639,0.087474076869224
5.204345703125e-06,1.0744299156265,1.0986328125e-09,0.50000451375305,0.087470683634032,0.087474073697251
5.2054443359375e-06,1.0744299159777,1.0986328125e-09,0.50000451470561,0.087470679746425,0.087474070525277
5.20654296875e-06,1.0744299167045,1.0986328125e-09,0.50000451565816,0.087470675858819,0.087474067353304
5.2076416015625e-06,1.0744299170124,1.0986328125e-09,0.50000451661072,0.087470671971212,0.087474064181331
5.208740234375e-06,1.0744299177034,1.0986328125e-09,0.50000451756327,0.087470668083605,0.087474061009358
5.2098388671875e-06,1.0744299179945,1.0986328125e-09,0.50000451851583,0.087470664195999,0.087474057837384
5.2109375e-06,1.0744299186734,1.0986328125e-09,0.50000451946838,0.087470660308392,0.087474054665411
5.2120361328125e-06,1.0744299189591,1.0986328125e-09,0.50000452042093,0.087470656420786,0.087474051493438
5.213134765625e-06,1.0744299191274,1.0986328125e-09,0.50000452137349,0.087470652533179,0.087474048321465
5.2142333984375e-06,1.0744299199001,1.0986328125e-09,0.50000452232604,0.087470648645573,0.087474045149492
5.21533203125e-06,1.0744299202565,1.0986328125e-09,0.50000452327859,0.087470644757967,0.087474041977519
5.2164306640625e-06,1.0744299209894,1.0986328125e-09,0.50000452423115,0.08747064087036,0.087474038805545
5.217529296875e-06,1.0744299213025,1.0986328125e-09,0.5000045251837,0.087470636982754,0.087474035633572
5.2186279296875e-06,1.0744299219996,1.0986328125e-09,0.50000452613625,0.087470633095147,0.087474032461599
5.2197265625e-06,1.0744299222959,1.0986328125e-09,0.5000045270888,0.087470629207541,0.087474029289626
5.2208251953125e-06,1.0744299229809,1.0986328125e-09,0.50000452804135,0.087470625319935,0.087474026117653
5.221923828125e-06,1.0744299232719,1.0986328125e-09,0.5000045289939,0.087470621432329,0.08747402294568
5.2230224609375e-06,1.0744299234456,1.0986328125e-09,0.50000452994645,0.087470617544722,0.087474019773708
5.22412109375e-06,1.0744299242245,1.0986328125e-09,0.500004530899,0.087470613657116,0.087474016601735
5.2252197265625e-06,1.0744299245862,1.0986328125e-09,0.50000453185155,0.08747060976951,0.087474013429762
5.226318359375e-06,1.0744299253252,1.0986328125e-09,0.5000045328041,0.087470605881904,0.087474010257789
5.2274169921875e-06,1.0744299256435,1.0986328125e-09,0.50000453375665,0.087470601994298,0.087474007085816
5.228515625e-06,1.0744299263468,1.0986328125e-09,0.5000045347092,0.087470598106691,0.087474003913843
5.2296142578125e-06,1.0744299266483,1.0986328125e-09,0.50000453566175,0.087470594219085,0.08747400074187
5.230712890625e-06,1.0744299273394,1.0986328125e-09,0.5000045366143,0.087470590331479,0.087473997569898
5.2318115234375e-06,1.0744299276356,1.0986328125e-09,0.50000453756685,0.087470586443873,0.087473994397925
5.23291015625e-06,1.0744299278148,1.0986328125e-09,0.50000453851939,0.087470582556267,0.087473991225952
5.2340087890625e-06,1.0744299285999,1.0986328125e-09,0.50000453947194,0.087470578668661,0.08747398805398
5.235107421875e-06,1.0744299289668,1.0986328125e-09,0.50000454042449,0.087470574781055,0.087473984882007
5.2362060546875e-06,1.074429929712,1.0986328125e-09,0.50000454137704,0.087470570893449,0.087473981710034
5.2373046875e-06,1.0744299300355,1.0986328125e-09,0.50000454232958,0.087470567005844,0.087473978538062
5.2384033203125e-06,1.0744299307448,1.0986328125e-09,0.50000454328213,0.087470563118238,0.087473975366089
5.239501953125e-06,1.0744299310516,1.0986328125e-09,0.50000454423467,0.087470559230632,0.087473972194116
5.2406005859375e-06,1.0744299317488,1.0986328125e-09,0.50000454518722,0.087470555343026,0.087473969022144
5.24169921875e-06,1.0744299320502,1.0986328125e-09,0.50000454613976,0.08747055145542,0.087473965850171
5.2427978515625e-06,1.0744299322349,1.0986328125e-09,0.50000454709231,0.087470547567814,0.087473962678199
5.243896484375e-06,1.0744299330263,1.0986328125e-09,0.50000454804485,0.087470543680209,0.087473959506227
5.2449951171875e-06,1.0744299333984,1.0986328125e-09,0.5000045489974,0.087470539792603,0.087473956334254
5.24609375e-06,1.0744299341496,1.0986328125e-09,0.50000454994994,0.087470535904997,0.087473953162282
5.2471923828125e-06,1.0744299344784,1.0986328125e-09,0.50000455090248,0.087470532017392,0.087473949990309
5.248291015625e-06,1.0744299351939,1.0986328125e-09,0.50000455185503,0.087470528129786,0.087473946818337
5.2493896484375e-06,1.0744299355058,1.0986328125e-09,0.50000455280757,0.08747052424218,0.087473943646365
5.25048828125e-06,1.0744299356991,1.0986328125e-09,0.50000455376011,0.087470520354575,0.087473940474392
5.2515869140625e-06,1.0744299364986,1.0986328125e-09,0.50000455471265,0.087470516466969,0.08747393730242
5.252685546875e-06,1.0744299368764,1.0986328125e-09,0.5000045556652,0.087470512579364,0.087473934130448
5.2537841796875e-06,1.0744299376339,1.0986328125e-09,0.50000455661774,0.087470508691758,0.087473930958475
5.2548828125e-06,1.0744299379674,1.0986328125e-09,0.50000455757028,0.087470504804153,0.087473927786503
5.2559814453125e-06,1.0744299386882,1.0986328125e-09,0.50000455852282,0.087470500916547,0.087473924614531
5.257080078125e-06,1.0744299390045,1.0986328125e-09,0.50000455947536,0.087470497028942,0.087473921442559
5.2581787109375e-06,1.0744299392023,1.0986328125e-09,0.5000045604279,0.087470493141337,0.087473918270587
5.25927734375e-06,1.0744299400068,1.0986328125e-09,0.50000456138044,0.087470489253731,0.087473915098615
5.2603759765625e-06,1.0744299403889,1.0986328125e-09,0.50000456233298,0.087470485366126,0.087473911926643
5.261474609375e-06,1.0744299411512,1.0986328125e-09,0.50000456328552,0.087470481478521,0.087473908754671
5.2625732421875e-06,1.0744299414888,1.0986328125e-09,0.50000456423806,0.087470477590915,0.087473905582699
5.263671875e-06,1.0744299422144,1.0986328125e-09,0.50000456519059,0.08747047370331,0.087473902410726
5.2647705078125e-06,1.0744299425348,1.0986328125e-09,0.50000456614313,0.087470469815705,0.087473899238754
5.265869140625e-06,1.0744299427369,1.0986328125e-09,0.50000456709567,0.087470465928099,0.087473896066783
5.2669677734375e-06,1.0744299435463,1.0986328125e-09,0.50000456804821,0.087470462040494,0.087473892894811
5.26806640625e-06,1.0744299439324,1.0986328125e-09,0.50000456900074,0.087470458152889,0.087473889722839
5.2691650390625e-06,1.0744299446995,1.0986328125e-09,0.50000456995328,0.087470454265284,0.087473886550867
5.270263671875e-06,1.0744299450411,1.0986328125e-09,0.50000457090582,0.087470450377679,0.087473883378895
5.2713623046875e-06,1.0744299457716,1.0986328125e-09,0.50000457185835,0.087470446490074,0.087473880206923
5.2724609375001e-06,1.074429946096,1.0986328125e-09,0.50000457281089,0.087470442602469,0.087473877034951
5.2735595703126e-06,1.0744299463024,1.0986328125e-09,0.50000457376342,0.087470438714864,0.087473873862979
5.2746582031251e-06,1.0744299471166,1.0986328125e-09,0.50000457471596,0.087470434827259,0.087473870691008
5.2757568359376e-06,1.0744299475068,1.0986328125e-09,0.50000457566849,0.087470430939654,0.087473867519036
5.2768554687501e-06,1.0744299482786,1.0986328125e-09,0.50000457662103,0.087470427052049,0.087473864347064
5.2779541015626e-06,1.0744299486244,1.0986328125e-09,0.50000457757356,0.087470423164444,0.087473861175093
5.2790527343751e-06,1.0744299493595,1.0986328125e-09,0.5000045785261,0.087470419276839,0.087473858003121
5.2801513671876e-06,1.074429949688,1.0986328125e-09,0.50000457947863,0.087470415389234,0.087473854831149
5.2812500000001e-06,1.0744299498987,1.0986328125e-09,0.50000458043116,0.087470411501629,0.087473851659178
5.2823486328126e-06,1.0744299507177,1.0986328125e-09,0.5000045813837,0.087470407614024,0.087473848487206
5.2834472656251e-06,1.074429951112,1.0986328125e-09,0.50000458233623,0.08747040372642,0.087473845315235
5.2845458984376e-06,1.0744299518886,1.0986328125e-09,0.50000458328876,0.087470399838815,0.087473842143263
5.2856445312501e-06,1.0744299522384,1.0986328125e-09,0.50000458424129,0.08747039595121,0.087473838971292
5.2867431640626e-06,1.0744299529783,1.0986328125e-09,0.50000458519382,0.087470392063606,0.08747383579932
5.2878417968751e-06,1.0744299533109,1.0986328125e-09,0.50000458614636,0.087470388176001,0.087473832627349
5.2889404296876e-06,1.0744299535258,1.0986328125e-09,0.50000458709889,0.087470384288396,0.087473829455377
5.2900390625001e-06,1.0744299543497,1.0986328125e-09,0.50000458805142,0.087470380400792,0.087473826283406
5.2911376953126e-06,1.074429954748,1.0986328125e-09,0.50000458900395,0.087470376513187,0.087473823111434
5.2922363281251e-06,1.0744299555294,1.0986328125e-09,0.50000458995648,0.087470372625582,0.087473819939463
5.2933349609376e-06,1.0744299558833,1.0986328125e-09,0.50000459090901,0.087470368737978,0.087473816767492
5.2944335937501e-06,1.0744299566279,1.0986328125e-09,0.50000459186154,0.087470364850373,0.08747381359552
5.2955322265626e-06,1.0744299569645,1.0986328125e-09,0.50000459281407,0.087470360962769,0.087473810423549
5.2966308593751e-06,1.0744299571837,1.0986328125e-09,0.50000459376659,0.087470357075164,0.087473807251578
5.2977294921876e-06,1.0744299580125,1.0986328125e-09,0.50000459471912,0.08747035318756,0.087473804079607
5.2988281250001e-06,1.0744299584149,1.0986328125e-09,0.50000459567165,0.087470349299955,0.087473800907635
5.2999267578126e-06,1.074429959201,1.0986328125e-09,0.50000459662418,0.087470345412351,0.087473797735664
5.3010253906251e-06,1.0744299595589,1.0986328125e-09,0.5000045975767,0.087470341524747,0.087473794563693
5.3021240234376e-06,1.0744299603084,1.0986328125e-09,0.50000459852923,0.087470337637142,0.087473791391722
5.3032226562501e-06,1.074429960649,1.0986328125e-09,0.50000459948176,0.087470333749538,0.087473788219751
5.3043212890626e-06,1.0744299608725,1.0986328125e-09,0.50000460043428,0.087470329861934,0.08747378504778
5.3054199218751e-06,1.0744299617061,1.0986328125e-09,0.50000460138681,0.087470325974329,0.087473781875809
5.3065185546876e-06,1.0744299621125,1.0986328125e-09,0.50000460233934,0.087470322086725,0.087473778703838
5.3076171875001e-06,1.0744299629035,1.0986328125e-09,0.50000460329186,0.087470318199121,0.087473775531867
5.3087158203126e-06,1.0744299632654,1.0986328125e-09,0.50000460424439,0.087470314311517,0.087473772359896
5.3098144531251e-06,1.0744299640196,1.0986328125e-09,0.50000460519691,0.087470310423913,0.087473769187925
5.3109130859376e-06,1.0744299643643,1.0986328125e-09,0.50000460614944,0.087470306536308,0.087473766015954
5.3120117187501e-06,1.074429964592,1.0986328125e-09,0.50000460710196,0.087470302648704,0.087473762843983
5.3131103515626e-06,1.0744299654305,1.0986328125e-09,0.50000460805448,0.0874702987611,0.087473759672012
5.3142089843751e-06,1.074429965841,1.0986328125e-09,0.50000460900701,0.087470294873496,0.087473756500041
5.3153076171876e-06,1.0744299666367,1.0986328125e-09,0.50000460995953,0.087470290985892,0.08747375332807
5.3164062500001e-06,1.0744299670027,1.0986328125e-09,0.50000461091205,0.087470287098288,0.087473750156099
5.3175048828126e-06,1.0744299677617,1.0986328125e-09,0.50000461186457,0.087470283210684,0.087473746984129
5.3186035156251e-06,1.0744299681104,1.0986328125e-09,0.5000046128171,0.08747027932308,0.087473743812158
5.3197021484376e-06,1.0744299683424,1.0986328125e-09,0.50000461376962,0.087470275435476,0.087473740640187
5.3208007812501e-06,1.0744299691857,1.0986328125e-09,0.50000461472214,0.087470271547873,0.087473737468216
5.3218994140626e-06,1.0744299696003,1.0986328125e-09,0.50000461567466,0.087470267660269,0.087473734296246
5.3229980468751e-06,1.0744299704007,1.0986328125e-09,0.50000461662718,0.087470263772665,0.087473731124275
5.3240966796876e-06,1.0744299707708,1.0986328125e-09,0.5000046175797,0.087470259885061,0.087473727952304
5.3251953125001e-06,1.0744299715345,1.0986328125e-09,0.50000461853222,0.087470255997457,0.087473724780334
5.3262939453126e-06,1.0744299718873,1.0986328125e-09,0.50000461948474,0.087470252109853,0.087473721608363
5.3273925781251e-06,1.0744299721236,1.0986328125e-09,0.50000462043726,0.08747024822225,0.087473718436393
5.3284912109376e-06,1.0744299729717,1.0986328125e-09,0.50000462138978,0.087470244334646,0.087473715264422
5.3295898437501e-06,1.0744299733904,1.0986328125e-09,0.5000046223423,0.087470240447042,0.087473712092452
5.3306884765626e-06,1.0744299741956,1.0986328125e-09,0.50000462329482,0.087470236559439,0.087473708920481
5.3317871093751e-06,1.0744299745697,1.0986328125e-09,0.50000462424733,0.087470232671835,0.087473705748511
5.3328857421876e-06,1.0744299753382,1.0986328125e-09,0.50000462519985,0.087470228784231,0.08747370257654
5.3339843750001e-06,1.0744299756951,1.0986328125e-09,0.50000462615237,0.087470224896628,0.08747369940457
5.3350830078126e-06,1.0744299759356,1.0986328125e-09,0.50000462710489,0.087470221009024,0.087473696232599
5.3361816406251e-06,1.0744299767885,1.0986328125e-09,0.5000046280574,0.087470217121421,0.087473693060629
5.3372802734376e-06,1.0744299772113,1.0986328125e-09,0.50000462900992,0.087470213233817,0.087473689888659
5.3383789062501e-06,1.0744299780213,1.0986328125e-09,0.50000462996244,0.087470209346214,0.087473686716688
5.3394775390626e-06,1.0744299783995,1.0986328125e-09,0.50000463091495,0.08747020545861,0.087473683544718
5.3405761718751e-06,1.0744299791727,1.0986328125e-09,0.50000463186747,0.087470201571007,0.087473680372748
5.3416748046876e-06,1.0744299795336,1.0986328125e-09,0.50000463281998,0.087470197683404,0.087473677200778
5.3427734375001e-06,1.0744299797784,1.0986328125e-09,0.5000046337725,0.0874701937958,0.087473674028807
5.3438720703126e-06,1.0744299806362,1.0986328125e-09,0.50000463472501,0.087470189908197,0.087473670856837
5.3449707031251e-06,1.0744299810631,1.0986328125e-09,0.50000463567752,0.087470186020594,0.087473667684867
5.3460693359376e-06,1.0744299818778,1.0986328125e-09,0.50000463663004,0.08747018213299,0.087473664512897
5.3471679687501e-06,1.07442998226,1.0986328125e-09,0.50000463758255,0.087470178245387,0.087473661340927
5.3482666015626e-06,1.074429983038,1.0986328125e-09,0.50000463853507,0.087470174357784,0.087473658168957
5.3493652343751e-06,1.074429983403,1.0986328125e-09,0.50000463948758,0.087470170470181,0.087473654996987
5.3504638671876e-06,1.0744299836521,1.0986328125e-09,0.50000464044009,0.087470166582577,0.087473651825017
5.3515625000001e-06,1.0744299845147,1.0986328125e-09,0.5000046413926,0.087470162694974,0.087473648653047
5.3526611328126e-06,1.0744299849456,1.0986328125e-09,0.50000464234511,0.087470158807371,0.087473645481077
5.3537597656251e-06,1.0744299857651,1.0986328125e-09,0.50000464329763,0.087470154919768,0.087473642309107
5.3548583984376e-06,1.0744299861514,1.0986328125e-09,0.50000464425014,0.087470151032165,0.087473639137137
5.3559570312501e-06,1.0744299869342,1.0986328125e-09,0.50000464520265,0.087470147144562,0.087473635965167
5.3570556640626e-06,1.0744299873032,1.0986328125e-09,0.50000464615516,0.087470143256959,0.087473632793197
5.3581542968751e-06,1.0744299875565,1.0986328125e-09,0.50000464710767,0.087470139369356,0.087473629621227
5.3592529296876e-06,1.074429988424,1.0986328125e-09,0.50000464806018,0.087470135481753,0.087473626449257
5.3603515625001e-06,1.074429988859,1.0986328125e-09,0.50000464901269,0.08747013159415,0.087473623277288
5.3614501953126e-06,1.0744299896833,1.0986328125e-09,0.5000046499652,0.087470127706547,0.087473620105318
5.3625488281251e-06,1.0744299900736,1.0986328125e-09,0.50000465091771,0.087470123818944,0.087473616933348
5.3636474609376e-06,1.0744299908611,1.0986328125e-09,0.50000465187021,0.087470119931341,0.087473613761378
5.3647460937501e-06,1.0744299912342,1.0986328125e-09,0.50000465282272,0.087470116043738,0.087473610589409
5.3658447265626e-06,1.0744299914918,1.0986328125e-09,0.50000465377523,0.087470112156136,0.087473607417439
5.3669433593751e-06,1.0744299923641,1.0986328125e-09,0.50000465472774,0.087470108268533,0.087473604245469
5.3680419921876e-06,1.0744299928032,1.0986328125e-09,0.50000465568024,0.08747010438093,0.0874736010735
5.3691406250001e-06,1.0744299936322,1.0986328125e-09,0.50000465663275,0.087470100493327,0.08747359790153
5.3702392578126e-06,1.0744299940266,1.0986328125e-09,0.50000465758526,0.087470096605724,0.08747359472956
5.3713378906251e-06,1.0744299948189,1.0986328125e-09,0.50000465853776,0.087470092718122,0.087473591557591
5.3724365234376e-06,1.074429995196,1.0986328125e-09,0.50000465949027,0.087470088830519,0.087473588385621
5.3735351562501e-06,1.0744299954579,1.0986328125e-09,0.50000466044278,0.087470084942917,0.087473585213652
5.3746337890626e-06,1.074429996335,1.0986328125e-09,0.50000466139528,0.087470081055314,0.087473582041682
5.3757324218751e-06,1.0744299967782,1.0986328125e-09,0.50000466234779,0.087470077167711,0.087473578869713
5.3768310546876e-06,1.074429997612,1.0986328125e-09,0.50000466330029,0.087470073280109,0.087473575697743
5.3779296875001e-06,1.0744299980104,1.0986328125e-09,0.50000466425279,0.087470069392506,0.087473572525774
5.3790283203126e-06,1.0744299988075,1.0986328125e-09,0.5000046652053,0.087470065504904,0.087473569353805
5.3801269531251e-06,1.0744299991886,1.0986328125e-09,0.5000046661578,0.087470061617301,0.087473566181835
5.3812255859376e-06,1.0744299994548,1.0986328125e-09,0.50000466711031,0.087470057729699,0.087473563009866
5.3823242187501e-06,1.0744300003368,1.0986328125e-09,0.50000466806281,0.087470053842096,0.087473559837897
5.3834228515626e-06,1.074430000784,1.0986328125e-09,0.50000466901531,0.087470049954494,0.087473556665927
5.3845214843751e-06,1.0744300016226,1.0986328125e-09,0.50000466996781,0.087470046066892,0.087473553493958
5.3856201171876e-06,1.0744300020251,1.0986328125e-09,0.50000467092031,0.087470042179289,0.087473550321989
5.3867187500001e-06,1.0744300028269,1.0986328125e-09,0.50000467187282,0.087470038291687,0.08747354715002
5.3878173828126e-06,1.0744300032121,1.0986328125e-09,0.50000467282532,0.087470034404085,0.08747354397805
5.3889160156251e-06,1.0744300034826,1.0986328125e-09,0.50000467377782,0.087470030516482,0.087473540806081
5.3900146484376e-06,1.0744300043694,1.0986328125e-09,0.50000467473032,0.08747002662888,0.087473537634112
5.3911132812501e-06,1.0744300048207,1.0986328125e-09,0.50000467568282,0.087470022741278,0.087473534462143
5.3922119140626e-06,1.074430005664,1.0986328125e-09,0.50000467663532,0.087470018853676,0.087473531290174
5.3933105468751e-06,1.0744300060705,1.0986328125e-09,0.50000467758782,0.087470014966074,0.087473528118205
5.3944091796876e-06,1.0744300068771,1.0986328125e-09,0.50000467854032,0.087470011078472,0.087473524946236
5.3955078125001e-06,1.0744300072664,1.0986328125e-09,0.50000467949282,0.087470007190869,0.087473521774267
5.3966064453126e-06,1.0744300075411,1.0986328125e-09,0.50000468044532,0.087470003303267,0.087473518602298
5.3977050781251e-06,1.0744300084328,1.0986328125e-09,0.50000468139781,0.087469999415665,0.087473515430329
5.3988037109376e-06,1.0744300088881,1.0986328125e-09,0.50000468235031,0.087469995528063,0.08747351225836
5.3999023437501e-06,1.0744300097363,1.0986328125e-09,0.50000468330281,0.087469991640461,0.087473509086391
5.4010009765626e-06,1.0744300101468,1.0986328125e-09,0.50000468425531,0.087469987752859,0.087473505914422
5.4020996093751e-06,1.0744300109582,1.0986328125e-09,0.5000046852078,0.087469983865257,0.087473502742453
5.4031982421876e-06,1.0744300113515,1.0986328125e-09,0.5000046861603,0.087469979977655,0.087473499570485
5.4042968750001e-06,1.0744300116305,1.0986328125e-09,0.5000046871128,0.087469976090054,0.087473496398516
5.4053955078126e-06,1.074430012527,1.0986328125e-09,0.50000468806529,0.087469972202452,0.087473493226547
5.4064941406251e-06,1.0744300129864,1.0986328125e-09,0.50000468901779,0.08746996831485,0.087473490054578
5.4075927734376e-06,1.0744300138393,1.0986328125e-09,0.50000468997028,0.087469964427248,0.087473486882609
5.4086914062501e-06,1.074430014254,1.0986328125e-09,0.50000469092278,0.087469960539646,0.087473483710641
5.4097900390626e-06,1.07443001507,1.0986328125e-09,0.50000469187527,0.087469956652044,0.087473480538672
5.4108886718751e-06,1.0744300154674,1.0986328125e-09,0.50000469282777,0.087469952764443,0.087473477366703
5.4119873046876e-06,1.0744300157507,1.0986328125e-09,0.50000469378026,0.087469948876841,0.087473474194735
5.4130859375001e-06,1.074430016652,1.0986328125e-09,0.50000469473276,0.087469944989239,0.087473471022766
5.4141845703126e-06,1.0744300171155,1.0986328125e-09,0.50000469568525,0.087469941101638,0.087473467850798
5.4152832031251e-06,1.0744300179732,1.0986328125e-09,0.50000469663774,0.087469937214036,0.087473464678829
5.4163818359376e-06,1.0744300183919,1.0986328125e-09,0.50000469759024,0.087469933326434,0.08747346150686
5.4174804687501e-06,1.07443001869,1.0986328125e-09,0.50000469854273,0.087469929438833,0.087473458334892
5.4185791015626e-06,1.0744300196037,1.0986328125e-09,0.50000469949522,0.087469925551231,0.087473455162923
5.4196777343751e-06,1.0744300200745,1.0986328125e-09,0.50000470044771,0.08746992166363,0.087473451990955
5.4207763671876e-06,1.074430020939,1.0986328125e-09,0.5000047014002,0.087469917776028,0.087473448818987
5.4218750000001e-06,1.0744300213623,1.0986328125e-09,0.50000470235269,0.087469913888427,0.087473445647018
5.4229736328126e-06,1.074430022188,1.0986328125e-09,0.50000470330518,0.087469910000825,0.08747344247505
5.4240722656251e-06,1.0744300225931,1.0986328125e-09,0.50000470425767,0.087469906113224,0.087473439303081
5.4251708984376e-06,1.0744300228843,1.0986328125e-09,0.50000470521016,0.087469902225623,0.087473436131113
5.4262695312501e-06,1.0744300237943,1.0986328125e-09,0.50000470616265,0.087469898338021,0.087473432959145
5.4273681640626e-06,1.074430024265,1.0986328125e-09,0.50000470711514,0.08746989445042,0.087473429787176
5.4284667968751e-06,1.0744300251311,1.0986328125e-09,0.50000470806763,0.087469890562819,0.087473426615208
5.4295654296876e-06,1.0744300255568,1.0986328125e-09,0.50000470902012,0.087469886675217,0.08747342344324
5.4306640625001e-06,1.0744300258624,1.0986328125e-09,0.50000470997261,0.087469882787616,0.087473420271272
5.4317626953126e-06,1.0744300267844,1.0986328125e-09,0.5000047109251,0.087469878900015,0.087473417099304
5.4328613281251e-06,1.0744300272622,1.0986328125e-09,0.50000471187759,0.087469875012414,0.087473413927335
5.4339599609376e-06,1.074430028135,1.0986328125e-09,0.50000471283007,0.087469871124812,0.087473410755367
5.4350585937501e-06,1.0744300285653,1.0986328125e-09,0.50000471378256,0.087469867237211,0.087473407583399
5.4361572265626e-06,1.0744300293992,1.0986328125e-09,0.50000471473505,0.08746986334961,0.087473404411431
5.4372558593751e-06,1.0744300298112,1.0986328125e-09,0.50000471568753,0.087469859462009,0.087473401239463
5.4383544921876e-06,1.0744300301097,1.0986328125e-09,0.50000471664002,0.087469855574408,0.087473398067495
5.4394531250001e-06,1.0744300310281,1.0986328125e-09,0.50000471759251,0.087469851686807,0.087473394895527
5.4405517578126e-06,1.0744300315058,1.0986328125e-09,0.50000471854499,0.087469847799206,0.087473391723559
5.4416503906251e-06,1.07443003238,1.0986328125e-09,0.50000471949748,0.087469843911605,0.087473388551591
5.4427490234376e-06,1.0744300328127,1.0986328125e-09,0.50000472044996,0.087469840024004,0.087473385379623
5.4438476562501e-06,1.0744300331256,1.0986328125e-09,0.50000472140245,0.087469836136403,0.087473382207655
5.4449462890626e-06,1.074430034056,1.0986328125e-09,0.50000472235493,0.087469832248802,0.087473379035687
5.4460449218751e-06,1.0744300345408,1.0986328125e-09,0.50000472330741,0.087469828361201,0.08747337586372
5.4471435546876e-06,1.0744300354217,1.0986328125e-09,0.5000047242599,0.0874698244736,0.087473372691752
5.4482421875001e-06,1.074430035859,1.0986328125e-09,0.50000472521238,0.087469820585999,0.087473369519784
5.4493408203126e-06,1.074430036176,1.0986328125e-09,0.50000472616486,0.087469816698399,0.087473366347816
5.4504394531251e-06,1.0744300371107,1.0986328125e-09,0.50000472711735,0.087469812810798,0.087473363175848
5.4515380859376e-06,1.0744300375989,1.0986328125e-09,0.50000472806983,0.087469808923197,0.087473360003881
5.4526367187501e-06,1.0744300384837,1.0986328125e-09,0.50000472902231,0.087469805035596,0.087473356831913
5.4537353515626e-06,1.0744300389241,1.0986328125e-09,0.50000472997479,0.087469801147996,0.087473353659945
5.4548339843751e-06,1.0744300392443,1.0986328125e-09,0.50000473092727,0.087469797260395,0.087473350487978
5.4559326171876e-06,1.0744300401827,1.0986328125e-09,0.50000473187975,0.087469793372794,0.08747334731601
5.4570312500001e-06,1.0744300406739,1.0986328125e-09,0.50000473283223,0.087469789485194,0.087473344144042
5.4581298828126e-06,1.0744300415621,1.0986328125e-09,0.50000473378471,0.087469785597593,0.087473340972075
5.4592285156251e-06,1.0744300420054,1.0986328125e-09,0.50000473473719,0.087469781709992,0.087473337800107
5.4603271484376e-06,1.0744300423288,1.0986328125e-09,0.50000473568967,0.087469777822392,0.08747333462814
5.4614257812501e-06,1.0744300432706,1.0986328125e-09,0.50000473664215,0.087469773934791,0.087473331456172
5.4625244140626e-06,1.0744300437647,1.0986328125e-09,0.50000473759463,0.087469770047191,0.087473328284205
5.4636230468751e-06,1.0744300446564,1.0986328125e-09,0.50000473854711,0.08746976615959,0.087473325112237
5.4647216796876e-06,1.0744300451026,1.0986328125e-09,0.50000473949959,0.08746976227199,0.08747332194027
5.4658203125001e-06,1.074430045429,1.0986328125e-09,0.50000474045207,0.08746975838439,0.087473318768302
5.4669189453126e-06,1.0744300463743,1.0986328125e-09,0.50000474140454,0.087469754496789,0.087473315596335
5.4680175781251e-06,1.0744300468713,1.0986328125e-09,0.50000474235702,0.087469750609189,0.087473312424368
5.4691162109376e-06,1.0744300477664,1.0986328125e-09,0.5000047433095,0.087469746721588,0.0874733092524
5.4702148437501e-06,1.0744300482155,1.0986328125e-09,0.50000474426197,0.087469742833988,0.087473306080433
5.4713134765626e-06,1.074430048545,1.0986328125e-09,0.50000474521445,0.087469738946388,0.087473302908466
5.4724121093751e-06,1.0744300494938,1.0986328125e-09,0.50000474616693,0.087469735058788,0.087473299736498
5.4735107421876e-06,1.0744300499937,1.0986328125e-09,0.5000047471194,0.087469731171187,0.087473296564531
5.4746093750001e-06,1.0744300508922,1.0986328125e-09,0.50000474807188,0.087469727283587,0.087473293392564
5.4757080078126e-06,1.0744300513442,1.0986328125e-09,0.50000474902435,0.087469723395987,0.087473290220597
5.4768066406251e-06,1.0744300516767,1.0986328125e-09,0.50000474997683,0.087469719508387,0.08747328704863
5.4779052734376e-06,1.0744300526289,1.0986328125e-09,0.5000047509293,0.087469715620787,0.087473283876663
5.4790039062501e-06,1.0744300531318,1.0986328125e-09,0.50000475188178,0.087469711733187,0.087473280704695
5.4801025390626e-06,1.0744300540337,1.0986328125e-09,0.50000475283425,0.087469707845586,0.087473277532728
5.4812011718751e-06,1.0744300544886,1.0986328125e-09,0.50000475378672,0.087469703957986,0.087473274360761
5.4822998046876e-06,1.0744300548242,1.0986328125e-09,0.50000475473919,0.087469700070386,0.087473271188794
5.4833984375001e-06,1.0744300557799,1.0986328125e-09,0.50000475569167,0.087469696182786,0.087473268016827
5.4844970703126e-06,1.0744300562856,1.0986328125e-09,0.50000475664414,0.087469692295186,0.08747326484486
5.4855957031251e-06,1.0744300571909,1.0986328125e-09,0.50000475759661,0.087469688407586,0.087473261672893
5.4866943359376e-06,1.0744300576487,1.0986328125e-09,0.50000475854908,0.087469684519987,0.087473258500926
5.4877929687501e-06,1.0744300579874,1.0986328125e-09,0.50000475950155,0.087469680632387,0.087473255328959
5.4888916015626e-06,1.0744300589465,1.0986328125e-09,0.50000476045403,0.087469676744787,0.087473252156993
5.4899902343751e-06,1.0744300594552,1.0986328125e-09,0.5000047614065,0.087469672857187,0.087473248985026
5.4910888671876e-06,1.0744300603639,1.0986328125e-09,0.50000476235897,0.087469668969587,0.087473245813059
5.4921875000001e-06,1.0744300608246,1.0986328125e-09,0.50000476331144,0.087469665081987,0.087473242641092
5.4932861328126e-06,1.0744300611663,1.0986328125e-09,0.50000476426391,0.087469661194388,0.087473239469125
5.4943847656251e-06,1.0744300621289,1.0986328125e-09,0.50000476521638,0.087469657306788,0.087473236297159
5.4954833984376e-06,1.0744300626405,1.0986328125e-09,0.50000476616884,0.087469653419188,0.087473233125192
5.4965820312501e-06,1.0744300635525,1.0986328125e-09,0.50000476712131,0.087469649531588,0.087473229953225
5.4976806640626e-06,1.0744300640162,1.0986328125e-09,0.50000476807378,0.087469645643989,0.087473226781258
5.4987792968751e-06,1.0744300643609,1.0986328125e-09,0.50000476902625,0.087469641756389,0.087473223609292
5.4998779296876e-06,1.074430065327,1.0986328125e-09,0.50000476997872,0.08746963786879,0.087473220437325
5.5009765625001e-06,1.0744300658415,1.0986328125e-09,0.50000477093118,0.08746963398119,0.087473217265359
5.5020751953126e-06,1.074430066757,1.0986328125e-09,0.50000477188365,0.08746963009359,0.087473214093392
5.5031738281251e-06,1.0744300672235,1.0986328125e-09,0.50000477283612,0.087469626205991,0.087473210921425
5.5042724609376e-06,1.0744300675713,1.0986328125e-09,0.50000477378858,0.087469622318391,0.087473207749459
5.5053710937501e-06,1.0744300685408,1.0986328125e-09,0.50000477474105,0.087469618430792,0.087473204577492
5.5064697265626e-06,1.0744300690582,1.0986328125e-09,0.50000477569352,0.087469614543192,0.087473201405526
5.5075683593751e-06,1.0744300699771,1.0986328125e-09,0.50000477664598,0.087469610655593,0.087473198233559
5.5086669921876e-06,1.0744300704466,1.0986328125e-09,0.50000477759845,0.087469606767994,0.087473195061593
5.5097656250001e-06,1.0744300707974,1.0986328125e-09,0.50000477855091,0.087469602880394,0.087473191889627
5.5108642578126e-06,1.0744300717704,1.0986328125e-09,0.50000477950338,0.087469598992795,0.08747318871766
5.5119628906251e-06,1.0744300722907,1.0986328125e-09,0.50000478045584,0.087469595105196,0.087473185545694
5.5130615234376e-06,1.074430073213,1.0986328125e-09,0.5000047814083,0.087469591217596,0.087473182373727
5.5141601562501e-06,1.0744300736853,1.0986328125e-09,0.50000478236077,0.087469587329997,0.087473179201761
5.5152587890626e-06,1.0744300740393,1.0986328125e-09,0.50000478331323,0.087469583442398,0.087473176029795
5.5163574218751e-06,1.0744300750157,1.0986328125e-09,0.50000478426569,0.087469579554799,0.087473172857829
5.5174560546876e-06,1.0744300755389,1.0986328125e-09,0.50000478521815,0.087469575667199,0.087473169685862
5.5185546875001e-06,1.0744300764646,1.0986328125e-09,0.50000478617062,0.0874695717796,0.087473166513896
5.5196533203126e-06,1.0744300769399,1.0986328125e-09,0.50000478712308,0.087469567892001,0.08747316334193
5.5207519531251e-06,1.0744300772968,1.0986328125e-09,0.50000478807554,0.087469564004402,0.087473160169964
5.5218505859376e-06,1.0744300782767,1.0986328125e-09,0.500004789028,0.087469560116803,0.087473156997998
5.5229492187501e-06,1.0744300788029,1.0986328125e-09,0.50000478998046,0.087469556229204,0.087473153826032
5.5240478515626e-06,1.074430079732,1.0986328125e-09,0.50000479093292,0.087469552341605,0.087473150654066
5.5251464843751e-06,1.0744300802101,1.0986328125e-09,0.50000479188538,0.087469548454006,0.0874731474821
5.5262451171876e-06,1.0744300805702,1.0986328125e-09,0.50000479283784,0.087469544566407,0.087473144310133
5.5273437500001e-06,1.0744300815535,1.0986328125e-09,0.5000047937903,0.087469540678808,0.087473141138167
5.5284423828126e-06,1.0744300820825,1.0986328125e-09,0.50000479474276,0.087469536791209,0.087473137966201
5.5295410156251e-06,1.0744300830151,1.0986328125e-09,0.50000479569522,0.08746953290361,0.087473134794236
5.5306396484376e-06,1.0744300834961,1.0986328125e-09,0.50000479664768,0.087469529016011,0.08747313162227
5.5317382812501e-06,1.0744300838592,1.0986328125e-09,0.50000479760014,0.087469525128412,0.087473128450304
5.5328369140626e-06,1.074430084846,1.0986328125e-09,0.50000479855259,0.087469521240814,0.087473125278338
5.5339355468751e-06,1.0744300853779,1.0986328125e-09,0.50000479950505,0.087469517353215,0.087473122106372
5.5350341796876e-06,1.0744300863139,1.0986328125e-09,0.50000480045751,0.087469513465616,0.087473118934406
5.5361328125001e-06,1.0744300867978,1.0986328125e-09,0.50000480140997,0.087469509578017,0.08747311576244
5.5372314453126e-06,1.074430087164,1.0986328125e-09,0.50000480236242,0.087469505690419,0.087473112590475
5.5383300781251e-06,1.0744300881542,1.0986328125e-09,0.50000480331488,0.08746950180282,0.087473109418509
5.5394287109376e-06,1.0744300886891,1.0986328125e-09,0.50000480426733,0.087469497915221,0.087473106246543
5.5405273437501e-06,1.0744300896284,1.0986328125e-09,0.50000480521979,0.087469494027623,0.087473103074577
5.5416259765626e-06,1.0744300901152,1.0986328125e-09,0.50000480617224,0.087469490140024,0.087473099902612
5.5427246093751e-06,1.0744300904845,1.0986328125e-09,0.5000048071247,0.087469486252426,0.087473096730646
5.5438232421876e-06,1.0744300914782,1.0986328125e-09,0.50000480807715,0.087469482364827,0.08747309355868
5.5449218750001e-06,1.0744300920159,1.0986328125e-09,0.50000480902961,0.087469478477228,0.087473090386715
5.5460205078126e-06,1.0744300929587,1.0986328125e-09,0.50000480998206,0.08746947458963,0.087473087214749
5.5471191406251e-06,1.0744300934484,1.0986328125e-09,0.50000481093452,0.087469470702031,0.087473084042784
5.5482177734376e-06,1.0744300938207,1.0986328125e-09,0.50000481188697,0.087469466814433,0.087473080870818
5.5493164062501e-06,1.0744300948178,1.0986328125e-09,0.50000481283942,0.087469462926835,0.087473077698853
5.5504150390626e-06,1.0744300953585,1.0986328125e-09,0.50000481379187,0.087469459039236,0.087473074526887
5.5515136718751e-06,1.0744300963047,1.0986328125e-09,0.50000481474433,0.087469455151638,0.087473071354922
5.5526123046876e-06,1.0744300967973,1.0986328125e-09,0.50000481569678,0.087469451264039,0.087473068182956
5.5537109375001e-06,1.0744300971726,1.0986328125e-09,0.50000481664923,0.087469447376441,0.087473065010991
5.5548095703126e-06,1.0744300981733,1.0986328125e-09,0.50000481760168,0.087469443488843,0.087473061839025
5.5559082031251e-06,1.0744300987169,1.0986328125e-09,0.50000481855413,0.087469439601245,0.08747305866706
5.5570068359376e-06,1.0744300996664,1.0986328125e-09,0.50000481950658,0.087469435713646,0.087473055495095
5.5581054687501e-06,1.0744301001619,1.0986328125e-09,0.50000482045903,0.087469431826048,0.087473052323129
5.5592041015626e-06,1.0744301005403,1.0986328125e-09,0.50000482141148,0.08746942793845,0.087473049151164
5.5603027343751e-06,1.0744301015444,1.0986328125e-09,0.50000482236393,0.087469424050852,0.087473045979199
5.5614013671876e-06,1.0744301020909,1.0986328125e-09,0.50000482331638,0.087469420163254,0.087473042807234
5.5625000000001e-06,1.0744301030439,1.0986328125e-09,0.50000482426883,0.087469416275656,0.087473039635268
5.5635986328126e-06,1.0744301035423,1.0986328125e-09,0.50000482522128,0.087469412388057,0.087473036463303
5.5646972656251e-06,1.0744301039238,1.0986328125e-09,0.50000482617373,0.087469408500459,0.087473033291338
5.5657958984376e-06,1.0744301049313,1.0986328125e-09,0.50000482712617,0.087469404612861,0.087473030119373
5.5668945312501e-06,1.0744301054807,1.0986328125e-09,0.50000482807862,0.087469400725263,0.087473026947408
5.5679931640626e-06,1.0744301064371,1.0986328125e-09,0.50000482903107,0.087469396837665,0.087473023775443
5.5690917968751e-06,1.0744301069384,1.0986328125e-09,0.50000482998352,0.087469392950067,0.087473020603478
5.5701904296876e-06,1.0744301073229,1.0986328125e-09,0.50000483093596,0.08746938906247,0.087473017431513
5.5712890625001e-06,1.0744301083339,1.0986328125e-09,0.50000483188841,0.087469385174872,0.087473014259548
5.5723876953126e-06,1.0744301088863,1.0986328125e-09,0.50000483284085,0.087469381287274,0.087473011087583
5.5734863281251e-06,1.0744301098461,1.0986328125e-09,0.5000048337933,0.087469377399676,0.087473007915618
5.5745849609376e-06,1.0744301103503,1.0986328125e-09,0.50000483474575,0.087469373512078,0.087473004743653
5.5756835937501e-06,1.0744301107378,1.0986328125e-09,0.50000483569819,0.08746936962448,0.087473001571688
5.5767822265626e-06,1.0744301117523,1.0986328125e-09,0.50000483665063,0.087469365736883,0.087472998399723
5.5778808593751e-06,1.0744301123075,1.0986328125e-09,0.50000483760308,0.087469361849285,0.087472995227758
5.5789794921876e-06,1.0744301132707,1.0986328125e-09,0.50000483855552,0.087469357961687,0.087472992055793
5.5800781250001e-06,1.0744301137778,1.0986328125e-09,0.50000483950797,0.087469354074089,0.087472988883829
5.5811767578126e-06,1.0744301141685,1.0986328125e-09,0.50000484046041,0.087469350186492,0.087472985711864
5.5822753906251e-06,1.0744301151864,1.0986328125e-09,0.50000484141285,0.087469346298894,0.087472982539899
5.5833740234376e-06,1.0744301157445,1.0986328125e-09,0.5000048423653,0.087469342411297,0.087472979367934
5.5844726562501e-06,1.0744301167111,1.0986328125e-09,0.50000484331774,0.087469338523699,0.08747297619597
5.5855712890626e-06,1.0744301172211,1.0986328125e-09,0.50000484427018,0.087469334636101,0.087472973024005
5.5866699218751e-06,1.0744301176148,1.0986328125e-09,0.50000484522262,0.087469330748504,0.08747296985204
5.5877685546876e-06,1.0744301186362,1.0986328125e-09,0.50000484617506,0.087469326860906,0.087472966680076
5.5888671875001e-06,1.0744301191973,1.0986328125e-09,0.5000048471275,0.087469322973309,0.087472963508111
5.5899658203126e-06,1.0744301201673,1.0986328125e-09,0.50000484807994,0.087469319085712,0.087472960336146
5.5910644531251e-06,1.0744301206802,1.0986328125e-09,0.50000484903238,0.087469315198114,0.087472957164182
5.5921630859376e-06,1.0744301210769,1.0986328125e-09,0.50000484998482,0.087469311310517,0.087472953992217
5.5932617187501e-06,1.0744301221018,1.0986328125e-09,0.50000485093726,0.087469307422919,0.087472950820253
5.5943603515626e-06,1.0744301226657,1.0986328125e-09,0.5000048518897,0.087469303535322,0.087472947648288
5.5954589843751e-06,1.0744301236392,1.0986328125e-09,0.50000485284214,0.087469299647725,0.087472944476324
5.5965576171876e-06,1.074430124155,1.0986328125e-09,0.50000485379458,0.087469295760127,0.08747294130436
5.5976562500001e-06,1.0744301245548,1.0986328125e-09,0.50000485474702,0.08746929187253,0.087472938132395
5.5987548828126e-06,1.0744301255831,1.0986328125e-09,0.50000485569946,0.087469287984933,0.087472934960431
5.5998535156251e-06,1.0744301261499,1.0986328125e-09,0.5000048566519,0.087469284097336,0.087472931788466
5.6009521484376e-06,1.0744301271268,1.0986328125e-09,0.50000485760433,0.087469280209738,0.087472928616502
5.6020507812501e-06,1.0744301276455,1.0986328125e-09,0.50000485855677,0.087469276322141,0.087472925444538
5.6031494140626e-06,1.0744301280483,1.0986328125e-09,0.50000485950921,0.087469272434544,0.087472922272573
5.6042480468751e-06,1.0744301290801,1.0986328125e-09,0.50000486046164,0.087469268546947,0.087472919100609
5.6053466796876e-06,1.0744301296499,1.0986328125e-09,0.50000486141408,0.08746926465935,0.087472915928645
5.6064453125001e-06,1.0744301306301,1.0986328125e-09,0.50000486236651,0.087469260771753,0.087472912756681
5.6075439453126e-06,1.0744301311517,1.0986328125e-09,0.50000486331895,0.087469256884156,0.087472909584717
5.6086425781251e-06,1.0744301315576,1.0986328125e-09,0.50000486427138,0.087469252996559,0.087472906412752
5.6097412109376e-06,1.0744301325928,1.0986328125e-09,0.50000486522382,0.087469249108962,0.087472903240788
5.6108398437501e-06,1.0744301331656,1.0986328125e-09,0.50000486617625,0.087469245221365,0.087472900068824
5.6119384765626e-06,1.0744301341492,1.0986328125e-09,0.50000486712869,0.087469241333768,0.08747289689686
5.6130371093751e-06,1.0744301346737,1.0986328125e-09,0.50000486808112,0.087469237446171,0.087472893724896
5.6141357421876e-06,1.0744301350827,1.0986328125e-09,0.50000486903355,0.087469233558574,0.087472890552932
5.6152343750001e-06,1.0744301361213,1.0986328125e-09,0.50000486998599,0.087469229670977,0.087472887380968
5.6163330078126e-06,1.074430136697,1.0986328125e-09,0.50000487093842,0.087469225783381,0.087472884209004
5.6174316406251e-06,1.074430137684,1.0986328125e-09,0.50000487189085,0.087469221895784,0.08747288103704
5.6185302734376e-06,1.0744301382114,1.0986328125e-09,0.50000487284328,0.087469218008187,0.087472877865076
5.6196289062501e-06,1.0744301386235,1.0986328125e-09,0.50000487379572,0.08746921412059,0.087472874693112
5.6207275390626e-06,1.0744301396656,1.0986328125e-09,0.50000487474815,0.087469210232994,0.087472871521148
5.6218261718751e-06,1.0744301402441,1.0986328125e-09,0.50000487570058,0.087469206345397,0.087472868349184
5.6229248046876e-06,1.0744301412346,1.0986328125e-09,0.50000487665301,0.0874692024578,0.087472865177221
5.6240234375001e-06,1.0744301417649,1.0986328125e-09,0.50000487760544,0.087469198570204,0.087472862005257
5.6251220703126e-06,1.07443014218,1.0986328125e-09,0.50000487855787,0.087469194682607,0.087472858833293
5.6262207031251e-06,1.0744301432256,1.0986328125e-09,0.5000048795103,0.08746919079501,0.087472855661329
5.6273193359376e-06,1.074430143807,1.0986328125e-09,0.50000488046273,0.087469186907414,0.087472852489366
5.6284179687501e-06,1.0744301448009,1.0986328125e-09,0.50000488141516,0.087469183019817,0.087472849317402
5.6295166015626e-06,1.074430145334,1.0986328125e-09,0.50000488236759,0.087469179132221,0.087472846145438
5.6306152343751e-06,1.0744301457522,1.0986328125e-09,0.50000488332002,0.087469175244624,0.087472842973475
5.6317138671876e-06,1.0744301468013,1.0986328125e-09,0.50000488427244,0.087469171357028,0.087472839801511
5.6328125000001e-06,1.0744301473856,1.0986328125e-09,0.50000488522487,0.087469167469432,0.087472836629547
5.6339111328126e-06,1.0744301483829,1.0986328125e-09,0.5000048861773,0.087469163581835,0.087472833457584
5.6350097656251e-06,1.074430148919,1.0986328125e-09,0.50000488712973,0.087469159694239,0.08747283028562
5.6361083984376e-06,1.0744301493402,1.0986328125e-09,0.50000488808215,0.087469155806642,0.087472827113657
5.6372070312501e-06,1.0744301503927,1.0986328125e-09,0.50000488903458,0.087469151919046,0.087472823941693
5.6383056640626e-06,1.07443015098,1.0986328125e-09,0.50000488998701,0.08746914803145,0.08747282076973
5.6394042968751e-06,1.0744301519807,1.0986328125e-09,0.50000489093943,0.087469144143854,0.087472817597766
5.6405029296876e-06,1.0744301525196,1.0986328125e-09,0.50000489189186,0.087469140256257,0.087472814425803
5.6416015625001e-06,1.0744301529439,1.0986328125e-09,0.50000489284428,0.087469136368661,0.087472811253839
5.6427001953126e-06,1.0744301539999,1.0986328125e-09,0.50000489379671,0.087469132481065,0.087472808081876
5.6437988281251e-06,1.0744301545901,1.0986328125e-09,0.50000489474913,0.087469128593469,0.087472804909913
5.6448974609376e-06,1.0744301555942,1.0986328125e-09,0.50000489570156,0.087469124705873,0.087472801737949
5.6459960937501e-06,1.074430156136,1.0986328125e-09,0.50000489665398,0.087469120818277,0.087472798565986
5.6470947265626e-06,1.0744301565634,1.0986328125e-09,0.5000048976064,0.08746911693068,0.087472795394023
5.6481933593751e-06,1.0744301576228,1.0986328125e-09,0.50000489855883,0.087469113043084,0.08747279222206
5.6492919921876e-06,1.0744301582159,1.0986328125e-09,0.50000489951125,0.087469109155488,0.087472789050096
5.6503906250001e-06,1.0744301592234,1.0986328125e-09,0.50000490046367,0.087469105267892,0.087472785878133
5.6514892578126e-06,1.0744301597682,1.0986328125e-09,0.50000490141609,0.087469101380296,0.08747278270617
5.6525878906251e-06,1.0744301601986,1.0986328125e-09,0.50000490236852,0.0874690974927,0.087472779534207
5.6536865234376e-06,1.0744301612615,1.0986328125e-09,0.50000490332094,0.087469093605105,0.087472776362244
5.6547851562501e-06,1.0744301618575,1.0986328125e-09,0.50000490427336,0.087469089717509,0.087472773190281
5.6558837890626e-06,1.0744301628684,1.0986328125e-09,0.50000490522578,0.087469085829913,0.087472770018317
5.6569824218751e-06,1.0744301634161,1.0986328125e-09,0.5000049061782,0.087469081942317,0.087472766846354
5.6580810546876e-06,1.0744301638495,1.0986328125e-09,0.50000490713062,0.087469078054721,0.087472763674391
5.6591796875001e-06,1.0744301649159,1.0986328125e-09,0.50000490808304,0.087469074167125,0.087472760502428
5.6602783203126e-06,1.0744301655148,1.0986328125e-09,0.50000490903546,0.08746907027953,0.087472757330465
5.6613769531251e-06,1.0744301665291,1.0986328125e-09,0.50000490998788,0.087469066391934,0.087472754158502
5.6624755859376e-06,1.0744301670797,1.0986328125e-09,0.5000049109403,0.087469062504338,0.087472750986539
5.6635742187501e-06,1.0744301675162,1.0986328125e-09,0.50000491189272,0.087469058616742,0.087472747814577
5.6646728515626e-06,1.074430168586,1.0986328125e-09,0.50000491284513,0.087469054729147,0.087472744642614
5.6657714843751e-06,1.0744301691878,1.0986328125e-09,0.50000491379755,0.087469050841551,0.087472741470651
5.6668701171876e-06,1.0744301702056,1.0986328125e-09,0.50000491474997,0.087469046953955,0.087472738298688
5.6679687500001e-06,1.074430170759,1.0986328125e-09,0.50000491570239,0.08746904306636,0.087472735126725
5.6690673828126e-06,1.0744301711986,1.0986328125e-09,0.5000049166548,0.087469039178764,0.087472731954762
5.6701660156251e-06,1.0744301722719,1.0986328125e-09,0.50000491760722,0.087469035291169,0.0874727287828
5.6712646484376e-06,1.0744301728766,1.0986328125e-09,0.50000491855964,0.087469031403573,0.087472725610837
5.6723632812501e-06,1.0744301738977,1.0986328125e-09,0.50000491951205,0.087469027515978,0.087472722438874
5.6734619140626e-06,1.0744301744541,1.0986328125e-09,0.50000492046447,0.087469023628382,0.087472719266912
5.6745605468751e-06,1.0744301748968,1.0986328125e-09,0.50000492141688,0.087469019740787,0.087472716094949
5.6756591796876e-06,1.0744301759735,1.0986328125e-09,0.5000049223693,0.087469015853192,0.087472712922986
5.6767578125001e-06,1.0744301765811,1.0986328125e-09,0.50000492332171,0.087469011965596,0.087472709751024
5.6778564453126e-06,1.0744301776057,1.0986328125e-09,0.50000492427413,0.087469008078001,0.087472706579061
5.6789550781251e-06,1.0744301781649,1.0986328125e-09,0.50000492522654,0.087469004190406,0.087472703407099
5.6800537109376e-06,1.0744301786106,1.0986328125e-09,0.50000492617895,0.08746900030281,0.087472700235136
5.6811523437501e-06,1.0744301796908,1.0986328125e-09,0.50000492713137,0.087468996415215,0.087472697063174
5.6822509765626e-06,1.0744301803014,1.0986328125e-09,0.50000492808378,0.08746899252762,0.087472693891211
5.6833496093751e-06,1.0744301813293,1.0986328125e-09,0.50000492903619,0.087468988640025,0.087472690719249
5.6844482421876e-06,1.0744301818915,1.0986328125e-09,0.5000049299886,0.087468984752429,0.087472687547286
5.6855468750001e-06,1.0744301823403,1.0986328125e-09,0.50000493094102,0.087468980864834,0.087472684375324
5.6866455078126e-06,1.0744301834239,1.0986328125e-09,0.50000493189343,0.087468976977239,0.087472681203361
5.6877441406251e-06,1.0744301840374,1.0986328125e-09,0.50000493284584,0.087468973089644,0.087472678031399
5.6888427734376e-06,1.0744301850688,1.0986328125e-09,0.50000493379825,0.087468969202049,0.087472674859437
5.6899414062501e-06,1.0744301856338,1.0986328125e-09,0.50000493475066,0.087468965314454,0.087472671687474
5.6910400390626e-06,1.0744301860856,1.0986328125e-09,0.50000493570307,0.087468961426859,0.087472668515512
5.6921386718751e-06,1.0744301871727,1.0986328125e-09,0.50000493665548,0.087468957539264,0.08747266534355
5.6932373046876e-06,1.0744301877891,1.0986328125e-09,0.50000493760789,0.087468953651669,0.087472662171588
5.6943359375001e-06,1.0744301888239,1.0986328125e-09,0.5000049385603,0.087468949764074,0.087472658999625
5.6954345703126e-06,1.0744301893919,1.0986328125e-09,0.50000493951271,0.087468945876479,0.087472655827663
5.6965332031251e-06,1.0744301898467,1.0986328125e-09,0.50000494046512,0.087468941988884,0.087472652655701
5.6976318359376e-06,1.0744301909373,1.0986328125e-09,0.50000494141753,0.087468938101289,0.087472649483739
5.6987304687501e-06,1.0744301915566,1.0986328125e-09,0.50000494236993,0.087468934213694,0.087472646311777
5.6998291015626e-06,1.0744301925948,1.0986328125e-09,0.50000494332234,0.087468930326099,0.087472643139815
5.7009277343751e-06,1.0744301931657,1.0986328125e-09,0.50000494427475,0.087468926438505,0.087472639967853
5.7020263671876e-06,1.0744301936236,1.0986328125e-09,0.50000494522715,0.08746892255091,0.087472636795891
5.7031250000001e-06,1.0744301947176,1.0986328125e-09,0.50000494617956,0.087468918663315,0.087472633623929
5.7042236328126e-06,1.0744301953398,1.0986328125e-09,0.50000494713197,0.08746891477572,0.087472630451967
5.7053222656251e-06,1.0744301963814,1.0986328125e-09,0.50000494808437,0.087468910888126,0.087472627280005
5.7064208984376e-06,1.0744301969552,1.0986328125e-09,0.50000494903678,0.087468907000531,0.087472624108043
5.7075195312501e-06,1.0744301974162,1.0986328125e-09,0.50000494998918,0.087468903112936,0.087472620936081
5.7086181640627e-06,1.0744301985137,1.0986328125e-09,0.50000495094159,0.087468899225342,0.087472617764119
5.7097167968752e-06,1.0744301991388,1.0986328125e-09,0.50000495189399,0.087468895337747,0.087472614592157
5.7108154296877e-06,1.0744302001838,1.0986328125e-09,0.5000049528464,0.087468891450153,0.087472611420195
5.7119140625002e-06,1.0744302007604,1.0986328125e-09,0.5000049537988,0.087468887562558,0.087472608248234
5.7130126953127e-06,1.0744302012245,1.0986328125e-09,0.50000495475121,0.087468883674964,0.087472605076272
5.7141113281252e-06,1.0744302023254,1.0986328125e-09,0.50000495570361,0.087468879787369,0.08747260190431
5.7152099609377e-06,1.0744302029535,1.0986328125e-09,0.50000495665601,0.087468875899775,0.087472598732348
5.7163085937502e-06,1.0744302040019,1.0986328125e-09,0.50000495760842,0.08746887201218,0.087472595560387
5.7174072265627e-06,1.0744302045815,1.0986328125e-09,0.50000495856082,0.087468868124586,0.087472592388425
5.7185058593752e-06,1.0744302050486,1.0986328125e-09,0.50000495951322,0.087468864236992,0.087472589216463
5.7196044921877e-06,1.074430206153,1.0986328125e-09,0.50000496046562,0.087468860349397,0.087472586044502
5.7207031250002e-06,1.0744302067839,1.0986328125e-09,0.50000496141802,0.087468856461803,0.08747258287254
5.7218017578127e-06,1.0744302078358,1.0986328125e-09,0.50000496237042,0.087468852574209,0.087472579700578
5.7229003906252e-06,1.0744302084182,1.0986328125e-09,0.50000496332282,0.087468848686614,0.087472576528617
5.7239990234377e-06,1.0744302088884,1.0986328125e-09,0.50000496427522,0.08746884479902,0.087472573356655
5.7250976562502e-06,1.0744302099963,1.0986328125e-09,0.50000496522762,0.087468840911426,0.087472570184694
5.7261962890627e-06,1.0744302106301,1.0986328125e-09,0.50000496618002,0.087468837023832,0.087472567012732
5.7272949218752e-06,1.0744302116853,1.0986328125e-09,0.50000496713242,0.087468833136238,0.087472563840771
5.7283935546877e-06,1.0744302122707,1.0986328125e-09,0.50000496808482,0.087468829248643,0.08747256066881
5.7294921875002e-06,1.0744302127439,1.0986328125e-09,0.50000496903722,0.087468825361049,0.087472557496848
5.7305908203127e-06,1.0744302138553,1.0986328125e-09,0.50000496998962,0.087468821473455,0.087472554324887
5.7316894531252e-06,1.074430214492,1.0986328125e-09,0.50000497094202,0.087468817585861,0.087472551152925
5.7327880859377e-06,1.0744302155507,1.0986328125e-09,0.50000497189442,0.087468813698267,0.087472547980964
5.7338867187502e-06,1.0744302161389,1.0986328125e-09,0.50000497284681,0.087468809810673,0.087472544809003
5.7349853515627e-06,1.0744302166152,1.0986328125e-09,0.50000497379921,0.087468805923079,0.087472541637041
5.7360839843752e-06,1.07443021773,1.0986328125e-09,0.50000497475161,0.087468802035485,0.08747253846508
5.7371826171877e-06,1.0744302183697,1.0986328125e-09,0.500004975704,0.087468798147891,0.087472535293119
5.7382812500002e-06,1.0744302194318,1.0986328125e-09,0.5000049766564,0.087468794260297,0.087472532121158
5.7393798828127e-06,1.0744302200229,1.0986328125e-09,0.50000497760879,0.087468790372703,0.087472528949197
5.7404785156252e-06,1.0744302205023,1.0986328125e-09,0.50000497856119,0.08746878648511,0.087472525777235
5.7415771484377e-06,1.0744302216205,1.0986328125e-09,0.50000497951358,0.087468782597516,0.087472522605274
5.7426757812502e-06,1.0744302222631,1.0986328125e-09,0.50000498046598,0.087468778709922,0.087472519433313
5.7437744140627e-06,1.0744302233286,1.0986328125e-09,0.50000498141837,0.087468774822328,0.087472516261352
5.7448730468752e-06,1.0744302239226,1.0986328125e-09,0.50000498237077,0.087468770934735,0.087472513089391
5.7459716796877e-06,1.0744302244051,1.0986328125e-09,0.50000498332316,0.087468767047141,0.08747250991743
5.7470703125002e-06,1.0744302255268,1.0986328125e-09,0.50000498427556,0.087468763159547,0.087472506745469
5.7481689453127e-06,1.0744302261723,1.0986328125e-09,0.50000498522795,0.087468759271953,0.087472503573508
5.7492675781252e-06,1.0744302272411,1.0986328125e-09,0.50000498618034,0.08746875538436,0.087472500401547
5.7503662109377e-06,1.0744302278381,1.0986328125e-09,0.50000498713273,0.087468751496766,0.087472497229586
5.7514648437502e-06,1.0744302283236,1.0986328125e-09,0.50000498808513,0.087468747609173,0.087472494057625
5.7525634765627e-06,1.0744302294487,1.0986328125e-09,0.50000498903752,0.087468743721579,0.087472490885664
5.7536621093752e-06,1.0744302300971,1.0986328125e-09,0.50000498998991,0.087468739833986,0.087472487713704
5.7547607421877e-06,1.0744302311694,1.0986328125e-09,0.5000049909423,0.087468735946392,0.087472484541743
5.7558593750002e-06,1.0744302317693,1.0986328125e-09,0.50000499189469,0.087468732058799,0.087472481369782
5.7569580078127e-06,1.0744302322578,1.0986328125e-09,0.50000499284708,0.087468728171205,0.087472478197821
5.7580566406252e-06,1.0744302333865,1.0986328125e-09,0.50000499379947,0.087468724283612,0.08747247502586
5.7591552734377e-06,1.0744302340378,1.0986328125e-09,0.50000499475186,0.087468720396018,0.0874724718539
5.7602539062502e-06,1.0744302351135,1.0986328125e-09,0.50000499570425,0.087468716508425,0.087472468681939
5.7613525390627e-06,1.0744302357162,1.0986328125e-09,0.50000499665664,0.087468712620831,0.087472465509978
5.7624511718752e-06,1.0744302362078,1.0986328125e-09,0.50000499760903,0.087468708733238,0.087472462338018
5.7635498046877e-06,1.0744302373399,1.0986328125e-09,0.50000499856142,0.087468704845645,0.087472459166057
5.7646484375002e-06,1.0744302379942,1.0986328125e-09,0.5000049995138,0.087468700958052,0.087472455994096
5.7657470703127e-06,1.0744302390733,1.0986328125e-09,0.50000500046619,0.087468697070458,0.087472452822136
5.7668457031252e-06,1.0744302396789,1.0986328125e-09,0.50000500141858,0.087468693182865,0.087472449650175
5.7679443359377e-06,1.0744302401736,1.0986328125e-09,0.50000500237097,0.087468689295272,0.087472446478215
5.7690429687502e-06,1.0744302413091,1.0986328125e-09,0.50000500332335,0.087468685407679,0.087472443306254
5.7701416015627e-06,1.0744302419663,1.0986328125e-09,0.50000500427574,0.087468681520086,0.087472440134294
5.7712402343752e-06,1.0744302430488,1.0986328125e-09,0.50000500522813,0.087468677632493,0.087472436962333
5.7723388671877e-06,1.0744302436574,1.0986328125e-09,0.50000500618051,0.087468673744899,0.087472433790373
5.7734375000002e-06,1.0744302441551,1.0986328125e-09,0.5000050071329,0.087468669857306,0.087472430618413
5.7745361328127e-06,1.0744302452941,1.0986328125e-09,0.50000500808528,0.087468665969713,0.087472427446452
5.7756347656252e-06,1.0744302459542,1.0986328125e-09,0.50000500903767,0.08746866208212,0.087472424274492
5.7767333984377e-06,1.0744302470401,1.0986328125e-09,0.50000500999005,0.087468658194527,0.087472421102531
5.7778320312502e-06,1.0744302476515,1.0986328125e-09,0.50000501094244,0.087468654306934,0.087472417930571
5.7789306640627e-06,1.0744302481523,1.0986328125e-09,0.50000501189482,0.087468650419342,0.087472414758611
5.7800292968752e-06,1.0744302492948,1.0986328125e-09,0.5000050128472,0.087468646531749,0.087472411586651
5.7811279296877e-06,1.0744302499578,1.0986328125e-09,0.50000501379959,0.087468642644156,0.08747240841469
5.7822265625002e-06,1.0744302510471,1.0986328125e-09,0.50000501475197,0.087468638756563,0.08747240524273
5.7833251953127e-06,1.0744302516615,1.0986328125e-09,0.50000501570435,0.08746863486897,0.08747240207077
5.7844238281252e-06,1.0744302521653,1.0986328125e-09,0.50000501665673,0.087468630981377,0.08747239889881
5.7855224609377e-06,1.0744302533112,1.0986328125e-09,0.50000501760912,0.087468627093784,0.08747239572685
5.7866210937502e-06,1.0744302539771,1.0986328125e-09,0.5000050185615,0.087468623206192,0.08747239255489
5.7877197265627e-06,1.0744302550699,1.0986328125e-09,0.50000501951388,0.087468619318599,0.08747238938293
5.7888183593752e-06,1.0744302556871,1.0986328125e-09,0.50000502046626,0.087468615431006,0.08747238621097
5.7899169921877e-06,1.074430256194,1.0986328125e-09,0.50000502141864,0.087468611543414,0.08747238303901
5.7910156250002e-06,1.0744302573434,1.0986328125e-09,0.50000502237102,0.087468607655821,0.08747237986705
5.7921142578127e-06,1.0744302580122,1.0986328125e-09,0.5000050233234,0.087468603768228,0.08747237669509
5.7932128906252e-06,1.0744302591084,1.0986328125e-09,0.50000502427578,0.087468599880636,0.08747237352313
5.7943115234377e-06,1.0744302597286,1.0986328125e-09,0.50000502522816,0.087468595993043,0.08747237035117
5.7954101562502e-06,1.0744302602385,1.0986328125e-09,0.50000502618054,0.087468592105451,0.08747236717921
5.7965087890627e-06,1.0744302613914,1.0986328125e-09,0.50000502713292,0.087468588217858,0.08747236400725
5.7976074218752e-06,1.0744302620631,1.0986328125e-09,0.50000502808529,0.087468584330266,0.08747236083529
5.7987060546877e-06,1.0744302631627,1.0986328125e-09,0.50000502903767,0.087468580442673,0.08747235766333
5.7998046875002e-06,1.0744302637857,1.0986328125e-09,0.50000502999005,0.087468576555081,0.08747235449137
5.8009033203127e-06,1.0744302642987,1.0986328125e-09,0.50000503094243,0.087468572667488,0.087472351319411
5.8020019531252e-06,1.074430265455,1.0986328125e-09,0.5000050318948,0.087468568779896,0.087472348147451
5.8031005859377e-06,1.0744302661297,1.0986328125e-09,0.50000503284718,0.087468564892304,0.087472344975491
5.8041992187502e-06,1.0744302672327,1.0986328125e-09,0.50000503379956,0.087468561004711,0.087472341803531
5.8052978515627e-06,1.0744302678586,1.0986328125e-09,0.50000503475193,0.087468557117119,0.087472338631572
5.8063964843752e-06,1.0744302683747,1.0986328125e-09,0.50000503570431,0.087468553229527,0.087472335459612
5.8074951171877e-06,1.0744302695345,1.0986328125e-09,0.50000503665668,0.087468549341935,0.087472332287652
5.8085937500002e-06,1.074430270212,1.0986328125e-09,0.50000503760906,0.087468545454342,0.087472329115693
5.8096923828127e-06,1.0744302713184,1.0986328125e-09,0.50000503856143,0.08746854156675,0.087472325943733
5.8107910156252e-06,1.0744302719473,1.0986328125e-09,0.50000503951381,0.087468537679158,0.087472322771774
5.8118896484377e-06,1.0744302724664,1.0986328125e-09,0.50000504046618,0.087468533791566,0.087472319599814
5.8129882812502e-06,1.0744302736296,1.0986328125e-09,0.50000504141855,0.087468529903974,0.087472316427855
5.8140869140627e-06,1.0744302743101,1.0986328125e-09,0.50000504237093,0.087468526016382,0.087472313255895
5.8151855468752e-06,1.0744302754199,1.0986328125e-09,0.5000050433233,0.08746852212879,0.087472310083936
5.8162841796877e-06,1.0744302760517,1.0986328125e-09,0.50000504427567,0.087468518241198,0.087472306911976
5.8173828125002e-06,1.0744302765739,1.0986328125e-09,0.50000504522804,0.087468514353606,0.087472303740017
5.8184814453127e-06,1.0744302777406,1.0986328125e-09,0.50000504618042,0.087468510466014,0.087472300568058
5.8195800781252e-06,1.0744302784239,1.0986328125e-09,0.50000504713279,0.087468506578422,0.087472297396098
5.8206787109377e-06,1.0744302795372,1.0986328125e-09,0.50000504808516,0.08746850269083,0.087472294224139
5.8217773437502e-06,1.0744302801718,1.0986328125e-09,0.50000504903753,0.087468498803238,0.08747229105218
5.8228759765627e-06,1.0744302806971,1.0986328125e-09,0.5000050499899,0.087468494915646,0.08747228788022
5.8239746093752e-06,1.0744302818672,1.0986328125e-09,0.50000505094227,0.087468491028054,0.087472284708261
5.8250732421877e-06,1.0744302825535,1.0986328125e-09,0.50000505189464,0.087468487140462,0.087472281536302
5.8261718750002e-06,1.0744302836701,1.0986328125e-09,0.50000505284701,0.08746848325287,0.087472278364343
5.8272705078127e-06,1.0744302843077,1.0986328125e-09,0.50000505379938,0.087468479365279,0.087472275192384
5.8283691406252e-06,1.074430284836,1.0986328125e-09,0.50000505475175,0.087468475477687,0.087472272020424
5.8294677734377e-06,1.0744302860096,1.0986328125e-09,0.50000505570412,0.087468471590095,0.087472268848465
5.8305664062502e-06,1.0744302866988,1.0986328125e-09,0.50000505665649,0.087468467702504,0.087472265676506
5.8316650390627e-06,1.0744302878189,1.0986328125e-09,0.50000505760885,0.087468463814912,0.087472262504547
5.8327636718752e-06,1.0744302884593,1.0986328125e-09,0.50000505856122,0.08746845992732,0.087472259332588
5.8338623046877e-06,1.0744302889907,1.0986328125e-09,0.50000505951359,0.087468456039729,0.087472256160629
5.8349609375002e-06,1.0744302901678,1.0986328125e-09,0.50000506046596,0.087468452152137,0.08747225298867
5.8360595703127e-06,1.0744302908599,1.0986328125e-09,0.50000506141832,0.087468448264545,0.087472249816711
5.8371582031252e-06,1.0744302919834,1.0986328125e-09,0.50000506237069,0.087468444376954,0.087472246644752
5.8382568359377e-06,1.0744302926267,1.0986328125e-09,0.50000506332305,0.087468440489362,0.087472243472793
5.8393554687502e-06,1.0744302931612,1.0986328125e-09,0.50000506427542,0.087468436601771,0.087472240300834
5.8404541015627e-06,1.0744302943417,1.0986328125e-09,0.50000506522779,0.087468432714179,0.087472237128875
5.8415527343752e-06,1.0744302950367,1.0986328125e-09,0.50000506618015,0.087468428826588,0.087472233956917
5.8426513671877e-06,1.0744302961636,1.0986328125e-09,0.50000506713252,0.087468424938997,0.087472230784958
5.8437500000002e-06,1.0744302968098,1.0986328125e-09,0.50000506808488,0.087468421051405,0.087472227612999
5.8448486328127e-06,1.0744302973474,1.0986328125e-09,0.50000506903724,0.087468417163814,0.08747222444104
5.8459472656252e-06,1.0744302985314,1.0986328125e-09,0.50000506998961,0.087468413276223,0.087472221269081
5.8470458984377e-06,1.0744302992293,1.0986328125e-09,0.50000507094197,0.087468409388631,0.087472218097123
5.8481445312502e-06,1.0744303003596,1.0986328125e-09,0.50000507189433,0.08746840550104,0.087472214925164
5.8492431640627e-06,1.0744303010087,1.0986328125e-09,0.5000050728467,0.087468401613449,0.087472211753205
5.8503417968752e-06,1.0744303015493,1.0986328125e-09,0.50000507379906,0.087468397725858,0.087472208581247
5.8514404296877e-06,1.0744303027368,1.0986328125e-09,0.50000507475142,0.087468393838266,0.087472205409288
5.8525390625002e-06,1.0744303034376,1.0986328125e-09,0.50000507570378,0.087468389950675,0.087472202237329
5.8536376953127e-06,1.0744303045713,1.0986328125e-09,0.50000507665614,0.087468386063084,0.087472199065371
5.8547363281252e-06,1.0744303052234,1.0986328125e-09,0.5000050776085,0.087468382175493,0.087472195893412
5.8558349609377e-06,1.074430305767,1.0986328125e-09,0.50000507856086,0.087468378287902,0.087472192721454
5.8569335937502e-06,1.0744303069579,1.0986328125e-09,0.50000507951322,0.087468374400311,0.087472189549495
5.8580322265627e-06,1.0744303076617,1.0986328125e-09,0.50000508046558,0.08746837051272,0.087472186377537
5.8591308593752e-06,1.0744303087988,1.0986328125e-09,0.50000508141794,0.087468366625129,0.087472183205578
5.8602294921877e-06,1.0744303094537,1.0986328125e-09,0.5000050823703,0.087468362737538,0.08747218003362
5.8613281250002e-06,1.0744303100004,1.0986328125e-09,0.50000508332266,0.087468358849947,0.087472176861661
5.8624267578127e-06,1.0744303111948,1.0986328125e-09,0.50000508427502,0.087468354962356,0.087472173689703
5.8635253906252e-06,1.0744303119015,1.0986328125e-09,0.50000508522738,0.087468351074765,0.087472170517745
5.8646240234377e-06,1.074430313042,1.0986328125e-09,0.50000508617974,0.087468347187174,0.087472167345786
5.8657226562502e-06,1.0744303136999,1.0986328125e-09,0.5000050871321,0.087468343299583,0.087472164173828
5.8668212890627e-06,1.0744303142496,1.0986328125e-09,0.50000508808445,0.087468339411992,0.08747216100187
5.8679199218752e-06,1.0744303154475,1.0986328125e-09,0.50000508903681,0.087468335524402,0.087472157829912
5.8690185546877e-06,1.074430316157,1.0986328125e-09,0.50000508998917,0.087468331636811,0.087472154657953
5.8701171875002e-06,1.074430317301,1.0986328125e-09,0.50000509094152,0.08746832774922,0.087472151485995
5.8712158203127e-06,1.0744303179617,1.0986328125e-09,0.50000509189388,0.087468323861629,0.087472148314037
5.8723144531252e-06,1.0744303185146,1.0986328125e-09,0.50000509284623,0.087468319974039,0.087472145142079
5.8734130859377e-06,1.0744303197159,1.0986328125e-09,0.50000509379859,0.087468316086448,0.087472141970121
5.8745117187502e-06,1.0744303204284,1.0986328125e-09,0.50000509475094,0.087468312198857,0.087472138798163
5.8756103515627e-06,1.0744303215757,1.0986328125e-09,0.5000050957033,0.087468308311267,0.087472135626205
5.8767089843752e-06,1.0744303222394,1.0986328125e-09,0.50000509665565,0.087468304423676,0.087472132454247
5.8778076171877e-06,1.0744303227952,1.0986328125e-09,0.50000509760801,0.087468300536086,0.087472129282289
5.8789062500002e-06,1.074430324,1.0986328125e-09,0.50000509856036,0.087468296648495,0.087472126110331
5.8800048828127e-06,1.0744303247154,1.0986328125e-09,0.50000509951271,0.087468292760904,0.087472122938373
5.8811035156252e-06,1.0744303258662,1.0986328125e-09,0.50000510046507,0.087468288873314,0.087472119766415
5.8822021484377e-06,1.0744303265327,1.0986328125e-09,0.50000510141742,0.087468284985724,0.087472116594457
5.8833007812502e-06,1.0744303270917,1.0986328125e-09,0.50000510236977,0.087468281098133,0.087472113422499
5.8843994140627e-06,1.0744303282999,1.0986328125e-09,0.50000510332213,0.087468277210543,0.087472110250541
5.8854980468752e-06,1.0744303290182,1.0986328125e-09,0.50000510427448,0.087468273322952,0.087472107078583
5.8865966796877e-06,1.0744303301724,1.0986328125e-09,0.50000510522683,0.087468269435362,0.087472103906625
5.8876953125002e-06,1.0744303308418,1.0986328125e-09,0.50000510617918,0.087468265547772,0.087472100734667
5.8887939453127e-06,1.0744303314039,1.0986328125e-09,0.50000510713153,0.087468261660181,0.08747209756271
5.8898925781252e-06,1.0744303326156,1.0986328125e-09,0.50000510808388,0.087468257772591,0.087472094390752
5.8909912109377e-06,1.0744303333368,1.0986328125e-09,0.50000510903623,0.087468253885001,0.087472091218794
5.8920898437502e-06,1.0744303344944,1.0986328125e-09,0.50000510998858,0.087468249997411,0.087472088046837
5.8931884765627e-06,1.0744303351667,1.0986328125e-09,0.50000511094093,0.08746824610982,0.087472084874879
5.8942871093752e-06,1.0744303357318,1.0986328125e-09,0.50000511189328,0.08746824222223,0.087472081702921
5.8953857421877e-06,1.074430336947,1.0986328125e-09,0.50000511284563,0.08746823833464,0.087472078530964
5.8964843750002e-06,1.0744303376711,1.0986328125e-09,0.50000511379798,0.08746823444705,0.087472075359006
5.8975830078127e-06,1.0744303388321,1.0986328125e-09,0.50000511475032,0.08746823055946,0.087472072187048
5.8986816406252e-06,1.0744303395074,1.0986328125e-09,0.50000511570267,0.08746822667187,0.087472069015091
5.8997802734377e-06,1.0744303400755,1.0986328125e-09,0.50000511665502,0.08746822278428,0.087472065843133
5.9008789062502e-06,1.0744303412941,1.0986328125e-09,0.50000511760737,0.08746821889669,0.087472062671176
5.9019775390627e-06,1.0744303420212,1.0986328125e-09,0.50000511855971,0.0874682150091,0.087472059499218
5.9030761718752e-06,1.0744303431856,1.0986328125e-09,0.50000511951206,0.08746821112151,0.087472056327261
5.9041748046877e-06,1.0744303438637,1.0986328125e-09,0.50000512046441,0.08746820723392,0.087472053155303
5.9052734375002e-06,1.0744303444349,1.0986328125e-09,0.50000512141675,0.08746820334633,0.087472049983346
5.9063720703127e-06,1.074430345657,1.0986328125e-09,0.5000051223691,0.08746819945874,0.087472046811389
5.9074707031252e-06,1.074430346387,1.0986328125e-09,0.50000512332144,0.08746819557115,0.087472043639431
5.9085693359377e-06,1.0744303475548,1.0986328125e-09,0.50000512427379,0.08746819168356,0.087472040467474
5.9096679687502e-06,1.0744303482359,1.0986328125e-09,0.50000512522613,0.087468187795971,0.087472037295517
5.9107666015627e-06,1.0744303488101,1.0986328125e-09,0.50000512617847,0.087468183908381,0.087472034123559
5.9118652343752e-06,1.0744303500357,1.0986328125e-09,0.50000512713082,0.087468180020791,0.087472030951602
5.9129638671877e-06,1.0744303507686,1.0986328125e-09,0.50000512808316,0.087468176133201,0.087472027779645
5.9140625000002e-06,1.0744303519398,1.0986328125e-09,0.5000051290355,0.087468172245612,0.087472024607688
5.9151611328127e-06,1.0744303526237,1.0986328125e-09,0.50000512998785,0.087468168358022,0.087472021435731
5.9162597656252e-06,1.0744303532011,1.0986328125e-09,0.50000513094019,0.087468164470432,0.087472018263773
5.9173583984377e-06,1.0744303544301,1.0986328125e-09,0.50000513189253,0.087468160582843,0.087472015091816
5.9184570312502e-06,1.0744303551659,1.0986328125e-09,0.50000513284487,0.087468156695253,0.087472011919859
5.9195556640627e-06,1.0744303563405,1.0986328125e-09,0.50000513379722,0.087468152807664,0.087472008747902
5.9206542968752e-06,1.0744303570274,1.0986328125e-09,0.50000513474956,0.087468148920074,0.087472005575945
5.9217529296877e-06,1.0744303576078,1.0986328125e-09,0.5000051357019,0.087468145032484,0.087472002403988
5.9228515625002e-06,1.0744303588402,1.0986328125e-09,0.50000513665424,0.087468141144895,0.087471999232031
5.9239501953127e-06,1.0744303595789,1.0986328125e-09,0.50000513760658,0.087468137257305,0.087471996060074
5.9250488281252e-06,1.074430360757,1.0986328125e-09,0.50000513855892,0.087468133369716,0.087471992888117
5.9261474609377e-06,1.0744303614468,1.0986328125e-09,0.50000513951126,0.087468129482127,0.08747198971616
5.9272460937502e-06,1.0744303620302,1.0986328125e-09,0.5000051404636,0.087468125594537,0.087471986544203
5.9283447265627e-06,1.0744303632661,1.0986328125e-09,0.50000514141593,0.087468121706948,0.087471983372247
5.9294433593752e-06,1.0744303640078,1.0986328125e-09,0.50000514236827,0.087468117819359,0.08747198020029
5.9305419921877e-06,1.0744303651892,1.0986328125e-09,0.50000514332061,0.087468113931769,0.087471977028333
5.9316406250002e-06,1.0744303658819,1.0986328125e-09,0.50000514427295,0.08746811004418,0.087471973856376
5.9327392578127e-06,1.0744303664684,1.0986328125e-09,0.50000514522529,0.087468106156591,0.087471970684419
5.9338378906252e-06,1.0744303677078,1.0986328125e-09,0.50000514617762,0.087468102269002,0.087471967512463
5.9349365234377e-06,1.0744303684523,1.0986328125e-09,0.50000514712996,0.087468098381412,0.087471964340506
5.9360351562502e-06,1.0744303696372,1.0986328125e-09,0.5000051480823,0.087468094493823,0.087471961168549
5.9371337890627e-06,1.0744303703328,1.0986328125e-09,0.50000514903463,0.087468090606234,0.087471957996592
5.9382324218752e-06,1.0744303709223,1.0986328125e-09,0.50000514998697,0.087468086718645,0.087471954824636
5.9393310546877e-06,1.0744303721652,1.0986328125e-09,0.5000051509393,0.087468082831056,0.087471951652679
5.9404296875002e-06,1.0744303729127,1.0986328125e-09,0.50000515189164,0.087468078943467,0.087471948480723
5.9415283203127e-06,1.074430374101,1.0986328125e-09,0.50000515284397,0.087468075055878,0.087471945308766
5.9426269531252e-06,1.0744303747994,1.0986328125e-09,0.50000515379631,0.087468071168289,0.087471942136809
5.9437255859377e-06,1.0744303753921,1.0986328125e-09,0.50000515474864,0.0874680672807,0.087471938964853
5.9448242187502e-06,1.0744303766384,1.0986328125e-09,0.50000515570098,0.087468063393111,0.087471935792896
5.9459228515627e-06,1.0744303773888,1.0986328125e-09,0.50000515665331,0.087468059505522,0.08747193262094
5.9470214843752e-06,1.0744303780178,1.0986328125e-09,0.50000515760564,0.087468055617933,0.087471929448984
5.9481201171877e-06,1.0744303792926,1.0986328125e-09,0.50000515855798,0.087468051730344,0.087471926277027
5.9492187500002e-06,1.0744303800574,1.0986328125e-09,0.50000515951031,0.087468047842755,0.087471923105071
5.9503173828127e-06,1.0744303812607,1.0986328125e-09,0.50000516046264,0.087468043955166,0.087471919933114
5.9514160156252e-06,1.0744303819686,1.0986328125e-09,0.50000516141497,0.087468040067577,0.087471916761158
5.9525146484377e-06,1.0744303825693,1.0986328125e-09,0.5000051623673,0.087468036179989,0.087471913589202
5.9536132812502e-06,1.0744303838237,1.0986328125e-09,0.50000516331964,0.0874680322924,0.087471910417245
5.9547119140627e-06,1.07443038458,1.0986328125e-09,0.50000516427197,0.087468028404811,0.087471907245289
5.9558105468752e-06,1.0744303857783,1.0986328125e-09,0.5000051652243,0.087468024517222,0.087471904073333
5.9569091796877e-06,1.0744303864849,1.0986328125e-09,0.50000516617663,0.087468020629634,0.087471900901377
5.9580078125002e-06,1.0744303870859,1.0986328125e-09,0.50000516712896,0.087468016742045,0.08747189772942
5.9591064453127e-06,1.0744303883415,1.0986328125e-09,0.50000516808129,0.087468012854457,0.087471894557464
5.9602050781252e-06,1.0744303890997,1.0986328125e-09,0.50000516903361,0.087468008966868,0.087471891385508
5.9613037109377e-06,1.0744303897369,1.0986328125e-09,0.50000516998594,0.087468005079279,0.087471888213552
5.9624023437502e-06,1.0744303910208,1.0986328125e-09,0.50000517093827,0.087468001191691,0.087471885041596
5.9635009765627e-06,1.0744303917932,1.0986328125e-09,0.5000051718906,0.087467997304102,0.08747188186964
5.9645996093752e-06,1.0744303930055,1.0986328125e-09,0.50000517284293,0.087467993416514,0.087471878697684
5.9656982421877e-06,1.074430393721,1.0986328125e-09,0.50000517379526,0.087467989528925,0.087471875525728
5.9667968750002e-06,1.0744303943297,1.0986328125e-09,0.50000517474758,0.087467985641337,0.087471872353772
5.9678955078127e-06,1.0744303955931,1.0986328125e-09,0.50000517569991,0.087467981753748,0.087471869181816
5.9689941406252e-06,1.074430396357,1.0986328125e-09,0.50000517665224,0.08746797786616,0.08747186600986
5.9700927734377e-06,1.0744303975642,1.0986328125e-09,0.50000517760456,0.087467973978572,0.087471862837904
5.9711914062502e-06,1.0744303982783,1.0986328125e-09,0.50000517855689,0.087467970090983,0.087471859665948
5.9722900390627e-06,1.0744303988873,1.0986328125e-09,0.50000517950921,0.087467966203395,0.087471856493992
5.9733886718752e-06,1.074430400152,1.0986328125e-09,0.50000518046154,0.087467962315807,0.087471853322036
5.9744873046877e-06,1.0744304009177,1.0986328125e-09,0.50000518141386,0.087467958428219,0.08747185015008
5.9755859375002e-06,1.0744304015629,1.0986328125e-09,0.50000518236619,0.08746795454063,0.087471846978125
5.9766845703127e-06,1.0744304028558,1.0986328125e-09,0.50000518331851,0.087467950653042,0.087471843806169
5.9777832031252e-06,1.0744304036358,1.0986328125e-09,0.50000518427084,0.087467946765454,0.087471840634213
5.9788818359377e-06,1.074430404857,1.0986328125e-09,0.50000518522316,0.087467942877866,0.087471837462257
5.9799804687502e-06,1.07443040558,1.0986328125e-09,0.50000518617548,0.087467938990278,0.087471834290302
5.9810791015627e-06,1.0744304061966,1.0986328125e-09,0.50000518712781,0.08746793510269,0.087471831118346
5.9821777343752e-06,1.0744304074691,1.0986328125e-09,0.50000518808013,0.087467931215102,0.08747182794639
5.9832763671877e-06,1.0744304082406,1.0986328125e-09,0.50000518903245,0.087467927327513,0.087471824774435
5.9843750000002e-06,1.0744304088915,1.0986328125e-09,0.50000518998477,0.087467923439925,0.087471821602479
5.9854736328127e-06,1.0744304101906,1.0986328125e-09,0.50000519093709,0.087467919552337,0.087471818430524
5.9865722656252e-06,1.0744304109756,1.0986328125e-09,0.50000519188942,0.087467915664749,0.087471815258568
5.9876708984377e-06,1.0744304122026,1.0986328125e-09,0.50000519284174,0.087467911777162,0.087471812086613
5.9887695312502e-06,1.0744304129303,1.0986328125e-09,0.50000519379406,0.087467907889574,0.087471808914657
5.9898681640627e-06,1.074430413552,1.0986328125e-09,0.50000519474638,0.087467904001986,0.087471805742702
5.9909667968752e-06,1.0744304148301,1.0986328125e-09,0.5000051956987,0.087467900114398,0.087471802570746
5.9920654296877e-06,1.0744304156063,1.0986328125e-09,0.50000519665102,0.08746789622681,0.087471799398791
5.9931640625002e-06,1.0744304162622,1.0986328125e-09,0.50000519760334,0.087467892339222,0.087471796226835
5.9942626953127e-06,1.0744304175669,1.0986328125e-09,0.50000519855565,0.087467888451634,0.08747179305488
5.9953613281252e-06,1.0744304183565,1.0986328125e-09,0.50000519950797,0.087467884564047,0.087471789882925
5.9964599609377e-06,1.074430419589,1.0986328125e-09,0.50000520046029,0.087467880676459,0.087471786710969
5.9975585937502e-06,1.0744304203214,1.0986328125e-09,0.50000520141261,0.087467876788871,0.087471783539014
5.9986572265627e-06,1.074430420948,1.0986328125e-09,0.50000520236493,0.087467872901284,0.087471780367059
5.9997558593752e-06,1.0744304222316,1.0986328125e-09,0.50000520331724,0.087467869013696,0.087471777195103
6.0008544921877e-06,1.0744304230126,1.0986328125e-09,0.50000520426956,0.087467865126108,0.087471774023148
6.0019531250002e-06,1.0744304236733,1.0986328125e-09,0.50000520522188,0.087467861238521,0.087471770851193
6.0030517578127e-06,1.0744304249835,1.0986328125e-09,0.50000520617419,0.087467857350933,0.087471767679238
6.0041503906252e-06,1.0744304257779,1.0986328125e-09,0.50000520712651,0.087467853463346,0.087471764507283
6.0052490234377e-06,1.0744304270158,1.0986328125e-09,0.50000520807882,0.087467849575758,0.087471761335328
6.0063476562502e-06,1.0744304277529,1.0986328125e-09,0.50000520903114,0.087467845688171,0.087471758163373
6.0074462890627e-06,1.0744304283844,1.0986328125e-09,0.50000520998346,0.087467841800583,0.087471754991418
6.0085449218752e-06,1.0744304296736,1.0986328125e-09,0.50000521093577,0.087467837912996,0.087471751819462
6.0096435546877e-06,1.0744304304591,1.0986328125e-09,0.50000521188808,0.087467834025408,0.087471748647507
6.0107421875002e-06,1.0744304311248,1.0986328125e-09,0.5000052128404,0.087467830137821,0.087471745475552
6.0118408203127e-06,1.0744304324406,1.0986328125e-09,0.50000521379271,0.087467826250234,0.087471742303597
6.0129394531252e-06,1.0744304332396,1.0986328125e-09,0.50000521474502,0.087467822362646,0.087471739131643
6.0140380859377e-06,1.074430434483,1.0986328125e-09,0.50000521569734,0.087467818475059,0.087471735959688
6.0151367187502e-06,1.0744304352247,1.0986328125e-09,0.50000521664965,0.087467814587472,0.087471732787733
6.0162353515627e-06,1.0744304358611,1.0986328125e-09,0.50000521760196,0.087467810699884,0.087471729615778
6.0173339843752e-06,1.0744304371558,1.0986328125e-09,0.50000521855427,0.087467806812297,0.087471726443823
6.0184326171877e-06,1.0744304379461,1.0986328125e-09,0.50000521950659,0.08746780292471,0.087471723271868
6.0195312500002e-06,1.0744304386166,1.0986328125e-09,0.5000052204589,0.087467799037123,0.087471720099913
6.0206298828127e-06,1.074430439938,1.0986328125e-09,0.50000522141121,0.087467795149536,0.087471716927959
6.0217285156252e-06,1.0744304407417,1.0986328125e-09,0.50000522236352,0.087467791261948,0.087471713756004
6.0228271484377e-06,1.0744304419905,1.0986328125e-09,0.50000522331583,0.087467787374361,0.087471710584049
6.0239257812502e-06,1.0744304427369,1.0986328125e-09,0.50000522426814,0.087467783486774,0.087471707412094
6.0250244140627e-06,1.0744304433782,1.0986328125e-09,0.50000522522045,0.087467779599187,0.08747170424014
6.0261230468752e-06,1.0744304446784,1.0986328125e-09,0.50000522617276,0.0874677757116,0.087471701068185
6.0272216796877e-06,1.0744304454733,1.0986328125e-09,0.50000522712507,0.087467771824013,0.087471697896231
6.0283203125002e-06,1.0744304461488,1.0986328125e-09,0.50000522807738,0.087467767936426,0.087471694724276
6.0294189453127e-06,1.0744304474757,1.0986328125e-09,0.50000522902968,0.087467764048839,0.087471691552321
6.0305175781252e-06,1.0744304482841,1.0986328125e-09,0.50000522998199,0.087467760161252,0.087471688380367
6.0316162109377e-06,1.0744304495384,1.0986328125e-09,0.5000052309343,0.087467756273665,0.087471685208412
6.0327148437502e-06,1.0744304502894,1.0986328125e-09,0.50000523188661,0.087467752386079,0.087471682036458
6.0338134765627e-06,1.0744304509356,1.0986328125e-09,0.50000523283891,0.087467748498492,0.087471678864503
6.0349121093752e-06,1.0744304522414,1.0986328125e-09,0.50000523379122,0.087467744610905,0.087471675692549
6.0360107421877e-06,1.074430453041,1.0986328125e-09,0.50000523474353,0.087467740723318,0.087471672520594
6.0371093750002e-06,1.0744304537213,1.0986328125e-09,0.50000523569583,0.087467736835731,0.08747166934864
6.0382080078127e-06,1.0744304550538,1.0986328125e-09,0.50000523664814,0.087467732948145,0.087471666176686
6.0393066406252e-06,1.0744304558668,1.0986328125e-09,0.50000523760044,0.087467729060558,0.087471663004731
6.0404052734377e-06,1.0744304571266,1.0986328125e-09,0.50000523855275,0.087467725172971,0.087471659832777
6.0415039062502e-06,1.0744304578822,1.0986328125e-09,0.50000523950505,0.087467721285385,0.087471656660823
6.0426025390627e-06,1.0744304585333,1.0986328125e-09,0.50000524045736,0.087467717397798,0.087471653488868
6.0437011718752e-06,1.0744304598447,1.0986328125e-09,0.50000524140966,0.087467713510211,0.087471650316914
6.0447998046877e-06,1.0744304606489,1.0986328125e-09,0.50000524236196,0.087467709622625,0.08747164714496
6.0458984375002e-06,1.0744304613342,1.0986328125e-09,0.50000524331427,0.087467705735038,0.087471643973006
6.0469970703127e-06,1.0744304626722,1.0986328125e-09,0.50000524426657,0.087467701847452,0.087471640801052
6.0480957031252e-06,1.0744304634899,1.0986328125e-09,0.50000524521887,0.087467697959865,0.087471637629098
6.0491943359377e-06,1.0744304647551,1.0986328125e-09,0.50000524617118,0.087467694072279,0.087471634457143
6.0502929687502e-06,1.0744304655154,1.0986328125e-09,0.50000524712348,0.087467690184692,0.087471631285189
6.0513916015627e-06,1.0744304661714,1.0986328125e-09,0.50000524807578,0.087467686297106,0.087471628113235
6.0524902343752e-06,1.0744304674883,1.0986328125e-09,0.50000524902808,0.087467682409519,0.087471624941281
6.0535888671877e-06,1.0744304682972,1.0986328125e-09,0.50000524998038,0.087467678521933,0.087471621769327
6.0546875000002e-06,1.0744304689874,1.0986328125e-09,0.50000525093268,0.087467674634347,0.087471618597373
6.0557861328127e-06,1.074430470331,1.0986328125e-09,0.50000525188498,0.08746767074676,0.087471615425419
6.0568847656252e-06,1.0744304711533,1.0986328125e-09,0.50000525283728,0.087467666859174,0.087471612253465
6.0579833984377e-06,1.074430472424,1.0986328125e-09,0.50000525378958,0.087467662971588,0.087471609081511
6.0590820312502e-06,1.074430473189,1.0986328125e-09,0.50000525474188,0.087467659084002,0.087471605909557
6.0601806640627e-06,1.0744304738499,1.0986328125e-09,0.50000525569418,0.087467655196415,0.087471602737604
6.0612792968752e-06,1.0744304751723,1.0986328125e-09,0.50000525664648,0.087467651308829,0.08747159956565
6.0623779296877e-06,1.0744304759859,1.0986328125e-09,0.50000525759878,0.087467647421243,0.087471596393696
6.0634765625002e-06,1.074430476681,1.0986328125e-09,0.50000525855108,0.087467643533657,0.087471593221742
6.0645751953127e-06,1.0744304780301,1.0986328125e-09,0.50000525950337,0.087467639646071,0.087471590049788
6.0656738281252e-06,1.0744304788571,1.0986328125e-09,0.50000526045567,0.087467635758485,0.087471586877835
6.0667724609377e-06,1.0744304801332,1.0986328125e-09,0.50000526140797,0.087467631870899,0.087471583705881
6.0678710937502e-06,1.0744304809029,1.0986328125e-09,0.50000526236026,0.087467627983313,0.087471580533927
6.0689697265627e-06,1.0744304815686,1.0986328125e-09,0.50000526331256,0.087467624095727,0.087471577361974
6.0700683593752e-06,1.0744304828966,1.0986328125e-09,0.50000526426486,0.087467620208141,0.08747157419002
6.0711669921877e-06,1.0744304837149,1.0986328125e-09,0.50000526521715,0.087467616320555,0.087471571018066
6.0722656250002e-06,1.0744304844149,1.0986328125e-09,0.50000526616945,0.087467612432969,0.087471567846113
6.0733642578127e-06,1.0744304857695,1.0986328125e-09,0.50000526712174,0.087467608545383,0.087471564674159
6.0744628906252e-06,1.0744304866012,1.0986328125e-09,0.50000526807404,0.087467604657797,0.087471561502206
6.0755615234377e-06,1.0744304878828,1.0986328125e-09,0.50000526902633,0.087467600770211,0.087471558330252
6.0766601562502e-06,1.0744304886571,1.0986328125e-09,0.50000526997862,0.087467596882625,0.087471555158299
6.0777587890627e-06,1.0744304893278,1.0986328125e-09,0.50000527093092,0.08746759299504,0.087471551986345
6.0788574218752e-06,1.0744304906613,1.0986328125e-09,0.50000527188321,0.087467589107454,0.087471548814392
6.0799560546877e-06,1.0744304914842,1.0986328125e-09,0.5000052728355,0.087467585219868,0.087471545642438
6.0810546875002e-06,1.0744304921891,1.0986328125e-09,0.5000052737878,0.087467581332282,0.087471542470485
6.0821533203127e-06,1.0744304935493,1.0986328125e-09,0.50000527474009,0.087467577444697,0.087471539298531
6.0832519531252e-06,1.0744304943857,1.0986328125e-09,0.50000527569238,0.087467573557111,0.087471536126578
6.0843505859377e-06,1.0744304956728,1.0986328125e-09,0.50000527664467,0.087467569669525,0.087471532954625
6.0854492187502e-06,1.0744304964517,1.0986328125e-09,0.50000527759696,0.08746756578194,0.087471529782672
6.0865478515627e-06,1.0744304971273,1.0986328125e-09,0.50000527854926,0.087467561894354,0.087471526610718
6.0876464843752e-06,1.0744304984663,1.0986328125e-09,0.50000527950155,0.087467558006769,0.087471523438765
6.0887451171877e-06,1.0744304992939,1.0986328125e-09,0.50000528045384,0.087467554119183,0.087471520266812
6.0898437500002e-06,1.0744305000037,1.0986328125e-09,0.50000528140613,0.087467550231598,0.087471517094859
6.0909423828127e-06,1.0744305013695,1.0986328125e-09,0.50000528235842,0.087467546344012,0.087471513922905
6.0920410156252e-06,1.0744305022105,1.0986328125e-09,0.50000528331071,0.087467542456427,0.087471510750952
6.0931396484377e-06,1.0744305035031,1.0986328125e-09,0.50000528426299,0.087467538568841,0.087471507578999
6.0942382812502e-06,1.0744305042866,1.0986328125e-09,0.50000528521528,0.087467534681256,0.087471504407046
6.0953369140627e-06,1.0744305049671,1.0986328125e-09,0.50000528616757,0.087467530793671,0.087471501235093
6.0964355468752e-06,1.0744305063117,1.0986328125e-09,0.50000528711986,0.087467526906085,0.08747149806314
6.0975341796877e-06,1.0744305071439,1.0986328125e-09,0.50000528807215,0.0874675230185,0.087471494891187
6.0986328125002e-06,1.0744305078587,1.0986328125e-09,0.50000528902443,0.087467519130915,0.087471491719234
6.0997314453127e-06,1.07443050923,1.0986328125e-09,0.50000528997672,0.087467515243329,0.087471488547281
6.1008300781252e-06,1.0744305100757,1.0986328125e-09,0.50000529092901,0.087467511355744,0.087471485375328
6.1019287109377e-06,1.0744305113737,1.0986328125e-09,0.50000529188129,0.087467507468159,0.087471482203375
6.1030273437502e-06,1.0744305121619,1.0986328125e-09,0.50000529283358,0.087467503580574,0.087471479031422
6.1041259765627e-06,1.0744305128473,1.0986328125e-09,0.50000529378587,0.087467499692989,0.087471475859469
6.1052246093752e-06,1.0744305141974,1.0986328125e-09,0.50000529473815,0.087467495805403,0.087471472687517
6.1063232421877e-06,1.0744305150343,1.0986328125e-09,0.50000529569044,0.087467491917818,0.087471469515564
6.1074218750002e-06,1.074430515754,1.0986328125e-09,0.50000529664272,0.087467488030233,0.087471466343611
6.1085205078127e-06,1.0744305171309,1.0986328125e-09,0.50000529759501,0.087467484142648,0.087471463171658
6.1096191406252e-06,1.0744305179812,1.0986328125e-09,0.50000529854729,0.087467480255063,0.087471459999705
6.1107177734377e-06,1.0744305192847,1.0986328125e-09,0.50000529949957,0.087467476367478,0.087471456827753
6.1118164062502e-06,1.0744305200775,1.0986328125e-09,0.50000530045186,0.087467472479893,0.0874714536558
6.1129150390627e-06,1.0744305207678,1.0986328125e-09,0.50000530140414,0.087467468592308,0.087471450483847
6.1140136718752e-06,1.0744305221235,1.0986328125e-09,0.50000530235642,0.087467464704723,0.087471447311895
6.1151123046877e-06,1.0744305229651,1.0986328125e-09,0.5000053033087,0.087467460817138,0.087471444139942
6.1162109375002e-06,1.0744305236897,1.0986328125e-09,0.50000530426099,0.087467456929554,0.087471440967989
6.1173095703127e-06,1.0744305250721,1.0986328125e-09,0.50000530521327,0.087467453041969,0.087471437796037
6.1184082031252e-06,1.0744305259271,1.0986328125e-09,0.50000530616555,0.087467449154384,0.087471434624084
6.1195068359377e-06,1.074430526661,1.0986328125e-09,0.50000530711783,0.087467445266799,0.087471431452132
6.1206054687502e-06,1.0744305280512,1.0986328125e-09,0.50000530807011,0.087467441379214,0.087471428280179
6.1217041015627e-06,1.0744305289109,1.0986328125e-09,0.50000530902239,0.08746743749163,0.087471425108227
6.1228027343752e-06,1.0744305302242,1.0986328125e-09,0.50000530997467,0.087467433604045,0.087471421936274
6.1239013671877e-06,1.0744305310246,1.0986328125e-09,0.50000531092695,0.08746742971646,0.087471418764322
6.1250000000002e-06,1.0744305317224,1.0986328125e-09,0.50000531187923,0.087467425828875,0.08747141559237
6.1260986328127e-06,1.0744305330864,1.0986328125e-09,0.50000531283151,0.087467421941291,0.087471412420417
6.1271972656252e-06,1.0744305339348,1.0986328125e-09,0.50000531378379,0.087467418053706,0.087471409248465
6.1282958984377e-06,1.0744305346664,1.0986328125e-09,0.50000531473607,0.087467414166122,0.087471406076513
6.1293945312502e-06,1.0744305360566,1.0986328125e-09,0.50000531568835,0.087467410278537,0.08747140290456
6.1304931640627e-06,1.0744305369182,1.0986328125e-09,0.50000531664062,0.087467406390953,0.087471399732608
6.1315917968752e-06,1.074430537659,1.0986328125e-09,0.5000053175929,0.087467402503368,0.087471396560656
6.1326904296877e-06,1.0744305390569,1.0986328125e-09,0.50000531854518,0.087467398615784,0.087471393388704
6.1337890625002e-06,1.074430539923,1.0986328125e-09,0.50000531949745,0.087467394728199,0.087471390216751
6.1348876953127e-06,1.0744305412439,1.0986328125e-09,0.50000532044973,0.087467390840615,0.087471387044799
6.1359863281252e-06,1.0744305420507,1.0986328125e-09,0.50000532140201,0.08746738695303,0.087471383872847
6.1370849609377e-06,1.0744305427553,1.0986328125e-09,0.50000532235428,0.087467383065446,0.087471380700895
6.1381835937502e-06,1.0744305441269,1.0986328125e-09,0.50000532330656,0.087467379177862,0.087471377528943
6.1392822265627e-06,1.0744305449817,1.0986328125e-09,0.50000532425883,0.087467375290277,0.087471374356991
6.1403808593752e-06,1.0744305457201,1.0986328125e-09,0.50000532521111,0.087467371402693,0.087471371185039
6.1414794921877e-06,1.074430547118,1.0986328125e-09,0.50000532616338,0.087467367515109,0.087471368013087
6.1425781250002e-06,1.074430547986,1.0986328125e-09,0.50000532711566,0.087467363627524,0.087471364841135
6.1436767578127e-06,1.0744305487335,1.0986328125e-09,0.50000532806793,0.08746735973994,0.087471361669183
6.1447753906252e-06,1.0744305501391,1.0986328125e-09,0.5000053290202,0.087467355852356,0.087471358497231
6.1458740234378e-06,1.0744305510116,1.0986328125e-09,0.50000532997248,0.087467351964772,0.087471355325279
6.1469726562503e-06,1.07443055234,1.0986328125e-09,0.50000533092475,0.087467348077188,0.087471352153327
6.1480712890628e-06,1.0744305531532,1.0986328125e-09,0.50000533187702,0.087467344189604,0.087471348981375
6.1491699218753e-06,1.0744305538645,1.0986328125e-09,0.50000533282929,0.08746734030202,0.087471345809423
6.1502685546878e-06,1.0744305552438,1.0986328125e-09,0.50000533378157,0.087467336414435,0.087471342637472
6.1513671875003e-06,1.074430556105,1.0986328125e-09,0.50000533473384,0.087467332526851,0.08747133946552
6.1524658203128e-06,1.0744305568501,1.0986328125e-09,0.50000533568611,0.087467328639267,0.087471336293568
6.1535644531253e-06,1.0744305582556,1.0986328125e-09,0.50000533663838,0.087467324751683,0.087471333121616
6.1546630859378e-06,1.0744305591301,1.0986328125e-09,0.50000533759065,0.087467320864099,0.087471329949665
6.1557617187503e-06,1.0744305598843,1.0986328125e-09,0.50000533854292,0.087467316976516,0.087471326777713
6.1568603515628e-06,1.0744305612975,1.0986328125e-09,0.50000533949519,0.087467313088932,0.087471323605761
6.1579589843753e-06,1.0744305621765,1.0986328125e-09,0.50000534044746,0.087467309201348,0.08747132043381
6.1590576171878e-06,1.0744305635124,1.0986328125e-09,0.50000534139973,0.087467305313764,0.087471317261858
6.1601562500003e-06,1.074430564332,1.0986328125e-09,0.500005342352,0.08746730142618,0.087471314089906
6.1612548828128e-06,1.0744305650501,1.0986328125e-09,0.50000534330426,0.087467297538596,0.087471310917955
6.1623535156253e-06,1.074430566437,1.0986328125e-09,0.50000534425653,0.087467293651013,0.087471307746003
6.1634521484378e-06,1.0744305673046,1.0986328125e-09,0.5000053452088,0.087467289763429,0.087471304574052
6.1645507812503e-06,1.0744305680565,1.0986328125e-09,0.50000534616107,0.087467285875845,0.0874713014021
6.1656494140628e-06,1.0744305694696,1.0986328125e-09,0.50000534711333,0.087467281988261,0.087471298230149
6.1667480468753e-06,1.0744305703505,1.0986328125e-09,0.5000053480656,0.087467278100678,0.087471295058197
6.1678466796878e-06,1.0744305711115,1.0986328125e-09,0.50000534901787,0.087467274213094,0.087471291886246
6.1689453125003e-06,1.0744305725323,1.0986328125e-09,0.50000534997013,0.08746727032551,0.087471288714295
6.1700439453128e-06,1.0744305734177,1.0986328125e-09,0.5000053509224,0.087467266437927,0.087471285542343
6.1711425781253e-06,1.0744305741825,1.0986328125e-09,0.50000535187466,0.087467262550343,0.087471282370392
6.1722412109378e-06,1.0744305756069,1.0986328125e-09,0.50000535282693,0.08746725866276,0.087471279198441
6.1733398437503e-06,1.0744305764948,1.0986328125e-09,0.50000535377919,0.087467254775176,0.087471276026489
6.1744384765628e-06,1.0744305778409,1.0986328125e-09,0.50000535473146,0.087467250887593,0.087471272854538
6.1755371093753e-06,1.074430578669,1.0986328125e-09,0.50000535568372,0.087467247000009,0.087471269682587
6.1766357421878e-06,1.0744305793959,1.0986328125e-09,0.50000535663599,0.087467243112426,0.087471266510636
6.1777343750003e-06,1.0744305807927,1.0986328125e-09,0.50000535758825,0.087467239224843,0.087471263338684
6.1788330078128e-06,1.0744305816686,1.0986328125e-09,0.50000535854051,0.087467235337259,0.087471260166733
6.1799316406253e-06,1.0744305824292,1.0986328125e-09,0.50000535949278,0.087467231449676,0.087471256994782
6.1810302734378e-06,1.0744305838521,1.0986328125e-09,0.50000536044504,0.087467227562092,0.087471253822831
6.1821289062503e-06,1.0744305847412,1.0986328125e-09,0.5000053613973,0.087467223674509,0.08747125065088
6.1832275390628e-06,1.0744305855108,1.0986328125e-09,0.50000536234956,0.087467219786926,0.087471247478929
6.1843261718753e-06,1.0744305869414,1.0986328125e-09,0.50000536330182,0.087467215899343,0.087471244306978
6.1854248046878e-06,1.074430587835,1.0986328125e-09,0.50000536425408,0.087467212011759,0.087471241135027
6.1865234375003e-06,1.0744305886084,1.0986328125e-09,0.50000536520635,0.087467208124176,0.087471237963076
6.1876220703128e-06,1.0744305900425,1.0986328125e-09,0.50000536615861,0.087467204236593,0.087471234791125
6.1887207031253e-06,1.0744305909386,1.0986328125e-09,0.50000536711087,0.08746720034901,0.087471231619174
6.1898193359378e-06,1.0744305917144,1.0986328125e-09,0.50000536806313,0.087467196461427,0.087471228447223
6.1909179687503e-06,1.0744305931511,1.0986328125e-09,0.50000536901539,0.087467192573844,0.087471225275272
6.1920166015628e-06,1.0744305940492,1.0986328125e-09,0.50000536996764,0.087467188686261,0.087471222103321
6.1931152343753e-06,1.0744305948269,1.0986328125e-09,0.5000053709199,0.087467184798678,0.08747121893137
6.1942138671878e-06,1.0744305962658,1.0986328125e-09,0.50000537187216,0.087467180911095,0.08747121575942
6.1953125000003e-06,1.0744305971658,1.0986328125e-09,0.50000537282442,0.087467177023512,0.087471212587469
6.1964111328128e-06,1.0744305979454,1.0986328125e-09,0.50000537377668,0.087467173135929,0.087471209415518
6.1975097656253e-06,1.0744305993865,1.0986328125e-09,0.50000537472893,0.087467169248346,0.087471206243567
6.1986083984378e-06,1.0744306002882,1.0986328125e-09,0.50000537568119,0.087467165360763,0.087471203071617
6.1997070312503e-06,1.0744306010697,1.0986328125e-09,0.50000537663345,0.08746716147318,0.087471199899666
6.2008056640628e-06,1.0744306025129,1.0986328125e-09,0.50000537758571,0.087467157585597,0.087471196727715
6.2019042968753e-06,1.0744306034164,1.0986328125e-09,0.50000537853796,0.087467153698014,0.087471193555765
6.2030029296878e-06,1.0744306041997,1.0986328125e-09,0.50000537949022,0.087467149810431,0.087471190383814
6.2041015625003e-06,1.074430605645,1.0986328125e-09,0.50000538044247,0.087467145922849,0.087471187211863
6.2052001953128e-06,1.0744306065502,1.0986328125e-09,0.50000538139473,0.087467142035266,0.087471184039913
6.2062988281253e-06,1.0744306073355,1.0986328125e-09,0.50000538234698,0.087467138147683,0.087471180867962
6.2073974609378e-06,1.0744306087828,1.0986328125e-09,0.50000538329924,0.0874671342601,0.087471177696012
6.2084960937503e-06,1.0744306096898,1.0986328125e-09,0.50000538425149,0.087467130372518,0.087471174524061
6.2095947265628e-06,1.0744306104769,1.0986328125e-09,0.50000538520374,0.087467126484935,0.087471171352111
6.2106933593753e-06,1.0744306119263,1.0986328125e-09,0.500005386156,0.087467122597353,0.08747116818016
6.2117919921878e-06,1.0744306128351,1.0986328125e-09,0.50000538710825,0.08746711870977,0.08747116500821
6.2128906250003e-06,1.074430613624,1.0986328125e-09,0.5000053880605,0.087467114822187,0.08747116183626
6.2139892578128e-06,1.0744306150755,1.0986328125e-09,0.50000538901276,0.087467110934605,0.087471158664309
6.2150878906253e-06,1.074430615986,1.0986328125e-09,0.50000538996501,0.087467107047022,0.087471155492359
6.2161865234378e-06,1.0744306167767,1.0986328125e-09,0.50000539091726,0.08746710315944,0.087471152320409
6.2172851562503e-06,1.0744306182303,1.0986328125e-09,0.50000539186951,0.087467099271857,0.087471149148458
6.2183837890628e-06,1.0744306191426,1.0986328125e-09,0.50000539282176,0.087467095384275,0.087471145976508
6.2194824218753e-06,1.0744306199352,1.0986328125e-09,0.50000539377401,0.087467091496693,0.087471142804558
6.2205810546878e-06,1.0744306213909,1.0986328125e-09,0.50000539472626,0.08746708760911,0.087471139632608
6.2216796875003e-06,1.0744306223049,1.0986328125e-09,0.50000539567851,0.087467083721528,0.087471136460657
6.2227783203128e-06,1.0744306230993,1.0986328125e-09,0.50000539663076,0.087467079833945,0.087471133288707
6.2238769531253e-06,1.0744306245571,1.0986328125e-09,0.50000539758301,0.087467075946363,0.087471130116757
6.2249755859378e-06,1.0744306254728,1.0986328125e-09,0.50000539853526,0.087467072058781,0.087471126944807
6.2260742187503e-06,1.0744306262691,1.0986328125e-09,0.50000539948751,0.087467068171199,0.087471123772857
6.2271728515628e-06,1.074430627729,1.0986328125e-09,0.50000540043976,0.087467064283616,0.087471120600907
6.2282714843753e-06,1.0744306286465,1.0986328125e-09,0.50000540139201,0.087467060396034,0.087471117428957
6.2293701171878e-06,1.0744306294446,1.0986328125e-09,0.50000540234426,0.087467056508452,0.087471114257007
6.2304687500003e-06,1.0744306309066,1.0986328125e-09,0.5000054032965,0.08746705262087,0.087471111085057
6.2315673828128e-06,1.0744306318258,1.0986328125e-09,0.50000540424875,0.087467048733288,0.087471107913107
6.2326660156253e-06,1.0744306326258,1.0986328125e-09,0.500005405201,0.087467044845706,0.087471104741157
6.2337646484378e-06,1.0744306340898,1.0986328125e-09,0.50000540615324,0.087467040958124,0.087471101569207
6.2348632812503e-06,1.0744306350108,1.0986328125e-09,0.50000540710549,0.087467037070542,0.087471098397257
6.2359619140628e-06,1.0744306358126,1.0986328125e-09,0.50000540805774,0.08746703318296,0.087471095225307
6.2370605468753e-06,1.0744306372787,1.0986328125e-09,0.50000540900998,0.087467029295378,0.087471092053357
6.2381591796878e-06,1.0744306382015,1.0986328125e-09,0.50000540996223,0.087467025407796,0.087471088881408
6.2392578125003e-06,1.0744306390052,1.0986328125e-09,0.50000541091447,0.087467021520214,0.087471085709458
6.2403564453128e-06,1.0744306404733,1.0986328125e-09,0.50000541186671,0.087467017632632,0.087471082537508
6.2414550781253e-06,1.0744306413979,1.0986328125e-09,0.50000541281896,0.08746701374505,0.087471079365558
6.2425537109378e-06,1.0744306422034,1.0986328125e-09,0.5000054137712,0.087467009857468,0.087471076193609
6.2436523437503e-06,1.0744306436736,1.0986328125e-09,0.50000541472345,0.087467005969886,0.087471073021659
6.2447509765628e-06,1.0744306445999,1.0986328125e-09,0.50000541567569,0.087467002082304,0.087471069849709
6.2458496093753e-06,1.0744306454072,1.0986328125e-09,0.50000541662793,0.087466998194723,0.08747106667776
6.2469482421878e-06,1.0744306468796,1.0986328125e-09,0.50000541758017,0.087466994307141,0.08747106350581
6.2480468750003e-06,1.0744306478076,1.0986328125e-09,0.50000541853242,0.087466990419559,0.08747106033386
6.2491455078128e-06,1.0744306486168,1.0986328125e-09,0.50000541948466,0.087466986531977,0.087471057161911
6.2502441406253e-06,1.0744306500912,1.0986328125e-09,0.5000054204369,0.087466982644396,0.087471053989961
6.2513427734378e-06,1.074430651021,1.0986328125e-09,0.50000542138914,0.087466978756814,0.087471050818012
6.2524414062503e-06,1.074430651832,1.0986328125e-09,0.50000542234138,0.087466974869232,0.087471047646062
6.2535400390628e-06,1.0744306533085,1.0986328125e-09,0.50000542329362,0.087466970981651,0.087471044474113
6.2546386718753e-06,1.0744306542401,1.0986328125e-09,0.50000542424586,0.087466967094069,0.087471041302163
6.2557373046878e-06,1.0744306550529,1.0986328125e-09,0.5000054251981,0.087466963206488,0.087471038130214
6.2568359375003e-06,1.0744306565315,1.0986328125e-09,0.50000542615034,0.087466959318906,0.087471034958265
6.2579345703128e-06,1.0744306574648,1.0986328125e-09,0.50000542710258,0.087466955431325,0.087471031786315
6.2590332031253e-06,1.0744306582795,1.0986328125e-09,0.50000542805482,0.087466951543743,0.087471028614366
6.2601318359378e-06,1.0744306597602,1.0986328125e-09,0.50000542900706,0.087466947656162,0.087471025442417
6.2612304687503e-06,1.0744306606952,1.0986328125e-09,0.5000054299593,0.08746694376858,0.087471022270467
6.2623291015628e-06,1.0744306615118,1.0986328125e-09,0.50000543091153,0.087466939880999,0.087471019098518
6.2634277343753e-06,1.0744306629946,1.0986328125e-09,0.50000543186377,0.087466935993418,0.087471015926569
6.2645263671878e-06,1.0744306639313,1.0986328125e-09,0.50000543281601,0.087466932105836,0.08747101275462
6.2656250000003e-06,1.0744306647497,1.0986328125e-09,0.50000543376825,0.087466928218255,0.08747100958267
6.2667236328128e-06,1.0744306662346,1.0986328125e-09,0.50000543472048,0.087466924330674,0.087471006410721
6.2678222656253e-06,1.0744306671731,1.0986328125e-09,0.50000543567272,0.087466920443092,0.087471003238772
6.2689208984378e-06,1.0744306679934,1.0986328125e-09,0.50000543662495,0.087466916555511,0.087471000066823
6.2700195312503e-06,1.0744306694803,1.0986328125e-09,0.50000543757719,0.08746691266793,0.087470996894874
6.2711181640628e-06,1.0744306704206,1.0986328125e-09,0.50000543852942,0.087466908780349,0.087470993722925
6.2722167968753e-06,1.0744306712427,1.0986328125e-09,0.50000543948166,0.087466904892768,0.087470990550976
6.2733154296878e-06,1.0744306727317,1.0986328125e-09,0.50000544043389,0.087466901005187,0.087470987379027
6.2744140625003e-06,1.0744306736737,1.0986328125e-09,0.50000544138613,0.087466897117605,0.087470984207078
6.2755126953128e-06,1.0744306744977,1.0986328125e-09,0.50000544233836,0.087466893230024,0.087470981035129
6.2766113281253e-06,1.0744306759888,1.0986328125e-09,0.5000054432906,0.087466889342443,0.08747097786318
6.2777099609378e-06,1.0744306769325,1.0986328125e-09,0.50000544424283,0.087466885454862,0.087470974691231
6.2788085937503e-06,1.0744306777583,1.0986328125e-09,0.50000544519506,0.087466881567281,0.087470971519282
6.2799072265628e-06,1.0744306792515,1.0986328125e-09,0.50000544614729,0.0874668776797,0.087470968347333
6.2810058593753e-06,1.074430680197,1.0986328125e-09,0.50000544709953,0.087466873792119,0.087470965175384
6.2821044921878e-06,1.0744306810247,1.0986328125e-09,0.50000544805176,0.087466869904539,0.087470962003436
6.2832031250003e-06,1.0744306825199,1.0986328125e-09,0.50000544900399,0.087466866016958,0.087470958831487
6.2843017578128e-06,1.0744306834672,1.0986328125e-09,0.50000544995622,0.087466862129377,0.087470955659538
6.2854003906253e-06,1.0744306842967,1.0986328125e-09,0.50000545090845,0.087466858241796,0.087470952487589
6.2864990234378e-06,1.074430685794,1.0986328125e-09,0.50000545186068,0.087466854354215,0.087470949315641
6.2875976562503e-06,1.0744306867431,1.0986328125e-09,0.50000545281291,0.087466850466634,0.087470946143692
6.2886962890628e-06,1.0744306875744,1.0986328125e-09,0.50000545376514,0.087466846579054,0.087470942971743
6.2897949218753e-06,1.0744306890738,1.0986328125e-09,0.50000545471737,0.087466842691473,0.087470939799795
6.2908935546878e-06,1.0744306900246,1.0986328125e-09,0.5000054556696,0.087466838803892,0.087470936627846
6.2919921875003e-06,1.0744306908578,1.0986328125e-09,0.50000545662183,0.087466834916311,0.087470933455898
6.2930908203128e-06,1.0744306923593,1.0986328125e-09,0.50000545757406,0.087466831028731,0.087470930283949
6.2941894531253e-06,1.0744306933118,1.0986328125e-09,0.50000545852629,0.08746682714115,0.087470927112
6.2952880859378e-06,1.0744306941468,1.0986328125e-09,0.50000545947851,0.08746682325357,0.087470923940052
6.2963867187503e-06,1.0744306956504,1.0986328125e-09,0.50000546043074,0.087466819365989,0.087470920768103
6.2974853515628e-06,1.0744306966047,1.0986328125e-09,0.50000546138297,0.087466815478408,0.087470917596155
6.2985839843753e-06,1.0744306974416,1.0986328125e-09,0.50000546233519,0.087466811590828,0.087470914424206
6.2996826171878e-06,1.0744306989472,1.0986328125e-09,0.50000546328742,0.087466807703247,0.087470911252258
6.3007812500003e-06,1.0744306999033,1.0986328125e-09,0.50000546423965,0.087466803815667,0.08747090808031
6.3018798828128e-06,1.074430700742,1.0986328125e-09,0.50000546519187,0.087466799928086,0.087470904908361
6.3029785156253e-06,1.0744307022497,1.0986328125e-09,0.5000054661441,0.087466796040506,0.087470901736413
6.3040771484378e-06,1.0744307032075,1.0986328125e-09,0.50000546709632,0.087466792152926,0.087470898564465
6.3051757812503e-06,1.0744307040481,1.0986328125e-09,0.50000546804855,0.087466788265345,0.087470895392516
6.3062744140628e-06,1.0744307055579,1.0986328125e-09,0.50000546900077,0.087466784377765,0.087470892220568
6.3073730468753e-06,1.0744307065175,1.0986328125e-09,0.500005469953,0.087466780490185,0.08747088904862
6.3084716796878e-06,1.0744307073598,1.0986328125e-09,0.50000547090522,0.087466776602604,0.087470885876672
6.3095703125003e-06,1.0744307088718,1.0986328125e-09,0.50000547185744,0.087466772715024,0.087470882704724
6.3106689453128e-06,1.0744307098331,1.0986328125e-09,0.50000547280967,0.087466768827444,0.087470879532775
6.3117675781253e-06,1.0744307106773,1.0986328125e-09,0.50000547376189,0.087466764939864,0.087470876360827
6.3128662109378e-06,1.0744307121913,1.0986328125e-09,0.50000547471411,0.087466761052284,0.087470873188879
6.3139648437503e-06,1.0744307131544,1.0986328125e-09,0.50000547566633,0.087466757164703,0.087470870016931
6.3150634765628e-06,1.0744307140004,1.0986328125e-09,0.50000547661856,0.087466753277123,0.087470866844983
6.3161621093753e-06,1.0744307155165,1.0986328125e-09,0.50000547757078,0.087466749389543,0.087470863673035
6.3172607421878e-06,1.0744307164813,1.0986328125e-09,0.500005478523,0.087466745501963,0.087470860501087
6.3183593750003e-06,1.0744307173292,1.0986328125e-09,0.50000547947522,0.087466741614383,0.087470857329139
6.3194580078128e-06,1.0744307188474,1.0986328125e-09,0.50000548042744,0.087466737726803,0.087470854157191
6.3205566406253e-06,1.074430719814,1.0986328125e-09,0.50000548137966,0.087466733839223,0.087470850985243
6.3216552734378e-06,1.0744307206637,1.0986328125e-09,0.50000548233188,0.087466729951643,0.087470847813295
6.3227539062503e-06,1.074430722184,1.0986328125e-09,0.5000054832841,0.087466726064063,0.087470844641347
6.3238525390628e-06,1.0744307231523,1.0986328125e-09,0.50000548423632,0.087466722176483,0.087470841469399
6.3249511718753e-06,1.0744307240039,1.0986328125e-09,0.50000548518854,0.087466718288903,0.087470838297452
6.3260498046878e-06,1.0744307255263,1.0986328125e-09,0.50000548614076,0.087466714401323,0.087470835125504
6.3271484375003e-06,1.0744307264963,1.0986328125e-09,0.50000548709297,0.087466710513743,0.087470831953556
6.3282470703128e-06,1.0744307273498,1.0986328125e-09,0.50000548804519,0.087466706626164,0.087470828781608
6.3293457031253e-06,1.0744307288742,1.0986328125e-09,0.50000548899741,0.087466702738584,0.087470825609661
6.3304443359378e-06,1.074430729846,1.0986328125e-09,0.50000548994963,0.087466698851004,0.087470822437713
6.3315429687503e-06,1.0744307307013,1.0986328125e-09,0.50000549090184,0.087466694963424,0.087470819265765
6.3326416015628e-06,1.0744307322278,1.0986328125e-09,0.50000549185406,0.087466691075845,0.087470816093818
6.3337402343753e-06,1.0744307332014,1.0986328125e-09,0.50000549280628,0.087466687188265,0.08747081292187
6.3348388671878e-06,1.0744307340585,1.0986328125e-09,0.50000549375849,0.087466683300685,0.087470809749922
6.3359375000003e-06,1.0744307355871,1.0986328125e-09,0.50000549471071,0.087466679413106,0.087470806577975
6.3370361328128e-06,1.0744307365624,1.0986328125e-09,0.50000549566292,0.087466675525526,0.087470803406027
6.3381347656253e-06,1.0744307374214,1.0986328125e-09,0.50000549661514,0.087466671637946,0.08747080023408
6.3392333984378e-06,1.0744307389521,1.0986328125e-09,0.50000549756735,0.087466667750367,0.087470797062132
6.3403320312503e-06,1.0744307399291,1.0986328125e-09,0.50000549851957,0.087466663862787,0.087470793890185
6.3414306640628e-06,1.07443074079,1.0986328125e-09,0.50000549947178,0.087466659975208,0.087470790718237
6.3425292968753e-06,1.0744307423227,1.0986328125e-09,0.50000550042399,0.087466656087628,0.08747078754629
6.3436279296878e-06,1.0744307433016,1.0986328125e-09,0.50000550137621,0.087466652200049,0.087470784374342
6.3447265625003e-06,1.0744307441642,1.0986328125e-09,0.50000550232842,0.08746664831247,0.087470781202395
6.3458251953128e-06,1.0744307456991,1.0986328125e-09,0.50000550328063,0.08746664442489,0.087470778030448
6.3469238281253e-06,1.0744307466796,1.0986328125e-09,0.50000550423284,0.087466640537311,0.0874707748585
6.3480224609378e-06,1.0744307475442,1.0986328125e-09,0.50000550518506,0.087466636649731,0.087470771686553
6.3491210937503e-06,1.0744307490811,1.0986328125e-09,0.50000550613727,0.087466632762152,0.087470768514606
6.3502197265628e-06,1.0744307500634,1.0986328125e-09,0.50000550708948,0.087466628874573,0.087470765342658
6.3513183593753e-06,1.0744307509298,1.0986328125e-09,0.50000550804169,0.087466624986994,0.087470762170711
6.3524169921878e-06,1.0744307524688,1.0986328125e-09,0.5000055089939,0.087466621099414,0.087470758998764
6.3535156250003e-06,1.0744307534529,1.0986328125e-09,0.50000550994611,0.087466617211835,0.087470755826817
6.3546142578128e-06,1.0744307543211,1.0986328125e-09,0.50000551089832,0.087466613324256,0.08747075265487
6.3557128906253e-06,1.0744307558622,1.0986328125e-09,0.50000551185053,0.087466609436677,0.087470749482922
6.3568115234378e-06,1.074430756848,1.0986328125e-09,0.50000551280274,0.087466605549098,0.087470746310975
6.3579101562503e-06,1.074430757718,1.0986328125e-09,0.50000551375495,0.087466601661519,0.087470743139028
6.3590087890628e-06,1.0744307592612,1.0986328125e-09,0.50000551470716,0.087466597773939,0.087470739967081
6.3601074218753e-06,1.0744307602488,1.0986328125e-09,0.50000551565936,0.08746659388636,0.087470736795134
6.3612060546878e-06,1.0744307611207,1.0986328125e-09,0.50000551661157,0.087466589998781,0.087470733623187
6.3623046875003e-06,1.074430762666,1.0986328125e-09,0.50000551756378,0.087466586111202,0.08747073045124
6.3634033203128e-06,1.0744307636553,1.0986328125e-09,0.50000551851599,0.087466582223623,0.087470727279293
6.3645019531253e-06,1.074430764529,1.0986328125e-09,0.50000551946819,0.087466578336044,0.087470724107346
6.3656005859378e-06,1.0744307660764,1.0986328125e-09,0.5000055204204,0.087466574448465,0.087470720935399
6.3666992187503e-06,1.0744307670675,1.0986328125e-09,0.50000552137261,0.087466570560887,0.087470717763453
6.3677978515628e-06,1.074430767943,1.0986328125e-09,0.50000552232481,0.087466566673308,0.087470714591506
6.3688964843753e-06,1.0744307694925,1.0986328125e-09,0.50000552327702,0.087466562785729,0.087470711419559
6.3699951171878e-06,1.0744307704853,1.0986328125e-09,0.50000552422922,0.08746655889815,0.087470708247612
6.3710937500003e-06,1.0744307713627,1.0986328125e-09,0.50000552518143,0.087466555010571,0.087470705075665
6.3721923828128e-06,1.0744307729143,1.0986328125e-09,0.50000552613363,0.087466551122992,0.087470701903718
6.3732910156253e-06,1.0744307739089,1.0986328125e-09,0.50000552708584,0.087466547235414,0.087470698731772
6.3743896484378e-06,1.0744307747881,1.0986328125e-09,0.50000552803804,0.087466543347835,0.087470695559825
6.3754882812503e-06,1.0744307763417,1.0986328125e-09,0.50000552899024,0.087466539460256,0.087470692387878
6.3765869140628e-06,1.0744307773381,1.0986328125e-09,0.50000552994245,0.087466535572678,0.087470689215932
6.3776855468753e-06,1.0744307782192,1.0986328125e-09,0.50000553089465,0.087466531685099,0.087470686043985
6.3787841796878e-06,1.0744307797749,1.0986328125e-09,0.50000553184685,0.08746652779752,0.087470682872038
6.3798828125003e-06,1.074430780773,1.0986328125e-09,0.50000553279905,0.087466523909942,0.087470679700092
6.3809814453128e-06,1.0744307816559,1.0986328125e-09,0.50000553375126,0.087466520022363,0.087470676528145
6.3820800781253e-06,1.0744307832137,1.0986328125e-09,0.50000553470346,0.087466516134785,0.087470673356199
6.3831787109378e-06,1.0744307842135,1.0986328125e-09,0.50000553565566,0.087466512247206,0.087470670184252
6.3842773437503e-06,1.0744307850984,1.0986328125e-09,0.50000553660786,0.087466508359628,0.087470667012306
6.3853759765628e-06,1.0744307866582,1.0986328125e-09,0.50000553756006,0.087466504472049,0.087470663840359
6.3864746093753e-06,1.0744307876598,1.0986328125e-09,0.50000553851226,0.087466500584471,0.087470660668413
6.3875732421878e-06,1.0744307885465,1.0986328125e-09,0.50000553946446,0.087466496696892,0.087470657496467
6.3886718750003e-06,1.0744307901084,1.0986328125e-09,0.50000554041666,0.087466492809314,0.08747065432452
6.3897705078128e-06,1.0744307911117,1.0986328125e-09,0.50000554136886,0.087466488921736,0.087470651152574
6.3908691406253e-06,1.0744307920002,1.0986328125e-09,0.50000554232106,0.087466485034157,0.087470647980627
6.3919677734378e-06,1.0744307935643,1.0986328125e-09,0.50000554327325,0.087466481146579,0.087470644808681
6.3930664062503e-06,1.0744307945694,1.0986328125e-09,0.50000554422545,0.087466477259001,0.087470641636735
6.3941650390628e-06,1.0744307954597,1.0986328125e-09,0.50000554517765,0.087466473371423,0.087470638464789
6.3952636718753e-06,1.0744307970258,1.0986328125e-09,0.50000554612985,0.087466469483844,0.087470635292842
6.3963623046878e-06,1.0744307980327,1.0986328125e-09,0.50000554708205,0.087466465596266,0.087470632120896
6.3974609375003e-06,1.0744307989249,1.0986328125e-09,0.50000554803424,0.087466461708688,0.08747062894895
6.3985595703128e-06,1.074430800493,1.0986328125e-09,0.50000554898644,0.08746645782111,0.087470625777004
6.3996582031253e-06,1.0744308015017,1.0986328125e-09,0.50000554993863,0.087466453933532,0.087470622605058
6.4007568359378e-06,1.0744308023957,1.0986328125e-09,0.50000555089083,0.087466450045954,0.087470619433112
6.4018554687503e-06,1.074430803966,1.0986328125e-09,0.50000555184303,0.087466446158376,0.087470616261166
6.4029541015628e-06,1.0744308049763,1.0986328125e-09,0.50000555279522,0.087466442270798,0.087470613089219
6.4040527343753e-06,1.0744308058722,1.0986328125e-09,0.50000555374742,0.08746643838322,0.087470609917273
6.4051513671878e-06,1.0744308074446,1.0986328125e-09,0.50000555469961,0.087466434495642,0.087470606745327
6.4062500000003e-06,1.0744308084567,1.0986328125e-09,0.5000055556518,0.087466430608064,0.087470603573381
6.4073486328128e-06,1.0744308093544,1.0986328125e-09,0.500005556604,0.087466426720486,0.087470600401436
6.4084472656253e-06,1.0744308109288,1.0986328125e-09,0.50000555755619,0.087466422832908,0.08747059722949
6.4095458984378e-06,1.0744308119427,1.0986328125e-09,0.50000555850839,0.08746641894533,0.087470594057544
6.4106445312503e-06,1.0744308128423,1.0986328125e-09,0.50000555946058,0.087466415057752,0.087470590885598
6.4117431640628e-06,1.0744308144188,1.0986328125e-09,0.50000556041277,0.087466411170174,0.087470587713652
6.4128417968753e-06,1.0744308154344,1.0986328125e-09,0.50000556136496,0.087466407282596,0.087470584541706
6.4139404296878e-06,1.0744308163358,1.0986328125e-09,0.50000556231715,0.087466403395019,0.08747058136976
6.4150390625003e-06,1.0744308179144,1.0986328125e-09,0.50000556326935,0.087466399507441,0.087470578197815
6.4161376953128e-06,1.0744308189318,1.0986328125e-09,0.50000556422154,0.087466395619863,0.087470575025869
6.4172363281253e-06,1.0744308198351,1.0986328125e-09,0.50000556517373,0.087466391732285,0.087470571853923
6.4183349609378e-06,1.0744308214158,1.0986328125e-09,0.50000556612592,0.087466387844708,0.087470568681977
6.4194335937503e-06,1.0744308224349,1.0986328125e-09,0.50000556707811,0.08746638395713,0.087470565510032
6.4205322265628e-06,1.07443082334,1.0986328125e-09,0.5000055680303,0.087466380069553,0.087470562338086
6.4216308593753e-06,1.0744308249228,1.0986328125e-09,0.50000556898249,0.087466376181975,0.08747055916614
6.4227294921878e-06,1.0744308259437,1.0986328125e-09,0.50000556993468,0.087466372294397,0.087470555994195
6.4238281250003e-06,1.0744308268506,1.0986328125e-09,0.50000557088687,0.08746636840682,0.087470552822249
6.4249267578128e-06,1.0744308284355,1.0986328125e-09,0.50000557183905,0.087466364519242,0.087470549650304
6.4260253906253e-06,1.0744308294581,1.0986328125e-09,0.50000557279124,0.087466360631665,0.087470546478358
6.4271240234378e-06,1.0744308303669,1.0986328125e-09,0.50000557374343,0.087466356744087,0.087470543306413
6.4282226562503e-06,1.0744308319538,1.0986328125e-09,0.50000557469562,0.08746635285651,0.087470540134467
6.4293212890628e-06,1.0744308329782,1.0986328125e-09,0.5000055756478,0.087466348968933,0.087470536962522
6.4304199218753e-06,1.0744308338889,1.0986328125e-09,0.50000557659999,0.087466345081355,0.087470533790576
6.4315185546878e-06,1.0744308354779,1.0986328125e-09,0.50000557755218,0.087466341193778,0.087470530618631
6.4326171875003e-06,1.074430836504,1.0986328125e-09,0.50000557850436,0.0874663373062,0.087470527446686
6.4337158203128e-06,1.0744308374165,1.0986328125e-09,0.50000557945655,0.087466333418623,0.08747052427474
6.4348144531253e-06,1.0744308390076,1.0986328125e-09,0.50000558040874,0.087466329531046,0.087470521102795
6.4359130859378e-06,1.0744308400355,1.0986328125e-09,0.50000558136092,0.087466325643469,0.08747051793085
6.4370117187503e-06,1.0744308409498,1.0986328125e-09,0.50000558231311,0.087466321755891,0.087470514758904
6.4381103515628e-06,1.074430842543,1.0986328125e-09,0.50000558326529,0.087466317868314,0.087470511586959
6.4392089843753e-06,1.0744308435727,1.0986328125e-09,0.50000558421747,0.087466313980737,0.087470508415014
6.4403076171878e-06,1.0744308444889,1.0986328125e-09,0.50000558516966,0.08746631009316,0.087470505243069
6.4414062500003e-06,1.0744308460841,1.0986328125e-09,0.50000558612184,0.087466306205583,0.087470502071123
6.4425048828128e-06,1.0744308471155,1.0986328125e-09,0.50000558707402,0.087466302318006,0.087470498899178
6.4436035156253e-06,1.0744308480336,1.0986328125e-09,0.50000558802621,0.087466298430429,0.087470495727233
6.4447021484378e-06,1.0744308496309,1.0986328125e-09,0.50000558897839,0.087466294542852,0.087470492555288
6.4458007812503e-06,1.0744308506641,1.0986328125e-09,0.50000558993057,0.087466290655275,0.087470489383343
6.4468994140628e-06,1.0744308515839,1.0986328125e-09,0.50000559088275,0.087466286767698,0.087470486211398
6.4479980468753e-06,1.0744308531834,1.0986328125e-09,0.50000559183493,0.087466282880121,0.087470483039453
6.4490966796878e-06,1.0744308542183,1.0986328125e-09,0.50000559278712,0.087466278992544,0.087470479867508
6.4501953125003e-06,1.07443085514,1.0986328125e-09,0.5000055937393,0.087466275104967,0.087470476695563
6.4512939453128e-06,1.0744308567415,1.0986328125e-09,0.50000559469148,0.08746627121739,0.087470473523618
6.4523925781253e-06,1.0744308577782,1.0986328125e-09,0.50000559564366,0.087466267329813,0.087470470351673
6.4534912109378e-06,1.0744308587018,1.0986328125e-09,0.50000559659584,0.087466263442236,0.087470467179728
6.4545898437503e-06,1.0744308603054,1.0986328125e-09,0.50000559754802,0.087466259554659,0.087470464007783
6.4556884765628e-06,1.0744308613438,1.0986328125e-09,0.5000055985002,0.087466255667083,0.087470460835838
6.4567871093753e-06,1.0744308622692,1.0986328125e-09,0.50000559945237,0.087466251779506,0.087470457663893
6.4578857421878e-06,1.0744308638749,1.0986328125e-09,0.50000560040455,0.087466247891929,0.087470454491949
6.4589843750003e-06,1.0744308649151,1.0986328125e-09,0.50000560135673,0.087466244004352,0.087470451320004
6.4600830078128e-06,1.0744308658423,1.0986328125e-09,0.50000560230891,0.087466240116776,0.087470448148059
6.4611816406253e-06,1.0744308674501,1.0986328125e-09,0.50000560326109,0.087466236229199,0.087470444976114
6.4622802734378e-06,1.074430868492,1.0986328125e-09,0.50000560421326,0.087466232341622,0.08747044180417
6.4633789062503e-06,1.0744308694211,1.0986328125e-09,0.50000560516544,0.087466228454046,0.087470438632225
6.4644775390628e-06,1.074430871031,1.0986328125e-09,0.50000560611762,0.087466224566469,0.08747043546028
6.4655761718753e-06,1.0744308720746,1.0986328125e-09,0.50000560706979,0.087466220678893,0.087470432288336
6.4666748046878e-06,1.0744308730056,1.0986328125e-09,0.50000560802197,0.087466216791316,0.087470429116391
6.4677734375003e-06,1.0744308746175,1.0986328125e-09,0.50000560897414,0.08746621290374,0.087470425944447
6.4688720703128e-06,1.074430875663,1.0986328125e-09,0.50000560992632,0.087466209016163,0.087470422772502
6.4699707031253e-06,1.0744308765957,1.0986328125e-09,0.50000561087849,0.087466205128587,0.087470419600558
6.4710693359378e-06,1.0744308782098,1.0986328125e-09,0.50000561183067,0.08746620124101,0.087470416428613
6.4721679687503e-06,1.074430879257,1.0986328125e-09,0.50000561278284,0.087466197353434,0.087470413256669
6.4732666015628e-06,1.0744308801916,1.0986328125e-09,0.50000561373502,0.087466193465858,0.087470410084724
6.4743652343753e-06,1.0744308818077,1.0986328125e-09,0.50000561468719,0.087466189578281,0.08747040691278
6.4754638671878e-06,1.0744308828567,1.0986328125e-09,0.50000561563936,0.087466185690705,0.087470403740835
6.4765625000003e-06,1.0744308837931,1.0986328125e-09,0.50000561659154,0.087466181803129,0.087470400568891
6.4776611328128e-06,1.0744308854113,1.0986328125e-09,0.50000561754371,0.087466177915552,0.087470397396947
6.4787597656253e-06,1.074430886462,1.0986328125e-09,0.50000561849588,0.087466174027976,0.087470394225002
6.4798583984378e-06,1.0744308874003,1.0986328125e-09,0.50000561944805,0.0874661701404,0.087470391053058
6.4809570312503e-06,1.0744308890206,1.0986328125e-09,0.50000562040022,0.087466166252824,0.087470387881114
6.4820556640628e-06,1.0744308900731,1.0986328125e-09,0.50000562135239,0.087466162365248,0.087470384709169
6.4831542968753e-06,1.0744308910132,1.0986328125e-09,0.50000562230457,0.087466158477672,0.087470381537225
6.4842529296878e-06,1.0744308926356,1.0986328125e-09,0.50000562325674,0.087466154590095,0.087470378365281
6.4853515625003e-06,1.0744308936898,1.0986328125e-09,0.50000562420891,0.087466150702519,0.087470375193337
6.4864501953128e-06,1.0744308946318,1.0986328125e-09,0.50000562516108,0.087466146814943,0.087470372021393
6.4875488281253e-06,1.0744308962563,1.0986328125e-09,0.50000562611325,0.087466142927367,0.087470368849448
6.4886474609378e-06,1.0744308973122,1.0986328125e-09,0.50000562706541,0.087466139039791,0.087470365677504
6.4897460937503e-06,1.0744308982561,1.0986328125e-09,0.50000562801758,0.087466135152215,0.08747036250556
6.4908447265628e-06,1.0744308998826,1.0986328125e-09,0.50000562896975,0.087466131264639,0.087470359333616
6.4919433593753e-06,1.0744309009403,1.0986328125e-09,0.50000562992192,0.087466127377063,0.087470356161672
6.4930419921878e-06,1.074430901886,1.0986328125e-09,0.50000563087409,0.087466123489488,0.087470352989728
6.4941406250003e-06,1.0744309035147,1.0986328125e-09,0.50000563182625,0.087466119601912,0.087470349817784
6.4952392578128e-06,1.0744309045741,1.0986328125e-09,0.50000563277842,0.087466115714336,0.08747034664584
6.4963378906253e-06,1.0744309055217,1.0986328125e-09,0.50000563373059,0.08746611182676,0.087470343473896
6.4974365234378e-06,1.0744309071524,1.0986328125e-09,0.50000563468276,0.087466107939184,0.087470340301952
6.4985351562503e-06,1.0744309082136,1.0986328125e-09,0.50000563563492,0.087466104051608,0.087470337130009
6.4996337890628e-06,1.074430909163,1.0986328125e-09,0.50000563658709,0.087466100164033,0.087470333958065
6.5007324218753e-06,1.0744309107958,1.0986328125e-09,0.50000563753925,0.087466096276457,0.087470330786121
6.5018310546878e-06,1.0744309118588,1.0986328125e-09,0.50000563849142,0.087466092388881,0.087470327614177
6.5029296875003e-06,1.07443091281,1.0986328125e-09,0.50000563944358,0.087466088501306,0.087470324442233
6.5040283203128e-06,1.0744309144449,1.0986328125e-09,0.50000564039575,0.08746608461373,0.08747032127029
6.5051269531253e-06,1.0744309155096,1.0986328125e-09,0.50000564134791,0.087466080726154,0.087470318098346
6.5062255859378e-06,1.0744309164627,1.0986328125e-09,0.50000564230007,0.087466076838579,0.087470314926402
6.5073242187503e-06,1.0744309180997,1.0986328125e-09,0.50000564325224,0.087466072951003,0.087470311754458
6.5084228515628e-06,1.0744309191661,1.0986328125e-09,0.5000056442044,0.087466069063428,0.087470308582515
6.5095214843753e-06,1.0744309201211,1.0986328125e-09,0.50000564515656,0.087466065175852,0.087470305410571
6.5106201171878e-06,1.0744309217601,1.0986328125e-09,0.50000564610873,0.087466061288277,0.087470302238628
6.5117187500003e-06,1.0744309228283,1.0986328125e-09,0.50000564706089,0.087466057400701,0.087470299066684
6.5128173828128e-06,1.0744309237851,1.0986328125e-09,0.50000564801305,0.087466053513126,0.08747029589474
6.5139160156253e-06,1.0744309254263,1.0986328125e-09,0.50000564896521,0.087466049625551,0.087470292722797
6.5150146484378e-06,1.0744309264962,1.0986328125e-09,0.50000564991737,0.087466045737975,0.087470289550853
6.5161132812503e-06,1.0744309274549,1.0986328125e-09,0.50000565086953,0.0874660418504,0.08747028637891
6.5172119140628e-06,1.0744309290981,1.0986328125e-09,0.50000565182169,0.087466037962825,0.087470283206967
6.5183105468753e-06,1.0744309301698,1.0986328125e-09,0.50000565277385,0.087466034075249,0.087470280035023
6.5194091796878e-06,1.0744309311303,1.0986328125e-09,0.50000565372601,0.087466030187674,0.08747027686308
6.5205078125003e-06,1.0744309327756,1.0986328125e-09,0.50000565467817,0.087466026300099,0.087470273691136
6.5216064453128e-06,1.0744309338491,1.0986328125e-09,0.50000565563033,0.087466022412524,0.087470270519193
6.5227050781253e-06,1.0744309348114,1.0986328125e-09,0.50000565658249,0.087466018524948,0.08747026734725
6.5238037109378e-06,1.0744309364588,1.0986328125e-09,0.50000565753465,0.087466014637373,0.087470264175306
6.5249023437503e-06,1.074430937534,1.0986328125e-09,0.50000565848681,0.087466010749798,0.087470261003363
6.5260009765628e-06,1.0744309384982,1.0986328125e-09,0.50000565943897,0.087466006862223,0.08747025783142
6.5270996093753e-06,1.0744309401477,1.0986328125e-09,0.50000566039112,0.087466002974648,0.087470254659477
6.5281982421878e-06,1.0744309412247,1.0986328125e-09,0.50000566134328,0.087465999087073,0.087470251487533
6.5292968750003e-06,1.0744309421907,1.0986328125e-09,0.50000566229544,0.087465995199498,0.08747024831559
6.5303955078128e-06,1.0744309438422,1.0986328125e-09,0.50000566324759,0.087465991311923,0.087470245143647
6.5314941406253e-06,1.074430944921,1.0986328125e-09,0.50000566419975,0.087465987424348,0.087470241971704
6.5325927734378e-06,1.0744309458888,1.0986328125e-09,0.50000566515191,0.087465983536773,0.087470238799761
6.5336914062503e-06,1.0744309475425,1.0986328125e-09,0.50000566610406,0.087465979649198,0.087470235627818
6.5347900390628e-06,1.074430948623,1.0986328125e-09,0.50000566705622,0.087465975761623,0.087470232455875
6.5358886718753e-06,1.0744309495927,1.0986328125e-09,0.50000566800837,0.087465971874048,0.087470229283932
6.5369873046878e-06,1.0744309512484,1.0986328125e-09,0.50000566896052,0.087465967986473,0.087470226111989
6.5380859375003e-06,1.0744309523307,1.0986328125e-09,0.50000566991268,0.087465964098898,0.087470222940046
6.5391845703128e-06,1.0744309533022,1.0986328125e-09,0.50000567086483,0.087465960211324,0.087470219768103
6.5402832031253e-06,1.07443095496,1.0986328125e-09,0.50000567181699,0.087465956323749,0.08747021659616
6.5413818359378e-06,1.0744309560441,1.0986328125e-09,0.50000567276914,0.087465952436174,0.087470213424217
6.5424804687503e-06,1.0744309570174,1.0986328125e-09,0.50000567372129,0.087465948548599,0.087470210252274
6.5435791015628e-06,1.0744309586774,1.0986328125e-09,0.50000567467344,0.087465944661025,0.087470207080331
6.5446777343753e-06,1.0744309597631,1.0986328125e-09,0.5000056756256,0.08746594077345,0.087470203908388
6.5457763671878e-06,1.0744309607383,1.0986328125e-09,0.50000567657775,0.087465936885875,0.087470200736446
6.5468750000003e-06,1.0744309624003,1.0986328125e-09,0.5000056775299,0.087465932998301,0.087470197564503
6.5479736328128e-06,1.0744309634879,1.0986328125e-09,0.50000567848205,0.087465929110726,0.08747019439256
6.5490722656253e-06,1.0744309644649,1.0986328125e-09,0.5000056794342,0.087465925223152,0.087470191220617
6.5501708984378e-06,1.074430966129,1.0986328125e-09,0.50000568038635,0.087465921335577,0.087470188048675
6.5512695312503e-06,1.0744309672183,1.0986328125e-09,0.5000056813385,0.087465917448003,0.087470184876732
6.5523681640628e-06,1.0744309681972,1.0986328125e-09,0.50000568229065,0.087465913560428,0.087470181704789
6.5534667968753e-06,1.0744309698634,1.0986328125e-09,0.5000056832428,0.087465909672854,0.087470178532847
6.5545654296878e-06,1.0744309709544,1.0986328125e-09,0.50000568419495,0.087465905785279,0.087470175360904
6.5556640625003e-06,1.0744309719352,1.0986328125e-09,0.5000056851471,0.087465901897705,0.087470172188962
6.5567626953128e-06,1.0744309736034,1.0986328125e-09,0.50000568609925,0.087465898010131,0.087470169017019
6.5578613281253e-06,1.0744309746962,1.0986328125e-09,0.50000568705139,0.087465894122556,0.087470165845076
6.5589599609378e-06,1.0744309756788,1.0986328125e-09,0.50000568800354,0.087465890234982,0.087470162673134
6.5600585937503e-06,1.0744309773492,1.0986328125e-09,0.50000568895569,0.087465886347408,0.087470159501192
6.5611572265628e-06,1.0744309784437,1.0986328125e-09,0.50000568990784,0.087465882459833,0.087470156329249
6.5622558593753e-06,1.0744309794282,1.0986328125e-09,0.50000569085998,0.087465878572259,0.087470153157307
6.5633544921878e-06,1.0744309811006,1.0986328125e-09,0.50000569181213,0.087465874684685,0.087470149985364
6.5644531250003e-06,1.0744309821969,1.0986328125e-09,0.50000569276428,0.087465870797111,0.087470146813422
6.5655517578128e-06,1.0744309831832,1.0986328125e-09,0.50000569371642,0.087465866909536,0.08747014364148
6.5666503906253e-06,1.0744309848577,1.0986328125e-09,0.50000569466857,0.087465863021962,0.087470140469537
6.5677490234378e-06,1.0744309859557,1.0986328125e-09,0.50000569562071,0.087465859134388,0.087470137297595
6.5688476562503e-06,1.0744309869439,1.0986328125e-09,0.50000569657286,0.087465855246814,0.087470134125653
6.5699462890628e-06,1.0744309886205,1.0986328125e-09,0.500005697525,0.08746585135924,0.08747013095371
6.5710449218753e-06,1.0744309897203,1.0986328125e-09,0.50000569847715,0.087465847471666,0.087470127781768
6.5721435546878e-06,1.0744309907103,1.0986328125e-09,0.50000569942929,0.087465843584092,0.087470124609826
6.5732421875003e-06,1.074430992389,1.0986328125e-09,0.50000570038143,0.087465839696518,0.087470121437884
6.5743408203128e-06,1.0744309934905,1.0986328125e-09,0.50000570133358,0.087465835808944,0.087470118265942
6.5754394531253e-06,1.0744309944824,1.0986328125e-09,0.50000570228572,0.08746583192137,0.087470115094
6.5765380859378e-06,1.0744309961631,1.0986328125e-09,0.50000570323786,0.087465828033796,0.087470111922057
6.5776367187503e-06,1.0744309972664,1.0986328125e-09,0.50000570419,0.087465824146222,0.087470108750115
6.5787353515628e-06,1.0744309982601,1.0986328125e-09,0.50000570514214,0.087465820258648,0.087470105578173
6.5798339843753e-06,1.074430999943,1.0986328125e-09,0.50000570609429,0.087465816371075,0.087470102406231
6.5809326171878e-06,1.074431001048,1.0986328125e-09,0.50000570704643,0.087465812483501,0.087470099234289
6.5820312500004e-06,1.0744310020436,1.0986328125e-09,0.50000570799857,0.087465808595927,0.087470096062347
6.5831298828129e-06,1.0744310037285,1.0986328125e-09,0.50000570895071,0.087465804708353,0.087470092890405
6.5842285156254e-06,1.0744310048353,1.0986328125e-09,0.50000570990285,0.08746580082078,0.087470089718463
6.5853271484379e-06,1.0744310058327,1.0986328125e-09,0.50000571085499,0.087465796933206,0.087470086546522
6.5864257812504e-06,1.0744310075197,1.0986328125e-09,0.50000571180713,0.087465793045632,0.08747008337458
6.5875244140629e-06,1.0744310086283,1.0986328125e-09,0.50000571275927,0.087465789158059,0.087470080202638
6.5886230468754e-06,1.0744310096275,1.0986328125e-09,0.50000571371141,0.087465785270485,0.087470077030696
6.5897216796879e-06,1.0744310113166,1.0986328125e-09,0.50000571466354,0.087465781382911,0.087470073858754
6.5908203125004e-06,1.074431012427,1.0986328125e-09,0.50000571561568,0.087465777495338,0.087470070686812
6.5919189453129e-06,1.074431013428,1.0986328125e-09,0.50000571656782,0.087465773607764,0.087470067514871
6.5930175781254e-06,1.0744310151192,1.0986328125e-09,0.50000571751996,0.087465769720191,0.087470064342929
6.5941162109379e-06,1.0744310162313,1.0986328125e-09,0.50000571847209,0.087465765832617,0.087470061170987
6.5952148437504e-06,1.0744310172342,1.0986328125e-09,0.50000571942423,0.087465761945044,0.087470057999046
6.5963134765629e-06,1.0744310189275,1.0986328125e-09,0.50000572037637,0.08746575805747,0.087470054827104
6.5974121093754e-06,1.0744310200414,1.0986328125e-09,0.5000057213285,0.087465754169897,0.087470051655162
6.5985107421879e-06,1.0744310210461,1.0986328125e-09,0.50000572228064,0.087465750282324,0.087470048483221
6.5996093750004e-06,1.0744310227415,1.0986328125e-09,0.50000572323277,0.08746574639475,0.087470045311279
6.6007080078129e-06,1.0744310238571,1.0986328125e-09,0.50000572418491,0.087465742507177,0.087470042139338
6.6018066406254e-06,1.0744310248637,1.0986328125e-09,0.50000572513704,0.087465738619604,0.087470038967396
6.6029052734379e-06,1.0744310265612,1.0986328125e-09,0.50000572608918,0.08746573473203,0.087470035795455
6.6040039062504e-06,1.0744310276785,1.0986328125e-09,0.50000572704131,0.087465730844457,0.087470032623513
6.6051025390629e-06,1.074431028687,1.0986328125e-09,0.50000572799345,0.087465726956884,0.087470029451572
6.6062011718754e-06,1.0744310303865,1.0986328125e-09,0.50000572894558,0.087465723069311,0.08747002627963
6.6072998046879e-06,1.0744310315056,1.0986328125e-09,0.50000572989771,0.087465719181738,0.087470023107689
6.6083984375004e-06,1.0744310325159,1.0986328125e-09,0.50000573084984,0.087465715294164,0.087470019935748
6.6094970703129e-06,1.0744310342175,1.0986328125e-09,0.50000573180198,0.087465711406591,0.087470016763806
6.6105957031254e-06,1.0744310353384,1.0986328125e-09,0.50000573275411,0.087465707519018,0.087470013591865
6.6116943359379e-06,1.0744310363505,1.0986328125e-09,0.50000573370624,0.087465703631445,0.087470010419924
6.6127929687504e-06,1.0744310380542,1.0986328125e-09,0.50000573465837,0.087465699743872,0.087470007247982
6.6138916015629e-06,1.0744310391768,1.0986328125e-09,0.5000057356105,0.087465695856299,0.087470004076041
6.6149902343754e-06,1.0744310401908,1.0986328125e-09,0.50000573656263,0.087465691968726,0.0874700009041
6.6160888671879e-06,1.0744310418966,1.0986328125e-09,0.50000573751476,0.087465688081153,0.087469997732159
6.6171875000004e-06,1.074431043021,1.0986328125e-09,0.50000573846689,0.08746568419358,0.087469994560217
6.6182861328129e-06,1.0744310440369,1.0986328125e-09,0.50000573941902,0.087465680306007,0.087469991388276
6.6193847656254e-06,1.0744310457447,1.0986328125e-09,0.50000574037115,0.087465676418434,0.087469988216335
6.6204833984379e-06,1.0744310468708,1.0986328125e-09,0.50000574132328,0.087465672530861,0.087469985044394
6.6215820312504e-06,1.0744310478885,1.0986328125e-09,0.50000574227541,0.087465668643289,0.087469981872453
6.6226806640629e-06,1.0744310495985,1.0986328125e-09,0.50000574322754,0.087465664755716,0.087469978700512
6.6237792968754e-06,1.0744310507264,1.0986328125e-09,0.50000574417967,0.087465660868143,0.087469975528571
6.6248779296879e-06,1.0744310517459,1.0986328125e-09,0.50000574513179,0.08746565698057,0.08746997235663
6.6259765625004e-06,1.074431053458,1.0986328125e-09,0.50000574608392,0.087465653092998,0.087469969184689
6.6270751953129e-06,1.0744310545876,1.0986328125e-09,0.50000574703605,0.087465649205425,0.087469966012748
6.6281738281254e-06,1.074431055609,1.0986328125e-09,0.50000574798818,0.087465645317852,0.087469962840807
6.6292724609379e-06,1.0744310573231,1.0986328125e-09,0.5000057489403,0.08746564143028,0.087469959668866
6.6303710937504e-06,1.0744310584545,1.0986328125e-09,0.50000574989243,0.087465637542707,0.087469956496925
6.6314697265629e-06,1.0744310594777,1.0986328125e-09,0.50000575084455,0.087465633655134,0.087469953324985
6.6325683593754e-06,1.074431061194,1.0986328125e-09,0.50000575179668,0.087465629767562,0.087469950153044
6.6336669921879e-06,1.0744310623271,1.0986328125e-09,0.5000057527488,0.087465625879989,0.087469946981103
6.6347656250004e-06,1.0744310633522,1.0986328125e-09,0.50000575370093,0.087465621992417,0.087469943809162
6.6358642578129e-06,1.0744310650705,1.0986328125e-09,0.50000575465305,0.087465618104844,0.087469940637221
6.6369628906254e-06,1.0744310662054,1.0986328125e-09,0.50000575560518,0.087465614217272,0.087469937465281
6.6380615234379e-06,1.0744310672323,1.0986328125e-09,0.5000057565573,0.087465610329699,0.08746993429334
6.6391601562504e-06,1.0744310689527,1.0986328125e-09,0.50000575750942,0.087465606442127,0.087469931121399
6.6402587890629e-06,1.0744310700894,1.0986328125e-09,0.50000575846155,0.087465602554554,0.087469927949459
6.6413574218754e-06,1.0744310711181,1.0986328125e-09,0.50000575941367,0.087465598666982,0.087469924777518
6.6424560546879e-06,1.0744310728406,1.0986328125e-09,0.50000576036579,0.08746559477941,0.087469921605577
6.6435546875004e-06,1.074431073979,1.0986328125e-09,0.50000576131791,0.087465590891837,0.087469918433637
6.6446533203129e-06,1.0744310750096,1.0986328125e-09,0.50000576227004,0.087465587004265,0.087469915261696
6.6457519531254e-06,1.0744310767342,1.0986328125e-09,0.50000576322216,0.087465583116693,0.087469912089756
6.6468505859379e-06,1.0744310778744,1.0986328125e-09,0.50000576417428,0.087465579229121,0.087469908917815
6.6479492187504e-06,1.0744310789068,1.0986328125e-09,0.5000057651264,0.087465575341548,0.087469905745875
6.6490478515629e-06,1.0744310806335,1.0986328125e-09,0.50000576607852,0.087465571453976,0.087469902573934
6.6501464843754e-06,1.0744310817754,1.0986328125e-09,0.50000576703064,0.087465567566404,0.087469899401994
6.6512451171879e-06,1.0744310828097,1.0986328125e-09,0.50000576798276,0.087465563678832,0.087469896230054
6.6523437500004e-06,1.0744310845385,1.0986328125e-09,0.50000576893488,0.08746555979126,0.087469893058113
6.6534423828129e-06,1.0744310856821,1.0986328125e-09,0.500005769887,0.087465555903688,0.087469889886173
6.6545410156254e-06,1.0744310867183,1.0986328125e-09,0.50000577083912,0.087465552016116,0.087469886714233
6.6556396484379e-06,1.0744310884491,1.0986328125e-09,0.50000577179123,0.087465548128544,0.087469883542292
6.6567382812504e-06,1.0744310895945,1.0986328125e-09,0.50000577274335,0.087465544240972,0.087469880370352
6.6578369140629e-06,1.0744310906326,1.0986328125e-09,0.50000577369547,0.0874655403534,0.087469877198412
6.6589355468754e-06,1.0744310923655,1.0986328125e-09,0.50000577464759,0.087465536465828,0.087469874026472
6.6600341796879e-06,1.0744310935126,1.0986328125e-09,0.5000057755997,0.087465532578256,0.087469870854531
6.6611328125004e-06,1.0744310945525,1.0986328125e-09,0.50000577655182,0.087465528690684,0.087469867682591
6.6622314453129e-06,1.0744310962875,1.0986328125e-09,0.50000577750394,0.087465524803112,0.087469864510651
6.6633300781254e-06,1.0744310974364,1.0986328125e-09,0.50000577845605,0.08746552091554,0.087469861338711
6.6644287109379e-06,1.0744310984781,1.0986328125e-09,0.50000577940817,0.087465517027969,0.087469858166771
6.6655273437504e-06,1.0744311002152,1.0986328125e-09,0.50000578036028,0.087465513140397,0.087469854994831
6.6666259765629e-06,1.0744311013659,1.0986328125e-09,0.5000057813124,0.087465509252825,0.087469851822891
6.6677246093754e-06,1.0744311024095,1.0986328125e-09,0.50000578226451,0.087465505365253,0.087469848650951
6.6688232421879e-06,1.0744311041486,1.0986328125e-09,0.50000578321663,0.087465501477682,0.087469845479011
6.6699218750004e-06,1.0744311053011,1.0986328125e-09,0.50000578416874,0.08746549759011,0.087469842307071
6.6710205078129e-06,1.0744311063465,1.0986328125e-09,0.50000578512085,0.087465493702538,0.087469839135131
6.6721191406254e-06,1.0744311080877,1.0986328125e-09,0.50000578607297,0.087465489814967,0.087469835963191
6.6732177734379e-06,1.0744311092419,1.0986328125e-09,0.50000578702508,0.087465485927395,0.087469832791251
6.6743164062504e-06,1.0744311102892,1.0986328125e-09,0.50000578797719,0.087465482039823,0.087469829619311
6.6754150390629e-06,1.0744311120325,1.0986328125e-09,0.50000578892931,0.087465478152252,0.087469826447371
6.6765136718754e-06,1.0744311131885,1.0986328125e-09,0.50000578988142,0.08746547426468,0.087469823275431
6.6776123046879e-06,1.0744311142376,1.0986328125e-09,0.50000579083353,0.087465470377109,0.087469820103492
6.6787109375004e-06,1.074431115983,1.0986328125e-09,0.50000579178564,0.087465466489537,0.087469816931552
6.6798095703129e-06,1.0744311171407,1.0986328125e-09,0.50000579273775,0.087465462601966,0.087469813759612
6.6809082031254e-06,1.0744311181917,1.0986328125e-09,0.50000579368986,0.087465458714394,0.087469810587672
6.6820068359379e-06,1.0744311199392,1.0986328125e-09,0.50000579464197,0.087465454826823,0.087469807415733
6.6831054687504e-06,1.0744311210986,1.0986328125e-09,0.50000579559408,0.087465450939252,0.087469804243793
6.6842041015629e-06,1.0744311221514,1.0986328125e-09,0.50000579654619,0.08746544705168,0.087469801071853
6.6853027343754e-06,1.074431123901,1.0986328125e-09,0.5000057974983,0.087465443164109,0.087469797899914
6.6864013671879e-06,1.0744311250622,1.0986328125e-09,0.50000579845041,0.087465439276538,0.087469794727974
6.6875000000004e-06,1.0744311261169,1.0986328125e-09,0.50000579940252,0.087465435388966,0.087469791556035
6.6885986328129e-06,1.0744311278686,1.0986328125e-09,0.50000580035463,0.087465431501395,0.087469788384095
6.6896972656254e-06,1.0744311290315,1.0986328125e-09,0.50000580130674,0.087465427613824,0.087469785212156
6.6907958984379e-06,1.074431130088,1.0986328125e-09,0.50000580225884,0.087465423726253,0.087469782040216
6.6918945312504e-06,1.0744311318418,1.0986328125e-09,0.50000580321095,0.087465419838682,0.087469778868277
6.6929931640629e-06,1.0744311330065,1.0986328125e-09,0.50000580416306,0.087465415951111,0.087469775696337
6.6940917968754e-06,1.0744311340649,1.0986328125e-09,0.50000580511516,0.087465412063539,0.087469772524398
6.6951904296879e-06,1.0744311358207,1.0986328125e-09,0.50000580606727,0.087465408175968,0.087469769352458
6.6962890625004e-06,1.0744311369872,1.0986328125e-09,0.50000580701938,0.087465404288397,0.087469766180519
6.6973876953129e-06,1.0744311380474,1.0986328125e-09,0.50000580797148,0.087465400400826,0.08746976300858
6.6984863281254e-06,1.0744311398054,1.0986328125e-09,0.50000580892359,0.087465396513255,0.08746975983664
6.6995849609379e-06,1.0744311409736,1.0986328125e-09,0.50000580987569,0.087465392625684,0.087469756664701
6.7006835937504e-06,1.0744311420356,1.0986328125e-09,0.5000058108278,0.087465388738113,0.087469753492762
6.7017822265629e-06,1.0744311437957,1.0986328125e-09,0.5000058117799,0.087465384850542,0.087469750320823
6.7028808593754e-06,1.0744311449656,1.0986328125e-09,0.500005812732,0.087465380962971,0.087469747148883
6.7039794921879e-06,1.0744311460295,1.0986328125e-09,0.50000581368411,0.087465377075401,0.087469743976944
6.7050781250004e-06,1.0744311477917,1.0986328125e-09,0.50000581463621,0.08746537318783,0.087469740805005
6.7061767578129e-06,1.0744311489634,1.0986328125e-09,0.50000581558831,0.087465369300259,0.087469737633066
6.7072753906254e-06,1.0744311500291,1.0986328125e-09,0.50000581654042,0.087465365412688,0.087469734461127
6.7083740234379e-06,1.0744311517933,1.0986328125e-09,0.50000581749252,0.087465361525117,0.087469731289188
6.7094726562504e-06,1.0744311529668,1.0986328125e-09,0.50000581844462,0.087465357637547,0.087469728117249
6.7105712890629e-06,1.0744311540344,1.0986328125e-09,0.50000581939672,0.087465353749976,0.08746972494531
6.7116699218754e-06,1.0744311558007,1.0986328125e-09,0.50000582034882,0.087465349862405,0.087469721773371
6.7127685546879e-06,1.074431156976,1.0986328125e-09,0.50000582130092,0.087465345974835,0.087469718601432
6.7138671875004e-06,1.0744311580454,1.0986328125e-09,0.50000582225303,0.087465342087264,0.087469715429493
6.7149658203129e-06,1.0744311598138,1.0986328125e-09,0.50000582320513,0.087465338199693,0.087469712257554
6.7160644531254e-06,1.0744311609908,1.0986328125e-09,0.50000582415723,0.087465334312123,0.087469709085615
6.7171630859379e-06,1.074431162062,1.0986328125e-09,0.50000582510932,0.087465330424552,0.087469705913676
6.7182617187504e-06,1.0744311638325,1.0986328125e-09,0.50000582606142,0.087465326536982,0.087469702741737
6.7193603515629e-06,1.0744311650113,1.0986328125e-09,0.50000582701352,0.087465322649411,0.087469699569798
6.7204589843754e-06,1.0744311660844,1.0986328125e-09,0.50000582796562,0.087465318761841,0.087469696397859
6.7215576171879e-06,1.074431167857,1.0986328125e-09,0.50000582891772,0.08746531487427,0.087469693225921
6.7226562500004e-06,1.0744311690375,1.0986328125e-09,0.50000582986982,0.0874653109867,0.087469690053982
6.7237548828129e-06,1.0744311701124,1.0986328125e-09,0.50000583082191,0.087465307099129,0.087469686882043
6.7248535156254e-06,1.0744311718871,1.0986328125e-09,0.50000583177401,0.087465303211559,0.087469683710104
6.7259521484379e-06,1.0744311730694,1.0986328125e-09,0.50000583272611,0.087465299323989,0.087469680538166
6.7270507812504e-06,1.0744311741462,1.0986328125e-09,0.50000583367821,0.087465295436418,0.087469677366227
6.7281494140629e-06,1.0744311759229,1.0986328125e-09,0.5000058346303,0.087465291548848,0.087469674194288
6.7292480468754e-06,1.0744311771069,1.0986328125e-09,0.5000058355824,0.087465287661278,0.08746967102235
6.7303466796879e-06,1.0744311781856,1.0986328125e-09,0.50000583653449,0.087465283773707,0.087469667850411
6.7314453125004e-06,1.0744311799644,1.0986328125e-09,0.50000583748659,0.087465279886137,0.087469664678473
6.7325439453129e-06,1.0744311811502,1.0986328125e-09,0.50000583843868,0.087465275998567,0.087469661506534
6.7336425781254e-06,1.0744311822307,1.0986328125e-09,0.50000583939078,0.087465272110997,0.087469658334595
6.7347412109379e-06,1.0744311840116,1.0986328125e-09,0.50000584034287,0.087465268223427,0.087469655162657
6.7358398437504e-06,1.0744311851992,1.0986328125e-09,0.50000584129497,0.087465264335857,0.087469651990719
6.7369384765629e-06,1.0744311862815,1.0986328125e-09,0.50000584224706,0.087465260448286,0.08746964881878
6.7380371093754e-06,1.0744311880645,1.0986328125e-09,0.50000584319915,0.087465256560716,0.087469645646842
6.7391357421879e-06,1.0744311892538,1.0986328125e-09,0.50000584415125,0.087465252673146,0.087469642474903
6.7402343750004e-06,1.074431190338,1.0986328125e-09,0.50000584510334,0.087465248785576,0.087469639302965
6.7413330078129e-06,1.0744311921231,1.0986328125e-09,0.50000584605543,0.087465244898006,0.087469636131027
6.7424316406254e-06,1.0744311933142,1.0986328125e-09,0.50000584700752,0.087465241010436,0.087469632959088
6.7435302734379e-06,1.0744311944002,1.0986328125e-09,0.50000584795961,0.087465237122866,0.08746962978715
6.7446289062504e-06,1.0744311961874,1.0986328125e-09,0.5000058489117,0.087465233235297,0.087469626615212
6.7457275390629e-06,1.0744311973802,1.0986328125e-09,0.5000058498638,0.087465229347727,0.087469623443273
6.7468261718754e-06,1.0744311984681,1.0986328125e-09,0.50000585081589,0.087465225460157,0.087469620271335
6.7479248046879e-06,1.0744312002573,1.0986328125e-09,0.50000585176798,0.087465221572587,0.087469617099397
6.7490234375004e-06,1.0744312014519,1.0986328125e-09,0.50000585272007,0.087465217685017,0.087469613927459
6.7501220703129e-06,1.0744312025416,1.0986328125e-09,0.50000585367216,0.087465213797447,0.087469610755521
6.7512207031254e-06,1.074431204333,1.0986328125e-09,0.50000585462424,0.087465209909878,0.087469607583583
6.7523193359379e-06,1.0744312055293,1.0986328125e-09,0.50000585557633,0.087465206022308,0.087469604411645
6.7534179687504e-06,1.0744312066209,1.0986328125e-09,0.50000585652842,0.087465202134738,0.087469601239707
6.7545166015629e-06,1.0744312084143,1.0986328125e-09,0.50000585748051,0.087465198247169,0.087469598067768
6.7556152343754e-06,1.0744312096124,1.0986328125e-09,0.5000058584326,0.087465194359599,0.08746959489583
6.7567138671879e-06,1.0744312107059,1.0986328125e-09,0.50000585938469,0.087465190472029,0.087469591723892
6.7578125000004e-06,1.0744312125014,1.0986328125e-09,0.50000586033677,0.08746518658446,0.087469588551955
6.7589111328129e-06,1.0744312137012,1.0986328125e-09,0.50000586128886,0.08746518269689,0.087469585380017
6.7600097656254e-06,1.0744312147965,1.0986328125e-09,0.50000586224095,0.087465178809321,0.087469582208079
6.7611083984379e-06,1.0744312165941,1.0986328125e-09,0.50000586319303,0.087465174921751,0.087469579036141
6.7622070312504e-06,1.0744312177957,1.0986328125e-09,0.50000586414512,0.087465171034182,0.087469575864203
6.7633056640629e-06,1.0744312188928,1.0986328125e-09,0.5000058650972,0.087465167146612,0.087469572692265
6.7644042968754e-06,1.0744312206925,1.0986328125e-09,0.50000586604929,0.087465163259043,0.087469569520327
6.7655029296879e-06,1.0744312218959,1.0986328125e-09,0.50000586700137,0.087465159371473,0.087469566348389
6.7666015625004e-06,1.0744312229949,1.0986328125e-09,0.50000586795346,0.087465155483904,0.087469563176452
6.7677001953129e-06,1.0744312247966,1.0986328125e-09,0.50000586890554,0.087465151596335,0.087469560004514
6.7687988281254e-06,1.0744312260017,1.0986328125e-09,0.50000586985763,0.087465147708765,0.087469556832576
6.7698974609379e-06,1.0744312271026,1.0986328125e-09,0.50000587080971,0.087465143821196,0.087469553660639
6.7709960937504e-06,1.0744312289065,1.0986328125e-09,0.50000587176179,0.087465139933627,0.087469550488701
6.7720947265629e-06,1.0744312301133,1.0986328125e-09,0.50000587271388,0.087465136046057,0.087469547316763
6.7731933593754e-06,1.074431231216,1.0986328125e-09,0.50000587366596,0.087465132158488,0.087469544144826
6.7742919921879e-06,1.0744312330219,1.0986328125e-09,0.50000587461804,0.087465128270919,0.087469540972888
6.7753906250004e-06,1.0744312342306,1.0986328125e-09,0.50000587557012,0.08746512438335,0.087469537800951
6.7764892578129e-06,1.0744312353351,1.0986328125e-09,0.5000058765222,0.087465120495781,0.087469534629013
6.7775878906254e-06,1.0744312371431,1.0986328125e-09,0.50000587747428,0.087465116608211,0.087469531457075
6.7786865234379e-06,1.0744312383535,1.0986328125e-09,0.50000587842637,0.087465112720642,0.087469528285138
6.7797851562504e-06,1.0744312394599,1.0986328125e-09,0.50000587937845,0.087465108833073,0.0874695251132
6.7808837890629e-06,1.07443124127,1.0986328125e-09,0.50000588033053,0.087465104945504,0.087469521941263
6.7819824218754e-06,1.0744312424821,1.0986328125e-09,0.50000588128261,0.087465101057935,0.087469518769326
6.7830810546879e-06,1.0744312435903,1.0986328125e-09,0.50000588223469,0.087465097170366,0.087469515597388
6.7841796875004e-06,1.0744312454026,1.0986328125e-09,0.50000588318676,0.087465093282797,0.087469512425451
6.7852783203129e-06,1.0744312466165,1.0986328125e-09,0.50000588413884,0.087465089395228,0.087469509253514
6.7863769531254e-06,1.0744312477265,1.0986328125e-09,0.50000588509092,0.087465085507659,0.087469506081576
6.7874755859379e-06,1.0744312495408,1.0986328125e-09,0.500005886043,0.087465081620091,0.087469502909639
6.7885742187504e-06,1.0744312507565,1.0986328125e-09,0.50000588699508,0.087465077732522,0.087469499737702
6.7896728515629e-06,1.0744312518684,1.0986328125e-09,0.50000588794715,0.087465073844953,0.087469496565764
6.7907714843754e-06,1.0744312536848,1.0986328125e-09,0.50000588889923,0.087465069957384,0.087469493393827
6.7918701171879e-06,1.0744312549022,1.0986328125e-09,0.50000588985131,0.087465066069815,0.08746949022189
6.7929687500004e-06,1.0744312560159,1.0986328125e-09,0.50000589080339,0.087465062182246,0.087469487049953
6.7940673828129e-06,1.0744312578344,1.0986328125e-09,0.50000589175546,0.087465058294678,0.087469483878016
6.7951660156254e-06,1.0744312590536,1.0986328125e-09,0.50000589270754,0.087465054407109,0.087469480706079
6.7962646484379e-06,1.0744312601692,1.0986328125e-09,0.50000589365961,0.08746505051954,0.087469477534142
6.7973632812504e-06,1.0744312619898,1.0986328125e-09,0.50000589461169,0.087465046631972,0.087469474362205
6.7984619140629e-06,1.0744312632107,1.0986328125e-09,0.50000589556376,0.087465042744403,0.087469471190267
6.7995605468754e-06,1.0744312643281,1.0986328125e-09,0.50000589651584,0.087465038856834,0.08746946801833
6.8006591796879e-06,1.0744312661508,1.0986328125e-09,0.50000589746791,0.087465034969266,0.087469464846393
6.8017578125004e-06,1.0744312673735,1.0986328125e-09,0.50000589841998,0.087465031081697,0.087469461674457
6.8028564453129e-06,1.0744312684928,1.0986328125e-09,0.50000589937206,0.087465027194129,0.08746945850252
6.8039550781254e-06,1.0744312703175,1.0986328125e-09,0.50000590032413,0.08746502330656,0.087469455330583
6.8050537109379e-06,1.0744312715419,1.0986328125e-09,0.5000059012762,0.087465019418992,0.087469452158646
6.8061523437504e-06,1.0744312726631,1.0986328125e-09,0.50000590222828,0.087465015531423,0.087469448986709
6.8072509765629e-06,1.0744312744899,1.0986328125e-09,0.50000590318035,0.087465011643855,0.087469445814772
6.8083496093754e-06,1.0744312757161,1.0986328125e-09,0.50000590413242,0.087465007756287,0.087469442642835
6.8094482421879e-06,1.0744312768391,1.0986328125e-09,0.50000590508449,0.087465003868718,0.087469439470898
6.8105468750004e-06,1.0744312786681,1.0986328125e-09,0.50000590603656,0.08746499998115,0.087469436298962
6.8116455078129e-06,1.074431279896,1.0986328125e-09,0.50000590698863,0.087464996093582,0.087469433127025
6.8127441406254e-06,1.0744312810208,1.0986328125e-09,0.5000059079407,0.087464992206013,0.087469429955088
6.8138427734379e-06,1.0744312828519,1.0986328125e-09,0.50000590889277,0.087464988318445,0.087469426783152
6.8149414062504e-06,1.0744312840815,1.0986328125e-09,0.50000590984484,0.087464984430877,0.087469423611215
6.8160400390629e-06,1.0744312852082,1.0986328125e-09,0.50000591079691,0.087464980543309,0.087469420439278
6.8171386718754e-06,1.0744312870414,1.0986328125e-09,0.50000591174898,0.08746497665574,0.087469417267342
6.8182373046879e-06,1.0744312882728,1.0986328125e-09,0.50000591270105,0.087464972768172,0.087469414095405
6.8193359375004e-06,1.0744312894013,1.0986328125e-09,0.50000591365312,0.087464968880604,0.087469410923469
6.8204345703129e-06,1.0744312912365,1.0986328125e-09,0.50000591460519,0.087464964993036,0.087469407751532
6.8215332031254e-06,1.0744312924697,1.0986328125e-09,0.50000591555726,0.087464961105468,0.087469404579595
6.8226318359379e-06,1.0744312936001,1.0986328125e-09,0.50000591650932,0.0874649572179,0.087469401407659
6.8237304687504e-06,1.0744312954374,1.0986328125e-09,0.50000591746139,0.087464953330332,0.087469398235723
6.8248291015629e-06,1.0744312966724,1.0986328125e-09,0.50000591841346,0.087464949442764,0.087469395063786
6.8259277343754e-06,1.0744312978046,1.0986328125e-09,0.50000591936552,0.087464945555196,0.08746939189185
6.8270263671879e-06,1.074431299644,1.0986328125e-09,0.50000592031759,0.087464941667628,0.087469388719913
6.8281250000004e-06,1.0744313008807,1.0986328125e-09,0.50000592126965,0.08746493778006,0.087469385547977
6.8292236328129e-06,1.0744313020148,1.0986328125e-09,0.50000592222172,0.087464933892492,0.087469382376041
6.8303222656254e-06,1.0744313038563,1.0986328125e-09,0.50000592317378,0.087464930004924,0.087469379204104
6.8314208984379e-06,1.0744313050947,1.0986328125e-09,0.50000592412585,0.087464926117356,0.087469376032168
6.8325195312504e-06,1.0744313062307,1.0986328125e-09,0.50000592507791,0.087464922229788,0.087469372860232
6.8336181640629e-06,1.0744313080742,1.0986328125e-09,0.50000592602998,0.087464918342221,0.087469369688296
6.8347167968754e-06,1.0744313093144,1.0986328125e-09,0.50000592698204,0.087464914454653,0.087469366516359
6.8358154296879e-06,1.0744313104522,1.0986328125e-09,0.50000592793411,0.087464910567085,0.087469363344423
6.8369140625004e-06,1.0744313122979,1.0986328125e-09,0.50000592888617,0.087464906679517,0.087469360172487
6.8380126953129e-06,1.0744313135398,1.0986328125e-09,0.50000592983823,0.08746490279195,0.087469357000551
6.8391113281254e-06,1.0744313146795,1.0986328125e-09,0.50000593079029,0.087464898904382,0.087469353828615
6.8402099609379e-06,1.0744313165272,1.0986328125e-09,0.50000593174236,0.087464895016814,0.087469350656679
6.8413085937504e-06,1.0744313177709,1.0986328125e-09,0.50000593269442,0.087464891129247,0.087469347484743
6.8424072265629e-06,1.0744313189124,1.0986328125e-09,0.50000593364648,0.087464887241679,0.087469344312807
6.8435058593754e-06,1.0744313207622,1.0986328125e-09,0.50000593459854,0.087464883354112,0.087469341140871
6.8446044921879e-06,1.0744313220077,1.0986328125e-09,0.5000059355506,0.087464879466544,0.087469337968935
6.8457031250004e-06,1.0744313231511,1.0986328125e-09,0.50000593650266,0.087464875578977,0.087469334796999
6.8468017578129e-06,1.074431325003,1.0986328125e-09,0.50000593745472,0.087464871691409,0.087469331625063
6.8479003906254e-06,1.0744313262502,1.0986328125e-09,0.50000593840678,0.087464867803842,0.087469328453127
6.8489990234379e-06,1.0744313273954,1.0986328125e-09,0.50000593935884,0.087464863916274,0.087469325281191
6.8500976562504e-06,1.0744313292494,1.0986328125e-09,0.5000059403109,0.087464860028707,0.087469322109255
6.8511962890629e-06,1.0744313304984,1.0986328125e-09,0.50000594126296,0.08746485614114,0.087469318937319
6.8522949218754e-06,1.0744313316454,1.0986328125e-09,0.50000594221502,0.087464852253572,0.087469315765383
6.8533935546879e-06,1.0744313335015,1.0986328125e-09,0.50000594316707,0.087464848366005,0.087469312593448
6.8544921875004e-06,1.0744313347523,1.0986328125e-09,0.50000594411913,0.087464844478438,0.087469309421512
6.8555908203129e-06,1.0744313359012,1.0986328125e-09,0.50000594507119,0.08746484059087,0.087469306249576
6.8566894531254e-06,1.0744313377593,1.0986328125e-09,0.50000594602325,0.087464836703303,0.08746930307764
6.8577880859379e-06,1.0744313390118,1.0986328125e-09,0.5000059469753,0.087464832815736,0.087469299905705
6.8588867187504e-06,1.0744313401626,1.0986328125e-09,0.50000594792736,0.087464828928169,0.087469296733769
6.8599853515629e-06,1.0744313420228,1.0986328125e-09,0.50000594887941,0.087464825040601,0.087469293561833
6.8610839843754e-06,1.0744313432771,1.0986328125e-09,0.50000594983147,0.087464821153034,0.087469290389898
6.8621826171879e-06,1.0744313444297,1.0986328125e-09,0.50000595078352,0.087464817265467,0.087469287217962
6.8632812500004e-06,1.074431346292,1.0986328125e-09,0.50000595173558,0.0874648133779,0.087469284046027
6.8643798828129e-06,1.0744313475481,1.0986328125e-09,0.50000595268763,0.087464809490333,0.087469280874091
6.8654785156254e-06,1.0744313487025,1.0986328125e-09,0.50000595363969,0.087464805602766,0.087469277702156
6.8665771484379e-06,1.0744313505669,1.0986328125e-09,0.50000595459174,0.087464801715199,0.08746927453022
6.8676757812504e-06,1.0744313518247,1.0986328125e-09,0.5000059555438,0.087464797827632,0.087469271358285
6.8687744140629e-06,1.074431352981,1.0986328125e-09,0.50000595649585,0.087464793940065,0.087469268186349
6.8698730468754e-06,1.0744313548475,1.0986328125e-09,0.5000059574479,0.087464790052498,0.087469265014414
6.8709716796879e-06,1.0744313561071,1.0986328125e-09,0.50000595839996,0.087464786164931,0.087469261842478
6.8720703125004e-06,1.0744313572652,1.0986328125e-09,0.50000595935201,0.087464782277364,0.087469258670543
6.8731689453129e-06,1.0744313591338,1.0986328125e-09,0.50000596030406,0.087464778389797,0.087469255498608
6.8742675781254e-06,1.0744313603951,1.0986328125e-09,0.50000596125611,0.087464774502231,0.087469252326672
6.8753662109379e-06,1.0744313615551,1.0986328125e-09,0.50000596220816,0.087464770614664,0.087469249154737
6.8764648437504e-06,1.0744313634258,1.0986328125e-09,0.50000596316021,0.087464766727097,0.087469245982802
6.8775634765629e-06,1.0744313646888,1.0986328125e-09,0.50000596411226,0.08746476283953,0.087469242810867
6.8786621093754e-06,1.0744313658507,1.0986328125e-09,0.50000596506431,0.087464758951964,0.087469239638932
6.8797607421879e-06,1.0744313677235,1.0986328125e-09,0.50000596601636,0.087464755064397,0.087469236466996
6.8808593750004e-06,1.0744313689883,1.0986328125e-09,0.50000596696841,0.08746475117683,0.087469233295061
6.8819580078129e-06,1.0744313701519,1.0986328125e-09,0.50000596792046,0.087464747289264,0.087469230123126
6.8830566406254e-06,1.0744313720268,1.0986328125e-09,0.50000596887251,0.087464743401697,0.087469226951191
6.8841552734379e-06,1.0744313732934,1.0986328125e-09,0.50000596982456,0.08746473951413,0.087469223779256
6.8852539062504e-06,1.0744313744589,1.0986328125e-09,0.50000597077661,0.087464735626564,0.087469220607321
6.8863525390629e-06,1.0744313763359,1.0986328125e-09,0.50000597172866,0.087464731738997,0.087469217435386
6.8874511718754e-06,1.0744313776042,1.0986328125e-09,0.5000059726807,0.087464727851431,0.087469214263451
6.8885498046879e-06,1.0744313787716,1.0986328125e-09,0.50000597363275,0.087464723963864,0.087469211091516
6.8896484375004e-06,1.0744313806506,1.0986328125e-09,0.5000059745848,0.087464720076298,0.087469207919581
6.8907470703129e-06,1.0744313819207,1.0986328125e-09,0.50000597553685,0.087464716188731,0.087469204747646
6.8918457031254e-06,1.0744313830899,1.0986328125e-09,0.50000597648889,0.087464712301165,0.087469201575711
6.8929443359379e-06,1.0744313849711,1.0986328125e-09,0.50000597744094,0.087464708413599,0.087469198403776
6.8940429687504e-06,1.0744313862429,1.0986328125e-09,0.50000597839298,0.087464704526032,0.087469195231841
6.8951416015629e-06,1.074431387414,1.0986328125e-09,0.50000597934503,0.087464700638466,0.087469192059906
6.8962402343754e-06,1.0744313892972,1.0986328125e-09,0.50000598029707,0.0874646967509,0.087469188887972
6.8973388671879e-06,1.0744313905708,1.0986328125e-09,0.50000598124912,0.087464692863333,0.087469185716037
6.8984375000004e-06,1.0744313917438,1.0986328125e-09,0.50000598220116,0.087464688975767,0.087469182544102
6.8995361328129e-06,1.0744313936291,1.0986328125e-09,0.50000598315321,0.087464685088201,0.087469179372167
6.9006347656254e-06,1.0744313949044,1.0986328125e-09,0.50000598410525,0.087464681200635,0.087469176200233
6.9017333984379e-06,1.0744313960792,1.0986328125e-09,0.50000598505729,0.087464677313068,0.087469173028298
6.9028320312504e-06,1.0744313979666,1.0986328125e-09,0.50000598600934,0.087464673425502,0.087469169856363
6.9039306640629e-06,1.0744313992437,1.0986328125e-09,0.50000598696138,0.087464669537936,0.087469166684429
6.9050292968754e-06,1.0744314004203,1.0986328125e-09,0.50000598791342,0.08746466565037,0.087469163512494
6.9061279296879e-06,1.0744314023098,1.0986328125e-09,0.50000598886546,0.087464661762804,0.087469160340559
6.9072265625004e-06,1.0744314035887,1.0986328125e-09,0.5000059898175,0.087464657875238,0.087469157168625
6.9083251953129e-06,1.0744314047672,1.0986328125e-09,0.50000599076955,0.087464653987672,0.08746915399669
6.9094238281254e-06,1.0744314066588,1.0986328125e-09,0.50000599172159,0.087464650100106,0.087469150824756
6.9105224609379e-06,1.0744314079394,1.0986328125e-09,0.50000599267363,0.08746464621254,0.087469147652821
6.9116210937504e-06,1.0744314091197,1.0986328125e-09,0.50000599362567,0.087464642324974,0.087469144480887
6.9127197265629e-06,1.0744314110134,1.0986328125e-09,0.50000599457771,0.087464638437408,0.087469141308952
6.9138183593754e-06,1.0744314122958,1.0986328125e-09,0.50000599552975,0.087464634549842,0.087469138137018
6.9149169921879e-06,1.0744314134779,1.0986328125e-09,0.50000599648179,0.087464630662276,0.087469134965084
6.9160156250004e-06,1.0744314153737,1.0986328125e-09,0.50000599743382,0.08746462677471,0.087469131793149
6.9171142578129e-06,1.0744314166579,1.0986328125e-09,0.50000599838586,0.087464622887145,0.087469128621215
6.9182128906254e-06,1.0744314178419,1.0986328125e-09,0.5000059993379,0.087464618999579,0.087469125449281
6.9193115234379e-06,1.0744314197397,1.0986328125e-09,0.50000600028994,0.087464615112013,0.087469122277346
6.9204101562504e-06,1.0744314210256,1.0986328125e-09,0.50000600124198,0.087464611224447,0.087469119105412
6.9215087890629e-06,1.0744314222115,1.0986328125e-09,0.50000600219401,0.087464607336882,0.087469115933478
6.9226074218754e-06,1.0744314241114,1.0986328125e-09,0.50000600314605,0.087464603449316,0.087469112761544
6.9237060546879e-06,1.0744314253991,1.0986328125e-09,0.50000600409809,0.08746459956175,0.08746910958961
6.9248046875004e-06,1.0744314265868,1.0986328125e-09,0.50000600505012,0.087464595674185,0.087469106417675
6.9259033203129e-06,1.0744314284888,1.0986328125e-09,0.50000600600216,0.087464591786619,0.087469103245741
6.9270019531254e-06,1.0744314297783,1.0986328125e-09,0.50000600695419,0.087464587899054,0.087469100073807
6.9281005859379e-06,1.0744314309678,1.0986328125e-09,0.50000600790623,0.087464584011488,0.087469096901873
6.9291992187504e-06,1.0744314328719,1.0986328125e-09,0.50000600885826,0.087464580123922,0.087469093729939
6.9302978515629e-06,1.0744314341631,1.0986328125e-09,0.5000060098103,0.087464576236357,0.087469090558005
6.9313964843754e-06,1.0744314353545,1.0986328125e-09,0.50000601076233,0.087464572348791,0.087469087386071
6.9324951171879e-06,1.0744314372607,1.0986328125e-09,0.50000601171437,0.087464568461226,0.087469084214137
6.9335937500004e-06,1.0744314385537,1.0986328125e-09,0.5000060126664,0.087464564573661,0.087469081042203
6.9346923828129e-06,1.0744314397469,1.0986328125e-09,0.50000601361843,0.087464560686095,0.087469077870269
6.9357910156254e-06,1.0744314416552,1.0986328125e-09,0.50000601457047,0.08746455679853,0.087469074698335
6.9368896484379e-06,1.0744314429499,1.0986328125e-09,0.5000060155225,0.087464552910964,0.087469071526401
6.9379882812504e-06,1.074431444145,1.0986328125e-09,0.50000601647453,0.087464549023399,0.087469068354468
6.9390869140629e-06,1.0744314460554,1.0986328125e-09,0.50000601742656,0.087464545135834,0.087469065182534
6.9401855468754e-06,1.0744314473519,1.0986328125e-09,0.50000601837859,0.087464541248269,0.0874690620106
6.9412841796879e-06,1.0744314485488,1.0986328125e-09,0.50000601933063,0.087464537360703,0.087469058838666
6.9423828125004e-06,1.0744314504613,1.0986328125e-09,0.50000602028266,0.087464533473138,0.087469055666732
6.9434814453129e-06,1.0744314517595,1.0986328125e-09,0.50000602123469,0.087464529585573,0.087469052494799
6.9445800781254e-06,1.0744314529583,1.0986328125e-09,0.50000602218672,0.087464525698008,0.087469049322865
6.9456787109379e-06,1.0744314548729,1.0986328125e-09,0.50000602313875,0.087464521810443,0.087469046150931
6.9467773437504e-06,1.0744314561728,1.0986328125e-09,0.50000602409078,0.087464517922878,0.087469042978998
6.9478759765629e-06,1.0744314573735,1.0986328125e-09,0.50000602504281,0.087464514035313,0.087469039807064
6.9489746093754e-06,1.0744314592902,1.0986328125e-09,0.50000602599483,0.087464510147747,0.08746903663513
6.9500732421879e-06,1.0744314605919,1.0986328125e-09,0.50000602694686,0.087464506260182,0.087469033463197
6.9511718750004e-06,1.0744314617944,1.0986328125e-09,0.50000602789889,0.087464502372617,0.087469030291263
6.9522705078129e-06,1.0744314637132,1.0986328125e-09,0.50000602885092,0.087464498485052,0.08746902711933
6.9533691406254e-06,1.0744314650166,1.0986328125e-09,0.50000602980295,0.087464494597487,0.087469023947396
6.9544677734379e-06,1.074431466221,1.0986328125e-09,0.50000603075497,0.087464490709923,0.087469020775463
6.9555664062504e-06,1.0744314681418,1.0986328125e-09,0.500006031707,0.087464486822358,0.087469017603529
6.9566650390629e-06,1.074431469447,1.0986328125e-09,0.50000603265903,0.087464482934793,0.087469014431596
6.9577636718754e-06,1.0744314706533,1.0986328125e-09,0.50000603361105,0.087464479047228,0.087469011259662
6.9588623046879e-06,1.0744314725762,1.0986328125e-09,0.50000603456308,0.087464475159663,0.087469008087729
6.9599609375004e-06,1.0744314738832,1.0986328125e-09,0.5000060355151,0.087464471272098,0.087469004915796
6.9610595703129e-06,1.0744314750912,1.0986328125e-09,0.50000603646713,0.087464467384534,0.087469001743862
6.9621582031254e-06,1.0744314770163,1.0986328125e-09,0.50000603741915,0.087464463496969,0.087468998571929
6.9632568359379e-06,1.074431478325,1.0986328125e-09,0.50000603837118,0.087464459609404,0.087468995399996
6.9643554687504e-06,1.0744314795349,1.0986328125e-09,0.5000060393232,0.087464455721839,0.087468992228063
6.9654541015629e-06,1.074431481462,1.0986328125e-09,0.50000604027523,0.087464451834275,0.087468989056129
6.9665527343754e-06,1.0744314827725,1.0986328125e-09,0.50000604122725,0.08746444794671,0.087468985884196
6.9676513671879e-06,1.0744314839843,1.0986328125e-09,0.50000604217927,0.087464444059146,0.087468982712263
6.9687500000004e-06,1.0744314859135,1.0986328125e-09,0.5000060431313,0.087464440171581,0.08746897954033
6.9698486328129e-06,1.0744314872257,1.0986328125e-09,0.50000604408332,0.087464436284016,0.087468976368397
6.9709472656254e-06,1.0744314884393,1.0986328125e-09,0.50000604503534,0.087464432396452,0.087468973196464
6.9720458984379e-06,1.0744314903706,1.0986328125e-09,0.50000604598736,0.087464428508887,0.08746897002453
6.9731445312504e-06,1.0744314916846,1.0986328125e-09,0.50000604693938,0.087464424621323,0.087468966852597
6.9742431640629e-06,1.0744314929001,1.0986328125e-09,0.5000060478914,0.087464420733758,0.087468963680664
6.9753417968754e-06,1.0744314948335,1.0986328125e-09,0.50000604884343,0.087464416846194,0.087468960508731
6.9764404296879e-06,1.0744314961493,1.0986328125e-09,0.50000604979545,0.08746441295863,0.087468957336798
6.9775390625004e-06,1.0744314973666,1.0986328125e-09,0.50000605074747,0.087464409071065,0.087468954164865
6.9786376953129e-06,1.074431499302,1.0986328125e-09,0.50000605169949,0.087464405183501,0.087468950992933
6.9797363281254e-06,1.0744315006196,1.0986328125e-09,0.5000060526515,0.087464401295936,0.087468947821
6.9808349609379e-06,1.0744315018387,1.0986328125e-09,0.50000605360352,0.087464397408372,0.087468944649067
6.9819335937504e-06,1.0744315037763,1.0986328125e-09,0.50000605455554,0.087464393520808,0.087468941477134
6.9830322265629e-06,1.0744315050956,1.0986328125e-09,0.50000605550756,0.087464389633244,0.087468938305201
6.9841308593754e-06,1.0744315063166,1.0986328125e-09,0.50000605645958,0.087464385745679,0.087468935133268
6.9852294921879e-06,1.0744315082562,1.0986328125e-09,0.5000060574116,0.087464381858115,0.087468931961335
6.9863281250004e-06,1.0744315095773,1.0986328125e-09,0.50000605836361,0.087464377970551,0.087468928789403
6.9874267578129e-06,1.0744315108001,1.0986328125e-09,0.50000605931563,0.087464374082987,0.08746892561747
6.9885253906254e-06,1.0744315127419,1.0986328125e-09,0.50000606026765,0.087464370195423,0.087468922445537
6.9896240234379e-06,1.0744315140647,1.0986328125e-09,0.50000606121966,0.087464366307859,0.087468919273605
6.9907226562504e-06,1.0744315152894,1.0986328125e-09,0.50000606217168,0.087464362420295,0.087468916101672
6.9918212890629e-06,1.0744315172332,1.0986328125e-09,0.5000060631237,0.087464358532731,0.087468912929739
6.9929199218754e-06,1.0744315185578,1.0986328125e-09,0.50000606407571,0.087464354645167,0.087468909757807
6.9940185546879e-06,1.0744315197844,1.0986328125e-09,0.50000606502773,0.087464350757603,0.087468906585874
6.9951171875004e-06,1.0744315217303,1.0986328125e-09,0.50000606597974,0.087464346870039,0.087468903413942
6.9962158203129e-06,1.0744315230566,1.0986328125e-09,0.50000606693176,0.087464342982475,0.087468900242009
6.9973144531254e-06,1.074431524285,1.0986328125e-09,0.50000606788377,0.087464339094911,0.087468897070077
6.9984130859379e-06,1.074431526233,1.0986328125e-09,0.50000606883578,0.087464335207347,0.087468893898144
6.9995117187504e-06,1.0744315275611,1.0986328125e-09,0.5000060697878,0.087464331319783,0.087468890726212
7.0006103515629e-06,1.0744315287913,1.0986328125e-09,0.50000607073981,0.087464327432219,0.087468887554279
7.0017089843754e-06,1.0744315307415,1.0986328125e-09,0.50000607169182,0.087464323544655,0.087468884382347
7.0028076171879e-06,1.0744315320713,1.0986328125e-09,0.50000607264383,0.087464319657092,0.087468881210414
7.0039062500004e-06,1.0744315333034,1.0986328125e-09,0.50000607359585,0.087464315769528,0.087468878038482
7.0050048828129e-06,1.0744315352556,1.0986328125e-09,0.50000607454786,0.087464311881964,0.08746887486655
7.0061035156254e-06,1.0744315365872,1.0986328125e-09,0.50000607549987,0.0874643079944,0.087468871694618
7.0072021484379e-06,1.0744315378211,1.0986328125e-09,0.50000607645188,0.087464304106837,0.087468868522685
7.0083007812504e-06,1.0744315397754,1.0986328125e-09,0.50000607740389,0.087464300219273,0.087468865350753
7.0093994140629e-06,1.0744315411088,1.0986328125e-09,0.5000060783559,0.08746429633171,0.087468862178821
7.0104980468754e-06,1.0744315423446,1.0986328125e-09,0.50000607930791,0.087464292444146,0.087468859006889
7.0115966796879e-06,1.074431544301,1.0986328125e-09,0.50000608025992,0.087464288556582,0.087468855834956
7.0126953125004e-06,1.0744315456361,1.0986328125e-09,0.50000608121193,0.087464284669019,0.087468852663024
7.0137939453129e-06,1.0744315468737,1.0986328125e-09,0.50000608216394,0.087464280781455,0.087468849491092
7.0148925781254e-06,1.0744315488322,1.0986328125e-09,0.50000608311595,0.087464276893892,0.08746884631916
7.0159912109379e-06,1.074431550169,1.0986328125e-09,0.50000608406796,0.087464273006328,0.087468843147228
7.0170898437504e-06,1.0744315514086,1.0986328125e-09,0.50000608501996,0.087464269118765,0.087468839975296
7.018188476563e-06,1.0744315533691,1.0986328125e-09,0.50000608597197,0.087464265231202,0.087468836803364
7.0192871093755e-06,1.0744315547077,1.0986328125e-09,0.50000608692398,0.087464261343638,0.087468833631432
7.020385742188e-06,1.0744315559491,1.0986328125e-09,0.50000608787599,0.087464257456075,0.0874688304595
7.0214843750005e-06,1.0744315579117,1.0986328125e-09,0.50000608882799,0.087464253568511,0.087468827287568
7.022583007813e-06,1.0744315592521,1.0986328125e-09,0.50000608978,0.087464249680948,0.087468824115636
7.0236816406255e-06,1.0744315604953,1.0986328125e-09,0.500006090732,0.087464245793385,0.087468820943704
7.024780273438e-06,1.0744315624601,1.0986328125e-09,0.50000609168401,0.087464241905822,0.087468817771772
7.0258789062505e-06,1.0744315638022,1.0986328125e-09,0.50000609263602,0.087464238018258,0.08746881459984
7.026977539063e-06,1.0744315650473,1.0986328125e-09,0.50000609358802,0.087464234130695,0.087468811427909
7.0280761718755e-06,1.0744315670141,1.0986328125e-09,0.50000609454002,0.087464230243132,0.087468808255977
7.029174804688e-06,1.074431568358,1.0986328125e-09,0.50000609549203,0.087464226355569,0.087468805084045
7.0302734375005e-06,1.0744315696049,1.0986328125e-09,0.50000609644403,0.087464222468006,0.087468801912113
7.031372070313e-06,1.0744315715738,1.0986328125e-09,0.50000609739604,0.087464218580443,0.087468798740181
7.0324707031255e-06,1.0744315729195,1.0986328125e-09,0.50000609834804,0.08746421469288,0.08746879556825
7.033569335938e-06,1.0744315741682,1.0986328125e-09,0.50000609930004,0.087464210805316,0.087468792396318
7.0346679687505e-06,1.0744315761392,1.0986328125e-09,0.50000610025205,0.087464206917753,0.087468789224386
7.035766601563e-06,1.0744315774866,1.0986328125e-09,0.50000610120405,0.08746420303019,0.087468786052455
7.0368652343755e-06,1.0744315787373,1.0986328125e-09,0.50000610215605,0.087464199142627,0.087468782880523
7.037963867188e-06,1.0744315807104,1.0986328125e-09,0.50000610310805,0.087464195255065,0.087468779708592
7.0390625000005e-06,1.0744315820595,1.0986328125e-09,0.50000610406005,0.087464191367502,0.08746877653666
7.040161132813e-06,1.074431583312,1.0986328125e-09,0.50000610501205,0.087464187479939,0.087468773364729
7.0412597656255e-06,1.0744315852872,1.0986328125e-09,0.50000610596405,0.087464183592376,0.087468770192797
7.042358398438e-06,1.0744315866381,1.0986328125e-09,0.50000610691605,0.087464179704813,0.087468767020866
7.0434570312505e-06,1.0744315878924,1.0986328125e-09,0.50000610786805,0.08746417581725,0.087468763848934
7.044555664063e-06,1.0744315898697,1.0986328125e-09,0.50000610882005,0.087464171929687,0.087468760677003
7.0456542968755e-06,1.0744315912224,1.0986328125e-09,0.50000610977205,0.087464168042125,0.087468757505071
7.046752929688e-06,1.0744315924786,1.0986328125e-09,0.50000611072405,0.087464164154562,0.08746875433314
7.0478515625005e-06,1.0744315944579,1.0986328125e-09,0.50000611167605,0.087464160266999,0.087468751161209
7.048950195313e-06,1.0744315958124,1.0986328125e-09,0.50000611262805,0.087464156379437,0.087468747989277
7.0500488281255e-06,1.0744315970704,1.0986328125e-09,0.50000611358005,0.087464152491874,0.087468744817346
7.051147460938e-06,1.0744315990518,1.0986328125e-09,0.50000611453204,0.087464148604311,0.087468741645415
7.0522460937505e-06,1.074431600408,1.0986328125e-09,0.50000611548404,0.087464144716749,0.087468738473484
7.053344726563e-06,1.0744316016679,1.0986328125e-09,0.50000611643604,0.087464140829186,0.087468735301552
7.0544433593755e-06,1.0744316036515,1.0986328125e-09,0.50000611738803,0.087464136941623,0.087468732129621
7.055541992188e-06,1.0744316050094,1.0986328125e-09,0.50000611834003,0.087464133054061,0.08746872895769
7.0566406250005e-06,1.0744316062711,1.0986328125e-09,0.50000611929203,0.087464129166498,0.087468725785759
7.057739257813e-06,1.0744316082568,1.0986328125e-09,0.50000612024402,0.087464125278936,0.087468722613828
7.0588378906255e-06,1.0744316096165,1.0986328125e-09,0.50000612119602,0.087464121391374,0.087468719441897
7.059936523438e-06,1.0744316108801,1.0986328125e-09,0.50000612214801,0.087464117503811,0.087468716269965
7.0610351562505e-06,1.0744316128678,1.0986328125e-09,0.50000612310001,0.087464113616249,0.087468713098034
7.062133789063e-06,1.0744316142293,1.0986328125e-09,0.500006124052,0.087464109728686,0.087468709926103
7.0632324218755e-06,1.0744316154947,1.0986328125e-09,0.50000612500399,0.087464105841124,0.087468706754172
7.064331054688e-06,1.0744316174845,1.0986328125e-09,0.50000612595599,0.087464101953562,0.087468703582241
7.0654296875005e-06,1.0744316188478,1.0986328125e-09,0.50000612690798,0.087464098065999,0.087468700410311
7.066528320313e-06,1.074431620115,1.0986328125e-09,0.50000612785997,0.087464094178437,0.08746869723838
7.0676269531255e-06,1.0744316221069,1.0986328125e-09,0.50000612881197,0.087464090290875,0.087468694066449
7.068725585938e-06,1.0744316234719,1.0986328125e-09,0.50000612976396,0.087464086403313,0.087468690894518
7.0698242187505e-06,1.0744316247411,1.0986328125e-09,0.50000613071595,0.08746408251575,0.087468687722587
7.070922851563e-06,1.0744316267351,1.0986328125e-09,0.50000613166794,0.087464078628188,0.087468684550656
7.0720214843755e-06,1.0744316281018,1.0986328125e-09,0.50000613261993,0.087464074740626,0.087468681378725
7.073120117188e-06,1.0744316293728,1.0986328125e-09,0.50000613357192,0.087464070853064,0.087468678206795
7.0742187500005e-06,1.0744316313689,1.0986328125e-09,0.50000613452391,0.087464066965502,0.087468675034864
7.075317382813e-06,1.0744316327374,1.0986328125e-09,0.50000613547591,0.08746406307794,0.087468671862933
7.0764160156255e-06,1.0744316340102,1.0986328125e-09,0.50000613642789,0.087464059190378,0.087468668691002
7.077514648438e-06,1.0744316360084,1.0986328125e-09,0.50000613737988,0.087464055302816,0.087468665519072
7.0786132812505e-06,1.0744316373787,1.0986328125e-09,0.50000613833187,0.087464051415254,0.087468662347141
7.079711914063e-06,1.0744316386533,1.0986328125e-09,0.50000613928386,0.087464047527692,0.08746865917521
7.0808105468755e-06,1.0744316406536,1.0986328125e-09,0.50000614023585,0.08746404364013,0.08746865600328
7.081909179688e-06,1.0744316420256,1.0986328125e-09,0.50000614118784,0.087464039752568,0.087468652831349
7.0830078125005e-06,1.0744316433022,1.0986328125e-09,0.50000614213983,0.087464035865006,0.087468649659419
7.084106445313e-06,1.0744316453045,1.0986328125e-09,0.50000614309181,0.087464031977444,0.087468646487488
7.0852050781255e-06,1.0744316466783,1.0986328125e-09,0.5000061440438,0.087464028089883,0.087468643315558
7.086303710938e-06,1.0744316479567,1.0986328125e-09,0.50000614499579,0.087464024202321,0.087468640143627
7.0874023437505e-06,1.0744316499612,1.0986328125e-09,0.50000614594777,0.087464020314759,0.087468636971697
7.088500976563e-06,1.0744316513367,1.0986328125e-09,0.50000614689976,0.087464016427197,0.087468633799766
7.0895996093755e-06,1.0744316526169,1.0986328125e-09,0.50000614785175,0.087464012539636,0.087468630627836
7.090698242188e-06,1.0744316546235,1.0986328125e-09,0.50000614880373,0.087464008652074,0.087468627455906
7.0917968750005e-06,1.0744316560008,1.0986328125e-09,0.50000614975572,0.087464004764512,0.087468624283975
7.092895507813e-06,1.0744316572829,1.0986328125e-09,0.5000061507077,0.087464000876951,0.087468621112045
7.0939941406255e-06,1.0744316592915,1.0986328125e-09,0.50000615165969,0.087463996989389,0.087468617940115
7.095092773438e-06,1.0744316606706,1.0986328125e-09,0.50000615261167,0.087463993101827,0.087468614768184
7.0961914062505e-06,1.0744316619545,1.0986328125e-09,0.50000615356365,0.087463989214266,0.087468611596254
7.097290039063e-06,1.0744316639652,1.0986328125e-09,0.50000615451564,0.087463985326704,0.087468608424324
7.0983886718755e-06,1.0744316653461,1.0986328125e-09,0.50000615546762,0.087463981439143,0.087468605252394
7.099487304688e-06,1.0744316666318,1.0986328125e-09,0.5000061564196,0.087463977551581,0.087468602080464
7.1005859375005e-06,1.0744316686447,1.0986328125e-09,0.50000615737159,0.08746397366402,0.087468598908533
