$MeshFormat
2.2 0 8
$EndMeshFormat
$PhysicalNames
4
2 5927 "top"
3 1 "cathode"
3 2 "cat_inside"
3 3 "block_0"
$EndPhysicalNames
$Nodes
1765
1 -0.9 -0.9 0.834
2 -0.9 -0.9 0.604
3 -0.9 0.9 0.834
4 -0.9 0.9 0.604
5 0.9 -0.9 0.834
6 0.9 -0.9 0.604
7 0.9 0.9 0.834
8 0.9 0.9 0.604
9 0.25970685482 -0.464429616928 -0.369388103485
10 0.05420533567667 -0.388736963272 -0.229185909033
11 0.02147887274623 -0.434978812933 -0.205123141408
12 0.280321270227 -0.38971850276 -0.391866862774
13 -0.208483636379 -0.320689529181 -0.03424078971148
14 0.153978213668 -0.5124993324280001 -0.270248293877
15 0.162817507982 -0.302940219641 -0.287957489491
16 0.290390223265 -0.457915335894 -0.388043135405
17 -0.004665129818022 -0.34500965476 -0.178518563509
18 -0.02044921368361 -0.495861649513 -0.154414519668
19 0.0516804009676 -0.520858228207 -0.188672795892
20 0.272214114666 -0.54446965456 -0.32638669014
21 0.388535231352 -0.323787391186 -0.445255696774
22 0.06387561559677001 -0.340070724487 -0.227314338088
23 0.378916680813 -0.495759755373 -0.429483056068
24 0.01090482529253 -0.319722056389 -0.182064473629
25 -0.213458165526 -0.481930404902 -0.03081329539418
26 0.157464519143 -0.559784173965 -0.221523925662
27 0.243090957403 -0.579797625542 -0.247268348932
28 0.45253649354 -0.405695199966 -0.487548142672
29 0.318820506334 -0.245009049773 -0.340548843145
30 0.04006382077932 -0.270660996437 -0.17438519001
31 -0.224130436778 -0.381171017885 -0.03652009740472
32 -0.03978049010038 -0.551219582558 -0.08906242996454
33 0.541295588017 -0.5716367363929999 -0.426861941814
34 0.6120899319649999 -0.370194703341 -0.542649507523
35 0.391608923674 -0.270689666271 -0.410236090422
36 0.117131248116 -0.246307089925 -0.200587511063
37 0.535698711872 -0.468655288219 -0.509228169918
38 -0.26416015625 -0.234648510814 0.08014445751905
39 -0.472454428673 -0.292817980051 0.120537795126
40 -0.164039179683 -0.531341731548 -0.02672925777733
41 -0.174391031265 -0.564235806465 0.02359221875668
42 0.09444399923086 -0.585838079453 -0.07488787919283001
43 0.615206480026 -0.515810608864 -0.512455642223
44 0.471512168646 -0.579208076 -0.362206101418
45 0.5457464456559999 -0.290926426649 -0.491636186838
46 0.424383282661 -0.222149893641 -0.357079088688
47 -0.120262332261 -0.222784593701 0.02460703253746
48 -0.340051621199 -0.269635796547 0.07773558050394
49 -0.567142188549 -0.330953627825 0.138390734792
50 0.274398863316 -0.581981241703 -0.231667757034
51 0.759224236012 -0.567917406559 -0.476838082075
52 0.52941608429 -0.58114773035 -0.295569837093
53 0.688379406929 -0.58318811655 -0.398838698864
54 0.713407874107 -0.312429904938 -0.549279928207
55 0.6480745673179999 -0.457033574581 -0.542716264725
56 0.254367172718 -0.221694856882 -0.238230913877
57 -0.505040943623 -0.254937231541 0.170124545693
58 -0.569461882114 -0.410722583532 0.131717115641
59 -0.234462752938 -0.509945690632 -0.000479266862385
60 -0.195122599602 -0.579030752182 0.08103261142969
61 0.439656764269 -0.574733614922 -0.223046734929
62 0.706334352493 -0.48959377408 -0.550256788731
63 0.643435120583 -0.24482794106 -0.482141822577
64 0.737087190151 -0.4287353158 -0.570935964584
65 0.405386656523 -0.216613531113 -0.305969744921
66 0.208982571959 -0.214034408331 -0.156058326364
67 -0.383830964565 -0.217078372836 0.215081855655
68 -0.520036160946 -0.232018366456 0.211113929749
69 -0.781317353249 -0.305916965008 0.206722542644
70 -0.411646127701 -0.552691400051 0.140064403415
71 -0.107246339321 -0.583490073681 0.07534196227789
72 0.228820756078 -0.55597037077 -0.06475324928761
73 0.9 -0.5429008107509324 -0.5144100815398958
74 0.9 -0.557480039675825 -0.4998620681826514
75 0.9 -0.5829551695036671 -0.3900899687520626
76 0.9 -0.5766452629778074 -0.4237014166756337
77 0.650619864464 -0.563166677952 -0.272819340229
78 0.762755692005 -0.581671357155 -0.358274102211
79 0.752953410149 -0.238779991865 -0.486681014299
80 0.9 -0.3345956632051498 -0.5761760254172827
81 0.9 -0.3476911837802076 -0.578281002626187
82 0.397069722414 -0.225156992674 -0.203988447785
83 -0.151196956635 -0.216898277402 0.08817397803068
84 -0.376955747604 -0.2279933393 0.162509635091
85 -0.63541674614 -0.266666650772 0.201862126589
86 -0.6929934024810001 -0.287489593029 0.199350148439
87 -0.761670529842 -0.413680881262 0.179238393903
88 -0.403563350439 -0.502300620079 0.0875723361969
89 -0.41785094142 -0.570666134357 0.176655218005
90 0.06190215796232 -0.5758503675460001 0.009044439531862999
91 0.307424962521 -0.512087225914 -0.06818459182978
92 0.9 -0.5337678334130639 -0.5241995109958743
93 0.9 -0.567738106428508 -0.4772667121940554
94 0.9 -0.5823503551180588 -0.3742877926418104
95 0.9 -0.5767164644920844 -0.3438603452585492
96 0.9 -0.5760334276068573 -0.3386257414477284
97 0.9 -0.5757204629940476 -0.3373315034586363
98 0.9 -0.5753310159139197 -0.3357460961705791
99 0.9 -0.5723176608279409 -0.3287465119065686
100 0.9 -0.5711655017801545 -0.3257637463246377
101 0.9 -0.5588185521227779 -0.2969567886374662
102 0.9 -0.5502246255723255 -0.2856310495464331
103 0.9 -0.5490432506965153 -0.2825295656914336
104 0.9 -0.5462113131699725 -0.2776406992835827
105 0.9 -0.5411546353594838 -0.2717252980222687
106 0.9 -0.530285953352207 -0.2632334025702603
107 0.9 -0.5090162993691334 -0.2437159772385137
108 0.9 -0.4956253634812465 -0.2344522197591691
109 0.9 -0.4828077360860274 -0.2289133367117754
110 0.9 -0.4673607844286624 -0.2273146544041694
111 0.9 -0.4438053184103963 -0.2187482752711258
112 0.9 -0.4168964732669345 -0.2187604667835414
113 0.9 -0.391949258122708 -0.2126797991006391
114 0.9 -0.3722447164538111 -0.2196982388992512
115 0.9 -0.3069831820034945 -0.2329336907818499
116 0.9 -0.3014131853694608 -0.235934433481343
117 0.9 -0.2963501803301668 -0.2397711299568592
118 0.9 -0.2756445746939685 -0.2628419300304321
119 0.9 -0.2486033401100307 -0.2888103526952751
120 0.9 -0.2394696903776623 -0.2963335601310028
121 0.9 -0.2333274856420233 -0.3115023013675531
122 0.9 -0.2197597293466274 -0.3558599334596807
123 0.9 -0.2187420970080939 -0.3651185661392383
124 0.9 -0.2189085117625155 -0.3790079231095695
125 0.9 -0.2170556360027677 -0.4076098252594992
126 0.9 -0.2199080077663929 -0.4359430857823363
127 0.9 -0.2202821624504702 -0.4388337033799914
128 0.9 -0.2238752349484157 -0.4516899296837698
129 0.9 -0.229067853346112 -0.465621766918167
130 0.9 -0.2380706402316716 -0.4904999140129905
131 0.9 -0.2444264482203766 -0.5015423085828898
132 0.9 -0.2502939567821309 -0.509879878929674
133 0.9 -0.2621234342444264 -0.5262469959102353
134 0.9 -0.2650146168737573 -0.5292998897532495
135 0.9 -0.3109572543312376 -0.5611613085612041
136 0.9 -0.3247031154281348 -0.5675522458807671
137 0.9 -0.4749720878019687 -0.566481084855761
138 0.9 -0.4858510995908484 -0.5631166740933804
139 0.9 -0.4953978481176109 -0.5589681069620032
140 0.481772810221 -0.558516323566 -0.210338562727
141 0.816932737827 -0.220858827233 -0.43967244029
142 0.774025678635 -0.220748499036 -0.340792834759
143 -0.150322288275 -0.218472331762 0.137489125133
144 -0.693608939648 -0.254179179668 0.230444088578
145 -0.863645792007 -0.370805561543 0.199651628733
146 -0.5884612202640001 -0.485189586878 0.152636632323
147 -0.453118979931 -0.517800092697 0.121584571898
148 -0.391784876585 -0.582529366016 0.220742836595
149 -0.08659977465868 -0.57973575592 0.09915723651647999
150 -0.15674328804 -0.557522654533 0.211297333241
151 0.345026344061 -0.454629421234 -0.06697175651789
152 0.369878083467 -0.491150200367 -0.09558003395796
153 0.8784434795379999 -0.575395345688 -0.33478602767
154 0.868798077106 -0.559060573578 -0.296296238899
155 0.8511662483220001 -0.55348688364 -0.284681379795
156 0.865836083889 -0.535748362541 -0.264372229576
157 0.8556127548220001 -0.493950545788 -0.230778500438
158 0.810000419617 -0.476518899202 -0.218061864376
159 0.797733902931 -0.431355476379 -0.204977750778
160 0.872340083122 -0.30473035574 -0.232651531696
161 0.68976098299 -0.314993947744 -0.207886815071
162 0.73327922821 -0.250684887171 -0.266288220882
163 0.788564741611 -0.216618508101 -0.405677855015
164 0.863807737827 -0.266397625208 -0.530371785164
165 0.602862715721 -0.52090460062 -0.210325941443
166 0.244976997375 -0.238891378045 -0.08433489501476001
167 0.560879468918 -0.233142182231 -0.254114806652
168 -0.08369855582714 -0.224251329899 0.113098889589
169 -0.394614577293 -0.222341150045 0.304427593946
170 -0.836407601833 -0.21717146039 0.358325392008
171 -0.71798992157 -0.241601347923 0.253686904907
172 -0.9 -0.3328158689339673 0.2171079931782886
173 -0.9 -0.3667196375611275 0.2066388252419453
174 -0.858127117157 -0.469541370869 0.207298263907
175 -0.636292815208 -0.511845767498 0.18402145803
176 -0.737505435944 -0.535139620304 0.227995797992
177 -0.147758930922 -0.578763008118 0.152339950204
178 0.114041946828 -0.5447742939 0.03214908391237
179 0.659258425236 -0.448465257883 -0.188253507018
180 0.574138879776 -0.286794900894 -0.19222804904
181 0.441422849894 -0.480182737112 -0.12595257163
182 0.359454452991 -0.267640084028 -0.116470530629
183 0.02479289099574 -0.233206942677 0.06460619717836
184 0.578644633293 -0.241431251168 -0.246499434114
185 0.32655441761 -0.326382815838 -0.06158239394426
186 -0.0811785236001 -0.236792087555 0.144822537899
187 -0.232732728124 -0.255197137594 0.277937144041
188 -0.833681821823 -0.225629031658 0.451141953468
189 -0.682756960392 -0.2321806252 0.266881227493
190 -0.899680256844 -0.235907584429 0.294164091349
191 -0.9 -0.2777884493058215 0.2511005001485928
192 -0.9 -0.4348982192972352 0.2076312676213
193 -0.9 -0.4565265999509153 0.2130256230195198
194 -0.9 -0.4504836363691161 0.2089040725523537
195 -0.9 -0.5125589453391779 0.2406201844027185
196 -0.9 -0.5378517173137729 0.2566354723747836
197 -0.9 -0.5526961165862889 0.2908547835340012
198 -0.9 -0.5755732674712506 0.3293487612416268
199 -0.9 -0.578219304928442 0.3898022383404571
200 -0.9 -0.5793040636859311 0.4225525766180012
201 -0.9 -0.5731838515717046 0.4495232766640351
202 -0.9 -0.5581058676883182 0.4872403781671916
203 -0.9 -0.5327587034094297 0.5143965232949247
204 -0.9 -0.5246101932064574 0.5270729939649568
205 -0.9 -0.4980731290865444 0.548021585479276
206 -0.9 -0.3823579135925932 0.5732332662332937
207 -0.9 -0.3775557009995371 0.5738371949598216
208 -0.9 -0.3725706740674459 0.5722206020518401
209 -0.9 -0.3713024274858686 0.5721290769106316
210 -0.9 -0.3517262408220049 0.5645176633229044
211 -0.9 -0.2938718005117136 0.5426092383801755
212 -0.9 -0.2861248545455232 0.5374444516832185
213 -0.9 -0.245044545295259 0.4888968978552374
214 -0.9 -0.2291813192606063 0.4606925135089596
215 -0.9 -0.2265992634716348 0.4585939776351711
216 -0.9 -0.2208957654511613 0.4322606070405784
217 -0.9 -0.2171652402009048 0.3907068936886215
218 -0.9 -0.2170891207319529 0.3763443445125384
219 -0.9 -0.2180001918192743 0.361858913155395
220 -0.9 -0.2201968811566162 0.3471474003420894
221 -0.9 -0.2289347816806267 0.3273218856493516
222 -0.9 -0.2277111466627952 0.3210044177467306
223 -0.9 -0.2358664218953164 0.29433914641844
224 -0.9 -0.2372447883315663 0.2922334718012168
225 -0.9 -0.2548428443609567 0.2672505769906696
226 -0.671715855598 -0.571101129055 0.271716505289
227 -0.391959935427 -0.577949941158 0.293954998255
228 -0.009182975627482 -0.49428832531 0.166290149093
229 0.494095653296 -0.535881340504 -0.186590731144
230 0.09384305030107 -0.31052094698 0.09316652268171
231 -0.349145144224 -0.246597185731 0.327325880527
232 -0.556446135044 -0.235398888588 0.404800564051
233 -0.8356496691700001 -0.541158616543 0.248304739594
234 -0.763874232769 -0.579898536205 0.319813370705
235 -0.758580744267 -0.582582652569 0.396157354116
236 -0.795217394829 -0.569200158119 0.458226710558
237 -0.8132827878 -0.545280277729 0.495348483324
238 -0.754981279373 -0.480963498354 0.535762071609
239 -0.742039620876 -0.380144059658 0.5462038517
240 -0.762738227844 -0.280270427465 0.517546832561
241 -0.84198397398 -0.322123140097 0.548286557198
242 -0.882950007915 -0.291152715683 0.539578616619
243 -0.866452753544 -0.220496624708 0.340348035097
244 -0.498779386282 -0.571025907993 0.370585232973
245 -0.201197654009 -0.483522325754 0.306063592434
246 0.119767189026 -0.433681935072 0.08976037055254001
247 0.210366010666 -0.278076171875 -0.01373362820596
248 -0.238522946835 -0.310560822487 0.327389627695
249 -0.451359003782 -0.258780777454 0.397108703852
250 -0.714923083782 -0.249200418591 0.469193100929
251 -0.629909217358 -0.555831313133 0.441779017448
252 -0.695518910885 -0.417398959398 0.533989012241
253 -0.683491170406 -0.287417531013 0.501429378986
254 -0.349192947149 -0.54824090004 0.337522178888
255 -0.28125 -0.533333301544 0.314612746239
256 -0.148559778929 -0.406704932451 0.286320000887
257 -0.50292801857 -0.305261075497 0.457756459713
258 -0.663386821747 -0.537106692791 0.475888907909
259 -0.721045196056 -0.541043221951 0.482267528772
260 -0.497371912003 -0.389826476574 0.477110087872
261 -0.6666668057439999 -0.399999976158 0.527098596096
262 -0.444918841124 -0.521490752697 0.411161273718
263 -0.496466040611 -0.491990834475 0.456455290318
264 -0.36210539937 -0.44483423233 0.404834270477
265 -0.257473617792 -0.28230419755 0.315741896629
266 -0.568145632744 -0.269415378571 0.450199306011
267 -0.338544428349 -0.520085096359 0.358291208744
268 -0.373757958412 -0.423343449831 0.414499461651
269 0.291968286037 0.534037470818 -0.491613090038
270 0.326615124941 0.348779290915 -0.423381268978
271 0.419907271862 0.495974868536 -0.507065951824
272 0.246971547604 0.394087165594 -0.382508546114
273 0.42686444521 0.233897522092 -0.362667411566
274 0.390631049871 0.5892154574389999 -0.540033698082
275 0.225106313825 0.464904099703 -0.3801176548
276 0.251114428043 0.251463890076 -0.304424762726
277 0.303864330053 0.160169988871 -0.286195933819
278 0.493727356195 0.363028764725 -0.419894069433
279 0.385623127222 0.667736053467 -0.558554053307
280 0.494654327631 0.694860458374 -0.544084966183
281 0.239634111524 0.595143973827 -0.454000085592
282 0.296892821789 0.307163566351 -0.380323112011
283 0.296612709761 -0.05479940026999 -0.123912975192
284 0.500625669956 0.297053217888 -0.378625392914
285 0.502121686935 0.49791353941 -0.479283988476
286 0.305999904871 0.647527694702 -0.528588652611
287 0.226548805833 -0.004667520523071 -0.07663625478744999
288 0.220178663731 0.644272089005 -0.409375935793
289 0.322785317898 0.810191750526 -0.567293941975
290 0.256865561008 -0.05583625659347 -0.08818835765123
291 0.311962723732 -0.121465824544 -0.08722036331892
292 0.5772222876550001 0.392818063498 -0.341461658478
293 0.433474600315 0.006145387422293 -0.193067938089
294 0.563004255295 0.506107985973 -0.421361476183
295 0.430162668228 0.797350168228 -0.574854373932
296 0.557725965977 0.619420170784 -0.469896763563
297 0.219081640244 0.148260727525 -0.153854861856
298 0.217195942998 0.369939118624 -0.236303433776
299 0.23103992641 0.655807673931 -0.446468293667
300 0.257662534714 0.672884583473 -0.496163129807
301 0.238993629813 -0.190654158592 0.0277170855552
302 0.547370314598 0.313244521618 -0.344171375036
303 0.512957394123 0.170314371586 -0.281821519136
304 0.501802802086 0.839898765087 -0.554986059666
305 0.575405299664 0.756805837154 -0.458725720644
306 0.216333240271 0.61385601759 -0.342064857483
307 0.231953173876 0.770783722401 -0.478241503239
308 0.266990274191 -0.369873255491 0.09422007203101999
309 0.388190746307 -0.231140643358 -0.0337385199964
310 0.565650105476 0.2115662992 -0.251692742109
311 0.571917772293 0.5813608169559999 -0.421545833349
312 0.479510933161 -0.07016694545745999 -0.125746756792
313 0.528351843357 0.228105202317 -0.30865201354
314 0.4336985828916845 0.9 -0.5786519478699447
315 0.377559403124598 0.9 -0.5744680459226167
316 0.4771215900177176 0.9 -0.565383675214597
317 0.5631327629090001 0.833213925362 -0.49073317647
318 0.216954097152 -0.125709071755 0.103829547763
319 0.233504101634 0.471071869135 -0.22124132514
320 0.305158942938 0.876641094685 -0.559636831284
321 0.216292798519 -0.4950504601 0.303854376078
322 0.21987272799 -0.460580945015 0.233454689384
323 0.583158195019 0.463786095381 -0.290488660336
324 0.549562752247 -0.191159784794 0.008956206031144
325 0.5516009367395768 0.9 -0.2907012015123804
326 0.5733726661810101 0.9 -0.3298787394066005
327 0.5449609829543737 0.9 -0.277246052571268
328 0.5038481401633882 0.9 -0.2432358422470151
329 0.4735840649939833 0.9 -0.2245989167156782
330 0.4252120128723997 0.9 -0.218329223662688
331 0.3982946767282591 0.9 -0.2108869886163392
332 0.364375889800724 0.9 -0.2154506746674416
333 0.3221599941207569 0.9 -0.2257074050282916
334 0.2889286757590123 0.9 -0.2458273925037586
335 0.2616875480936702 0.9 -0.2746901346846129
336 0.2380859320200543 0.9 -0.3037759004971258
337 0.2228793947592236 0.9 -0.3418088547850271
338 0.2221437966210891 0.9 -0.3452746240290939
339 0.2197147158175652 0.9 -0.3626550712039418
340 0.2176960406169886 0.9 -0.3822891792255475
341 0.2172235279042473 0.9 -0.3848306864252515
342 0.2166299810288775 0.9 -0.3857096044451184
343 0.2164375104932739 0.9 -0.3868103221422329
344 0.2170002379074704 0.9 -0.3908469697682329
345 0.2168761577475232 0.9 -0.3949461602616733
346 0.2189323779782421 0.9 -0.4306878016736485
347 0.2191094901174198 0.9 -0.4342781383849972
348 0.219369984605268 0.9 -0.4364333316462421
349 0.2244976349296249 0.9 -0.4493465212651868
350 0.2298103136117491 0.9 -0.4691300431715507
351 0.237825629239236 0.9 -0.4944685759597058
352 0.2442627706850639 0.9 -0.5035403357521948
353 0.2479506139788586 0.9 -0.5087050032333975
354 0.2830468713247104 0.9 -0.5440178425383888
355 0.2931113608681412 0.9 -0.5523242491353043
356 0.3079641359344581 0.9 -0.5610958916831856
357 0.3251902788121307 0.9 -0.5635576286298543
358 0.3644982354545698 0.9 -0.5734679711126192
359 0.5019914482190255 0.9 -0.5552115579139696
360 0.5262501639855932 0.9 -0.5272452106043175
361 0.5646521416559859 0.9 -0.4868710989495152
362 0.5752645450498485 0.9 -0.4314804200000247
363 0.5837472783837321 0.9 -0.3955357109090703
364 0.5836005392639874 0.9 -0.3810515752235007
365 0.5810390715467215 0.9 -0.3601445130473551
366 0.5778165382421975 0.9 -0.3462786775266192
367 0.584673583508 0.7871467471119999 -0.375496268272
368 0.231003195047 -0.264745920897 0.259432315826
369 0.24091412127 0.283605515957 -0.105751164258
370 0.255326509476 0.858097910881 -0.516421020031
371 0.226632550359 -0.494452506304 0.214850962162
372 0.261132538319 -0.452805191278 0.139139786363
373 0.584560155869 0.206317171454 -0.149255886674
374 0.548175096512 -0.03369703516364 -0.09755505621433
375 0.569504618645 0.798433125019 -0.310256302357
376 0.5492454767229999 0.861005842686 -0.279507040977
377 0.481987386942 0.8274339437479999 -0.222763553262
378 0.449952661991 0.725724697113 -0.198119834065
379 0.330436080694 0.792585909367 -0.216432079673
380 0.275018692017 0.8455076217650001 -0.252085775137
381 0.238787710667 0.818645656109 -0.293691277504
382 0.222325220704 0.896136522293 -0.342799335718
383 0.258378863335 0.645613253117 -0.24116538465
384 0.219337850809 0.872685432434 -0.436517894268
385 0.247587919235 -0.09235408157110001 0.171874985099
386 0.217420592904 -0.409015804529 0.27019366622
387 0.264441609383 0.04322025924921 0.100129626691
388 0.307156920433 0.327601075172 -0.06947480887175
389 0.344063162804 -0.424378216267 0.07489401102066
390 0.495382368565 -0.292585104704 0.02515302971005
391 0.581275522709 0.166382715106 -0.162391901016
392 0.564102113247 0.409588336945 -0.185763284564
393 0.575787901878 0.591664910316 -0.291808694601
394 0.5662314891819999 -0.03829471766949 -0.06347239762545
395 0.56816804409 0.006848007440567 -0.09107744693755999
396 0.544960916042 0.640774607658 -0.244190081954
397 0.489549160004 0.555441379547 -0.174712374806
398 0.322543978691 0.57273042202 -0.173179760575
399 0.300625234842 0.406248122454 -0.116787098348
400 0.300064116716 -0.242674648762 0.320855468512
401 0.229124441743 -0.572604060173 0.410002976656
402 0.287436425686 0.124759741127 0.05593063682318
403 0.266374051571 0.40597102046 -0.142928153276
404 0.309519916773 0.200173959136 0.01577643677592
405 0.216676235199 -0.7637966275219999 0.346802443266
406 0.26212823391 -0.489705830812 0.155807673931
407 0.550325274467 -0.324436903 0.09143359959126
408 0.577358663082 -0.20908805728 0.20715034008
409 0.562298297882 0.3537774086 -0.1528236866
410 0.565951526165 0.569459795952 -0.254642963409
411 0.580925762653 -0.163413435221 0.06812229007483001
412 0.5476851463320001 0.712816417217 -0.262046813965
413 0.472190469503 0.460380613804 -0.129790946841
414 0.310161083937 0.736699819565 -0.218010872602
415 0.452360033989 0.295430928469 -0.03175538778305
416 0.263681799173 -0.385344445705 0.370681852102
417 0.237130150199 -0.5875173807139999 0.416891902685
418 0.365844905376 -0.06953693181275999 0.229393362999
419 0.218256160617 -0.725668847561 0.385731160641
420 0.224758535624 -0.677563548088 0.287145495415
421 0.260988235474 -0.530682146549 0.173045217991
422 0.314587891102 -0.643768310547 0.170965522528
423 0.474481076002 -0.340013384819 0.04278424009681
424 0.565502107143 -0.510090768337 0.20358838141
425 0.578200995922 0.04281374812126 -0.08555853366852
426 0.578350841999 0.0192166864872 0.03256538882852
427 0.5642759203910001 0.222983568907 -0.07378759980202
428 0.570964932442 -0.04046678543091 -0.04908709600568
429 0.488451778889 0.04182706773281 0.12991861999
430 0.352225184441 -0.1891258955 0.308687001467
431 0.314186692238 -0.521239995956 0.468849480152
432 0.223305031657 -0.770924270153 0.427847892046
433 0.440926879644 0.0966324582696 0.105247370899
434 0.237693339586 -0.748731791973 0.266296565533
435 0.493054896593 -0.5018500685690001 0.124685116112
436 0.581217825413 -0.424871116877 0.226221904159
437 0.562619566917 -0.102258786559 0.165762081742
438 0.538053631783 0.305437296629 -0.09047539532185001
439 0.540516793728 0.219683989882 -0.03852606192231
440 0.362149596214 -0.381835311651 0.418328523636
441 0.278257936239 -0.701649188995 0.498394012451
442 0.249134391546 -0.717433989048 0.469158381224
443 0.42409786582 -0.03397708013654 0.202283427119
444 0.2197296375712788 -0.9 0.4147932939182634
445 0.2168396568368677 -0.9 0.3801763741826583
446 0.2322528208634685 -0.9 0.3039624294484031
447 0.2281763814534929 -0.9 0.3192435860473
448 0.260310977697 -0.616614878178 0.202973723412
449 0.488868415356 -0.572632908821 0.147495359182
450 0.577868282795 -0.348280251026 0.168609410524
451 0.583549916744 -0.467742830515 0.275465935469
452 0.537639796734 -0.18713696301 0.252715408802
453 0.490376472473 -0.137039989233 0.258985638618
454 0.477865278721 -0.454826027155 0.446396112442
455 0.401069641113 -0.57930034399 0.505778074265
456 0.358219116926 -0.720392346382 0.538814604282
457 0.247657880187 -0.854905307293 0.493963032961
458 0.2219306570625627 -0.9 0.4356801370720976
459 0.2269758368656573 -0.9 0.3282167141171016
460 0.4082816952494083 -0.9 0.2029155841560413
461 0.3867369748797677 -0.9 0.2056451309536048
462 0.4615914382594851 -0.9 0.2123843012462769
463 0.5020336482043017 -0.9 0.2307962034250911
464 0.526373641587273 -0.9 0.2457086171719992
465 0.5460674636852314 -0.9 0.2716311504983301
466 0.5749145812704284 -0.9 0.3255172416647892
467 0.578482306921399 -0.9 0.3410710370000455
468 0.5773352225467433 -0.9 0.4285951489839734
469 0.53702219318828 -0.9 0.501180349074634
470 0.5262710402198489 -0.9 0.5244368653657749
471 0.501249324055106 -0.9 0.5384501070508522
472 0.4579080587599936 -0.9 0.5553047733868399
473 0.4067440103034492 -0.9 0.5684042891084786
474 0.4013892383658345 -0.9 0.5710858250369267
475 0.3769867274730845 -0.9 0.5696325256632062
476 0.3455813381350871 -0.9 0.5643474590200623
477 0.308771274073009 -0.9 0.5540990541860727
478 0.294785829535832 -0.9 0.5431401474841048
479 0.2837162130013353 -0.9 0.5345469296139073
480 0.2502647253483688 -0.9 0.5008695213817815
481 0.2417531069614798 -0.9 0.4776226216908638
482 0.2406464349239865 -0.9 0.2905847884976638
483 0.2535212356206551 -0.9 0.2679957720763216
484 0.2926832396804447 -0.9 0.2375555101535484
485 0.2996901169478726 -0.9 0.2370455782452347
486 0.3245718488587839 -0.9 0.214842146040874
487 0.252603650093 -0.857878684998 0.263453781605
488 0.381391078234 -0.637567460537 0.152251780033
489 0.539587795734 -0.797367334366 0.240404903889
490 0.5819247961040001 -0.685184657574 0.318203270435
491 0.576210916042 -0.467889875174 0.346705704927
492 0.535847127438 -0.231836915016 0.28261128068
493 0.541923642159 -0.05857139453292 0.162412524223
494 0.469355851412 -0.288288474083 0.363429009914
495 0.407313704491 -0.741040468216 0.546786665916
496 0.34553822875 -0.746815025806 0.54313480854
497 0.43031668663 -0.821485579014 0.192417383194
498 0.322014302015 -0.865735411644 0.210481762886
499 0.578336954117 -0.884812176228 0.329080432653
500 0.574242651463 -0.753023028374 0.441198885441
501 0.532483696938 -0.857368290424 0.516953468323
502 0.485271543264 -0.747085928917 0.533036410809
503 0.426308572292 -0.841254115105 0.563126385212
504 0.320669442415 -0.875466644764 0.556758999825
505 0.456782132387 -0.752579629421 0.183730006218
506 0.556051790714 -0.663724184036 0.238180831075
507 0.56117272377 -0.355399429798 0.322442293167
508 0.534930169582 -0.325047552586 0.339945107698
509 0.5053794384 -0.701910555363 0.509519636631
510 0.326746791601 -0.812595009804 0.545858740807
511 0.542016506195 -0.45100030303 0.392383724451
512 0.5423141717910001 -0.615405976772 0.459306359291
513 0.563454270363 -0.557837069035 0.40692332387
514 0.53333324194 -0.55208325386 0.441700607538
515 0.9 0.3164143663997592 0.2223245171249436
516 0.854848921299 0.291366368532 0.22728638351
517 0.9 0.303592466868099 0.227079596424005
518 0.9 0.3486537813163482 0.2071862582743736
519 0.717555105686 0.363336205482 0.17281639576
520 0.9 0.3000695119598888 0.229329382628099
521 0.9 0.2787569704449448 0.2472511448451123
522 0.9 0.2440108358930027 0.2808609394315609
523 0.9 0.234906026477913 0.3095739248293357
524 0.9 0.2209790742265724 0.3431236887193886
525 0.9 0.21833376584172 0.358756962030381
526 0.9 0.2190394681059411 0.3923294834969052
527 0.9 0.2173768612916572 0.4042103800047068
528 0.9 0.2219462179993782 0.4373997601503402
529 0.9 0.2298511863586478 0.4575044812283692
530 0.9 0.232267504365917 0.4688274326104847
531 0.9 0.2355104359200007 0.4773242146674672
532 0.9 0.2439943867047571 0.4922587379004912
533 0.9 0.2762800588665519 0.5200127987396084
534 0.9 0.2849576975219968 0.532629285758758
535 0.9 0.2930454025202152 0.542596569551058
536 0.9 0.3021737525967788 0.5449678474146942
537 0.9 0.3568393832612062 0.5666522652035362
538 0.9 0.4171816004087606 0.5705297634996175
539 0.9 0.4587845747414895 0.5624054790255547
540 0.9 0.5119450792989348 0.5402292579309734
541 0.9 0.5473524626541491 0.4962837983817285
542 0.9 0.5633367564265404 0.4778841401392603
543 0.9 0.5756133323949507 0.4352429271294324
544 0.9 0.5832302061814206 0.3875552088894526
545 0.9 0.5797976874136133 0.3844422304818726
546 0.9 0.5774712384475259 0.3564685784179183
547 0.9 0.5642279190120844 0.3044622804776003
548 0.9 0.559237968389395 0.2870823823357352
549 0.9 0.5469272751598081 0.2728099375079903
550 0.9 0.5317967324649989 0.2576169200927204
551 0.9 0.5118470181772253 0.2346052029862405
552 0.9 0.4963948134428575 0.226885839149489
553 0.9 0.45389340266049 0.2098261263187846
554 0.9 0.4422630298262929 0.2073973168601415
555 0.9 0.4371695424085627 0.2053450949120789
556 0.9 0.380078228555248 0.2099542830785897
557 0.9 0.3656298515778933 0.2086401921036249
558 0.578814923763 0.498911142349 0.157335042953
559 0.525860071182 0.42135861516 0.114754736423
560 0.893487334251 0.243566736579 0.280170083046
561 0.820867180824 0.222305059433 0.323900997639
562 0.8176340460780001 0.217535093427 0.3516253829
563 0.873151361942 0.216440096498 0.394132018089
564 0.854345440865 0.222439423203 0.435414552689
565 0.815497815609 0.242227241397 0.480740517378
566 0.861964046955 0.283615469933 0.531322717667
567 0.8003223538399999 0.377094745636 0.5582202672960001
568 0.733760714531 0.507763206959 0.519255816936
569 0.843286752701 0.574038863182 0.454236418009
570 0.89786875248 0.58333337307 0.387252628803
571 0.568479001522 0.5844660401340001 0.327054947615
572 0.817568123341 0.576714277267 0.319140166044
573 0.84563934803 0.564759671688 0.28731405735
574 0.811365246773 0.513983845711 0.22349588573
575 0.831138908863 0.466998636723 0.202740311623
576 0.764237582684 0.475064903498 0.191783219576
577 0.524856925011 0.496231377125 0.137057200074
578 0.643710970879 0.310693144798 0.172349184752
579 0.734692454338 0.243745103478 0.253898859024
580 0.533068656921 0.218790501356 0.345489323139
581 0.652133703232 0.221083313227 0.388538748026
582 0.72269821167 0.250569373369 0.47295743227
583 0.707388520241 0.300403833389 0.516768157482
584 0.7334347367289999 0.39299556613 0.544636666775
585 0.686409771442 0.531365573406 0.485151261091
586 0.637625098228 0.553432583809 0.226013347507
587 0.447465330362 0.554460406303 0.157646521926
588 0.460283309221 0.369357436895 0.08788176625966999
589 0.781250059605 0.26666662097 0.235523849726
590 0.301489710808 0.543026864529 0.0684762597084
591 0.565011620522 0.223511248827 0.252852022648
592 0.59988540411 0.363488554955 0.511671543121
593 0.66632860899 0.509385108948 0.496471464634
594 0.6587430834769999 0.5520907044409999 0.45499792695
595 0.53735858202 0.559557616711 0.405199915171
596 0.490068942308 0.573564887047 0.215319618583
597 0.574845910072 0.281337827444 0.167959824204
598 0.289515733719 0.50549018383 0.02973693050444
599 0.612080693245 0.248348876834 0.215900272131
600 0.493194282055 0.217615917325 0.262884795666
601 0.683998167515 0.242722332478 0.454240679741
602 0.502009809017 0.25159445405 0.411434829235
603 0.674034297466 0.465163499117 0.519300162792
604 0.502237081528 0.486879885197 0.461771458387
605 0.572830975056 0.550433516502 0.430472195148
606 0.460400640965 0.566758930683 0.36396831274
607 0.398121088743 0.583609759808 0.265992134809
608 0.226460069418 0.569762349129 0.06574160605668999
609 0.610556900501 0.263523995876 0.197622045875
610 0.26238065958 0.400445848703 -0.0161255095154
611 0.127972438931 0.508783042431 -0.06939277797937
612 0.682686924934 0.259278267622 0.222113192081
613 0.51183360815 0.216239348054 0.313480734825
614 0.373148143291 0.221835494041 0.176895543933
615 0.555758953094 0.247080206871 0.420406103134
616 0.51087808609 0.285933196545 0.445018082857
617 0.354713350534 0.582798838615 0.210034072399
618 0.412426352501 0.289931535721 0.09689819067717
619 0.365289211273 0.24787953496 0.115717545152
620 0.250483870506 0.233687013388 0.254074186087
621 0.39283490181 0.295296907425 0.40124475956
622 0.484531372786 0.359894931316 0.469794422388
623 0.338433295488 0.570833802223 0.286095112562
624 0.343121051788 0.5330922007559999 0.350082546473
625 0.246357902884 0.5825420022010001 0.187215670943
626 0.06492751091719 0.567552566528 -0.04117265343666
627 0.150731056929 0.368110477924 -0.083769723773
628 0.103980012238 0.45602285862 -0.108558416367
629 0.01391594670713 0.551377892494 -0.10823854804
630 0.303601890802 0.217304080725 0.216250032187
631 0.205600962043 0.23743891716 0.03890236094594
632 0.321551918983 0.442625999451 0.387930542231
633 0.226696714759 0.565270125866 0.241896882653
634 0.260128587484 0.451563984156 0.356811791658
635 -0.278392732143 0.583957791328 -0.20298178494
636 -0.05135183036327 0.5805257558819999 -0.07926111668348
637 -0.01223707012832 0.496512442827 -0.17833429575
638 0.284316033125 0.217107474804 0.211009010673
639 0.06807590276003 0.21660362184 0.03894905000925
640 0.09955190122128001 0.22812910378 -0.01682735979557
641 0.193042516708 0.307295739651 -0.0361034758389
642 0.217249765992 0.318766027689 0.315566182137
643 0.01084592193365 0.570724725723 0.08174178749322999
644 -0.320781588554 0.569938182831 -0.152816772461
645 -0.01483284682035 0.576899111271 -0.06966171413659999
646 0.003371771192178 0.569323956966 -0.08001068979502
647 -0.131959721446 0.526285409927 -0.242559581995
648 0.03166492655873 0.223689332604 0.07704974710941
649 0.153168484569 0.256082952023 -0.02065050974488
650 0.178314685822 0.275054216385 0.259407103062
651 0.137726739049 0.516816556454 0.240554377437
652 0.03966209664941 0.545030415058 0.146020591259
653 -0.197838112712 0.579701840878 -0.194027364254
654 -0.477365612984 0.576939284801 -0.247229516506
655 -0.212480351329 0.499689608812 -0.321163654327
656 -0.156335905194 0.351624965668 -0.300716340542
657 -0.231112226844 0.5725620388979999 -0.248536109924
658 0.09739921987057 0.238108322024 0.161690011621
659 -0.216867312789 0.218327254057 -0.133246272802
660 0.003799257799983 0.218952730298 -0.03689467161894
661 0.124908074737 0.251270771027 0.198528811336
662 0.08165775984526 0.344199538231 0.232131361961
663 0.04435725882649 0.488838076591 0.193210467696
664 -0.14840914309 0.549560129642 0.0009925101185217001
665 -0.03770136088133 0.543874442577 0.08952453732491
666 -0.442685425282 0.570331215858 -0.382812142372
667 -0.499274283648 0.548909723759 -0.203884631395
668 -0.241058498621 0.405714035034 -0.36658719182
669 -0.0137378461659 0.320186793804 -0.184470579028
670 0.008510054089129001 0.251755416393 0.117238692939
671 -0.222044304013 0.227334499359 -0.09582968056202
672 -0.05006094649434 0.218292102218 -0.07724890112877
673 0.005886435043067 0.223665073514 -0.05801307410002
674 -0.005859692115337 0.290586262941 -0.162881061435
675 0.03733872994781 0.284519463778 0.171253994107
676 0.05842783674598 0.417181760073 0.220113635063
677 -0.06819318234921 0.539430320263 0.07173499464989
678 -0.242427870631 0.5088635087009999 -0.02432642132044
679 -0.09514535963534999 0.51044100523 0.07765254378319
680 -0.291906654835 0.581050097942 -0.254420489073
681 -0.639388561249 0.58327293396 -0.375768333673
682 -0.461679250002 0.535512983799 -0.172465890646
683 -0.606295704842 0.481527984142 -0.186235815287
684 -0.288822948933 0.470398336649 -0.38332349062
685 -0.114069707692 0.277965813875 -0.23385848105
686 -0.264937222004 0.387794405222 -0.380494356155
687 -0.292271107435 0.541286528111 -0.339659810066
688 -0.05430838093162 0.252315193415 0.07210469990969
689 0.01032442320138 0.254983752966 0.122564956546
690 -0.202413782477 0.248183712363 -0.04102582111955
691 -0.506812691689 0.214722722769 -0.346710175276
692 -0.009341565892099999 0.244355529547 -0.119579970837
693 0.01939772255719 0.250097066164 -0.106378003955
694 -0.218374505639 0.475465476513 0.007797128520906
695 -0.188463121653 0.288151651621 0.009355500340462
696 -0.353801697493 0.551181435585 -0.135860159993
697 -0.7698132395740001 0.582780241966 -0.416543036699
698 -0.669609129429 0.579853713512 -0.325664788485
699 -0.448015391827 0.472258597612 -0.122747056186
700 -0.673672914505 0.518138885498 -0.222782760859
701 -0.367825299501 0.514696419239 -0.40742367506
702 -0.349211215973 0.292295575142 -0.407522946596
703 -0.326358795166 0.238007187843 -0.139264672995
704 -0.199399113655 0.220698103309 -0.20093344152
705 -0.186673700809 0.372861325741 0.04311658814549
706 -0.471692949533 0.320585221052 -0.137298077345
707 -0.323891609907 0.459936380386 -0.05447690561414
708 -0.549053907394 0.55666410923 -0.45062482357
709 -0.669206559658 0.565325379372 -0.283671915531
710 -0.662077784538 0.39234662056 -0.185869991779
711 -0.79889434576 0.411028295755 -0.207311585546
712 -0.407551079988 0.478400588036 -0.452896773815
713 -0.308930128813 0.521443367004 -0.367764949799
714 -0.208884298801 0.249379277229 -0.271909803152
715 0.01087053120136 0.2629776299 0.132066816092
716 0.01186257973313 0.268472164869 0.138415977359
717 -0.349298238754 0.267922759056 -0.111251354218
718 -0.573786795139 0.216235697269 -0.322408169508
719 -0.387809604406 0.24444489181 -0.375659257174
720 -0.08657895773649001 0.232950568199 -0.151715070009
721 -0.31835526228 0.347658038139 -0.048130184412
722 -0.290773451328 0.295404136181 -0.05458577722311
723 -0.737125694752 0.559113144875 -0.487182796001
724 -0.548221826553 0.486068278551 -0.509137928486
725 -0.874444723129 0.582942187786 -0.410808563232
726 -0.9 0.5632580285574893 -0.3015818225087684
727 -0.9 0.5607069572287819 -0.2942154889463132
728 -0.710608184338 0.303114980459 -0.216814309359
729 -0.827142715454 0.315921992064 -0.224511489272
730 -0.710421621799 0.547544181347 -0.261510163546
731 -0.9 0.4737788446952759 -0.2201549726010156
732 -0.9 0.4677781114616517 -0.2191362394557035
733 -0.272784888744 0.261681079865 -0.328369677067
734 -0.447397977114 0.3546269238 -0.482272356749
735 -0.477672457695 0.245734646916 -0.204142183065
736 -0.616284430027 0.224254339933 -0.421574980021
737 -0.288387238979 0.237981572747 -0.306896716356
738 -0.526310861111 0.243473798037 -0.437733322382
739 -0.552851617336 0.290624797344 -0.185337170959
740 -0.6260542869570001 0.309083670378 -0.196169942617
741 -0.9 0.5629884537145233 -0.4913195843948797
742 -0.9 0.5698722652650752 -0.4698254931938148
743 -0.9 0.5792959135401109 -0.435121542612728
744 -0.9 0.5816552814076691 -0.418661801522794
745 -0.9 0.5829224250621855 -0.4057500762197433
746 -0.9 0.5819396859587025 -0.367707397502515
747 -0.9 0.5400863001074301 -0.5152035538201202
748 -0.9 0.5124702137488257 -0.5440867601671155
749 -0.9 0.4643095428057117 -0.5682762006363773
750 -0.9 0.4295958892539658 -0.5774274837399281
751 -0.9 0.3953681079562316 -0.5787062648892527
752 -0.9 0.3545619448673816 -0.5753200749686178
753 -0.9 0.3436163158058904 -0.5734805204808221
754 -0.9 0.3075068537812312 -0.5620536134736092
755 -0.9 0.2995764279241996 -0.5557405614734764
756 -0.9 0.2880634882049827 -0.5461000519257178
757 -0.9 0.2539004343662655 -0.5163409258154688
758 -0.9 0.2494181436515785 -0.506230321605988
759 -0.9 0.2455296699092235 -0.4969353669191088
760 -0.9 0.2264796897983863 -0.4629027962578174
761 -0.9 0.2205733199509026 -0.4401965303528502
762 -0.9 0.2193775984690041 -0.4317832403629986
763 -0.9 0.2180560395193983 -0.4035088831722981
764 -0.9 0.2171371410945808 -0.4009576742554041
765 -0.9 0.2176819714461271 -0.3712468773354349
766 -0.9 0.2240723000887903 -0.350505239896223
767 -0.9 0.2244038633598494 -0.3422150742595298
768 -0.9 0.2259421222457409 -0.3334294857933358
769 -0.9 0.236636970530472 -0.3026252793954078
770 -0.9 0.2473885688996202 -0.2849725291245164
771 -0.9 0.271624029652343 -0.264566999455789
772 -0.9 0.2964860097707298 -0.2406696487727172
773 -0.9 0.3029789863668887 -0.2356800285413353
774 -0.9 0.3084484630670008 -0.2321128906151932
775 -0.9 0.3134089625437844 -0.2296355739074238
776 -0.9 0.3190723202593327 -0.2272299564251064
777 -0.9 0.3312815640579929 -0.2234156348444205
778 -0.9 0.3693768176649768 -0.2167719520092695
779 -0.9 0.4752475856013586 -0.2217258626872136
780 -0.9 0.4753160857377335 -0.2221743936859185
781 -0.9 0.4794715770209388 -0.224916531951016
782 -0.9 0.5490068722353201 -0.2813782589766591
783 -0.9 0.5778444829985416 -0.343950483166171
784 -0.838627278805 0.535592138767 -0.262508481741
785 -0.409896194935 0.291839897633 -0.434531003237
786 -0.607212901115 0.219145819545 -0.319172084332
787 -0.769849061966 0.225143224001 -0.45866727829
788 -0.5089153647420001 0.290250122547 -0.480114579201
789 -0.640204668045 0.508187413216 -0.520220518112
790 -0.796846687794 0.495439559221 -0.556584775448
791 -0.780616700649 0.424181550741 -0.574821650982
792 -0.770300149918 0.331843942404 -0.566616952419
793 -0.7351189851760001 0.245798051357 -0.494102418423
794 -0.865335583687 0.250900477171 -0.511489868164
795 -0.870504558086 0.216996818781 -0.411930590868
796 -0.8017956614490001 0.218137130141 -0.35748270154
797 -0.773623943329 0.238579839468 -0.287605345249
798 -0.54118424654 0.382297426462 -0.521931529045
799 -0.604521751404 0.280666768551 -0.508274435997
800 -0.672118484974 0.244024023414 -0.266544491053
801 -0.605848610401 0.259022474289 -0.229456573725
802 -0.641010820866 0.382309883833 -0.54826104641
803 -0.299620956182 -0.567498445511 -0.5066987276080001
804 -0.313273310661 -0.399522095919 -0.443051725626
805 -0.388707190752 -0.448686420918 -0.48554867506
806 -0.255576640368 -0.342023730278 -0.366002708673
807 -0.302399307489 -0.311427414417 -0.386958748102
808 -0.391321569681 -0.59776198864 -0.53944092989
809 -0.238401904702 -0.416516333818 -0.380578160286
810 -0.366426467896 -0.329636573792 -0.416157066822
811 -0.401374846697 -0.751397669315 -0.573662161827
812 -0.435876101255 -0.577018260956 -0.531065702438
813 -0.232424020767 -0.210032165051 -0.244346320629
814 -0.235044434667 -0.464071512222 -0.400147229433
815 -0.261237472296 -0.275614529848 -0.329704463482
816 -0.388804346323 -0.259675115347 -0.378267526627
817 -0.313682645559 -0.644733846188 -0.531951189041
818 -0.500376820564 -0.756555318832 -0.548037052155
819 -0.497340679169 -0.447508394718 -0.462850898504
820 -0.218613684177 -0.317005187273 -0.264213085175
821 -0.255300283432 -0.545912206173 -0.458498060703
822 -0.25386968255 -0.198604211211 -0.270133674145
823 -0.306787729263 -0.193623125553 -0.310890138149
824 -0.425055325031 -0.299823194742 -0.400207698345
825 -0.310051083565 -0.79532122612 -0.558361947536
826 -0.284911185503 -0.639679729939 -0.514165818691
827 -0.4609052509742109 -0.9 -0.5757628066488519
828 -0.4755905857732595 -0.9 -0.5718696735823183
829 -0.501465678215 -0.589217424393 -0.512378096581
830 -0.218331024051 0.05795289203525 0.0056455694139
831 -0.216539472342 -0.457791417837 -0.317624598742
832 -0.250814944506 -0.63197863102 -0.479662001133
833 -0.405305981636 -0.210865855217 -0.344896316528
834 -0.5091155171390001 -0.317780196667 -0.385740250349
835 -0.4394948368704746 -0.9 -0.5726331804139129
836 -0.5573283019762432 -0.9 -0.4959233459917339
837 -0.5702497258757027 -0.9 -0.4705051610086509
838 -0.549931923410762 -0.9 -0.5119485436115948
839 -0.4997272250692885 -0.9 -0.5515399713690017
840 -0.4360101077780994 -0.9 -0.5768786427311925
841 -0.4118815160618871 -0.9 -0.5746796651020795
842 -0.3998982625909684 -0.9 -0.5744864017988758
843 -0.3859949252576812 -0.9 -0.5624396441605014
844 -0.3151255931522642 -0.9 -0.5629546946747946
845 -0.2904791625731382 -0.9 -0.5504080620860518
846 -0.283255460525998 -0.9 -0.5441328065174037
847 -0.2825186780096024 -0.9 -0.5429781152155144
848 -0.2436759125176246 -0.9 -0.5030920265942589
849 -0.2398293350361515 -0.9 -0.4976667204603764
850 -0.2304428478142635 -0.9 -0.4757302692171707
851 -0.2255114409338712 -0.9 -0.4478764018182637
852 -0.2169749314220234 -0.9 -0.4073045741016921
853 -0.2177054079738198 -0.9 -0.3898049152721478
854 -0.2194473377945237 -0.9 -0.3621589347457916
855 -0.2223666135695744 -0.9 -0.3490877834022588
856 -0.2279381672111476 -0.9 -0.3246425499314675
857 -0.2363989916188644 -0.9 -0.3044748210770935
858 -0.2468292092192243 -0.9 -0.2871543794222953
859 -0.2624952991193641 -0.9 -0.2692751141032215
860 -0.2794932763801323 -0.9 -0.2508284255354326
861 -0.296817100206734 -0.9 -0.2433311096234579
862 -0.3128857542169863 -0.9 -0.2339047875725039
863 -0.3222339982930888 -0.9 -0.2273848285541221
864 -0.3284792740298279 -0.9 -0.2240487207050734
865 -0.3359809062654563 -0.9 -0.2207720727911429
866 -0.3689894883254178 -0.9 -0.2174673205318498
867 -0.3922325690361211 -0.9 -0.2126188915913877
868 -0.4307836170502009 -0.9 -0.2166973624754128
869 -0.4785320566011022 -0.9 -0.2289883277293586
870 -0.4870254089318976 -0.9 -0.2307460940246618
871 -0.5097766083411798 -0.9 -0.2454583747799152
872 -0.5201283095020471 -0.9 -0.2519108779171861
873 -0.5212603720767743 -0.9 -0.2528063991512388
874 -0.546499068665226 -0.9 -0.2784744962227378
875 -0.5498547285866121 -0.9 -0.2821140038960628
876 -0.5667935731052381 -0.9 -0.3144038849313285
877 -0.5684860412802722 -0.9 -0.3173835928664767
878 -0.5708102957526502 -0.9 -0.3236788626651268
879 -0.5775712384881367 -0.9 -0.3486190432770698
880 -0.5810463781176782 -0.9 -0.3608788967660616
881 -0.5809914368282653 -0.9 -0.3650628972138377
882 -0.5818372308885444 -0.9 -0.424639330802959
883 -0.5743816196070529 -0.9 -0.4603313959939789
884 -0.554213106632 -0.851143300533 -0.504641115665
885 -0.556634187698 -0.551878154278 -0.446253955364
886 -0.5575879216189999 -0.693859815598 -0.483318626881
887 -0.23864543438 0.01401087734848 -0.09346264600754001
888 -0.218535318971 -0.616162538528 -0.398557782173
889 -0.239020645618 -0.685386776924 -0.47600504756
890 -0.26903295517 -0.141486510634 -0.245467215776
891 -0.305465072393 0.09620591253042 -0.100490033627
892 -0.372960269451 -0.8540668487550001 -0.578230559826
893 -0.254650712013 -0.849774062634 -0.514942288399
894 -0.243368640542 -0.839459955692 -0.500472486019
895 -0.233267024159 -0.803818523884 -0.484937876463
896 -0.216374784708 -0.773124456406 -0.404717624187
897 -0.2180082798 -0.7823600173 -0.366819679737
898 -0.232774496078 -0.7839540243150001 -0.302051633596
899 -0.292992323637 -0.80855691433 -0.233569055796
900 -0.342637240887 -0.830159544945 -0.214781224728
901 -0.402211487293 -0.824391305447 -0.208377018571
902 -0.495533496141 -0.740941226482 -0.222375094891
903 -0.520973205566 -0.896140038967 -0.25236210227
904 -0.549509525299 -0.883086442947 -0.280869066715
905 -0.5697696208950001 -0.883664786816 -0.319510191679
906 -0.582132697105 -0.652338325977 -0.340669691563
907 -0.580565869808 -0.768397510052 -0.43069255352
908 -0.512052714825 -0.411748886108 -0.433421730995
909 -0.21691930294 -0.06356527656317 -0.03431547060609
910 -0.220023646951 0.109783552587 0.03132135421038
911 -0.22313682735 -0.394695073366 -0.204323381186
912 -0.24587008357 0.151496320963 -0.008302791044115999
913 -0.309509694576 0.222223684192 -0.01890948787332
914 -0.509526133537 -0.23560667038 -0.329937934875
915 -0.219877272844 -0.736515402794 -0.340377658606
916 -0.274484008551 -0.778992950916 -0.247478336096
917 -0.416911274195 -0.616398751736 -0.173969686031
918 -0.487699598074 -0.64745002985 -0.201338991523
919 -0.578048825264 -0.395169258118 -0.34525179863
920 -0.517734885216 -0.37359058857 -0.408355176449
921 -0.222224339843 -0.209170415998 -0.106130175292
922 -0.217077419162 0.185458406806 0.106473356485
923 -0.216999486089 -0.573171675205 -0.332554012537
924 -0.25614207983 0.150525048375 -0.02246572449803
925 -0.387088567019 0.185322701931 -0.06012501940131
926 -0.485650092363 -0.155294463038 -0.28550183773
927 -0.550885498524 -0.260737478733 -0.307562440634
928 -0.241066291928 -0.536605238914 -0.233884304762
929 -0.3189240098 -0.631304085255 -0.192638382316
930 -0.507699728012 -0.52168995142 -0.174019262195
931 -0.540894031525 -0.794182658195 -0.264519512653
932 -0.557752490044 -0.718440055847 -0.276930242777
933 -0.582243323326 -0.594739794731 -0.330538868904
934 -0.227345392108 -0.124730907381 -0.0268986094743
935 -0.21727013588 0.314760714769 0.222370803356
936 -0.222000047565 0.347485125065 0.167794585228
937 -0.221356749535 -0.507869720459 -0.275506526232
938 -0.244229733944 -0.22023448348 -0.05776151269674
939 -0.253628134727 0.205102264881 0.01586496829987
940 -0.296312838793 0.362346172333 0.06888726353645
941 -0.444372355938 -0.144124209881 -0.291362524033
942 -0.521172046661 -0.139306470752 -0.252351045609
943 -0.571234285831 -0.362864136696 -0.334341198206
944 -0.250763833523 -0.640860259533 -0.249930083752
945 -0.287956476212 -0.647828578949 -0.21457837522
946 -0.486288189888 -0.411765486002 -0.113395780325
947 -0.546028971672 -0.550970196724 -0.219326943159
948 -0.582758903503 -0.474728494883 -0.327414542437
949 -0.222595706582 0.07309748977423 0.101969882846
950 -0.224139988422 0.224101170897 0.210393533111
951 -0.306717157364 -0.307908833027 -0.05639910697937
952 -0.24517954886 0.310960352421 0.09006755799055
953 -0.250984340906 0.358749687672 0.107258737087
954 -0.279326528311 0.470322936773 0.130279004574
955 -0.461669892073 0.201745122671 -0.04149619862437
956 -0.561677217484 -0.115620955825 -0.186460673809
957 -0.579902589321 -0.296742588282 -0.263139873743
958 -0.310184121132 -0.503851771355 -0.155386656523
959 -0.543991148472 -0.46885073185 -0.184823647141
960 -0.4053863585 -0.441203355789 -0.11093390733
961 -0.572121560574 -0.481320202351 -0.236880689859
962 -0.544010043144 -0.631076514721 -0.240673214197
963 -0.574257254601 -0.551632940769 -0.274429619312
964 -0.246705427766 0.01890199258924 0.118373185396
965 -0.251024276018 -0.142974257469 0.005194829311222
966 -0.218174517155 0.436337172985 0.292159199715
967 -0.283110052347 -0.394624173641 -0.123517788947
968 -0.280646681786 -0.221271306276 -0.01924992725253
969 -0.341505289078 0.34095209837 0.03904074802995
970 -0.361658751965 0.38231754303 0.05453541129827
971 -0.512547969818 0.15631622076 -0.04724089801311
972 -0.552532434464 0.04038507118821 -0.08662049472331999
973 -0.578037858009 -0.189997643232 -0.194465011358
974 -0.272113621235 -0.602593779564 -0.216214925051
975 -0.327646046877 -0.352901488543 -0.07608548551798
976 -0.500568270683 -0.246920630336 -0.02355845272541
977 -0.584047734737 -0.37875020504 -0.258409291506
978 -0.269101649523 -0.163579791784 0.01077324710786
979 -0.240025311708 0.4228951931 0.35662099719
980 -0.216491892934 0.498210728168 0.289275109768
981 -0.310643345118 -0.183285102248 0.02855878137052
982 -0.240867450833 0.504522562027 0.189699724317
983 -0.442520439625 0.346826255322 0.03804554790258
984 -0.519906520844 0.322208464146 0.0561126023531
985 -0.56135481596 0.15404650569 0.005697703454643
986 -0.579829454422 0.100592181087 0.02462774142623
987 -0.583733379841 -0.09897476434708 -0.08151396363974001
988 -0.396513670683 -0.340291053057 -0.05771417915821
989 -0.533333063126 -0.40625 -0.143989712
990 -0.527391374111 -0.331520646811 -0.09517376869917001
991 -0.491673469543 -0.17102496326 0.03426758572459
992 -0.251270860434 0.124904632568 0.198526471853
993 -0.246525377035 0.24526630342 0.271148979664
994 -0.229769691825 0.552686274052 0.391805052757
995 -0.23069961369 0.694173574448 0.266674399376
996 -0.414978563786 -0.107235319912 0.09980671107769
997 -0.254801750183 0.494880497456 0.166106909513
998 -0.311209708452 0.597931027412 0.157771095634
999 -0.44635528326 0.355113506317 0.04217299073935
1000 -0.580863058567 -0.0339632332325 -0.06365972757339
1001 -0.452063918114 -0.14954996109 0.06340938061475999
1002 -0.562062978745 -0.332097023726 -0.141216233373
1003 -0.552095413208 -0.276612728834 -0.09093580394983
1004 -0.521249949932 -0.183626502752 0.005003805737942
1005 -0.272317051888 -0.05381865426898 0.09407656639813999
1006 -0.301373332739 0.133582755923 0.250659346581
1007 -0.288547813892 0.3964805305 0.396210342646
1008 -0.268756866455 0.524447083473 0.43367806077
1009 -0.219787850976 0.789221048355 0.416721880436
1010 -0.216349318624 0.581553459167 0.308634191751
1011 -0.318849742413 -0.106402054429 0.08985388278961
1012 -0.569919466972 0.208506450057 0.05779554322362
1013 -0.580211520195 -0.176702901721 -0.09595169126986999
1014 -0.53333324194 -0.208333343267 -0.02330821752548
1015 -0.555816709995 -0.105941236019 0.02288605459034
1016 -0.299720197916 0.294439733028 0.351979881525
1017 -0.266664624214 0.307440638542 0.329548925161
1018 -0.301152080297 0.555145144463 0.472524255514
1019 -0.235775530338 0.789557695389 0.465093284845
1020 -0.23302488029 0.781092464924 0.285206317902
1021 -0.447087973356 0.02861036360264 0.194943055511
1022 -0.371037662029 0.59266680479 0.139038309455
1023 -0.49592679739 0.428754389286 0.09584503620863
1024 -0.523976743221 0.381295621395 0.09317256510258
1025 -0.582982003689 0.164739832282 0.09355189651251
1026 -0.5819247961040001 0.172818243504 0.146387532353
1027 -0.571528494358 -0.09461721777916 -0.002248518634588
1028 -0.544198393822 -0.118187814951 0.02983223088086
1029 -0.398194432259 0.18374684453 0.311286240816
1030 -0.400815933943 0.229268163443 0.33784237504
1031 -0.354874640703 0.446535378695 0.448939710855
1032 -0.269633978605 0.569761037827 0.450862050056
1033 -0.249907389283 0.7321260571480001 0.474081099033
1034 -0.2384572621210969 0.9 0.4819942323351857
1035 -0.230876094807923 0.9 0.4590697955953715
1036 -0.2163800953756077 0.9 0.3869814313451061
1037 -0.2164888406292307 0.9 0.3887945193529516
1038 -0.22013823688 0.865077495575 0.34125828743
1039 -0.243529379368 0.741257429123 0.255235046148
1040 -0.454140782356 -0.08823889493942 0.10664575547
1041 -0.312165647745 0.694801449776 0.182790145278
1042 -0.556458115578 0.390895575285 0.135133236647
1043 -0.568515598774 0.485011309385 0.200252264738
1044 -0.569922685623 0.138584375381 0.174931168556
1045 -0.555461883545 0.05516993254423 0.142374947667
1046 -0.41851246357 0.415477246046 0.43861618638
1047 -0.403622359037 0.629555046558 0.519529163837
1048 -0.268759489059 0.5869554281229999 0.455784797668
1049 -0.258964717388 0.7098683118819999 0.482926875353
1050 -0.282185256481 0.802495896816 0.520547151566
1051 -0.249411053542841 0.9 0.50019342064954
1052 -0.2203544432531043 0.9 0.4298748846708439
1053 -0.3147080786457425 0.9 0.2221705757645612
1054 -0.3232683651718584 0.9 0.217071762359481
1055 -0.3027775880857615 0.9 0.229104139619758
1056 -0.2716381940344674 0.9 0.2462618052642543
1057 -0.2572187375122963 0.9 0.2666955891750232
1058 -0.2304186111898953 0.9 0.312123082562217
1059 -0.2222318215999437 0.9 0.3395762596596651
1060 -0.219315516386347 0.9 0.3576738117936152
1061 -0.2167351349922926 0.9 0.3834767175665416
1062 -0.2183014459031087 0.9 0.4103927156968235
1063 -0.2754172468520651 0.9 0.5250877040515801
1064 -0.3190997553973189 0.9 0.558401585177873
1065 -0.3193185882029325 0.9 0.5590157224245131
1066 -0.3202165335324084 0.9 0.5597583217494013
1067 -0.3210553791378524 0.9 0.5602694055643119
1068 -0.3270311290489248 0.9 0.561313234332927
1069 -0.4115194268627818 0.9 0.571500639146332
1070 -0.4293459627771222 0.9 0.569097958851462
1071 -0.4695104717435667 0.9 0.5583732800229672
1072 -0.4922335081309342 0.9 0.5489437156914754
1073 -0.5095455647868101 0.9 0.5401775307268992
1074 -0.5216897146035218 0.9 0.5301629346005363
1075 -0.5392680234076849 0.9 0.514404510371068
1076 -0.549955783529578 0.9 0.4944362631007316
1077 -0.5631419482472112 0.9 0.477243723728052
1078 -0.5692992737151261 0.9 0.4669155904627966
1079 -0.5740794281269315 0.9 0.4539798497722773
1080 -0.5726455529297912 0.9 0.4439653406912596
1081 -0.568984502826289 0.9 0.427700328507868
1082 -0.5803952234496829 0.9 0.3507801173019729
1083 -0.572015411955459 0.9 0.3183072956957018
1084 -0.5610966138615074 0.9 0.2999616828437479
1085 -0.5479303208201883 0.9 0.2732299235617275
1086 -0.5304744972889202 0.9 0.2534170100028621
1087 -0.5127515827188459 0.9 0.238958532676466
1088 -0.5109628256813948 0.9 0.2355136406091206
1089 -0.5051350726459313 0.9 0.2306987099040241
1090 -0.5028522109961114 0.9 0.2287426767355839
1091 -0.4863706727405926 0.9 0.2230032556689643
1092 -0.4305365341546208 0.9 0.2053271609363667
1093 -0.3812596949429909 0.9 0.2051514928365864
1094 -0.354666597470346 0.9 0.2125525398033621
1095 -0.3321581763983485 0.9 0.2149406051121659
1096 -0.249657258391 0.761306405067 0.251179665327
1097 -0.496777921915 0.07656529545783999 0.21200864017
1098 -0.421818703413 0.59278345108 0.138939216733
1099 -0.580839633942 0.328449577093 0.171776309609
1100 -0.582786381245 0.442913889885 0.245727270842
1101 -0.578574061394 0.309544414282 0.25569203496
1102 -0.51807051897 -0.03232157975435 0.11798800528
1103 -0.474175304174 0.232178136706 0.328711986542
1104 -0.482258886099 0.408478349447 0.420962065458
1105 -0.488143950701 0.565712869167 0.481547027826
1106 -0.322767943144 0.637688875198 0.505954623222
1107 -0.295011252165 0.729645013809 0.51810002327
1108 -0.266666650772 0.82291674614 0.509338378906
1109 -0.320753961802 0.869255006313 0.213896051049
1110 -0.274241894484 0.843381047249 0.235061004758
1111 -0.312159091234 0.823523879051 0.542268514633
1112 -0.414805442095 0.852129936218 0.566350519657
1113 -0.484410315752 0.747798204422 0.533314704895
1114 -0.544193208218 0.848853349686 0.502333939075
1115 -0.553561806679 0.7560890316959999 0.474478632212
1116 -0.580495119095 0.831282794476 0.419893920422
1117 -0.582608699799 0.724474549294 0.337665081024
1118 -0.570025265217 0.872043609619 0.30714020133
1119 -0.551933646202 0.878673374653 0.273005098104
1120 -0.530847370625 0.871658980846 0.247503057122
1121 -0.548099458218 0.692139744759 0.233636975288
1122 -0.504710972309 0.755097210407 0.206720456481
1123 -0.441465109587 0.867620646954 0.202300012112
1124 -0.351749956608 0.850661277771 0.200374245644
1125 -0.492307752371 0.585456728935 0.155454665422
1126 -0.557936191559 0.212301149964 0.244807869196
1127 -0.517493128777 0.04116917774081 0.172447964549
1128 -0.472919046879 0.671763122082 0.515929162502
1129 -0.369305044413 0.737753510475 0.543522179127
1130 -0.555381417274 0.660983383656 0.451497912407
1131 -0.583337724209 0.539899408817 0.31832870841
1132 -0.575922250748 0.733331441879 0.300552845001
1133 -0.482772409916 0.6827913522720001 0.176492199302
1134 -0.428413361311 0.806568264961 0.191267579794
1135 -0.543755710125 0.290770113468 0.30923730135
1136 -0.520085632801 0.338525861502 0.358280688524
1137 -0.570159256458 0.474581897259 0.366684675217
1138 -0.498304069042 0.627127468586 0.171787559986
1139 -0.559838175774 0.355224013329 0.326685428619
1140 -0.545080721378 0.41449791193 0.372585147619
1141 -0.549241065979 0.598352134228 0.440078228712
1142 -0.5156247019770001 0.674913883209 0.494826763868
1143 -0.5638014674189999 0.671881914139 0.2554448843
1144 -0.9 -0.9 0.604
1145 -0.9 -0.9 -0.9
1146 -0.9 0.9 0.604
1147 -0.9 0.9 -0.9
1148 0.9 -0.9 -0.9
1149 0.9 -0.9 0.604
1150 0.9 0.9 0.604
1151 0.9 0.9 -0.9
1152 0 0 0.604
1153 0 0 0.834
1154 0.9 -0.2880984607277689 -0.5102434985739536
1155 0.9 -0.5634292524083429 -0.339889166531946
1156 0.9 -0.3122044026594377 -0.3134453940853131
1157 0.9 -0.4738841701739512 -0.4845912238859391
1158 0.9 -0.2304290626315791 -0.4429280474866329
1159 0.9 -0.4873716203936745 -0.2672731659893989
1160 0.8868103891610035 -0.5661099932922798 -0.3134507003827627
1161 -0.9 -0.2576265567519723 0.3765060793269869
1162 -0.9 -0.4428156641439264 0.2729670946428514
1163 -0.9 -0.317789075269204 0.5069532411742329
1164 -0.9 -0.520851904384145 0.4211660459157561
1165 -0.9 -0.247142421551115 0.3002163980812039
1166 -0.866489183417631 -0.220345499641922 0.4090309339489492
1167 0.2287986869156832 0.9 -0.3926860818374556
1168 0.5635571264426661 0.9 -0.3675369297345105
1169 0.2635968074183407 0.9 -0.4891406629259608
1170 0.4067615365244325 0.9 -0.5171300935432602
1171 0.3212502139431054 0.9 -0.3194426888977807
1172 0.5079574472268596 0.9 -0.2980632699820931
1173 0.3167709742862254 0.9 -0.5436623631679768
1174 0.5011715869666172 0.9 -0.4377589240605075
1175 0.5389594676590785 0.8682781726121228 -0.5149588864224081
1176 0.5200104966957806 0.8721099466085451 -0.2556881222639845
1177 0.5695616364949901 0.8647603719304188 -0.4590997536686438
1178 0.2685334746211091 -0.9 0.3987906596687768
1179 0.2480350048007064 -0.9 0.3045426919781803
1180 0.4331208773911811 -0.9 0.2839615716203131
1181 0.328239591024981 -0.9 0.5212063296832644
1182 0.4829282919739933 -0.9 0.4830233666068667
1183 0.4833823922073909 -0.854713228344945 0.2190006979380186
1184 0.9 0.4374419768532501 0.2182244189185475
1185 0.9 0.2377813289802621 0.4424629805129151
1186 0.9 0.2543310822242434 0.3454470713785683
1187 0.9 0.3010537672221848 0.2521331655155902
1188 0.9 0.3779455833986946 0.2235385051536155
1189 0.9 0.4868040707190396 0.2770884972624849
1190 0.9 0.5011053577134813 0.4952587580559845
1191 0.9 0.2961299828553482 0.5127633495008829
1192 0.9 0.558511561941747 0.4016707148675428
1193 0.8783647521692938 0.2200180285016583 0.4207559903797741
1194 -0.9 0.239902967161986 -0.4162148899722083
1195 -0.9 0.5350696696377132 -0.4534218395452547
1196 -0.9 0.3134130853795115 -0.5143214932465541
1197 -0.9 0.238196562099258 -0.3405897837278711
1198 -0.9 0.3053301021194618 -0.2760001916075722
1199 -0.9 0.4989782304883944 -0.297908020566759
1200 -0.8578978367207885 0.3501743860600485 -0.2192061339288786
1201 -0.3133683882692664 -0.9 -0.2635024929419035
1202 -0.5491656445604066 -0.9 -0.3311145828924088
1203 -0.4763157724599172 -0.9 -0.4904915222739064
1204 -0.2864951996183213 -0.9 -0.4745207865680705
1205 -0.429939431685459 -0.9 -0.5554245309363437
1206 -0.2315099870231123 0.9 0.3719237782748285
1207 -0.49623451579731 0.9 0.263883098145718
1208 -0.4820595497813773 0.9 0.516900525487645
1209 -0.3188399075786638 0.9 0.2455782650941097
1210 -0.3284043394782719 0.9 0.4675566109286388
1211 -0.5543094341651638 0.9 0.4687345173929426
1212 -0.5402964587339779 0.8875830888749231 0.2617887721977345
1213 -0.3503649208268424 0.8786324428682103 0.2081240256434667
1214 -0.9 -0.2259687886754901 0.2863562201383031
1215 -0.9 0.005895088282141692 0.2624020897696556
1216 -0.9 0.02315749465415051 -0.1728704594444991
1217 -0.9 -0.08109406470948377 0.1243731546004779
1218 -0.9 0.2437456658929195 -0.1759222819728566
1219 -0.9 -0.4761954024055179 -0.08523170491988741
1220 -0.3281279935266682 -0.9 -0.2130189634725693
1221 -0.2102645281058888 -0.9 -0.3334719275133474
1222 0.1244784906801996 -0.9 0.2212605866932428
1223 -0.08405897001742002 -0.9 -0.2483206179725375
1224 -0.2679317540035925 -0.9 -0.1347341209002578
1225 0.4966383381775356 -0.9 -0.08723505280932053
1226 0 0 0.604
1227 0 0 -0.9
1228 -0.3237203873383806 0.9 0.1752360733382695
1229 0.0888975689330973 0.9 -0.2474153391562882
1230 -0.0001438620758452691 0.9 0.2344110678294361
1231 -0.03931027772604945 0.9 0.07039062462248613
1232 0.2435518360591499 0.9 -0.148
1233 -0.4828824509281331 0.9 -0.1028824065923531
1234 0.9 -0.2127187260922051 -0.2742010074847376
1235 0.9 -0.01760844011628471 0.1098830733390322
1236 0.9 -0.1326799490886506 -0.2886424683023181
1237 0.9 0.2399535222656816 0.1208080493072473
1238 0.9 -0.2678434399565527 -0.1442981309863737
1239 0.9 0.51837215671399 -0.148
1240 -0.610176809195233 0.1164302203648201 -0.2219536525139344
1241 -0.5856379345475581 0.1915105293096571 -0.7029794654228086
1242 -0.08619511485593094 -0.6265423453248324 -0.6398516174213589
1243 0.06097249002711611 0.6239196144684257 -0.670796374310116
1244 0.7252215701175907 -0.4385355012484302 0.3896318159658696
1245 0.7059394641851431 0.7189674654634186 0.07381569706298957
1246 -0.6753704486108307 -0.6698526854780104 -0.03299994119370498
1247 -0.213354794450895 -0.5068112302877303 -0.7711666600687894
1248 -0.6382580176884667 0.09313665727651496 0.4348172115215859
1249 0.7244911146121907 -0.5934142693699129 -0.04753751414864878
1250 0.05397695983936454 0.3235032703996611 -0.455737668307185
1251 -0.7699025630152165 0.6319910150285322 -0.03512715805392112
1252 0.6398918072106461 -0.09858739721387844 -0.6442309479676702
1253 -0.1089933543075515 0.5286809344700497 0.5992175405765671
1254 0.02932555825759428 -0.617305872657359 0.5915226783702204
1255 -0.008641745261579414 0.1280715184466858 0.1842340884172298
1256 -0.3598992389742761 -0.04608097071925237 -0.5739865105702646
1257 -0.7678584605874321 -0.276061768784389 -0.004990974845264742
1258 0.5359105552479132 -0.02457380083454106 0.5437606993438286
1259 -0.01151911726496183 0.06210039585949055 -0.3175998377539925
1260 -0.5141053813246172 -0.6911328363744649 -0.1474139789172432
1261 -0.7393523357292467 0.01939178839632764 -0.4609946354420004
1262 -0.7631387204536669 0.3716579295119177 0.07397165993478212
1263 0.737428336640268 0.06211457451558552 0.1365616189050633
1264 -0.02804789323350306 0.7149772380644398 -0.5014347538362353
1265 -0.06781993889398177 0.7404730986417988 -0.03361306883645101
1266 -0.5207242275370508 0.01635434821998104 0.590983822554958
1267 -0.472777393794611 0.6342822432102768 -0.1054698760331711
1268 0.6533991337759326 0.05554380847848306 0.5057157220252039
1269 -0.0709608276385037 -0.2344970606414412 -0.3955847521112865
1270 -0.1503633335562506 -0.725384921421996 -0.07475470209721558
1271 0.3304701236351403 0.7035437632902419 0.2496668083740239
1272 -0.6733397211497885 -0.1769893795720902 0.1028032391794117
1273 0.4439987630345372 -0.124653511637455 -0.5280182801107433
1274 -0.2476483612792048 -0.8652064114391854 -0.5300311861066286
1275 0.6442935054110637 0.4164282053339332 0.5427099425509061
1276 0.7641910716119042 0.4721207441395853 0.08013766564390187
1277 0.8559118402669221 0.2462750072956298 0.5046265460449484
1278 0.5740236357106283 -0.4957410561921692 0.3951691281175294
1279 -0.8380389975072068 0.1889021853308191 -0.3446168036678491
1280 0.460863218911184 0.6936902053607885 -0.6746420690739763
1281 -0.5735843298273096 -0.1729787698851555 0.0641540596428762
1282 -0.4622116872523288 -0.738164948624644 -0.7090770845521369
1283 -0.2470945828069583 -0.06364058146620119 0.1148591751558919
1284 0.5952703639121207 -0.7439857190147471 0.5747282215944211
1285 0.1469851380864323 0.8285215409767817 -0.3572259100033911
1286 -0.4368226871903916 0.5537847584821319 -0.1432091236662842
1287 0.4647400816301091 -0.2557147828496827 -0.4757034855093111
1288 0.5761022942829511 -0.7383656310259213 -0.5025005023594089
1289 -0.1869501554480889 -0.8560247048002478 -0.347638698459145
1290 -0.1357754304726123 0.7905135058665154 0.3584795639518352
1291 0.8017726311880339 -0.1652830215807785 -0.4093918682297638
1292 -0.6522684402929427 0.4969265229839908 -0.7060988631285297
1293 -0.8612749712426588 -0.5586575514214652 0.5093930613150921
1294 -0.6124860104134715 -0.5787033369722352 -0.1757030845496626
1295 -0.8538542619075823 0.2950845897120959 -0.1875702811351447
1296 0.5353300831364343 -0.7724455959741625 0.1161378747713605
1297 0.2773765935917545 0.5192687211711527 -0.07625140584455237
1298 0.2041595565422173 0.8104136854324377 -0.2059397959046176
1299 0.8519726843264357 -0.2195191635136901 -0.2366851421973939
1300 -0.8173851088616395 -0.09847094558105857 0.3786709610410341
1301 0.8186923701532172 -0.4072528413954889 -0.1720248523837412
1302 0.8598234211871455 0.6724496555314174 0.3715229464461447
1303 0.5079774705682056 -0.3644674405139829 -0.6195692526462027
1304 -0.1557344151379083 0.7863534829131376 0.2125572942593047
1305 -0.6697445150958583 0.7887932162610956 0.4315132653310056
1306 0.8290558294022093 0.1575471158266198 0.2700303835253302
1307 -0.3280677364965459 -0.8646527391917102 -0.1900087438300012
1308 -0.3472952484936711 -0.8627527170915782 -0.5767680298847178
1309 -0.8219932003389527 -0.5869093323165608 0.2938599984582418
1310 0.1507276537322981 -0.8130457399237255 0.3039786524787068
1311 -0.867375967859756 -0.2068114842310823 0.2674118998772999
1312 -0.3227725104843319 0.8751679355326294 0.19024520855447
1313 0.8215895193265819 -0.3051376290474654 -0.5772841025900175
1314 -0.5850203054030033 0.8319917061372043 0.2724530880350091
1315 -0.07064229770442818 -0.5082120222077102 -0.3143814426630396
1316 -0.8580116424545359 0.2191216829607344 -0.4927739907374813
1317 0.2202718500422587 -0.844006129534829 0.461592348149754
1318 -0.6207497522446149 -0.4209271606488541 -0.07047420406547633
1319 -0.3045491414637323 -0.5053764887193801 -0.04287491893917775
1320 0.7831065157783875 -0.6045586070540212 -0.3155439492800265
1321 0.5774382074028777 0.8546043800239187 -0.2991230544180829
1322 0.1943698992596239 0.6679564068789818 -0.5830874662093096
1323 0.8497395661722498 0.5960946891030982 -0.2990565726128798
1324 -0.568580009994102 0.7900369776048282 -0.1864549688650171
1325 -0.8586334511045103 -0.1916269259159535 0.3256508359017544
1326 0.7061339219278561 -0.808789992318166 0.3572999787028588
1327 0.6648210402309381 -0.604025240521884 -0.6829017411093692
1328 -0.1221462196623771 -0.7660467309302739 -0.3868001560256161
1329 -0.8089281434533079 -0.4868502117863404 0.1263035072309666
1330 -0.8532616119267525 0.2200817361394242 -0.2610505683167071
1331 0.4138243347966203 -0.7889104078350655 0.1123063006001568
1332 -0.7839712374932882 -0.6353328697446988 0.5418438053896154
1333 -0.5856870361891271 -0.08300544890774317 0.1833839158345835
1334 0.880046720222928 0.6101032065650384 0.346955178678081
1335 0.2863140777156383 0.8263983791456062 -0.154059976692952
1336 -0.2506029857999682 -0.8236354513096171 -0.1855112233496204
1337 0.8725644769495084 0.2351571548405535 0.2167623348622086
1338 0.199640967002287 -0.8490062106215558 0.2514153199131048
1339 -0.2654762973838805 0.8460152334053258 0.1884192238782912
1340 -0.8760991066782838 0.5113465286750141 -0.2197568540787011
1341 -0.6164314499685561 -0.2689658386204005 0.04793145242526155
1342 0.4118421222965095 0.1911798348253621 0.5828536333764436
1343 0.8440953725633865 0.2027466201100972 0.3860366996739646
1344 -0.8463557960277792 -0.1559242869803234 0.2167244252686094
1345 -0.5526190197467584 0.717433737959559 0.5855946790044788
1346 0.6165420368373604 0.5792021358970464 0.5656770860509072
1347 0.7025813182465377 0.7352017115446193 -0.4886632665522315
1348 -0.746784368426985 0.7008703171102876 -0.452541761240316
1349 0.3013433250001207 -0.8031197401970569 0.06862224202579331
1350 -0.8249501935586975 -0.4175806289247352 0.06747016405020341
1351 0.8660852385627112 -0.1936519157826106 -0.2969751366460475
1352 -0.195888609029308 -0.8593339671280381 -0.3074123552150205
1353 -0.7076542607146455 -0.7540498552866682 0.4044795130170263
1354 -0.6788812711693577 -0.3456709964201441 0.5913829686908695
1355 0.8149873562526777 0.3084928141867672 0.544915917760014
1356 0.2338413467875124 -0.8192075428379048 0.1797271527886759
1357 -0.2117783780938804 -0.8330768991012401 -0.2228978245155242
1358 -0.7952622103701361 -0.1308751629412028 0.3210573789439599
1359 0.840070438939525 -0.1680744104300298 -0.3168024519053396
1360 0.7483018110866827 0.6872523909568113 0.502400577283339
1361 0.8608973350324951 -0.2877042582914484 -0.2020259082409376
1362 -0.3529998045064718 0.8316479690055759 0.0448462553756216
1363 -0.4198290722515215 -0.8594266485204582 -0.5880503028031182
1364 -0.7254612361462047 -0.6617497706623666 -0.5009599697224465
1365 0.5752453657545802 0.7924405936763672 -0.5880421324271762
1366 -0.6846415528281442 0.6658005485626249 -0.6252145148114704
1367 -0.5388769230197402 0.7791782355506207 0.1253137205738494
1368 0.1572233706369365 0.6811854835410364 -0.1760162109887604
1369 -0.1597852445838386 -0.8148185498467163 -0.2633044084615556
1370 -0.5731982062269659 0.8512013569639245 0.5048081332637896
1371 0.8520347934107223 0.2731639500048466 0.1791381564959656
1372 -0.6130468257802426 -0.5205504120096672 0.584595449195244
1373 0.5585817160884997 -0.4431732748400687 -0.7366461521140507
1374 -0.5515233327698797 -0.8008695245429189 -0.2190791017974196
1375 0.6614461995282114 -0.7552524105276277 -0.4577477974748791
1376 0.204463599417988 0.8941622716613757 -0.3731709088520894
1377 -0.7096916975656987 -0.7030326084947395 -0.2474349493488343
1378 -0.2983091970209243 0.8615867210645545 0.5525822298148104
1379 0.2833050802577716 0.7596158227155625 -0.6086789171500169
1380 0.5744783070097086 -0.8205470334452318 -0.1746644377530563
1381 -0.5235045489571341 -0.8728636080211029 -0.2476772374686016
1382 -0.7807210969258797 -0.2723883274242507 0.5483555389281654
1383 -0.8597515702449834 -0.3721963146470377 0.5703308017919624
1384 -0.2410963562291983 0.7819238225874238 0.5280578640126762
1385 -0.3535196197524291 0.523487211259164 0.5447632235694049
1386 0.1941389057562195 0.8686576799331263 -0.3463429101959973
1387 0.6733577895926274 0.2377788712592581 0.09208560682347698
1388 -0.7290002537143249 -0.4370664746135413 -0.3446893205158779
1389 -0.5657990397889178 -0.8677138854985215 -0.2981136221878845
1390 0.2024258869499846 0.87579850979539 -0.3953040568069744
1391 -0.2583022177718908 0.806733577854572 0.518930977729509
1392 -0.8981523112828758 -0.2267301778085348 0.2906223370121349
1393 0.8730864911763345 -0.5199236754481704 -0.2448998037518763
1394 -0.2641006806853178 0.8404943914407821 0.5211846038890576
1395 1.457718013040875e-06 0.4069428299600651 0.7189990318643099
1396 -1.457719977046807e-06 -0.406942829957912 0.719000968132955
1397 0.4069604609942482 8.651058578725547e-06 0.7190006307185383
1398 -0.406960461058761 -8.650982827585894e-06 0.7189993692740202
1399 -0.5987518328297992 -0.3648973379350449 0.2960558215985347
1400 -0.5548136598153558 -0.4767051260577919 0.2703409125699886
1401 -0.1926997353032079 -0.2392127291156675 0.1062387521119798
1402 0.4247736933711452 -0.3660240022281007 -0.2464220045893293
1403 0.7124512266211633 -0.4309597941368246 -0.4551584302393897
1404 0.8428674739406692 -0.2986709482819207 -0.4756777129984357
1405 -0.192384269887285 -0.4617050195434143 0.1630664499049377
1406 0.8895269517237764 -0.5433906768248529 -0.2851309014998892
1407 0.6622271430794774 -0.5326397357597064 -0.2637312689147432
1408 -0.3459425140332514 -0.35956267033095 0.1639311291016937
1409 0.5464995746234186 -0.5264438112067217 -0.3925700185260264
1410 0.2786389230833811 -0.5128438721041529 -0.189125209517886
1411 0.06153436435228855 -0.5332627938394344 -0.01394042568239355
1412 -0.8589593768915643 -0.5015416732492888 0.5020724900939809
1413 -0.4294318290692665 -0.4541790917070932 0.2688155856767692
1414 0.8538217345572013 -0.3631639887684874 -0.2631738643902022
1415 0.8612508148631944 -0.4454481350491101 -0.244971514343692
1416 -0.8699873758511152 -0.2762635281106308 0.3108683583115399
1417 -0.8478063527295078 -0.3587701377077337 0.2424614820780474
1418 0.8838211518167396 -0.5607353641406518 -0.342799137987419
1419 -0.881879536209997 -0.3689571260548289 0.5460872876770213
1420 0.3071547074692204 -0.291841344589388 -0.2471908141918291
1421 -0.3111302814712123 -0.5192851686618078 0.2513401802166503
1422 0.6387338994852892 -0.5278150853056141 -0.4550134667356319
1423 0.6326577009074131 -0.3336064768903524 -0.3987323629653787
1424 0.8301703607180252 -0.5069167374733601 -0.2991011889178877
1425 0.5538433317422841 -0.5403057661000215 -0.2593834953258846
1426 -0.6921530932289256 -0.4826785095000083 0.3528494959096517
1427 -0.8813197294493758 -0.2389251384465203 0.3507457123176589
1428 0.154537021919588 -0.5339809245196003 -0.1471176624440127
1429 -0.8298614150777318 -0.4911761568613134 0.3960578445537379
1430 0.8237555361426636 -0.4520118478825192 -0.4788987699695428
1431 0.8773270864059075 -0.2881910355549144 -0.5165178708409054
1432 0.3710559438548952 -0.5301603409387449 -0.3200277002424227
1433 0.03328906126371656 -0.3753013287617764 -0.05934597597252252
1434 -0.01349038317991602 -0.2483917446061169 -0.03441602408269938
1435 0.420389457813287 -0.2985300785078254 -0.2764947661136676
1436 0.7331951110795437 -0.5144547069274568 -0.4814535711159228
1437 -0.08552081964301463 -0.362784683300035 0.1977435337626474
1438 -0.3813390568502467 -0.527561903831365 0.2588828108923988
1439 0.8644553081336742 -0.2428611114702958 -0.3993452331081939
1440 0.8551422179791042 -0.2682264033586085 -0.325910376172286
1441 0.08234572920903338 -0.5284117946756429 -0.08658188973005809
1442 -0.8056706564688687 -0.3282087675181296 0.3455505154096519
1443 -0.8726694727626839 -0.2427990110221111 0.4372639420277301
1444 0.8878462768142192 -0.5645409973204242 -0.3281121227212619
1445 0.5254232783953002 -0.3464095799222235 -0.3288496257837364
1446 -0.07015712883116421 -0.5573333213214763 0.04706283761962666
1447 -0.4505294708127746 -0.2874282309882393 0.2501769531484132
1448 -0.2491194644263368 -0.5155606711691241 0.1881229168546823
1449 0.1726566697215241 -0.5009320813127898 -0.05555940320404144
1450 0.2618856520675286 -0.5246346734187436 -0.2761165212471559
1451 0.175882470060809 -0.2537251168337846 -0.1694530113646607
1452 0.8386136540340597 -0.5510609115617454 -0.3895123651712662
1453 0.8234992298856002 -0.3611607937845506 -0.3265071430763258
1454 -0.1547002381472929 -0.4985874377623825 0.1959942460800305
1455 -0.8649988293281525 -0.5034722036902519 0.2718667906589518
1456 -0.898268776692715 -0.2444395478080146 0.3019098557706739
1457 0.8740740435987117 -0.4918999043371096 -0.2567801981443175
1458 0.8743783013613092 -0.2466722591283458 -0.4389805959998919
1459 -0.2948975222835721 -0.2356157458233612 0.2280050750166572
1460 0.0394873732655477 -0.557452748173272 -0.03055389715392642
1461 0.08425100751586424 -0.4041481989304975 0.07733266435393961
1462 0.5257479989959195 -0.2317916054000997 -0.3251551747726366
1463 -0.3860450142584829 -0.5125998223800878 0.2046114408822546
1464 0.4771520408496888 -0.5343790553876421 -0.3541280487121682
1465 -0.1299887415193499 -0.5404507912386596 0.1112447646824696
1466 -0.8764228152408787 -0.4414942310616524 0.2247751283762824
1467 -0.8619093770331296 -0.2485515399921294 0.3729487564487036
1468 0.534236430631464 -0.4154860340383933 -0.2219006073883383
1469 -0.3880515232944683 -0.2333273575944578 0.2875891562012691
1470 -0.4510092669467741 -0.4988889128078083 0.2484649383748392
1471 -0.8119954929581005 -0.3429248820722163 0.5042510420047082
1472 0.8399373881890422 -0.513977025219073 -0.4650142628956515
1473 0.02892773207566349 -0.3615563811838636 0.1079427413581421
1474 -0.1730501153441793 -0.5216826547942722 0.1453607285993022
1475 0.7127742133435692 -0.2391577377896912 -0.3761629643581201
1476 0.8592468823216425 -0.3534534699565571 -0.5335020603950157
1477 -0.08038885611808004 -0.5550603526113137 0.08606548504222793
1478 -0.2167853404510493 -0.304846914020669 0.2466730907212941
1479 -0.2144237755335463 -0.384947461051705 0.08877753727565471
1480 0.777603554856735 -0.3005602677440456 -0.3840050060808833
1481 -0.572804329533608 -0.2510430125281449 0.341918948876349
1482 0.4205351397784523 0.707049445422012 -0.3911774739614635
1483 0.3924671598949132 -0.8425696756600948 0.5100169687612137
1484 0.4531633280605637 -0.6883071039823847 0.3715504811328109
1485 0.4074260116535135 0.3399836860632595 -0.3452726191928658
1486 0.2411860905667709 -0.7464502984007833 0.4369209003500762
1487 0.2440427244344003 0.8858393310570861 -0.3968891678157875
1488 0.3920713335252455 0.8493045011883441 -0.2530714495580742
1489 0.3029458845678145 -0.8608122344986699 0.2514691013773177
1490 0.4787237937045731 -0.2971361931744115 0.21800467030068
1491 0.5258880690602932 0.03373651032131649 0.02901559242133951
1492 0.4507568588903063 0.2917451483903664 -0.2148549603996687
1493 0.3703064471616321 0.1103499396525055 -0.09122980358684382
1494 0.2511423612707508 -0.3590724453422534 0.3123942222223516
1495 0.474860012850944 0.8367972324870593 -0.5095456125522519
1496 0.3193774744264423 0.8767225704087244 -0.5338998804945504
1497 0.5337735784564173 0.8622062818965986 -0.3298526050062231
1498 0.2712227756567752 0.7225095847290343 -0.3681726176196302
1499 0.4800363299593818 -0.6427658242471311 0.1889150899926978
1500 0.3452166097599385 0.05422936273670517 0.03626873492086431
1501 0.3179788352423671 -0.5390408270541875 0.1844892045536178
1502 0.5360888326704035 0.3328599172336327 -0.253156989331251
1503 0.2975459555424793 0.5386622364283845 -0.3860723369182651
1504 0.2633919285824718 -0.624665364754581 0.3396927962381514
1505 0.3887448279452708 -0.8723088617961058 0.548526189141685
1506 0.5637012042194098 -0.6653173041202179 0.3641390519358936
1507 0.3514756195186773 -0.703046358450361 0.2213903503587759
1508 0.4830647777101447 0.8457589834956817 -0.2850867407611742
1509 0.4962574646188467 -0.4261806635308664 0.2909023023878656
1510 0.5218623596214222 0.4486642017901565 -0.2979222319156013
1511 0.3056750350183399 0.8463476044692499 -0.2930716713749478
1512 0.5177032020048024 -0.09117984946953989 -0.01098176219736278
1513 0.3477517517922868 -0.622048434314629 0.4218960331019377
1514 0.4157419249627975 -0.2430478808593547 0.1914051127559682
1515 0.2887774215188707 -0.8443032611504515 0.4312651707577037
1516 0.5259702490595033 -0.850173868425895 0.3174702486147242
1517 0.4542755326990349 -0.1232946337256906 0.1548852915010717
1518 0.3849818624239019 0.2667629221302362 -0.3160202955205836
1519 0.5269783152809586 0.1833908733127951 -0.15198149291317
1520 0.5450730812452894 0.8586226656358698 -0.3835910037790921
1521 0.5765285365822603 -0.08555232334693755 0.02870507918998741
1522 0.3346306163156982 -0.1646239492544443 0.07199638681900195
1523 0.3867907030698033 0.5365659805847672 -0.2041060451606689
1524 0.3040502527950904 -0.05017915745511677 0.0900330652526224
1525 0.277400406377154 -0.7977741063814309 0.4722700238746738
1526 0.5325925955362949 -0.018638048701603 -0.0270580995880848
1527 0.2968938342771866 -0.5009999661292203 0.4059056923421116
1528 0.359197991091688 0.38277299769367 -0.2106948885724275
1529 0.5080735688125799 -0.8687008312467257 0.506777294564431
1530 0.270232216680569 -0.8584277968924015 0.3314755704717552
1531 0.2782473324540515 0.3809113667874644 -0.3773733122056682
1532 0.3602951354525898 0.8391096901877927 -0.5198174479242472
1533 0.5301679320930807 0.8733934948120582 -0.4699312448365567
1534 0.2847678767502634 0.8634078924488117 -0.475052299232037
1535 0.4329748666569195 0.2068417337867522 -0.2855618368603818
1536 0.2931648852902772 -0.1096909477801706 0.1694266393533515
1537 0.4061022502620837 -0.4564626533182838 0.1333011376797038
1538 0.4010541238979918 0.6384036628808739 -0.28522140325934
1539 0.5196548109875189 -0.1552596679856842 0.09686992614772685
1540 0.2524800850566088 0.8797802103051392 -0.3656595789394057
1541 0.5214625814365313 -0.03460321625359659 -0.08873224187237683
1542 0.5491795282054258 0.2364039656366248 -0.1904069563957695
1543 0.2994346470550164 0.2273880960554718 -0.2538816284119344
1544 0.3097190649645009 -0.02653454282374558 0.128030907823634
1545 0.2734139648602355 -0.8641841515135223 0.2914014216334364
1546 0.3353721153328399 -0.7633439069127419 0.4761791046792583
1547 0.5598641718452857 -0.7053037185192821 0.3158115799310395
1548 0.2989480917938662 -0.1792294015504044 0.1891280844984747
1549 0.2520521361645854 -0.5382633023310379 0.3013065744184643
1550 0.5257098966723593 -0.8596893158081196 0.406808524443929
1551 0.4299518951357927 -0.8503168120747615 0.2431693628614858
1552 0.304283059975719 -0.86551686873311 0.4980297322386021
1553 0.4021757548092801 0.1254972843885419 -0.1759605125386934
1554 0.5660772390329207 -0.5580294299274551 0.3042409496108575
1555 0.3947899994367238 -0.5025130206432794 0.4499083256045894
1556 0.3587115266051894 -0.003559540818851186 0.0800788699500067
1557 0.3075433904867615 0.1549230760605281 -0.04597176586141689
1558 0.2569331772991912 -0.6610097700241477 0.3847570527721525
1559 0.2852894907026736 0.8086081034971018 -0.4028744362770795
1560 0.2226163388376211 0.8988158494443171 -0.3884814756854038
1561 0.274011515483051 0.3261622530410941 -0.1537851636716076
1562 0.2987384291609028 -0.5491032050906305 0.2452565826794764
1563 0.5444779057667974 -0.4713816490041814 0.2773619560878122
1564 0.272447888060343 -0.6433076424316186 0.2484923756881214
1565 0.3325358220625126 -0.8762648955220171 0.5299406655524138
1566 0.4288742119510417 -0.5799064319077838 0.4632323452983867
1567 0.467630094351513 0.13943265540116 -0.2311903957274998
1568 0.3468282472543562 -0.7819078853122914 0.284500360342429
1569 0.5289904838096338 -0.05126516436999692 0.0518421340187574
1570 0.2798386991881639 0.3807042010859634 -0.1981041419841513
1571 0.3178590892196022 -0.324829553461966 0.2327195029306429
1572 0.5021427417091251 -0.7060585858437339 0.2306690216440868
1573 0.5228604376697273 0.07987078719320877 -0.1695874600009517
1574 0.51888797155622 0.1069159098271864 -0.0438496321784865
1575 0.3263833561461528 0.01974695015975537 0.05527961635166743
1576 0.2895938745382777 -0.4676742513078149 0.2064938486873526
1577 0.5130482337742441 0.1489935875162147 -0.1950708774747682
1578 0.3771383119817814 0.17882861377888 -0.07266890106543503
1579 0.5657894614713943 0.4661161567715422 -0.3149684203010104
1580 0.2755290929601989 -0.1757077064078468 0.117615028732738
1581 0.2788619911677547 0.817792289978837 -0.4100006314309279
1582 0.5757323156050195 0.5109751536357305 -0.3053675249658123
1583 0.3541277293961667 0.2285241803832687 -0.1948413129690329
1584 0.4320634038934766 -0.04158060975707968 0.1456834774713662
1585 0.5788878710141991 0.07791362966711847 -0.05003183867519183
1586 0.5762977583552601 0.6082422042418025 -0.3353269936682414
1587 0.495212300786696 0.01943889604621456 -0.1568749169791536
1588 0.7112258372652339 0.3776741001338585 0.3618605614513323
1589 -0.5833298064799071 0.3998794412321808 -0.345151560383291
1590 0.02016335685176526 0.4199044546196271 0.02367709948465224
1591 0.3148265294820922 0.5375545093125432 0.2170445732927939
1592 0.5561247082093913 0.3161825376830735 0.2196272137900263
1593 0.3675206724667187 0.3245433587117706 0.3212615723979131
1594 -0.8700391847833121 0.3457028258365242 -0.2493968749564595
1595 -0.4783801243788966 0.2352806978454968 -0.3041243443288171
1596 0.8141364523321064 0.4978669830696376 0.4283907807282104
1597 -0.4614783945945418 0.5190624753619668 -0.285008488772288
1598 -0.143228458807822 0.3089373930755754 -0.07638625124234985
1599 -0.2250586235492264 0.5399484949476906 -0.1605165619590528
1600 0.8747485409149329 0.2339697320931199 0.4120890896265099
1601 0.5910834711223505 0.5053102544212743 0.2957637201718817
1602 -0.8658576981019636 0.2661638152016527 -0.3318110138735087
1603 0.8686899628374802 0.2697165773861008 0.2920035067857246
1604 0.2604496057738784 0.4245237660403817 0.08308081167864355
1605 -0.8371965908424929 0.504742128863096 -0.4747179076592874
1606 0.8214057882247198 0.4536999883698092 0.5020984461012021
1607 0.8737841213784746 0.4362251517436177 0.2306362900898357
1608 -0.8511345492965278 0.3460661770639309 -0.5160582551334745
1609 -0.8824400586013758 0.2330679326697813 -0.4067465784284107
1610 0.8612558029101048 0.3124657006820191 0.502978582769435
1611 -0.0631159187750046 0.3428345928161487 -0.07293280015121324
1612 -0.1039388028983767 0.4499447961007104 -0.07528439313327125
1613 -0.02353854030628455 0.509951985182113 -0.06331747038658651
1614 -0.8355209892090475 0.3730398642352246 -0.3023124190322938
1615 0.1138840249659884 0.2839684422535876 0.1616799315970544
1616 -0.3690987497282019 0.5159050474336303 -0.2406399111237215
1617 -0.107276257362218 0.508517406072482 -0.1350902033464234
1618 0.850480818828628 0.2513213647043703 0.3657848433532094
1619 0.1851143240041603 0.2657931193742297 0.1933755356009265
1620 0.3547194284952432 0.4694202847540024 0.09827703274949576
1621 0.3215150823418759 0.5505333943652864 0.2995503493968517
1622 0.8929362847666448 0.5643419883565824 0.4124058083384725
1623 -0.822681585107655 0.4282612983947927 -0.4593693139499856
1624 -0.3213149716828157 0.2823703555055312 -0.2850605773078081
1625 -0.3161095901357089 0.497739085791304 -0.1282746456785956
1626 0.858381019519956 0.3326778870881081 0.2519263375845843
1627 -0.7455156042966486 0.3211846838231374 -0.4585168696605996
1628 -0.2284623863299948 0.2415897549457175 -0.1644670288916026
1629 -0.8288665607803358 0.4746267144737044 -0.3118846489543522
1630 0.3131311241985083 0.279732357521498 0.2343054373719668
1631 -0.2849796847171983 0.5388908339575978 -0.1974178573205001
1632 0.8259774974828754 0.4172378959833563 0.2364761548387172
1633 -0.8645606657943634 0.5414388048972867 -0.4188530410854513
1634 0.3688662014541407 0.5417505187499526 0.1719785112217098
1635 0.8698095272589236 0.5413379448636811 0.3044233056770933
1636 -0.0657301382390011 0.3653810669814921 0.0279321852496033
1637 0.8733174711135185 0.2550163010471801 0.4543252592293318
1638 0.2303521427558737 0.3877363829759378 0.1419344107638611
1639 -0.8656153583600854 0.2969261720942041 -0.5064715720075555
1640 0.4823168827724975 0.3044288291071393 0.3232787128293159
1641 -0.3128720032074464 0.2539950359054954 -0.2583264910052635
1642 -0.2164418648073165 0.5645567136692435 -0.1044105130076144
1643 -0.1500591872947805 0.2459451030062919 -0.09713892927805062
1644 -0.8645198641883257 0.3210892647983898 -0.2636813808094992
1645 0.4350110659548668 0.5448628344753298 0.1840234489507969
1646 0.8450154963876989 0.4792461013452131 0.266109832716769
1647 -0.8948309455048361 0.4628703065229745 -0.224516709422485
1648 0.3198558061557776 0.5331183113692225 0.1661355463613108
1649 -0.8596089884327037 0.2709311429541881 -0.3694329196525079
1650 0.8400331170862344 0.5228638646625619 0.3517190582795398
1651 -0.1198612294546794 0.258871003705515 -0.1632941129472202
1652 -0.04961845617113737 0.5602119270698216 0.02028194412785419
1653 0.0452206933018441 0.3147057792318039 0.07469230129208997
1654 0.4192023260386075 0.3450771704263196 0.1788029374117621
1655 0.4406833195153257 0.4845654595994963 0.1411458565688887
1656 -0.8472821611598973 0.2843077082783689 -0.4549518303981748
1657 0.4926869865771704 0.5563530296713172 0.2307006350193187
1658 -0.8060307774773775 0.4999238656858254 -0.3725539445704451
1659 -0.8868506084430645 0.4556976368530967 -0.2636675789478083
1660 0.1436078875619834 0.5432609120133289 0.09273751948975223
1661 0.4556691669417993 0.2715237181129224 0.1650300996275988
1662 -0.8435084668667934 0.4403179017894511 -0.2334669542570665
1663 -0.1300196002618171 0.2567745019523073 0.006890150177508081
1664 0.3543460300290928 0.2477139092603327 0.1652690861733085
1665 -0.2143594868836614 0.2478112900452349 -0.2231415018003942
1666 0.2608952484892654 0.5297369710070909 0.1368722532487834
1667 0.4203878174743979 0.5620347510991536 0.3344323700847869
1668 0.4104892427317626 0.2743332748082392 0.1502716491578559
1669 0.01379859310955183 0.2384259213804744 0.07698479265380562
1670 0.2393189890160968 0.2333775948492491 0.1452590183571583
1671 0.113679028029878 0.2441215769012868 0.1553138041305268
1672 0.08007954899507728 0.2318394490526677 0.0516409964000315
1673 -0.3773498673593793 0.5976158340811817 0.3297541724285332
1674 -0.3886386172642888 -0.6543276183914859 -0.3473313661195043
1675 -0.3692033914356632 0.7599902747087783 0.3760294250378522
1676 -0.4195006514189582 -0.4645716695423633 -0.2951405740581975
1677 -0.3671548044652394 0.3453564970721363 0.2284050243667818
1678 -0.2953016555495153 0.2371172999116478 0.188143289389635
1679 -0.3777754597274474 0.8561995375318474 0.2335298454662197
1680 -0.514591076047626 -0.09905891870852231 0.01514232174738308
1681 -0.3386588880102021 -0.3010930163424303 -0.2588476389860743
1682 -0.5318421438898375 0.2887600494473733 0.162424416573633
1683 -0.2948713456148712 -0.8851858192603232 -0.5361896610391309
1684 -0.2644557026347227 -0.2113839744780117 -0.1566107048265552
1685 -0.4449625029884317 -0.8565536830127366 -0.5237723772170411
1686 -0.2954936949247831 -0.8331999184477362 -0.3077071002286113
1687 -0.5379035054358129 0.8662252912987881 0.4615449102148372
1688 -0.5429141156329357 -0.1734649853711707 -0.02845942463144719
1689 -0.5072668226801328 0.8879618175577572 0.2463439942163414
1690 -0.5329710235468524 0.04869387017598409 -0.008725534110843484
1691 -0.452489063547148 -0.1414410334586995 -0.2627607330316145
1692 -0.2528133956173323 0.8706380611623652 0.3828006885576278
1693 -0.3081989511664766 0.4948278160017334 0.2121148113072789
1694 -0.3113395568684963 0.8335518517710022 0.4550097480844285
1695 -0.4973881169135719 -0.8683661312142569 -0.2680436642310766
1696 -0.4365174455075579 -0.4014981667405453 -0.3717764835222897
1697 -0.447504121940298 0.4850205217139464 0.2994557433277332
1698 -0.5361971452150207 -0.3692621286059192 -0.2195203737003701
1699 -0.2354668471952308 0.1087286213484129 0.0362975463944217
1700 -0.4803846377253371 -0.3739170927169891 -0.1012992996307488
1701 -0.2807754494093418 -0.3263321039734824 -0.2423550608953053
1702 -0.4140781135626556 0.8515392189817537 0.2655750920440816
1703 -0.5275552443690049 0.2221794320642223 0.08268407330106016
1704 -0.3872871685637583 -0.8677980244958521 -0.5196418904518842
1705 -0.379364019358829 -0.3168391864898406 -0.06656520940855591
1706 -0.243466209245507 -0.8609686640192747 -0.3812883628782073
1707 -0.4613297234391588 0.8529611603330012 0.5057445254405316
1708 -0.3332563795835525 0.8707642465951476 0.5398007158747291
1709 -0.248456064047791 0.1875546432421999 0.1201933200761301
1710 -0.2698915422761533 0.8367882772196925 0.3233088286345379
1711 -0.5243389093313147 -0.8496869348012061 -0.362292838324969
1712 -0.4848047248220909 0.313783768236336 0.2412832496283247
1713 -0.2798609279764812 -0.3832863200860271 -0.2418076684321765
1714 -0.4675841234875091 0.1463315409053871 -0.04574783117098327
1715 -0.4885182484870624 0.6518135538236342 0.3690339500164079
1716 -0.5253241834770728 0.1959331698711853 0.03373645724226691
1717 -0.2436339783098346 -0.04968349144581056 0.017063303474469
1718 -0.5329759331832054 0.8512555367323845 0.3245691656011288
1719 -0.3547482541251933 -0.8600741337373431 -0.2459559714508325
1720 -0.3305664790823011 0.8772523613620024 0.2318517524502208
1721 -0.5351774279007948 -0.8776562792343272 -0.3131749849521278
1722 -0.325637379896676 0.896425413154148 0.5547299178642363
1723 -0.4541872185575518 -0.2797445461332155 -0.03909509423253851
1724 -0.5246267992957739 0.006341924823475968 0.06443576636240257
1725 -0.3897691618913359 -0.2499288307753766 -0.02252207736922812
1726 -0.2379464957632875 0.173721363125319 0.08363422917061471
1727 -0.4035609943989074 -0.8885963242484645 -0.5577630461796983
1728 -0.5344958857960712 0.1339535498578341 0.06054246819340613
1729 -0.4742280728892963 0.2083499189199837 0.2399128996878482
1730 -0.5488292948815459 -0.08853553310534155 -0.1168460550969622
1731 -0.4777828824728503 -0.8172533168245401 -0.4932453303084704
1732 -0.2580295478920345 -0.8801948825074992 -0.4859823248582061
1733 -0.3881137766620932 -0.04720082294482134 -0.1957979998338662
1734 -0.3356252815946939 0.2539784489835012 0.1580977918811174
1735 -0.295142412208416 0.7512980455543681 0.3683212349383073
1736 -0.3360406974855792 0.01418685124692187 0.05545376282660689
1737 -0.2664051130676567 0.3004146694198764 0.1763007933265823
1738 -0.3481347741249124 -0.1648199578220686 0.04016267245932663
1739 -0.5250509822081102 -0.8544504071187459 -0.4681443853336833
1740 -0.3049083688617695 0.8416679746881883 0.2635427995751483
1741 -0.5568378786809972 -0.2352468927507735 -0.09898432978843862
1742 -0.4895793470621009 0.3697814607319698 0.153472235112576
1743 -0.2713985557037189 -0.1326502322707345 -0.05960135531777705
1744 -0.3373435829072817 0.1187086174637428 0.1312523265610996
1745 -0.4710764183173053 0.8496260191354269 0.268087090585661
1746 -0.3224642084455138 -0.1846468166483688 -0.2991991245708325
1747 -0.4842615581895681 0.1728210329906514 0.1437742680312527
1748 -0.4474414855825177 0.008033982227079958 -0.1377510254296147
1749 -0.2237164230129383 0.08980006828943012 0.06059603412820838
1750 -0.5646864147430787 0.09973989262105912 0.110827719133773
1751 -0.5423700609304739 0.1401347575376226 0.1337870971178644
1752 -0.3796243702981513 0.09719495294866462 -0.06222768314308017
1753 -0.5684226283665297 0.01064001615729288 0.03675854288224221
1754 -0.2294441596350549 0.02456337014426456 0.04711672597471029
1755 -0.3351627210974716 0.8759848256103669 0.5469359241555904
1756 -0.5651534570478032 -0.107958836900188 -0.009515515532047662
1757 -0.4257256155090683 -0.04693951994307494 -0.1369193626928881
1758 -0.5224663691017363 0.2282774376942574 0.2025212711965718
1759 -0.2503392858979171 0.1050068975604435 -0.0230429952148464
1760 -0.3017274488340734 0.6146758573066958 0.3256710608861903
1761 -0.5758598629719758 -0.2740422633222457 -0.2362821316949605
1762 -0.230628970675136 0.2111863330962097 0.1487741600122239
1763 -0.5537240656875247 0.05627365328477769 -0.02421673257311702
1764 -0.2812386463207373 0.03899003125206457 -0.09524194850409314
1765 -0.5209749548476379 0.2999504035758573 0.2225382875282981
$EndNodes
$Elements
9058
1 2 2 5927 1978 1 1153 3
2 2 2 5927 1978 5 1153 1
3 2 2 5927 1978 3 1153 7
4 2 2 5927 1978 7 1153 5
5 4 2 1 10 606 623 633 1271
6 4 2 1 10 600 453 443 433
7 4 2 1 10 309 247 308 291
8 4 2 1 10 348 1264 350 1285
9 4 2 1 10 847 894 848 1274
10 4 2 1 10 640 318 368 1255
11 4 2 1 10 399 618 597 610
12 4 2 1 10 691 925 941 833
13 4 2 1 10 996 68 39 981
14 4 2 1 10 49 960 976 991
15 4 2 1 10 654 1324 681 698
16 4 2 1 10 1394 1384 1391 1019
17 4 2 1 10 1233 1085 1083 1251
18 4 2 1 10 1354 241 1383 209
19 4 2 1 10 1013 1027 1044 1257
20 4 2 1 10 846 848 1148 1242
21 4 2 1 10 1275 1346 592 1342
22 4 2 1 10 328 327 1150 1245
23 4 2 1 10 995 936 679 980
24 4 2 1 10 625 1265 617 635
25 4 2 1 10 1276 557 576 558
26 4 2 1 10 208 241 1383 240
27 4 2 1 10 614 418 402 619
28 4 2 1 10 228 405 434 420
29 4 2 1 10 951 39 996 975
30 4 2 1 10 418 388 619 433
31 4 2 1 10 68 84 981 996
32 4 2 1 10 1288 1380 52 1225
33 4 2 1 10 617 1265 625 1271
34 4 2 1 10 779 730 1340 731
35 4 2 1 10 1149 1284 470 471
36 4 2 1 10 617 1265 636 635
37 4 2 1 10 608 1265 617 1271
38 4 2 1 10 1324 1251 654 1233
39 4 2 1 10 532 534 533 1277
40 4 2 1 10 635 636 653 1265
41 4 2 1 10 308 322 256 246
42 4 2 1 10 1333 1097 1102 1127
43 4 2 1 10 47 67 83 965
44 4 2 1 10 970 706 694 721
45 4 2 1 10 662 695 1255 936
46 4 2 1 10 371 434 420 228
47 4 2 1 10 1284 469 470 501
48 4 2 1 10 394 374 395 162
49 4 2 1 10 491 454 1278 511
50 4 2 1 10 189 170 68 1248
51 4 2 1 10 1232 1265 608 1271
52 4 2 1 10 656 641 298 627
53 4 2 1 10 80 1151 1148 1252
54 4 2 1 10 681 1324 666 1348
55 4 2 1 10 1276 559 1387 519
56 4 2 1 10 47 67 965 38
57 4 2 1 10 226 148 234 1260
58 4 2 1 10 367 292 1239 323
59 4 2 1 10 510 504 496 1254
60 4 2 1 10 849 1148 848 1242
61 4 2 1 10 68 39 1001 996
62 4 2 1 10 504 475 496 1254
63 4 2 1 10 766 797 767 1279
64 4 2 1 10 422 228 178 150
65 4 2 1 10 629 383 1285 1368
66 4 2 1 10 39 960 988 25
67 4 2 1 10 400 431 1226 416
68 4 2 1 10 653 1229 629 657
69 4 2 1 10 1069 1112 1068 1253
70 4 2 1 10 369 640 631 649
71 4 2 1 10 324 179 390 161
72 4 2 1 10 1146 1324 783 1147
73 4 2 1 10 58 960 88 946
74 4 2 1 10 1280 295 314 315
75 4 2 1 10 695 913 939 952
76 4 2 1 10 1320 77 153 78
77 4 2 1 10 980 1009 994 663
78 4 2 1 10 39 951 996 981
79 4 2 1 10 1004 991 1015 1281
80 4 2 1 10 423 422 389 151
81 4 2 1 10 1288 52 44 1225
82 4 2 1 10 811 1282 818 808
83 4 2 1 10 371 434 228 448
84 4 2 1 10 470 1284 501 471
85 4 2 1 10 840 1282 1363 842
86 4 2 1 10 310 162 395 374
87 4 2 1 10 453 600 429 433
88 4 2 1 10 829 818 1282 812
89 4 2 1 10 1265 645 653 1229
90 4 2 1 10 38 13 934 30
91 4 2 1 10 301 322 230 308
92 4 2 1 10 1232 1230 1265 1271
93 4 2 1 10 1239 548 1150 1245
94 4 2 1 10 730 780 779 1340
95 4 2 1 10 910 936 922 1255
96 4 2 1 10 892 840 1363 841
97 4 2 1 10 956 986 1216 973
98 4 2 1 10 1240 691 718 925
99 4 2 1 10 640 368 385 1255
100 4 2 1 10 161 151 390 180
101 4 2 1 10 1083 1146 1233 1251
102 4 2 1 10 489 424 506 1249
103 4 2 1 10 964 965 143 1283
104 4 2 1 10 1284 474 503 472
105 4 2 1 10 643 1230 625 1265
106 4 2 1 10 83 66 909 287
107 4 2 1 10 1283 1011 964 1005
108 4 2 1 10 1130 1305 1345 1115
109 4 2 1 10 95 96 153 94
110 4 2 1 10 1285 384 347 346
111 4 2 1 10 644 682 699 1286
112 4 2 1 10 1347 361 1151 1365
113 4 2 1 10 1276 576 555 575
114 4 2 1 10 143 949 934 964
115 4 2 1 10 36 921 909 1269
116 4 2 1 10 1288 1380 1375 52
117 4 2 1 10 1347 361 1177 362
118 4 2 1 10 925 691 941 1240
119 4 2 1 10 1348 698 681 1324
120 4 2 1 10 1239 412 375 393
121 4 2 1 10 1284 469 1149 470
122 4 2 1 10 66 65 56 291
123 4 2 1 10 629 657 1229 647
124 4 2 1 10 152 91 61 488
125 4 2 1 10 1219 961 1294 1388
126 4 2 1 10 728 971 984 985
127 4 2 1 10 292 1239 310 1236
128 4 2 1 10 639 614 630 402
129 4 2 1 10 1347 361 362 1151
130 4 2 1 10 423 422 151 435
131 4 2 1 10 152 140 488 61
132 4 2 1 10 500 491 513 1326
133 4 2 1 10 506 436 499 1249
134 4 2 1 10 317 361 1347 1365
135 4 2 1 10 307 1285 343 1390
136 4 2 1 10 317 1347 361 1177
137 4 2 1 10 1224 150 1222 177
138 4 2 1 10 850 1148 849 1242
139 4 2 1 10 646 1229 653 645
140 4 2 1 10 418 614 433 619
141 4 2 1 10 52 1380 77 1225
142 4 2 1 10 932 1219 1294 1388
143 4 2 1 10 643 995 665 652
144 4 2 1 10 671 823 691 659
145 4 2 1 10 1348 698 1324 725
146 4 2 1 10 1348 698 725 697
147 4 2 1 10 1287 21 46 35
148 4 2 1 10 934 38 47 965
149 4 2 1 10 77 1380 52 1320
150 4 2 1 10 586 596 573 1245
151 4 2 1 10 220 243 221 1325
152 4 2 1 10 80 135 1151 1252
153 4 2 1 10 471 503 1284 502
154 4 2 1 10 1289 897 853 854
155 4 2 1 10 850 1225 1148 1242
156 4 2 1 10 951 39 48 981
157 4 2 1 10 476 475 504 1254
158 4 2 1 10 1144 477 478 1254
159 4 2 1 10 1025 1099 1043 1262
160 4 2 1 10 673 287 660 672
161 4 2 1 10 410 412 1245 1239
162 4 2 1 10 1067 1066 1150 1253
163 4 2 1 10 1036 1010 1038 1290
164 4 2 1 10 162 395 394 1236
165 4 2 1 10 345 384 1390 346
166 4 2 1 10 1348 698 697 681
167 4 2 1 10 1319 974 945 958
168 4 2 1 10 1144 478 479 1254
169 4 2 1 10 188 250 1382 240
170 4 2 1 10 1346 585 568 593
171 4 2 1 10 642 622 1253 1226
172 4 2 1 10 1229 653 629 646
173 4 2 1 10 472 503 1284 471
174 4 2 1 10 501 1284 502 471
175 4 2 1 10 141 126 127 1291
176 4 2 1 10 77 1380 1249 1225
177 4 2 1 10 946 1318 1002 989
178 4 2 1 10 1012 1043 1042 1262
179 4 2 1 10 257 248 1226 260
180 4 2 1 10 51 53 33 1288
181 4 2 1 10 1345 1113 1072 1071
182 4 2 1 10 258 238 259 1372
183 4 2 1 10 142 46 303 163
184 4 2 1 10 791 751 750 1292
185 4 2 1 10 1382 250 188 1248
186 4 2 1 10 1021 991 68 1097
187 4 2 1 10 1383 241 1354 240
188 4 2 1 10 1151 135 134 1252
189 4 2 1 10 1249 1380 77 1320
190 4 2 1 10 405 228 434 150
191 4 2 1 10 413 559 409 392
192 4 2 1 10 202 203 204 1293
193 4 2 1 10 339 1386 381 382
194 4 2 1 10 610 388 618 627
195 4 2 1 10 412 410 393 1239
196 4 2 1 10 652 1290 633 1230
197 4 2 1 10 576 1276 574 575
198 4 2 1 10 1115 1305 1114 1078
199 4 2 1 10 248 260 1254 1226
200 4 2 1 10 1025 987 1026 1217
201 4 2 1 10 435 181 390 179
202 4 2 1 10 1382 250 1354 240
203 4 2 1 10 1216 1217 191 1257
204 4 2 1 10 1266 250 1354 1382
205 4 2 1 10 1148 1247 1242 1227
206 4 2 1 10 1284 500 512 1326
207 4 2 1 10 42 61 1225 50
208 4 2 1 10 1346 540 539 568
209 4 2 1 10 1354 250 232 240
210 4 2 1 10 187 1006 964 169
211 4 2 1 10 312 46 303 142
212 4 2 1 10 1016 1017 1007 1226
213 4 2 1 10 392 373 1239 409
214 4 2 1 10 26 27 42 1223
215 4 2 1 10 934 921 13 938
216 4 2 1 10 1386 1376 1229 339
217 4 2 1 10 1283 964 1011 67
218 4 2 1 10 1130 1116 1137 1305
219 4 2 1 10 291 247 308 301
220 4 2 1 10 1364 818 1282 829
221 4 2 1 10 42 61 72 1225
222 4 2 1 10 30 921 13 934
223 4 2 1 10 608 379 1298 1335
224 4 2 1 10 622 1346 604 1253
225 4 2 1 10 1001 39 975 996
226 4 2 1 10 1114 1077 1370 1076
227 4 2 1 10 1010 1290 1020 1038
228 4 2 1 10 1266 250 1382 1248
229 4 2 1 10 608 629 626 1368
230 4 2 1 10 369 631 640 402
231 4 2 1 10 956 985 1216 986
232 4 2 1 10 39 1001 975 988
233 4 2 1 10 19 1315 18 11
234 4 2 1 10 393 375 1239 367
235 4 2 1 10 937 1315 915 923
236 4 2 1 10 1227 1241 1145 1247
237 4 2 1 10 137 64 81 1327
238 4 2 1 10 1254 1354 1372 1144
239 4 2 1 10 276 287 275 1250
240 4 2 1 10 298 674 641 669
241 4 2 1 10 643 644 664 1265
242 4 2 1 10 1010 679 663 980
243 4 2 1 10 1388 961 1257 1219
244 4 2 1 10 179 390 407 324
245 4 2 1 10 827 1282 811 1363
246 4 2 1 10 746 1348 1324 725
247 4 2 1 10 287 693 692 640
248 4 2 1 10 287 673 692 672
249 4 2 1 10 1285 1386 1376 1229
250 4 2 1 10 287 673 660 640
251 4 2 1 10 143 934 83 965
252 4 2 1 10 51 33 43 1288
253 4 2 1 10 1144 479 480 1254
254 4 2 1 10 1114 1305 1345 1370
255 4 2 1 10 1000 973 987 1216
256 4 2 1 10 796 718 1240 1261
257 4 2 1 10 319 637 628 611
258 4 2 1 10 162 310 1236 1359
259 4 2 1 10 1113 1105 1128 1345
260 4 2 1 10 559 438 413 409
261 4 2 1 10 1240 786 735 718
262 4 2 1 10 1349 422 1356 498
263 4 2 1 10 965 981 84 1283
264 4 2 1 10 1229 1231 1056 1265
265 4 2 1 10 626 646 645 1229
266 4 2 1 10 230 321 256 322
267 4 2 1 10 614 640 402 639
268 4 2 1 10 796 1240 718 786
269 4 2 1 10 1290 1010 1020 995
270 4 2 1 10 629 383 1368 611
271 4 2 1 10 66 83 143 287
272 4 2 1 10 13 10 11 911
273 4 2 1 10 1290 652 651 663
274 4 2 1 10 166 283 291 66
275 4 2 1 10 256 246 322 228
276 4 2 1 10 287 673 640 692
277 4 2 1 10 552 575 574 1276
278 4 2 1 10 449 140 1225 488
279 4 2 1 10 853 897 1328 852
280 4 2 1 10 1009 663 1010 1290
281 4 2 1 10 18 1315 911 11
282 4 2 1 10 153 1320 78 94
283 4 2 1 10 1150 1066 1063 1253
284 4 2 1 10 309 293 312 82
285 4 2 1 10 937 1315 923 911
286 4 2 1 10 257 265 1226 248
287 4 2 1 10 694 936 676 663
288 4 2 1 10 827 811 1282 818
289 4 2 1 10 140 449 181 488
290 4 2 1 10 1332 251 258 1372
291 4 2 1 10 1151 134 133 1252
292 4 2 1 10 1052 1230 1150 1271
293 4 2 1 10 391 425 395 1236
294 4 2 1 10 244 1353 251 235
295 4 2 1 10 1272 49 1341 976
296 4 2 1 10 1216 987 1025 1217
297 4 2 1 10 1281 49 1272 1004
298 4 2 1 10 163 126 1291 125
299 4 2 1 10 1004 49 1272 976
300 4 2 1 10 746 1348 725 745
301 4 2 1 10 1114 1305 1077 1078
302 4 2 1 10 1319 945 929 958
303 4 2 1 10 392 373 323 1239
304 4 2 1 10 691 1240 926 941
305 4 2 1 10 965 38 981 978
306 4 2 1 10 295 304 1280 314
307 4 2 1 10 356 358 357 320
308 4 2 1 10 1281 49 1004 991
309 4 2 1 10 305 292 1239 367
310 4 2 1 10 83 909 66 47
311 4 2 1 10 1318 88 946 58
312 4 2 1 10 1328 1289 897 853
313 4 2 1 10 1381 874 903 873
314 4 2 1 10 437 426 427 1263
315 4 2 1 10 1240 1261 1216 1279
316 4 2 1 10 1327 51 43 1288
317 4 2 1 10 1296 488 1225 1331
318 4 2 1 10 1332 251 236 258
319 4 2 1 10 991 49 1004 976
320 4 2 1 10 319 629 1285 306
321 4 2 1 10 1229 629 626 646
322 4 2 1 10 1113 1345 1072 1073
323 4 2 1 10 77 61 1225 140
324 4 2 1 10 614 443 418 433
325 4 2 1 10 1385 1105 1266 1345
326 4 2 1 10 917 946 930 88
327 4 2 1 10 760 787 1316 759
328 4 2 1 10 1350 1318 1329 1219
329 4 2 1 10 476 504 477 1254
330 4 2 1 10 1010 679 980 995
331 4 2 1 10 311 292 294 1239
332 4 2 1 10 36 921 1269 30
333 4 2 1 10 143 934 965 964
334 4 2 1 10 591 614 433 600
335 4 2 1 10 411 394 428 1238
336 4 2 1 10 777 1200 778 1295
337 4 2 1 10 701 713 655 1264
338 4 2 1 10 46 79 63 1273
339 4 2 1 10 384 348 350 1285
340 4 2 1 10 898 928 944 1270
341 4 2 1 10 233 174 176 1329
342 4 2 1 10 500 491 1326 490
343 4 2 1 10 132 1151 133 1252
344 4 2 1 10 11 13 911 18
345 4 2 1 10 258 1332 259 236
346 4 2 1 10 749 791 1292 790
347 4 2 1 10 844 1247 1282 825
348 4 2 1 10 1348 745 1147 744
349 4 2 1 10 1023 707 1022 999
350 4 2 1 10 1292 734 1241 1243
351 4 2 1 10 1364 818 829 886
352 4 2 1 10 1341 990 1003 976
353 4 2 1 10 305 1365 317 1347
354 4 2 1 10 196 1329 233 1246
355 4 2 1 10 51 93 76 1288
356 4 2 1 10 259 1332 258 1372
357 4 2 1 10 1354 209 207 1266
358 4 2 1 10 622 1346 1253 1342
359 4 2 1 10 1387 588 597 578
360 4 2 1 10 131 1151 132 1252
361 4 2 1 10 1350 1318 1219 1257
362 4 2 1 10 652 633 1290 651
363 4 2 1 10 319 629 306 637
364 4 2 1 10 405 321 1254 419
365 4 2 1 10 488 91 61 1225
366 4 2 1 10 130 129 1239 1252
367 4 2 1 10 956 1261 1240 942
368 4 2 1 10 1183 463 1296 489
369 4 2 1 10 1036 1010 1290 1009
370 4 2 1 10 488 140 1225 61
371 4 2 1 10 1227 734 1241 1256
372 4 2 1 10 1236 1239 129 1252
373 4 2 1 10 363 1347 1151 1323
374 4 2 1 10 902 918 930 1260
375 4 2 1 10 1385 1253 1345 1266
376 4 2 1 10 1372 205 206 238
377 4 2 1 10 1129 1107 1111 1253
378 4 2 1 10 1129 1345 1385 1253
379 4 2 1 10 1113 1114 1345 1073
380 4 2 1 10 1002 1013 961 1257
381 4 2 1 10 1387 588 578 559
382 4 2 1 10 660 639 672 1255
383 4 2 1 10 643 633 1230 652
384 4 2 1 10 734 1241 785 798
385 4 2 1 10 785 1241 734 1256
386 4 2 1 10 138 62 64 1327
387 4 2 1 10 739 800 971 740
388 4 2 1 10 1115 1114 1345 1113
389 4 2 1 10 785 1241 788 798
390 4 2 1 10 1277 534 535 532
391 4 2 1 10 707 984 1023 699
392 4 2 1 10 797 770 769 1330
393 4 2 1 10 788 1241 785 1256
394 4 2 1 10 1015 1045 1044 1272
395 4 2 1 10 1254 1354 1144 1226
396 4 2 1 10 371 405 321 228
397 4 2 1 10 1150 1063 1051 1253
398 4 2 1 10 500 1326 513 512
399 4 2 1 10 260 252 1372 261
400 4 2 1 10 308 371 246 372
401 4 2 1 10 39 960 25 49
402 4 2 1 10 897 1289 856 855
403 4 2 1 10 130 1151 131 1252
404 4 2 1 10 1239 1151 130 1252
405 4 2 1 10 59 960 1319 58
406 4 2 1 10 1289 897 854 855
407 4 2 1 10 170 67 68 1248
408 4 2 1 10 480 458 1144 1254
409 4 2 1 10 290 183 66 166
410 4 2 1 10 1111 1067 1068 1253
411 4 2 1 10 242 210 1382 211
412 4 2 1 10 556 1276 576 555
413 4 2 1 10 662 695 936 705
414 4 2 1 10 825 811 1282 1363
415 4 2 1 10 77 61 52 1225
416 4 2 1 10 385 400 387 1255
417 4 2 1 10 1253 1146 1266 1226
418 4 2 1 10 1282 818 828 827
419 4 2 1 10 497 461 498 1331
420 4 2 1 10 797 768 1279 769
421 4 2 1 10 87 1318 1257 58
422 4 2 1 10 1276 556 576 557
423 4 2 1 10 350 1264 348 1233
424 4 2 1 10 241 1382 210 1354
425 4 2 1 10 1364 880 906 1377
426 4 2 1 10 1254 1354 1226 260
427 4 2 1 10 1253 1345 1069 1112
428 4 2 1 10 13 30 1269 921
429 4 2 1 10 1348 697 742 723
430 4 2 1 10 1116 1131 1305 1117
431 4 2 1 10 750 791 1292 749
432 4 2 1 10 1329 146 87 175
433 4 2 1 10 161 390 324 180
434 4 2 1 10 410 393 1239 323
435 4 2 1 10 176 174 87 1329
436 4 2 1 10 1107 1129 1106 1253
437 4 2 1 10 1239 392 410 323
438 4 2 1 10 1276 552 575 553
439 4 2 1 10 608 1297 611 383
440 4 2 1 10 518 1276 519 557
441 4 2 1 10 456 431 441 1254
442 4 2 1 10 666 635 1233 654
443 4 2 1 10 1137 1345 1146 1266
444 4 2 1 10 359 1280 1365 304
445 4 2 1 10 706 970 999 983
446 4 2 1 10 1069 1345 1253 1146
447 4 2 1 10 293 291 65 82
448 4 2 1 10 705 953 913 952
449 4 2 1 10 1329 145 87 1350
450 4 2 1 10 433 388 619 618
451 4 2 1 10 1254 1354 260 1372
452 4 2 1 10 1358 1311 1325 1344
453 4 2 1 10 1349 1356 422 90
454 4 2 1 10 335 1298 381 380
455 4 2 1 10 109 108 1149 1249
456 4 2 1 10 342 306 1285 343
457 4 2 1 10 263 267 245 1254
458 4 2 1 10 318 287 230 183
459 4 2 1 10 259 1332 238 236
460 4 2 1 10 620 658 648 1255
461 4 2 1 10 767 765 1279 1216
462 4 2 1 10 1348 697 743 742
463 4 2 1 10 64 137 138 1327
464 4 2 1 10 614 443 433 600
465 4 2 1 10 406 178 422 421
466 4 2 1 10 639 660 640 1255
467 4 2 1 10 1166 216 1300 217
468 4 2 1 10 149 150 177 1222
469 4 2 1 10 887 671 912 910
470 4 2 1 10 1382 210 1266 211
471 4 2 1 10 1301 111 113 1238
472 4 2 1 10 936 694 953 982
473 4 2 1 10 350 1264 351 384
474 4 2 1 10 1222 1144 444 1254
475 4 2 1 10 1284 512 500 509
476 4 2 1 10 91 72 61 1225
477 4 2 1 10 1069 1345 1070 1112
478 4 2 1 10 238 1332 259 1372
479 4 2 1 10 555 1276 575 553
480 4 2 1 10 41 958 974 1319
481 4 2 1 10 1296 462 497 1331
482 4 2 1 10 830 922 909 1255
483 4 2 1 10 1271 1346 1150 1253
484 4 2 1 10 953 982 694 954
485 4 2 1 10 598 413 559 588
486 4 2 1 10 486 498 461 1349
487 4 2 1 10 498 486 1356 1349
488 4 2 1 10 512 513 514 1244
489 4 2 1 10 999 984 706 983
490 4 2 1 10 260 1354 257 239
491 4 2 1 10 1116 1131 1137 1305
492 4 2 1 10 1281 1333 991 1028
493 4 2 1 10 1266 210 1382 1354
494 4 2 1 10 741 1366 742 723
495 4 2 1 10 911 938 13 921
496 4 2 1 10 496 456 441 1254
497 4 2 1 10 1356 487 434 1338
498 4 2 1 10 537 535 1355 536
499 4 2 1 10 1284 509 501 502
500 4 2 1 10 402 619 631 614
501 4 2 1 10 489 463 1296 464
502 4 2 1 10 1369 897 915 1328
503 4 2 1 10 1147 1241 1227 1243
504 4 2 1 10 506 424 436 1249
505 4 2 1 10 406 422 178 72
506 4 2 1 10 336 1298 381 335
507 4 2 1 10 1070 1345 1069 1146
508 4 2 1 10 635 666 1233 680
509 4 2 1 10 405 150 434 1310
510 4 2 1 10 591 619 433 614
511 4 2 1 10 1070 1345 1071 1112
512 4 2 1 10 66 65 291 82
513 4 2 1 10 1071 1345 1070 1146
514 4 2 1 10 1266 210 1146 211
515 4 2 1 10 640 369 641 649
516 4 2 1 10 160 118 119 1299
517 4 2 1 10 309 247 291 166
518 4 2 1 10 694 982 679 664
519 4 2 1 10 1002 1003 1027 1257
520 4 2 1 10 974 1270 1319 945
521 4 2 1 10 444 1144 458 1254
522 4 2 1 10 322 256 228 321
523 4 2 1 10 460 461 497 1331
524 4 2 1 10 351 1264 350 1233
525 4 2 1 10 68 1001 39 57
526 4 2 1 10 1329 145 1350 192
527 4 2 1 10 974 1270 945 944
528 4 2 1 10 1354 210 209 1266
529 4 2 1 10 1329 193 174 194
530 4 2 1 10 1009 1037 1062 1290
531 4 2 1 10 906 1374 1389 904
532 4 2 1 10 1145 1282 838 839
533 4 2 1 10 238 1332 1372 205
534 4 2 1 10 248 187 265 1226
535 4 2 1 10 1057 1056 1304 1110
536 4 2 1 10 399 618 610 388
537 4 2 1 10 439 429 597 415
538 4 2 1 10 62 138 139 1327
539 4 2 1 10 838 1282 1145 1364
540 4 2 1 10 632 604 634 1253
541 4 2 1 10 1296 462 463 1183
542 4 2 1 10 608 1297 383 398
543 4 2 1 10 1123 1367 1090 1091
544 4 2 1 10 109 1149 111 1249
545 4 2 1 10 706 999 970 707
546 4 2 1 10 411 394 1238 324
547 4 2 1 10 1351 122 121 142
548 4 2 1 10 1288 1380 1148 1375
549 4 2 1 10 143 965 67 1283
550 4 2 1 10 1227 271 1252 1151
551 4 2 1 10 1304 1020 995 1290
552 4 2 1 10 342 339 1376 340
553 4 2 1 10 1001 988 39 991
554 4 2 1 10 1151 271 1252 285
555 4 2 1 10 1020 1096 1110 1304
556 4 2 1 10 906 1374 904 932
557 4 2 1 10 246 372 185 308
558 4 2 1 10 1130 1116 1305 1115
559 4 2 1 10 569 595 1360 571
560 4 2 1 10 97 1320 98 153
561 4 2 1 10 706 984 739 955
562 4 2 1 10 1216 172 173 1257
563 4 2 1 10 309 293 82 291
564 4 2 1 10 936 694 982 679
565 4 2 1 10 984 971 739 955
566 4 2 1 10 559 413 438 588
567 4 2 1 10 570 571 1302 1334
568 4 2 1 10 500 1284 509 501
569 4 2 1 10 38 965 938 978
570 4 2 1 10 400 368 416 1226
571 4 2 1 10 359 1280 304 316
572 4 2 1 10 183 290 66 287
573 4 2 1 10 838 1282 884 839
574 4 2 1 10 440 455 454 1258
575 4 2 1 10 974 1270 25 41
576 4 2 1 10 426 437 408 1263
577 4 2 1 10 1148 1380 96 1375
578 4 2 1 10 251 236 235 1353
579 4 2 1 10 741 790 1366 723
580 4 2 1 10 672 639 659 1255
581 4 2 1 10 1026 987 1013 1257
582 4 2 1 10 1146 1074 1345 1075
583 4 2 1 10 1011 67 1021 996
584 4 2 1 10 51 74 93 1288
585 4 2 1 10 111 1149 1238 1249
586 4 2 1 10 1320 1288 1375 52
587 4 2 1 10 1137 1345 1266 1105
588 4 2 1 10 436 1326 499 1249
589 4 2 1 10 640 641 369 298
590 4 2 1 10 1353 1254 1372 1144
591 4 2 1 10 1304 995 1020 1039
592 4 2 1 10 906 1374 932 1377
593 4 2 1 10 332 1335 379 331
594 4 2 1 10 97 1380 96 1149
595 4 2 1 10 906 1374 1377 1389
596 4 2 1 10 1117 1251 1043 1262
597 4 2 1 10 1369 897 1328 1289
598 4 2 1 10 25 1270 974 944
599 4 2 1 10 390 151 185 180
600 4 2 1 10 408 507 491 1244
601 4 2 1 10 292 294 1239 1252
602 4 2 1 10 1289 856 898 897
603 4 2 1 10 143 168 287 1255
604 4 2 1 10 162 120 142 1299
605 4 2 1 10 936 694 705 953
606 4 2 1 10 954 998 997 694
607 4 2 1 10 215 1215 1146 1248
608 4 2 1 10 1036 1037 1009 1290
609 4 2 1 10 1367 1123 1092 1091
610 4 2 1 10 1320 98 153 100
611 4 2 1 10 487 1356 484 1338
612 4 2 1 10 1362 1092 1367 1123
613 4 2 1 10 25 1270 40 41
614 4 2 1 10 97 1320 1380 98
615 4 2 1 10 936 695 952 705
616 4 2 1 10 1320 96 1380 1375
617 4 2 1 10 884 1282 838 1364
618 4 2 1 10 967 928 911 25
619 4 2 1 10 1137 1345 1105 1141
620 4 2 1 10 1270 25 928 944
621 4 2 1 10 1305 1082 1080 1081
622 4 2 1 10 1254 244 1372 262
623 4 2 1 10 302 292 1236 1252
624 4 2 1 10 92 62 139 1327
625 4 2 1 10 884 1282 818 839
626 4 2 1 10 1252 1303 1273 1227
627 4 2 1 10 248 1254 260 268
628 4 2 1 10 324 390 309 180
629 4 2 1 10 797 1295 771 1330
630 4 2 1 10 497 460 1331 462
631 4 2 1 10 591 619 597 433
632 4 2 1 10 769 797 1330 1279
633 4 2 1 10 664 998 678 694
634 4 2 1 10 818 1282 884 1364
635 4 2 1 10 906 1389 905 904
636 4 2 1 10 1306 522 560 523
637 4 2 1 10 150 255 254 1254
638 4 2 1 10 898 857 856 1352
639 4 2 1 10 905 1389 906 1377
640 4 2 1 10 868 867 901 1307
641 4 2 1 10 736 1261 691 718
642 4 2 1 10 1282 818 839 828
643 4 2 1 10 1085 1233 1086 1251
644 4 2 1 10 275 1322 288 281
645 4 2 1 10 246 185 372 151
646 4 2 1 10 1325 1344 1311 1214
647 4 2 1 10 610 628 611 403
648 4 2 1 10 771 770 797 1330
649 4 2 1 10 288 1322 275 1264
650 4 2 1 10 1339 1109 1312 1124
651 4 2 1 10 882 1364 907 883
652 4 2 1 10 591 600 433 429
653 4 2 1 10 413 415 438 588
654 4 2 1 10 955 706 984 983
655 4 2 1 10 1327 74 51 1288
656 4 2 1 10 1239 294 311 1323
657 4 2 1 10 192 1329 174 194
658 4 2 1 10 308 247 230 301
659 4 2 1 10 199 234 1353 198
660 4 2 1 10 321 419 432 1254
661 4 2 1 10 926 1256 833 914
662 4 2 1 10 619 597 433 618
663 4 2 1 10 942 1261 926 914
664 4 2 1 10 823 1259 887 890
665 4 2 1 10 284 303 293 1273
666 4 2 1 10 643 633 625 1230
667 4 2 1 10 1074 1114 1345 1075
668 4 2 1 10 859 898 1357 858
669 4 2 1 10 235 234 1353 199
670 4 2 1 10 932 931 1374 904
671 4 2 1 10 991 49 39 57
672 4 2 1 10 234 1224 1260 148
673 4 2 1 10 913 705 952 695
674 4 2 1 10 1377 905 1389 878
675 4 2 1 10 1288 1242 1148 1225
676 4 2 1 10 610 628 403 627
677 4 2 1 10 1020 1110 1057 1304
678 4 2 1 10 82 166 309 291
679 4 2 1 10 333 1335 379 332
680 4 2 1 10 288 1322 299 281
681 4 2 1 10 619 402 631 404
682 4 2 1 10 42 1270 90 71
683 4 2 1 10 902 1374 1260 932
684 4 2 1 10 1236 292 1239 1252
685 4 2 1 10 1374 904 902 1381
686 4 2 1 10 53 1288 51 75
687 4 2 1 10 496 441 510 1254
688 4 2 1 10 90 1270 149 71
689 4 2 1 10 299 1322 307 281
690 4 2 1 10 143 965 83 67
691 4 2 1 10 902 1374 932 931
692 4 2 1 10 1233 1367 1251 1267
693 4 2 1 10 149 1270 90 1222
694 4 2 1 10 217 1300 1166 170
695 4 2 1 10 371 228 322 246
696 4 2 1 10 120 121 142 1351
697 4 2 1 10 46 141 79 1273
698 4 2 1 10 1243 271 269 1250
699 4 2 1 10 384 348 349 350
700 4 2 1 10 293 273 284 1273
701 4 2 1 10 220 1325 1214 1215
702 4 2 1 10 858 857 898 1369
703 4 2 1 10 401 431 416 1254
704 4 2 1 10 597 591 433 429
705 4 2 1 10 844 825 1282 1308
706 4 2 1 10 969 694 970 954
707 4 2 1 10 1364 819 1241 1261
708 4 2 1 10 149 1270 177 71
709 4 2 1 10 611 628 319 403
710 4 2 1 10 288 1322 307 299
711 4 2 1 10 309 247 185 308
712 4 2 1 10 1038 1061 1036 1290
713 4 2 1 10 173 1219 1216 1257
714 4 2 1 10 805 824 816 1256
715 4 2 1 10 1353 148 1224 234
716 4 2 1 10 1268 602 1258 583
717 4 2 1 10 173 1350 145 192
718 4 2 1 10 911 25 31 967
719 4 2 1 10 1089 1367 1233 1090
720 4 2 1 10 857 898 1369 1352
721 4 2 1 10 220 1325 219 243
722 4 2 1 10 1223 850 1328 1242
723 4 2 1 10 1374 902 904 931
724 4 2 1 10 582 565 566 1268
725 4 2 1 10 177 1270 149 1222
726 4 2 1 10 23 28 37 1242
727 4 2 1 10 1052 1290 1035 1009
728 4 2 1 10 23 16 12 1242
729 4 2 1 10 1216 191 172 1257
730 4 2 1 10 42 71 60 1270
731 4 2 1 10 1226 993 1255 992
732 4 2 1 10 1077 1370 1305 1114
733 4 2 1 10 1328 850 1223 851
734 4 2 1 10 101 104 103 154
735 4 2 1 10 1382 213 188 242
736 4 2 1 10 486 484 498 1356
737 4 2 1 10 260 263 268 1254
738 4 2 1 10 559 1387 409 1276
739 4 2 1 10 1038 1060 1061 1290
740 4 2 1 10 27 1225 1223 1242
741 4 2 1 10 70 1270 88 41
742 4 2 1 10 1304 1058 1020 1290
743 4 2 1 10 491 511 1278 1244
744 4 2 1 10 1382 212 213 242
745 4 2 1 10 1353 1254 1144 1224
746 4 2 1 10 851 1223 1328 852
747 4 2 1 10 88 1270 1319 41
748 4 2 1 10 565 532 533 1277
749 4 2 1 10 540 1360 1346 1150
750 4 2 1 10 702 656 685 1250
751 4 2 1 10 1301 111 112 113
752 4 2 1 10 966 950 935 1255
753 4 2 1 10 975 31 25 967
754 4 2 1 10 890 887 822 1259
755 4 2 1 10 1376 341 342 340
756 4 2 1 10 84 1011 981 996
757 4 2 1 10 1357 899 859 1336
758 4 2 1 10 644 635 654 1233
759 4 2 1 10 1147 1243 1292 1241
760 4 2 1 10 1332 202 204 1293
761 4 2 1 10 1062 1009 1290 1052
762 4 2 1 10 1319 1270 88 929
763 4 2 1 10 1359 162 142 1299
764 4 2 1 10 720 714 692 1259
765 4 2 1 10 228 371 322 321
766 4 2 1 10 235 1353 200 199
767 4 2 1 10 862 900 863 1307
768 4 2 1 10 627 319 628 403
769 4 2 1 10 825 1282 811 1247
770 4 2 1 10 1276 1387 1371 519
771 4 2 1 10 1241 752 753 792
772 4 2 1 10 82 309 166 182
773 4 2 1 10 1332 202 1293 236
774 4 2 1 10 641 649 369 631
775 4 2 1 10 1237 1387 1371 1276
776 4 2 1 10 892 835 825 1363
777 4 2 1 10 1038 1020 1058 1290
778 4 2 1 10 1227 734 1256 1250
779 4 2 1 10 45 63 54 1252
780 4 2 1 10 632 622 604 1253
781 4 2 1 10 38 938 951 968
782 4 2 1 10 200 236 1353 235
783 4 2 1 10 1035 1290 1052 1271
784 4 2 1 10 1371 1387 516 519
785 4 2 1 10 1035 1290 1019 1009
786 4 2 1 10 1364 908 819 1261
787 4 2 1 10 522 560 521 1337
788 4 2 1 10 457 504 441 1254
789 4 2 1 10 1325 219 243 170
790 4 2 1 10 1371 519 518 1276
791 4 2 1 10 57 39 991 1001
792 4 2 1 10 797 771 1295 729
793 4 2 1 10 308 371 322 246
794 4 2 1 10 560 522 1306 1337
795 4 2 1 10 516 1387 1371 1263
796 4 2 1 10 197 234 198 1309
797 4 2 1 10 217 218 1358 170
798 4 2 1 10 1326 1244 1284 1149
799 4 2 1 10 580 1263 1306 1268
800 4 2 1 10 268 264 248 1254
801 4 2 1 10 810 816 807 1256
802 4 2 1 10 278 285 294 1252
803 4 2 1 10 244 254 262 1254
804 4 2 1 10 1244 1326 512 513
805 4 2 1 10 431 1226 416 1254
806 4 2 1 10 1241 752 1147 753
807 4 2 1 10 379 380 1335 333
808 4 2 1 10 43 1327 55 62
809 4 2 1 10 1360 606 1271 571
810 4 2 1 10 292 278 294 1252
811 4 2 1 10 84 68 67 996
812 4 2 1 10 690 717 913 722
813 4 2 1 10 704 720 672 1259
814 4 2 1 10 1066 1050 1378 1111
815 4 2 1 10 974 1319 1270 41
816 4 2 1 10 803 806 809 1269
817 4 2 1 10 1079 1116 1305 1080
818 4 2 1 10 805 816 810 1256
819 4 2 1 10 642 1253 622 632
820 4 2 1 10 1108 1378 1065 1050
821 4 2 1 10 159 113 114 1301
822 4 2 1 10 1115 1078 1116 1305
823 4 2 1 10 1060 1038 1059 1290
824 4 2 1 10 635 644 625 1265
825 4 2 1 10 1305 1082 1146 1080
826 4 2 1 10 642 632 634 1253
827 4 2 1 10 1263 1306 1268 1235
828 4 2 1 10 516 521 560 1337
829 4 2 1 10 688 690 648 1255
830 4 2 1 10 729 777 776 1295
831 4 2 1 10 405 459 445 1310
832 4 2 1 10 1263 1306 589 579
833 4 2 1 10 89 176 175 1260
834 4 2 1 10 1226 993 992 1016
835 4 2 1 10 807 816 823 1256
836 4 2 1 10 263 264 268 1254
837 4 2 1 10 1021 68 67 1248
838 4 2 1 10 273 270 271 1273
839 4 2 1 10 257 1354 260 1226
840 4 2 1 10 271 270 269 1250
841 4 2 1 10 540 1360 1150 541
842 4 2 1 10 38 951 938 13
843 4 2 1 10 68 49 1281 991
844 4 2 1 10 589 1306 516 579
845 4 2 1 10 803 809 814 1269
846 4 2 1 10 1075 1114 1370 1076
847 4 2 1 10 48 38 13 951
848 4 2 1 10 909 47 83 934
849 4 2 1 10 1263 1306 516 589
850 4 2 1 10 1385 1105 1345 1047
851 4 2 1 10 417 441 431 1254
852 4 2 1 10 1256 702 734 785
853 4 2 1 10 1019 1290 1253 1009
854 4 2 1 10 46 163 141 1273
855 4 2 1 10 79 1252 63 1273
856 4 2 1 10 508 1258 454 1244
857 4 2 1 10 417 401 321 1254
858 4 2 1 10 1035 1290 1253 1019
859 4 2 1 10 1077 1305 1146 1078
860 4 2 1 10 1245 577 1276 558
861 4 2 1 10 1262 1137 1305 1146
862 4 2 1 10 84 1011 996 67
863 4 2 1 10 767 1279 765 766
864 4 2 1 10 1323 375 1239 1245
865 4 2 1 10 945 1270 1319 929
866 4 2 1 10 979 993 950 1255
867 4 2 1 10 500 1284 501 469
868 4 2 1 10 1066 1067 1111 1253
869 4 2 1 10 924 703 913 690
870 4 2 1 10 219 1358 218 170
871 4 2 1 10 1255 966 936 935
872 4 2 1 10 695 913 924 939
873 4 2 1 10 487 484 1356 498
874 4 2 1 10 271 285 278 1252
875 4 2 1 10 1059 1038 1058 1290
876 4 2 1 10 729 777 1295 1200
877 4 2 1 10 641 319 298 627
878 4 2 1 10 1229 1056 1228 1265
879 4 2 1 10 899 860 859 1336
880 4 2 1 10 36 921 30 934
881 4 2 1 10 122 123 142 1359
882 4 2 1 10 243 1311 190 222
883 4 2 1 10 247 309 185 166
884 4 2 1 10 474 473 503 472
885 4 2 1 10 814 832 821 1242
886 4 2 1 10 392 577 413 559
887 4 2 1 10 1339 1109 1124 1110
888 4 2 1 10 257 1354 253 239
889 4 2 1 10 1245 1276 577 392
890 4 2 1 10 824 805 819 1256
891 4 2 1 10 785 702 719 1256
892 4 2 1 10 1276 577 392 559
893 4 2 1 10 763 762 795 764
894 4 2 1 10 222 220 221 1325
895 4 2 1 10 1146 1248 1137 1266
896 4 2 1 10 417 431 401 1254
897 4 2 1 10 1018 1048 1107 1253
898 4 2 1 10 865 900 866 1307
899 4 2 1 10 671 659 648 1255
900 4 2 1 10 79 1313 54 1252
901 4 2 1 10 89 70 60 1270
902 4 2 1 10 166 283 66 290
903 4 2 1 10 163 126 141 1291
904 4 2 1 10 634 651 663 1253
905 4 2 1 10 690 671 648 1255
906 4 2 1 10 753 792 754 1241
907 4 2 1 10 684 686 712 1250
908 4 2 1 10 1105 1046 1031 1266
909 4 2 1 10 814 889 832 1242
910 4 2 1 10 275 297 298 1250
911 4 2 1 10 160 159 114 1301
912 4 2 1 10 825 843 1308 844
913 4 2 1 10 1276 577 519 558
914 4 2 1 10 1151 271 1243 1227
915 4 2 1 10 660 672 287 1255
916 4 2 1 10 381 336 1386 1298
917 4 2 1 10 1252 54 1373 1313
918 4 2 1 10 666 657 687 1264
919 4 2 1 10 771 729 772 1295
920 4 2 1 10 519 577 1276 559
921 4 2 1 10 150 434 90 422
922 4 2 1 10 446 434 487 1338
923 4 2 1 10 1124 1041 1098 1265
924 4 2 1 10 1013 1002 1027 1257
925 4 2 1 10 803 814 1242 1269
926 4 2 1 10 233 176 226 1260
927 4 2 1 10 459 405 447 1310
928 4 2 1 10 185 372 309 308
929 4 2 1 10 64 1373 62 34
930 4 2 1 10 604 624 634 1253
931 4 2 1 10 1139 1101 1135 1248
932 4 2 1 10 273 271 278 1273
933 4 2 1 10 508 1258 1244 492
934 4 2 1 10 674 669 298 1250
935 4 2 1 10 373 391 1237 1263
936 4 2 1 10 1078 1116 1305 1079
937 4 2 1 10 824 819 834 1256
938 4 2 1 10 1083 1118 1305 1314
939 4 2 1 10 735 925 955 1240
940 4 2 1 10 755 793 794 1241
941 4 2 1 10 953 705 936 952
942 4 2 1 10 994 1019 1033 1253
943 4 2 1 10 506 499 489 1249
944 4 2 1 10 922 830 910 1255
945 4 2 1 10 554 555 575 553
946 4 2 1 10 735 955 706 739
947 4 2 1 10 187 1266 249 1226
948 4 2 1 10 776 775 729 1295
949 4 2 1 10 46 303 163 1273
950 4 2 1 10 256 248 264 1254
951 4 2 1 10 15 21 12 1269
952 4 2 1 10 1360 569 543 542
953 4 2 1 10 442 457 441 1254
954 4 2 1 10 1228 1233 1229 1265
955 4 2 1 10 864 863 900 1307
956 4 2 1 10 504 510 441 1254
957 4 2 1 10 369 641 631 404
958 4 2 1 10 166 82 66 291
959 4 2 1 10 1255 1253 1007 1226
960 4 2 1 10 26 42 41 1270
961 4 2 1 10 580 581 601 1268
962 4 2 1 10 1268 602 583 615
963 4 2 1 10 932 1374 1260 1246
964 4 2 1 10 511 491 507 1244
965 4 2 1 10 62 1373 64 1327
966 4 2 1 10 1117 1251 1262 1305
967 4 2 1 10 714 685 692 1259
968 4 2 1 10 99 98 100 153
969 4 2 1 10 1043 1100 1117 1262
970 4 2 1 10 820 814 809 1269
971 4 2 1 10 1117 1131 1305 1262
972 4 2 1 10 62 1373 55 34
973 4 2 1 10 1120 1314 1086 1251
974 4 2 1 10 685 669 674 1250
975 4 2 1 10 1120 1086 1314 1212
976 4 2 1 10 90 434 1356 422
977 4 2 1 10 966 979 950 1255
978 4 2 1 10 623 606 607 1271
979 4 2 1 10 369 319 298 641
980 4 2 1 10 1264 275 298 1250
981 4 2 1 10 234 1246 1224 1353
982 4 2 1 10 832 889 825 1242
983 4 2 1 10 898 1357 858 1369
984 4 2 1 10 1377 1374 932 1246
985 4 2 1 10 63 79 54 1252
986 4 2 1 10 55 1373 62 1327
987 4 2 1 10 55 1373 1303 34
988 4 2 1 10 1303 1373 55 1327
989 4 2 1 10 1227 1242 1269 1247
990 4 2 1 10 1018 1032 1048 1253
991 4 2 1 10 379 1298 1335 380
992 4 2 1 10 1271 1346 1360 1150
993 4 2 1 10 1251 1085 1314 1086
994 4 2 1 10 405 446 447 1310
995 4 2 1 10 775 774 729 1295
996 4 2 1 10 934 47 83 965
997 4 2 1 10 270 277 1250 1273
998 4 2 1 10 508 1258 492 494
999 4 2 1 10 49 1318 1341 990
1000 4 2 1 10 580 620 613 1258
1001 4 2 1 10 1041 1022 1098 1265
1002 4 2 1 10 875 1377 1374 1389
1003 4 2 1 10 378 587 397 1245
1004 4 2 1 10 1268 615 583 601
1005 4 2 1 10 436 1326 1249 1244
1006 4 2 1 10 483 487 484 1338
1007 4 2 1 10 864 900 865 1307
1008 4 2 1 10 478 504 457 1254
1009 4 2 1 10 535 1277 532 1268
1010 4 2 1 10 1356 487 498 422
1011 4 2 1 10 377 396 412 1245
1012 4 2 1 10 1351 122 142 1359
1013 4 2 1 10 596 608 617 1271
1014 4 2 1 10 787 796 795 1261
1015 4 2 1 10 704 737 714 1259
1016 4 2 1 10 738 788 719 1256
1017 4 2 1 10 397 577 1245 587
1018 4 2 1 10 417 442 441 1254
1019 4 2 1 10 755 792 793 1241
1020 4 2 1 10 773 772 729 1295
1021 4 2 1 10 35 21 29 1273
1022 4 2 1 10 1389 1374 875 904
1023 4 2 1 10 572 571 1302 1245
1024 4 2 1 10 1341 1318 49 1257
1025 4 2 1 10 1323 375 366 367
1026 4 2 1 10 823 691 659 1259
1027 4 2 1 10 13 1269 30 24
1028 4 2 1 10 1367 1086 1233 1251
1029 4 2 1 10 182 309 166 185
1030 4 2 1 10 647 657 1229 1264
1031 4 2 1 10 620 580 602 1258
1032 4 2 1 10 774 773 729 1295
1033 4 2 1 10 284 273 278 1273
1034 4 2 1 10 388 641 319 369
1035 4 2 1 10 875 1377 1389 877
1036 4 2 1 10 875 1374 874 904
1037 4 2 1 10 994 1008 979 1253
1038 4 2 1 10 1226 387 1255 620
1039 4 2 1 10 41 958 1319 59
1040 4 2 1 10 9 16 23 1242
1041 4 2 1 10 1367 1086 1251 1120
1042 4 2 1 10 1239 375 412 1245
1043 4 2 1 10 1248 1029 1103 1266
1044 4 2 1 10 27 14 20 1242
1045 4 2 1 10 874 1374 875 1246
1046 4 2 1 10 25 974 958 944
1047 4 2 1 10 809 806 813 1269
1048 4 2 1 10 1341 1318 1003 990
1049 4 2 1 10 41 958 59 25
1050 4 2 1 10 234 233 226 1260
1051 4 2 1 10 647 655 657 1264
1052 4 2 1 10 1003 1318 1341 1257
1053 4 2 1 10 437 408 1263 1268
1054 4 2 1 10 1247 845 1242 825
1055 4 2 1 10 283 66 56 291
1056 4 2 1 10 516 520 521 1371
1057 4 2 1 10 256 245 228 1254
1058 4 2 1 10 517 516 515 1371
1059 4 2 1 10 690 717 703 913
1060 4 2 1 10 446 434 1310 405
1061 4 2 1 10 935 922 936 1255
1062 4 2 1 10 1003 1318 1002 990
1063 4 2 1 10 111 1238 1301 1249
1064 4 2 1 10 642 634 662 1253
1065 4 2 1 10 148 1260 1270 1224
1066 4 2 1 10 1294 932 961 962
1067 4 2 1 10 419 405 432 1254
1068 4 2 1 10 895 889 888 1242
1069 4 2 1 10 320 356 1379 355
1070 4 2 1 10 606 571 607 1271
1071 4 2 1 10 41 958 25 974
1072 4 2 1 10 832 803 821 1242
1073 4 2 1 10 150 228 245 1254
1074 4 2 1 10 1388 927 834 1261
1075 4 2 1 10 326 1323 375 366
1076 4 2 1 10 728 1216 797 971
1077 4 2 1 10 1104 1046 1105 1266
1078 4 2 1 10 927 973 956 1261
1079 4 2 1 10 1368 1285 381 383
1080 4 2 1 10 559 409 1387 438
1081 4 2 1 10 714 737 733 1259
1082 4 2 1 10 684 701 655 1264
1083 4 2 1 10 586 1276 558 1245
1084 4 2 1 10 558 577 587 1245
1085 4 2 1 10 634 676 662 1253
1086 4 2 1 10 591 1306 1263 579
1087 4 2 1 10 1249 111 157 1301
1088 4 2 1 10 35 1287 21 1273
1089 4 2 1 10 405 1254 321 228
1090 4 2 1 10 803 832 826 1242
1091 4 2 1 10 20 9 23 1242
1092 4 2 1 10 449 179 424 1249
1093 4 2 1 10 966 1255 1253 979
1094 4 2 1 10 823 887 1259 659
1095 4 2 1 10 148 71 177 1270
1096 4 2 1 10 1298 1285 1229 1386
1097 4 2 1 10 875 1377 1144 1246
1098 4 2 1 10 888 889 814 1242
1099 4 2 1 10 833 823 816 1256
1100 4 2 1 10 177 1222 1224 1270
1101 4 2 1 10 1002 1318 1003 1257
1102 4 2 1 10 1280 358 1151 1379
1103 4 2 1 10 1318 1294 1329 1219
1104 4 2 1 10 711 683 1251 1262
1105 4 2 1 10 1246 198 1353 1309
1106 4 2 1 10 408 491 451 1244
1107 4 2 1 10 795 761 787 1261
1108 4 2 1 10 436 490 1244 451
1109 4 2 1 10 610 388 627 403
1110 4 2 1 10 388 627 319 641
1111 4 2 1 10 477 504 478 1254
1112 4 2 1 10 1353 148 234 235
1113 4 2 1 10 381 1285 341 383
1114 4 2 1 10 1252 164 1313 134
1115 4 2 1 10 825 893 845 1242
1116 4 2 1 10 620 661 658 1255
1117 4 2 1 10 378 377 331 1271
1118 4 2 1 10 657 655 687 1264
1119 4 2 1 10 835 1363 827 811
1120 4 2 1 10 1137 1101 1248 1262
1121 4 2 1 10 1126 1135 1101 1248
1122 4 2 1 10 79 132 164 1252
1123 4 2 1 10 1382 212 1266 213
1124 4 2 1 10 1125 1121 1138 1251
1125 4 2 1 10 135 1252 1313 134
1126 4 2 1 10 46 29 56 1273
1127 4 2 1 10 1103 1135 1126 1248
1128 4 2 1 10 432 1254 442 417
1129 4 2 1 10 1330 1216 1279 797
1130 4 2 1 10 1264 298 655 1250
1131 4 2 1 10 1341 69 1257 49
1132 4 2 1 10 1253 663 966 994
1133 4 2 1 10 950 992 964 1255
1134 4 2 1 10 1013 1044 1026 1257
1135 4 2 1 10 517 520 516 1371
1136 4 2 1 10 1226 387 620 430
1137 4 2 1 10 924 703 690 671
1138 4 2 1 10 720 692 672 1259
1139 4 2 1 10 457 442 432 1254
1140 4 2 1 10 846 848 1274 847
1141 4 2 1 10 275 272 276 1250
1142 4 2 1 10 1294 146 1260 930
1143 4 2 1 10 596 558 587 1245
1144 4 2 1 10 404 641 388 369
1145 4 2 1 10 924 703 671 891
1146 4 2 1 10 341 1285 342 383
1147 4 2 1 10 734 1243 712 1250
1148 4 2 1 10 1324 727 1146 726
1149 4 2 1 10 1044 1217 1026 1257
1150 4 2 1 10 624 633 634 1253
1151 4 2 1 10 1133 1367 1362 1267
1152 4 2 1 10 1216 1262 728 1218
1153 4 2 1 10 80 54 136 1313
1154 4 2 1 10 813 806 815 1269
1155 4 2 1 10 586 1276 1245 574
1156 4 2 1 10 1055 1053 1312 1109
1157 4 2 1 10 878 1377 905 879
1158 4 2 1 10 1018 1107 1106 1253
1159 4 2 1 10 607 571 596 1271
1160 4 2 1 10 148 177 1224 1270
1161 4 2 1 10 63 45 46 1273
1162 4 2 1 10 927 956 942 1261
1163 4 2 1 10 1314 1120 1212 1119
1164 4 2 1 10 586 1276 574 576
1165 4 2 1 10 1043 1012 1025 1262
1166 4 2 1 10 410 1245 412 396
1167 4 2 1 10 518 515 516 1371
1168 4 2 1 10 342 1285 341 1376
1169 4 2 1 10 141 1252 79 1273
1170 4 2 1 10 656 298 669 1250
1171 4 2 1 10 596 586 558 1245
1172 4 2 1 10 42 60 41 1270
1173 4 2 1 10 797 1216 800 971
1174 4 2 1 10 939 695 952 936
1175 4 2 1 10 800 1216 797 1279
1176 4 2 1 10 1176 377 376 1245
1177 4 2 1 10 785 719 788 1256
1178 4 2 1 10 148 1270 1260 89
1179 4 2 1 10 800 1216 972 971
1180 4 2 1 10 695 924 913 690
1181 4 2 1 10 377 378 396 1245
1182 4 2 1 10 20 14 9 1242
1183 4 2 1 10 1101 1100 1026 1262
1184 4 2 1 10 1240 1216 800 1279
1185 4 2 1 10 823 833 691 1256
1186 4 2 1 10 924 695 939 936
1187 4 2 1 10 287 640 660 1255
1188 4 2 1 10 1333 1097 1045 1248
1189 4 2 1 10 890 822 823 1259
1190 4 2 1 10 379 1335 608 1271
1191 4 2 1 10 1329 1294 1246 1219
1192 4 2 1 10 1226 993 1016 1017
1193 4 2 1 10 79 141 130 1252
1194 4 2 1 10 408 451 436 1244
1195 4 2 1 10 228 321 256 1254
1196 4 2 1 10 234 1246 1353 1309
1197 4 2 1 10 803 804 806 1269
1198 4 2 1 10 651 634 633 1253
1199 4 2 1 10 67 1248 1029 1021
1200 4 2 1 10 150 1310 405 1254
1201 4 2 1 10 271 270 1250 1273
1202 4 2 1 10 956 973 1216 1261
1203 4 2 1 10 1131 1101 1137 1262
1204 4 2 1 10 143 949 964 1255
1205 4 2 1 10 913 695 690 722
1206 4 2 1 10 755 754 792 1241
1207 4 2 1 10 634 663 676 1253
1208 4 2 1 10 579 599 1387 1263
1209 4 2 1 10 924 695 912 690
1210 4 2 1 10 1246 1294 1329 1260
1211 4 2 1 10 573 574 586 1245
1212 4 2 1 10 806 807 815 1269
1213 4 2 1 10 606 633 624 1271
1214 4 2 1 10 368 400 385 1255
1215 4 2 1 10 738 1261 1241 1256
1216 4 2 1 10 1246 1294 932 1219
1217 4 2 1 10 443 613 418 1258
1218 4 2 1 10 233 1329 176 1260
1219 4 2 1 10 277 283 290 1259
1220 4 2 1 10 457 479 478 1254
1221 4 2 1 10 129 130 141 1252
1222 4 2 1 10 586 1276 576 558
1223 4 2 1 10 692 693 287 1259
1224 4 2 1 10 820 809 813 1269
1225 4 2 1 10 672 692 287 1259
1226 4 2 1 10 150 245 255 1254
1227 4 2 1 10 930 1294 961 947
1228 4 2 1 10 755 794 756 1241
1229 4 2 1 10 994 1033 1049 1253
1230 4 2 1 10 118 1361 1299 160
1231 4 2 1 10 378 331 379 1271
1232 4 2 1 10 118 1361 160 117
1233 4 2 1 10 932 1294 1246 1260
1234 4 2 1 10 280 1280 1365 1151
1235 4 2 1 10 1250 277 1259 1273
1236 4 2 1 10 1043 1143 1121 1251
1237 4 2 1 10 813 815 822 1269
1238 4 2 1 10 912 695 924 936
1239 4 2 1 10 449 140 229 1249
1240 4 2 1 10 580 1263 1268 493
1241 4 2 1 10 895 825 889 1242
1242 4 2 1 10 912 695 910 690
1243 4 2 1 10 1121 1143 1132 1251
1244 4 2 1 10 53 78 1288 75
1245 4 2 1 10 388 610 399 403
1246 4 2 1 10 565 532 1277 1268
1247 4 2 1 10 1388 973 927 1261
1248 4 2 1 10 1388 1257 961 977
1249 4 2 1 10 910 695 912 936
1250 4 2 1 10 1048 1032 994 1253
1251 4 2 1 10 807 806 804 1269
1252 4 2 1 10 277 290 287 1259
1253 4 2 1 10 1025 1026 1100 1262
1254 4 2 1 10 351 1243 307 1264
1255 4 2 1 10 910 695 1255 690
1256 4 2 1 10 134 164 133 1252
1257 4 2 1 10 825 826 832 1242
1258 4 2 1 10 15 29 21 1269
1259 4 2 1 10 1296 449 489 1249
1260 4 2 1 10 1055 1339 1056 1110
1261 4 2 1 10 35 46 1287 1273
1262 4 2 1 10 650 661 620 1255
1263 4 2 1 10 1021 1097 68 1248
1264 4 2 1 10 899 861 860 1336
1265 4 2 1 10 1388 973 1261 1257
1266 4 2 1 10 489 449 424 1249
1267 4 2 1 10 1280 358 315 1151
1268 4 2 1 10 1125 1043 1121 1251
1269 4 2 1 10 726 1324 698 783
1270 4 2 1 10 1255 695 910 936
1271 4 2 1 10 1288 78 1375 75
1272 4 2 1 10 1378 1063 1066 1253
1273 4 2 1 10 1295 711 1262 729
1274 4 2 1 10 290 283 66 1259
1275 4 2 1 10 443 430 453 1258
1276 4 2 1 10 1387 373 1263 427
1277 4 2 1 10 930 1294 947 902
1278 4 2 1 10 307 384 351 1264
1279 4 2 1 10 30 15 22 1269
1280 4 2 1 10 46 56 293 1273
1281 4 2 1 10 1296 449 1249 1225
1282 4 2 1 10 1255 695 675 690
1283 4 2 1 10 287 183 318 1255
1284 4 2 1 10 729 728 710 1262
1285 4 2 1 10 1097 1103 1126 1248
1286 4 2 1 10 918 902 901 1260
1287 4 2 1 10 133 164 132 1252
1288 4 2 1 10 875 1144 1377 877
1289 4 2 1 10 662 1255 695 675
1290 4 2 1 10 453 1268 493 1258
1291 4 2 1 10 1269 823 1259 1256
1292 4 2 1 10 453 1268 1258 452
1293 4 2 1 10 437 452 408 1268
1294 4 2 1 10 29 1269 909 1259
1295 4 2 1 10 1335 379 331 1271
1296 4 2 1 10 480 479 457 1254
1297 4 2 1 10 691 738 719 1256
1298 4 2 1 10 1224 1222 1223 1270
1299 4 2 1 10 1329 146 175 1260
1300 4 2 1 10 848 1274 894 1242
1301 4 2 1 10 56 66 283 1259
1302 4 2 1 10 26 1223 42 1270
1303 4 2 1 10 270 273 277 1273
1304 4 2 1 10 1077 1370 1075 1146
1305 4 2 1 10 1066 1063 1378 1065
1306 4 2 1 10 1137 1248 1101 1139
1307 4 2 1 10 1375 78 1288 1320
1308 4 2 1 10 1063 1378 1384 1253
1309 4 2 1 10 215 1300 1248 188
1310 4 2 1 10 66 287 290 1259
1311 4 2 1 10 443 418 430 1258
1312 4 2 1 10 868 1246 1224 1260
1313 4 2 1 10 797 800 1279 796
1314 4 2 1 10 1364 908 919 885
1315 4 2 1 10 1295 711 729 1200
1316 4 2 1 10 546 1334 544 1302
1317 4 2 1 10 160 114 115 1361
1318 4 2 1 10 147 70 146 1260
1319 4 2 1 10 112 111 1301 158
1320 4 2 1 10 1394 1384 1019 1063
1321 4 2 1 10 368 1226 400 1255
1322 4 2 1 10 146 930 147 1260
1323 4 2 1 10 280 1280 274 279
1324 4 2 1 10 714 720 704 1259
1325 4 2 1 10 487 482 446 1338
1326 4 2 1 10 719 1256 702 1259
1327 4 2 1 10 1251 1023 1267 1125
1328 4 2 1 10 564 580 562 1268
1329 4 2 1 10 1374 902 870 1381
1330 4 2 1 10 644 667 682 1267
1331 4 2 1 10 287 318 640 1255
1332 4 2 1 10 1295 711 1200 778
1333 4 2 1 10 1043 1251 1132 1143
1334 4 2 1 10 1375 78 94 75
1335 4 2 1 10 779 781 1340 780
1336 4 2 1 10 1324 727 726 709
1337 4 2 1 10 1394 1384 1063 1378
1338 4 2 1 10 12 10 15 1269
1339 4 2 1 10 1329 175 87 176
1340 4 2 1 10 271 1252 278 1273
1341 4 2 1 10 351 1243 1264 1147
1342 4 2 1 10 846 845 893 1242
1343 4 2 1 10 620 430 387 418
1344 4 2 1 10 642 662 675 1255
1345 4 2 1 10 1250 1256 1227 1259
1346 4 2 1 10 457 432 1317 1254
1347 4 2 1 10 819 1261 1256 1241
1348 4 2 1 10 894 895 849 1242
1349 4 2 1 10 895 888 896 1242
1350 4 2 1 10 901 868 1307 1260
1351 4 2 1 10 760 787 761 1261
1352 4 2 1 10 430 494 453 1258
1353 4 2 1 10 1296 488 1331 505
1354 4 2 1 10 130 131 79 1252
1355 4 2 1 10 94 78 1375 1320
1356 4 2 1 10 1176 376 327 1245
1357 4 2 1 10 846 1274 848 1242
1358 4 2 1 10 274 1280 1379 279
1359 4 2 1 10 712 1264 1250 1243
1360 4 2 1 10 482 487 483 1338
1361 4 2 1 10 834 914 833 1256
1362 4 2 1 10 624 633 1253 1271
1363 4 2 1 10 1268 602 615 580
1364 4 2 1 10 1041 1096 998 1265
1365 4 2 1 10 1248 1333 68 1272
1366 4 2 1 10 738 1261 1256 691
1367 4 2 1 10 36 921 934 909
1368 4 2 1 10 1099 1100 1043 1262
1369 4 2 1 10 1250 1256 1259 702
1370 4 2 1 10 79 131 132 1252
1371 4 2 1 10 1240 1279 800 796
1372 4 2 1 10 620 648 638 1255
1373 4 2 1 10 328 377 1176 1245
1374 4 2 1 10 644 682 1286 1267
1375 4 2 1 10 1031 1046 1016 1266
1376 4 2 1 10 145 69 87 1257
1377 4 2 1 10 732 1295 711 1262
1378 4 2 1 10 1145 1219 1377 1364
1379 4 2 1 10 30 36 15 1269
1380 4 2 1 10 995 677 643 665
1381 4 2 1 10 1217 1044 1215 1272
1382 4 2 1 10 607 617 625 1271
1383 4 2 1 10 215 1300 188 216
1384 4 2 1 10 1265 1098 696 1022
1385 4 2 1 10 1240 800 972 971
1386 4 2 1 10 1261 757 1316 1241
1387 4 2 1 10 633 625 1230 1271
1388 4 2 1 10 932 902 1294 1260
1389 4 2 1 10 307 1243 352 370
1390 4 2 1 10 1312 1124 1213 1093
1391 4 2 1 10 819 834 1261 908
1392 4 2 1 10 924 703 891 913
1393 4 2 1 10 823 1256 691 1259
1394 4 2 1 10 880 1364 907 881
1395 4 2 1 10 950 964 949 1255
1396 4 2 1 10 1392 190 1311 222
1397 4 2 1 10 1300 188 216 1166
1398 4 2 1 10 1053 1054 1312 1109
1399 4 2 1 10 63 1252 45 1273
1400 4 2 1 10 516 1387 589 578
1401 4 2 1 10 215 1300 216 1215
1402 4 2 1 10 110 111 157 109
1403 4 2 1 10 1320 104 101 154
1404 4 2 1 10 145 87 1350 1257
1405 4 2 1 10 68 171 189 1272
1406 4 2 1 10 35 29 46 1273
1407 4 2 1 10 696 1098 1265 1267
1408 4 2 1 10 620 1226 430 1258
1409 4 2 1 10 1374 870 902 1260
1410 4 2 1 10 596 617 607 1271
1411 4 2 1 10 635 1233 644 1265
1412 4 2 1 10 271 1273 1227 1252
1413 4 2 1 10 444 458 432 1254
1414 4 2 1 10 868 869 1246 1260
1415 4 2 1 10 1015 1333 1045 1272
1416 4 2 1 10 902 869 901 1260
1417 4 2 1 10 1027 1003 1272 1257
1418 4 2 1 10 1216 1257 1219 1261
1419 4 2 1 10 580 601 615 1268
1420 4 2 1 10 1227 1241 1247 1256
1421 4 2 1 10 589 1387 516 1263
1422 4 2 1 10 175 146 89 1260
1423 4 2 1 10 173 145 1350 1257
1424 4 2 1 10 564 528 529 530
1425 4 2 1 10 109 157 108 1249
1426 4 2 1 10 173 172 145 1257
1427 4 2 1 10 644 1233 654 1267
1428 4 2 1 10 498 485 484 486
1429 4 2 1 10 68 144 171 1272
1430 4 2 1 10 1103 1029 1030 1266
1431 4 2 1 10 993 992 950 1255
1432 4 2 1 10 803 1242 814 821
1433 4 2 1 10 1023 696 1098 1022
1434 4 2 1 10 1022 1041 998 1265
1435 4 2 1 10 699 1098 696 1267
1436 4 2 1 10 699 1286 682 1267
1437 4 2 1 10 930 1294 902 1260
1438 4 2 1 10 271 1227 1273 1250
1439 4 2 1 10 685 656 669 1250
1440 4 2 1 10 571 1245 596 1271
1441 4 2 1 10 589 1387 579 578
1442 4 2 1 10 284 278 1252 1273
1443 4 2 1 10 1016 1046 1030 1266
1444 4 2 1 10 732 1295 1262 1218
1445 4 2 1 10 1044 1097 1126 1248
1446 4 2 1 10 378 1245 377 1271
1447 4 2 1 10 172 69 145 1257
1448 4 2 1 10 1103 1104 1248 1266
1449 4 2 1 10 1087 1086 1088 1120
1450 4 2 1 10 848 894 849 1242
1451 4 2 1 10 869 870 1246 1260
1452 4 2 1 10 1176 327 328 1245
1453 4 2 1 10 160 116 117 1361
1454 4 2 1 10 68 85 144 1272
1455 4 2 1 10 107 1249 1149 108
1456 4 2 1 10 143 186 168 1255
1457 4 2 1 10 579 1387 589 1263
1458 4 2 1 10 898 1369 915 1270
1459 4 2 1 10 670 688 648 1255
1460 4 2 1 10 898 915 928 1270
1461 4 2 1 10 1015 1044 1027 1272
1462 4 2 1 10 643 664 995 1265
1463 4 2 1 10 1333 1045 1097 1127
1464 4 2 1 10 1023 696 699 1098
1465 4 2 1 10 644 654 667 1267
1466 4 2 1 10 1269 823 1256 807
1467 4 2 1 10 1023 1098 699 1267
1468 4 2 1 10 579 1387 612 578
1469 4 2 1 10 579 1387 599 612
1470 4 2 1 10 868 901 869 1260
1471 4 2 1 10 675 658 661 1255
1472 4 2 1 10 70 89 146 1260
1473 4 2 1 10 22 15 10 1269
1474 4 2 1 10 21 1269 29 1273
1475 4 2 1 10 612 1387 599 578
1476 4 2 1 10 280 1280 271 274
1477 4 2 1 10 86 69 144 1272
1478 4 2 1 10 1388 1257 1261 1219
1479 4 2 1 10 107 1249 108 157
1480 4 2 1 10 144 69 171 1272
1481 4 2 1 10 271 1280 280 1151
1482 4 2 1 10 191 69 172 1257
1483 4 2 1 10 1103 1030 1104 1266
1484 4 2 1 10 581 565 582 1268
1485 4 2 1 10 1046 1104 1030 1266
1486 4 2 1 10 599 1387 609 578
1487 4 2 1 10 1300 188 1166 170
1488 4 2 1 10 535 1355 1268 1258
1489 4 2 1 10 658 689 670 1255
1490 4 2 1 10 1315 1328 14 26
1491 4 2 1 10 160 115 116 1361
1492 4 2 1 10 599 1387 597 609
1493 4 2 1 10 849 895 850 1242
1494 4 2 1 10 508 1258 494 454
1495 4 2 1 10 831 814 820 1269
1496 4 2 1 10 609 1387 597 578
1497 4 2 1 10 664 644 678 1265
1498 4 2 1 10 1358 189 1248 170
1499 4 2 1 10 1304 998 1096 1265
1500 4 2 1 10 14 1328 1315 1242
1501 4 2 1 10 1387 588 559 438
1502 4 2 1 10 36 1269 29 15
1503 4 2 1 10 426 373 427 1263
1504 4 2 1 10 1388 1377 1219 1364
1505 4 2 1 10 14 1328 27 26
1506 4 2 1 10 1097 1044 1045 1248
1507 4 2 1 10 429 597 427 439
1508 4 2 1 10 1312 1054 1095 1109
1509 4 2 1 10 437 1263 493 1268
1510 4 2 1 10 1313 135 164 136
1511 4 2 1 10 869 902 870 1260
1512 4 2 1 10 1269 823 807 822
1513 4 2 1 10 648 658 670 1255
1514 4 2 1 10 1227 1269 21 1273
1515 4 2 1 10 1300 188 170 1248
1516 4 2 1 10 678 998 664 1265
1517 4 2 1 10 1124 1109 1312 1213
1518 4 2 1 10 1358 189 170 171
1519 4 2 1 10 675 716 715 1255
1520 4 2 1 10 1139 1103 1248 1135
1521 4 2 1 10 27 1328 14 1242
1522 4 2 1 10 271 1280 1243 274
1523 4 2 1 10 1358 189 1272 1248
1524 4 2 1 10 1094 1312 1213 1093
1525 4 2 1 10 1340 781 779 731
1526 4 2 1 10 1227 1256 1269 1259
1527 4 2 1 10 581 582 601 1268
1528 4 2 1 10 234 1246 233 1260
1529 4 2 1 10 1333 1097 1248 68
1530 4 2 1 10 29 1259 56 1273
1531 4 2 1 10 233 1246 1329 1260
1532 4 2 1 10 453 1268 452 437
1533 4 2 1 10 1308 843 842 844
1534 4 2 1 10 103 102 101 154
1535 4 2 1 10 1304 998 1265 995
1536 4 2 1 10 1015 1333 1272 1281
1537 4 2 1 10 581 564 565 1268
1538 4 2 1 10 1015 1333 1281 1028
1539 4 2 1 10 1343 528 1268 527
1540 4 2 1 10 712 1250 1264 684
1541 4 2 1 10 32 41 40 1270
1542 4 2 1 10 1272 1358 1248 1215
1543 4 2 1 10 1272 1358 1344 171
1544 4 2 1 10 1243 1280 271 1151
1545 4 2 1 10 564 531 565 1268
1546 4 2 1 10 532 565 531 1268
1547 4 2 1 10 1344 1215 1272 1217
1548 4 2 1 10 1138 1125 1251 1267
1549 4 2 1 10 1251 1023 1125 1043
1550 4 2 1 10 1045 1248 1044 1272
1551 4 2 1 10 1343 528 527 1193
1552 4 2 1 10 1248 1333 1272 1045
1553 4 2 1 10 644 696 1265 1267
1554 4 2 1 10 1272 144 49 85
1555 4 2 1 10 1243 1280 1379 274
1556 4 2 1 10 1268 602 580 1258
1557 4 2 1 10 1251 784 709 1340
1558 4 2 1 10 189 1248 68 1272
1559 4 2 1 10 1227 1269 1273 1259
1560 4 2 1 10 803 1242 1247 1269
1561 4 2 1 10 644 1265 1233 1267
1562 4 2 1 10 1250 1259 1227 1273
1563 4 2 1 10 1251 784 1340 782
1564 4 2 1 10 1044 1248 1215 1272
1565 4 2 1 10 1227 1269 1256 1247
1566 4 2 1 10 29 1269 1259 1273
1567 4 2 1 10 564 530 531 1268
1568 4 2 1 10 564 528 530 1268
1569 4 2 1 10 1003 1341 1272 1257
1570 4 2 1 10 1251 784 782 1324
1571 4 2 1 10 27 1328 1223 26
1572 4 2 1 10 49 69 1272 1341
1573 4 2 1 10 1027 1272 1003 1015
1574 4 2 1 10 1251 784 1324 709
1575 4 2 1 10 214 188 215 213
1576 4 2 1 10 1358 189 171 1272
1577 4 2 1 10 546 544 1334 545
1578 4 2 1 10 1392 190 222 223
1579 4 2 1 10 1379 1280 1243 1151
1580 4 2 1 10 310 302 292 1236
1581 4 2 1 10 10 13 1269 911
1582 4 2 1 10 38 36 934 47
1583 4 2 1 10 888 911 1315 831
1584 4 2 1 10 902 961 1294 947
1585 4 2 1 10 1219 1377 1144 1145
1586 4 2 1 10 955 941 926 1240
1587 4 2 1 10 946 1318 961 959
1588 4 2 1 10 1219 1144 1377 1246
1589 4 2 1 10 640 298 385 368
1590 4 2 1 10 782 1340 781 784
1591 4 2 1 10 1283 1011 1005 981
1592 4 2 1 10 1265 645 1229 626
1593 4 2 1 10 942 1240 955 926
1594 4 2 1 10 1223 1328 27 1242
1595 4 2 1 10 781 1340 782 1251
1596 4 2 1 10 656 641 669 298
1597 4 2 1 10 986 973 1000 1216
1598 4 2 1 10 1340 709 780 784
1599 4 2 1 10 739 800 1240 971
1600 4 2 1 10 956 985 972 1216
1601 4 2 1 10 39 960 49 991
1602 4 2 1 10 984 706 707 999
1603 4 2 1 10 1078 1305 1146 1079
1604 4 2 1 10 984 707 1023 999
1605 4 2 1 10 527 1343 1193 563
1606 4 2 1 10 1083 1314 1084 1118
1607 4 2 1 10 1081 1082 1117 1305
1608 4 2 1 10 1079 1305 1146 1080
1609 4 2 1 10 995 936 982 679
1610 4 2 1 10 1021 991 1040 68
1611 4 2 1 10 1343 528 564 1268
1612 4 2 1 10 236 203 202 1293
1613 4 2 1 10 1262 1305 1137 1131
1614 4 2 1 10 1028 991 1045 1333
1615 4 2 1 10 38 68 84 981
1616 4 2 1 10 1342 538 1150 1149
1617 4 2 1 10 38 36 30 934
1618 4 2 1 10 261 239 252 1354
1619 4 2 1 10 481 432 1317 457
1620 4 2 1 10 434 228 448 422
1621 4 2 1 10 230 322 256 308
1622 4 2 1 10 150 72 178 422
1623 4 2 1 10 230 185 247 308
1624 4 2 1 10 1217 1344 1215 1214
1625 4 2 1 10 312 46 142 82
1626 4 2 1 10 1244 454 507 511
1627 4 2 1 10 600 453 613 443
1628 4 2 1 10 1193 1343 564 563
1629 4 2 1 10 568 592 584 1275
1630 4 2 1 10 980 1009 663 1010
1631 4 2 1 10 387 369 640 402
1632 4 2 1 10 399 597 415 588
1633 4 2 1 10 1343 528 1193 564
1634 4 2 1 10 298 368 640 318
1635 4 2 1 10 66 168 287 143
1636 4 2 1 10 619 418 402 404
1637 4 2 1 10 418 388 404 619
1638 4 2 1 10 610 597 399 588
1639 4 2 1 10 415 383 1297 398
1640 4 2 1 10 321 287 230 318
1641 4 2 1 10 564 1343 562 563
1642 4 2 1 10 1240 942 955 971
1643 4 2 1 10 312 142 180 184
1644 4 2 1 10 1229 608 626 1368
1645 4 2 1 10 388 319 627 403
1646 4 2 1 10 629 383 611 319
1647 4 2 1 10 562 1343 564 1268
1648 4 2 1 10 150 1310 90 434
1649 4 2 1 10 342 319 1285 306
1650 4 2 1 10 305 292 311 1239
1651 4 2 1 10 136 54 79 1313
1652 4 2 1 10 256 185 230 308
1653 4 2 1 10 618 399 433 388
1654 4 2 1 10 1388 906 932 1377
1655 4 2 1 10 1113 1105 1345 1142
1656 4 2 1 10 323 367 393 1239
1657 4 2 1 10 1144 1146 1354 207
1658 4 2 1 10 1097 991 1333 1102
1659 4 2 1 10 319 629 637 611
1660 4 2 1 10 150 72 422 90
1661 4 2 1 10 256 185 308 246
1662 4 2 1 10 694 936 663 679
1663 4 2 1 10 1216 1025 987 986
1664 4 2 1 10 955 941 1240 925
1665 4 2 1 10 371 405 228 420
1666 4 2 1 10 965 981 38 84
1667 4 2 1 10 965 964 981 1283
1668 4 2 1 10 90 1310 150 1222
1669 4 2 1 10 718 925 735 1240
1670 4 2 1 10 640 298 387 385
1671 4 2 1 10 758 760 1316 759
1672 4 2 1 10 1265 645 626 636
1673 4 2 1 10 187 1266 1226 1006
1674 4 2 1 10 614 640 631 402
1675 4 2 1 10 545 571 570 1334
1676 4 2 1 10 402 638 630 639
1677 4 2 1 10 58 41 1319 59
1678 4 2 1 10 972 1240 971 942
1679 4 2 1 10 986 987 1216 1000
1680 4 2 1 10 1354 257 1266 1226
1681 4 2 1 10 899 1307 861 1336
1682 4 2 1 10 298 640 387 369
1683 4 2 1 10 434 228 422 150
1684 4 2 1 10 754 1145 753 1241
1685 4 2 1 10 1227 1147 1145 1241
1686 4 2 1 10 1145 1147 753 1241
1687 4 2 1 10 846 1148 845 1242
1688 4 2 1 10 1247 845 825 844
1689 4 2 1 10 1148 1247 1227 1145
1690 4 2 1 10 1148 1247 1145 844
1691 4 2 1 10 355 1147 356 1243
1692 4 2 1 10 1246 932 1377 1219
1693 4 2 1 10 90 1310 1356 434
1694 4 2 1 10 427 429 1387 597
1695 4 2 1 10 326 1323 366 1150
1696 4 2 1 10 366 1323 367 365
1697 4 2 1 10 366 1323 365 1150
1698 4 2 1 10 1144 874 875 1246
1699 4 2 1 10 1387 429 427 1263
1700 4 2 1 10 1302 546 1334 547
1701 4 2 1 10 1144 869 870 1246
1702 4 2 1 10 198 1144 1219 1246
1703 4 2 1 10 1144 868 869 1246
1704 4 2 1 10 877 1144 1377 878
1705 4 2 1 10 878 1377 879 1144
1706 4 2 1 10 1144 1224 868 1246
1707 4 2 1 10 1387 429 599 597
1708 4 2 1 10 1377 879 1144 880
1709 4 2 1 10 1377 880 1144 1145
1710 4 2 1 10 436 1326 1244 490
1711 4 2 1 10 1227 1148 1151 1252
1712 4 2 1 10 1068 1067 1150 1253
1713 4 2 1 10 1069 1068 1150 1253
1714 4 2 1 10 599 429 1387 1263
1715 4 2 1 10 1226 1146 1150 1253
1716 4 2 1 10 1069 1150 1146 1253
1717 4 2 1 10 1346 1342 1275 584
1718 4 2 1 10 496 475 503 1254
1719 4 2 1 10 503 475 474 1254
1720 4 2 1 10 476 477 1144 1254
1721 4 2 1 10 51 1288 76 75
1722 4 2 1 10 1056 1339 1304 1110
1723 4 2 1 10 474 475 1144 1254
1724 4 2 1 10 475 476 1144 1254
1725 4 2 1 10 1144 1149 474 1254
1726 4 2 1 10 1144 1226 1149 1254
1727 4 2 1 10 1336 1307 861 1224
1728 4 2 1 10 1356 1310 90 1222
1729 4 2 1 10 659 639 638 1255
1730 4 2 1 10 659 638 648 1255
1731 4 2 1 10 922 935 909 1255
1732 4 2 1 10 1026 1217 987 1257
1733 4 2 1 10 659 691 672 1259
1734 4 2 1 10 691 704 672 1259
1735 4 2 1 10 761 1216 1219 1261
1736 4 2 1 10 1219 760 761 1261
1737 4 2 1 10 760 1219 1145 1261
1738 4 2 1 10 1261 757 1241 1145
1739 4 2 1 10 1025 1100 1099 1262
1740 4 2 1 10 732 1295 1218 778
1741 4 2 1 10 732 1215 1218 1262
1742 4 2 1 10 1146 1215 732 1262
1743 4 2 1 10 408 373 426 1263
1744 4 2 1 10 1233 1147 351 1264
1745 4 2 1 10 351 1243 1147 352
1746 4 2 1 10 644 643 625 1265
1747 4 2 1 10 564 581 580 1268
1748 4 2 1 10 831 820 830 1269
1749 4 2 1 10 909 831 830 1269
1750 4 2 1 10 909 830 1259 1269
1751 4 2 1 10 921 831 909 1269
1752 4 2 1 10 26 41 32 1270
1753 4 2 1 10 331 1230 1232 1271
1754 4 2 1 10 1230 331 329 1271
1755 4 2 1 10 329 1150 1230 1271
1756 4 2 1 10 1035 1052 1150 1271
1757 4 2 1 10 287 297 275 1250
1758 4 2 1 10 1304 1339 1056 1265
1759 4 2 1 10 1304 1339 1096 1110
1760 4 2 1 10 984 707 739 740
1761 4 2 1 10 739 707 984 706
1762 4 2 1 10 1149 1225 1380 1148
1763 4 2 1 10 1383 239 208 240
1764 4 2 1 10 1383 239 240 1354
1765 4 2 1 10 193 1329 233 195
1766 4 2 1 10 1320 96 97 1380
1767 4 2 1 10 1243 1147 354 355
1768 4 2 1 10 46 293 303 1273
1769 4 2 1 10 46 293 56 65
1770 4 2 1 10 46 293 65 82
1771 4 2 1 10 312 46 82 293
1772 4 2 1 10 1255 287 186 168
1773 4 2 1 10 1255 186 287 183
1774 4 2 1 10 66 186 287 168
1775 4 2 1 10 66 287 186 183
1776 4 2 1 10 1342 567 1346 538
1777 4 2 1 10 1342 622 1226 1253
1778 4 2 1 10 1214 1325 1344 1215
1779 4 2 1 10 567 592 1342 584
1780 4 2 1 10 1380 98 1149 97
1781 4 2 1 10 567 1346 538 539
1782 4 2 1 10 1262 1012 1024 1042
1783 4 2 1 10 1024 1012 1262 984
1784 4 2 1 10 1096 1339 1304 1265
1785 4 2 1 10 1096 1339 1041 1110
1786 4 2 1 10 1355 537 566 567
1787 4 2 1 10 1227 734 1250 1243
1788 4 2 1 10 169 231 1266 249
1789 4 2 1 10 1248 1029 1021 1097
1790 4 2 1 10 169 1029 1248 1266
1791 4 2 1 10 241 1382 1354 240
1792 4 2 1 10 1282 825 1363 892
1793 4 2 1 10 689 1255 688 670
1794 4 2 1 10 324 1299 1238 161
1795 4 2 1 10 1320 157 155 77
1796 4 2 1 10 614 443 600 613
1797 4 2 1 10 1041 1339 1096 1265
1798 4 2 1 10 1041 1339 1124 1110
1799 4 2 1 10 1345 1047 1129 1385
1800 4 2 1 10 1128 1345 1047 1113
1801 4 2 1 10 1105 1345 1047 1128
1802 4 2 1 10 755 1241 1145 754
1803 4 2 1 10 537 1258 1149 1342
1804 4 2 1 10 1356 1310 1338 434
1805 4 2 1 10 1124 1339 1041 1265
1806 4 2 1 10 640 387 1255 385
1807 4 2 1 10 1301 411 424 450
1808 4 2 1 10 735 1240 796 786
1809 4 2 1 10 620 430 418 1258
1810 4 2 1 10 1261 1279 1240 796
1811 4 2 1 10 850 1225 1242 1223
1812 4 2 1 10 620 387 1255 638
1813 4 2 1 10 1338 1310 1356 1222
1814 4 2 1 10 620 387 630 418
1815 4 2 1 10 835 811 825 1363
1816 4 2 1 10 310 162 374 303
1817 4 2 1 10 301 166 283 291
1818 4 2 1 10 301 166 291 247
1819 4 2 1 10 301 166 230 290
1820 4 2 1 10 301 166 290 283
1821 4 2 1 10 964 67 1006 1011
1822 4 2 1 10 964 1006 67 169
1823 4 2 1 10 1006 67 1029 1011
1824 4 2 1 10 1006 1029 67 169
1825 4 2 1 10 1029 67 1021 1011
1826 4 2 1 10 67 1029 1248 169
1827 4 2 1 10 698 783 1324 746
1828 4 2 1 10 726 1324 783 1146
1829 4 2 1 10 1147 1324 783 746
1830 4 2 1 10 630 387 620 638
1831 4 2 1 10 310 162 303 142
1832 4 2 1 10 181 140 488 152
1833 4 2 1 10 140 181 449 229
1834 4 2 1 10 1245 329 1271 1150
1835 4 2 1 10 1245 329 1150 328
1836 4 2 1 10 1245 329 328 377
1837 4 2 1 10 1245 329 377 1271
1838 4 2 1 10 1225 27 52 44
1839 4 2 1 10 679 995 665 677
1840 4 2 1 10 630 387 402 418
1841 4 2 1 10 402 387 630 638
1842 4 2 1 10 748 1292 1147 1366
1843 4 2 1 10 748 1292 1366 790
1844 4 2 1 10 797 740 971 800
1845 4 2 1 10 971 728 740 797
1846 4 2 1 10 424 179 390 407
1847 4 2 1 10 390 179 424 435
1848 4 2 1 10 1255 909 950 935
1849 4 2 1 10 1255 950 909 949
1850 4 2 1 10 588 427 1387 597
1851 4 2 1 10 28 1242 1303 37
1852 4 2 1 10 599 429 591 597
1853 4 2 1 10 1303 43 28 37
1854 4 2 1 10 1346 592 604 603
1855 4 2 1 10 788 1241 738 799
1856 4 2 1 10 1360 606 571 595
1857 4 2 1 10 1358 1311 1344 171
1858 4 2 1 10 1346 595 605 604
1859 4 2 1 10 738 1241 788 1256
1860 4 2 1 10 1148 96 1380 1149
1861 4 2 1 10 591 429 599 1263
1862 4 2 1 10 604 1346 603 568
1863 4 2 1 10 88 146 930 147
1864 4 2 1 10 1318 88 58 146
1865 4 2 1 10 580 1263 493 591
1866 4 2 1 10 1306 580 1268 562
1867 4 2 1 10 1341 990 976 49
1868 4 2 1 10 737 702 1259 719
1869 4 2 1 10 737 1259 702 733
1870 4 2 1 10 913 833 703 891
1871 4 2 1 10 1318 990 946 1002
1872 4 2 1 10 728 1262 985 1012
1873 4 2 1 10 966 1253 1255 662
1874 4 2 1 10 1253 662 966 676
1875 4 2 1 10 1253 994 966 979
1876 4 2 1 10 1253 966 663 676
1877 4 2 1 10 1244 1238 1149 1249
1878 4 2 1 10 1244 1238 1249 436
1879 4 2 1 10 1244 1238 436 1235
1880 4 2 1 10 1244 1238 1235 1149
1881 4 2 1 10 718 703 925 691
1882 4 2 1 10 833 703 925 913
1883 4 2 1 10 833 925 703 691
1884 4 2 1 10 27 42 1225 50
1885 4 2 1 10 27 1225 42 1223
1886 4 2 1 10 427 1387 409 438
1887 4 2 1 10 1387 373 427 409
1888 4 2 1 10 738 1241 736 799
1889 4 2 1 10 738 1261 691 736
1890 4 2 1 10 756 1241 1145 755
1891 4 2 1 10 736 1241 793 799
1892 4 2 1 10 787 1241 1261 1316
1893 4 2 1 10 804 1247 1256 1269
1894 4 2 1 10 84 965 1283 67
1895 4 2 1 10 1243 1151 356 1379
1896 4 2 1 10 1283 1011 981 84
1897 4 2 1 10 1283 1011 84 67
1898 4 2 1 10 985 1262 728 1216
1899 4 2 1 10 985 1262 986 1012
1900 4 2 1 10 49 1318 990 946
1901 4 2 1 10 986 1262 985 1216
1902 4 2 1 10 372 406 151 389
1903 4 2 1 10 422 406 151 91
1904 4 2 1 10 422 151 406 389
1905 4 2 1 10 580 493 600 591
1906 4 2 1 10 580 600 493 613
1907 4 2 1 10 429 600 493 591
1908 4 2 1 10 32 1270 25 928
1909 4 2 1 10 449 181 435 179
1910 4 2 1 10 227 177 1224 148
1911 4 2 1 10 1224 150 177 227
1912 4 2 1 10 453 1258 613 443
1913 4 2 1 10 986 1262 1025 1012
1914 4 2 1 10 929 1307 899 1336
1915 4 2 1 10 1025 1262 986 1216
1916 4 2 1 10 1239 1387 1237 1276
1917 4 2 1 10 917 88 1270 929
1918 4 2 1 10 1253 1112 1111 1129
1919 4 2 1 10 1253 1111 1112 1068
1920 4 2 1 10 1225 61 27 50
1921 4 2 1 10 1225 27 61 52
1922 4 2 1 10 453 600 493 429
1923 4 2 1 10 453 493 600 613
1924 4 2 1 10 627 388 619 641
1925 4 2 1 10 627 619 388 618
1926 4 2 1 10 1236 394 425 395
1927 4 2 1 10 397 577 587 413
1928 4 2 1 10 27 1288 20 33
1929 4 2 1 10 748 1292 790 749
1930 4 2 1 10 301 230 166 247
1931 4 2 1 10 301 290 230 287
1932 4 2 1 10 183 230 290 287
1933 4 2 1 10 666 1264 713 701
1934 4 2 1 10 1323 305 1239 367
1935 4 2 1 10 20 1288 27 1242
1936 4 2 1 10 1349 90 1222 1356
1937 4 2 1 10 90 422 1349 72
1938 4 2 1 10 90 1349 42 72
1939 4 2 1 10 956 1240 972 942
1940 4 2 1 10 1270 1307 1336 1224
1941 4 2 1 10 899 1307 917 900
1942 4 2 1 10 954 694 925 969
1943 4 2 1 10 13 25 911 18
1944 4 2 1 10 911 25 13 31
1945 4 2 1 10 1360 569 605 595
1946 4 2 1 10 1360 605 569 594
1947 4 2 1 10 1282 844 1308 842
1948 4 2 1 10 1282 844 842 1145
1949 4 2 1 10 629 647 306 637
1950 4 2 1 10 629 306 647 1285
1951 4 2 1 10 406 422 72 91
1952 4 2 1 10 1243 1151 1227 1147
1953 4 2 1 10 1066 1378 1050 1065
1954 4 2 1 10 1253 1066 1378 1111
1955 4 2 1 10 310 395 1236 391
1956 4 2 1 10 162 310 1359 142
1957 4 2 1 10 573 571 1245 596
1958 4 2 1 10 573 1245 571 572
1959 4 2 1 10 1243 1151 1147 356
1960 4 2 1 10 402 369 631 404
1961 4 2 1 10 20 1288 23 33
1962 4 2 1 10 433 597 399 618
1963 4 2 1 10 1340 1251 781 731
1964 4 2 1 10 1251 730 731 1340
1965 4 2 1 10 454 508 1244 507
1966 4 2 1 10 748 1366 747 790
1967 4 2 1 10 1284 1244 454 1258
1968 4 2 1 10 454 1244 512 514
1969 4 2 1 10 180 162 324 161
1970 4 2 1 10 142 312 82 167
1971 4 2 1 10 312 46 293 303
1972 4 2 1 10 1257 1044 1272 1027
1973 4 2 1 10 1257 1272 1044 1217
1974 4 2 1 10 169 143 964 187
1975 4 2 1 10 1226 257 187 265
1976 4 2 1 10 1226 187 257 249
1977 4 2 1 10 391 1237 1239 373
1978 4 2 1 10 1239 1237 391 1236
1979 4 2 1 10 1239 310 391 373
1980 4 2 1 10 391 310 1239 1236
1981 4 2 1 10 635 680 1265 657
1982 4 2 1 10 525 1343 527 526
1983 4 2 1 10 525 1343 526 562
1984 4 2 1 10 1265 680 635 1233
1985 4 2 1 10 23 1288 20 1242
1986 4 2 1 10 1119 1314 1121 1118
1987 4 2 1 10 68 49 1272 1281
1988 4 2 1 10 49 991 68 57
1989 4 2 1 10 68 1272 49 85
1990 4 2 1 10 1307 866 1220 867
1991 4 2 1 10 1307 866 867 901
1992 4 2 1 10 1307 866 901 900
1993 4 2 1 10 747 1366 748 1147
1994 4 2 1 10 284 292 1252 278
1995 4 2 1 10 284 1252 292 302
1996 4 2 1 10 39 981 38 48
1997 4 2 1 10 1226 1007 1255 1017
1998 4 2 1 10 1314 1120 1119 1121
1999 4 2 1 10 993 1255 1007 1017
2000 4 2 1 10 993 1007 1255 979
2001 4 2 1 10 719 1259 691 1256
2002 4 2 1 10 1024 710 699 984
2003 4 2 1 10 1121 1314 1132 1118
2004 4 2 1 10 405 1254 228 150
2005 4 2 1 10 982 694 998 664
2006 4 2 1 10 982 998 694 997
2007 4 2 1 10 1132 1314 1121 1251
2008 4 2 1 10 1117 1314 1305 1118
2009 4 2 1 10 747 1366 741 790
2010 4 2 1 10 741 1366 747 1147
2011 4 2 1 10 23 1288 43 33
2012 4 2 1 10 1276 392 1239 409
2013 4 2 1 10 161 390 181 179
2014 4 2 1 10 1117 1314 1118 1132
2015 4 2 1 10 163 1359 124 1291
2016 4 2 1 10 163 1359 1291 310
2017 4 2 1 10 1331 488 1349 498
2018 4 2 1 10 1331 505 498 497
2019 4 2 1 10 1265 680 1229 657
2020 4 2 1 10 1368 1298 383 381
2021 4 2 1 10 970 925 721 969
2022 4 2 1 10 694 970 721 969
2023 4 2 1 10 375 377 1245 376
2024 4 2 1 10 375 1245 377 412
2025 4 2 1 10 305 1239 311 1323
2026 4 2 1 10 371 178 421 422
2027 4 2 1 10 383 1298 1368 608
2028 4 2 1 10 1216 1262 1218 1217
2029 4 2 1 10 1229 680 1265 1233
2030 4 2 1 10 1229 680 1264 657
2031 4 2 1 10 1216 1262 1217 1025
2032 4 2 1 10 331 329 377 330
2033 4 2 1 10 331 377 329 1271
2034 4 2 1 10 290 166 230 183
2035 4 2 1 10 1315 1328 915 896
2036 4 2 1 10 1019 1063 1253 1051
2037 4 2 1 10 1253 1063 1019 1384
2038 4 2 1 10 938 934 38 13
2039 4 2 1 10 938 38 934 965
2040 4 2 1 10 410 392 1245 397
2041 4 2 1 10 410 1245 392 1239
2042 4 2 1 10 392 1245 1276 1239
2043 4 2 1 10 383 1298 398 381
2044 4 2 1 10 26 1328 1270 915
2045 4 2 1 10 1348 708 1264 666
2046 4 2 1 10 1015 1272 1004 1281
2047 4 2 1 10 1270 1328 26 1223
2048 4 2 1 10 1280 358 1379 289
2049 4 2 1 10 295 1280 289 315
2050 4 2 1 10 398 1298 383 608
2051 4 2 1 10 990 49 946 976
2052 4 2 1 10 49 1318 946 58
2053 4 2 1 10 960 946 49 976
2054 4 2 1 10 960 49 946 58
2055 4 2 1 10 232 1354 266 1266
2056 4 2 1 10 253 257 266 1354
2057 4 2 1 10 909 56 66 47
2058 4 2 1 10 909 66 56 1259
2059 4 2 1 10 1270 1328 1369 915
2060 4 2 1 10 287 66 909 1259
2061 4 2 1 10 934 36 909 47
2062 4 2 1 10 398 1298 414 381
2063 4 2 1 10 29 56 909 47
2064 4 2 1 10 29 909 56 1259
2065 4 2 1 10 36 29 909 47
2066 4 2 1 10 29 909 1269 36
2067 4 2 1 10 1373 64 1327 81
2068 4 2 1 10 80 54 1373 81
2069 4 2 1 10 80 1252 1373 1313
2070 4 2 1 10 1364 906 880 907
2071 4 2 1 10 408 1263 391 373
2072 4 2 1 10 414 1298 398 608
2073 4 2 1 10 257 249 1266 1226
2074 4 2 1 10 257 1266 249 232
2075 4 2 1 10 1369 1328 1270 1223
2076 4 2 1 10 414 1298 379 381
2077 4 2 1 10 1252 34 54 45
2078 4 2 1 10 925 940 694 954
2079 4 2 1 10 953 694 940 954
2080 4 2 1 10 379 1298 414 608
2081 4 2 1 10 1264 680 1229 1233
2082 4 2 1 10 383 1297 319 399
2083 4 2 1 10 1264 680 666 657
2084 4 2 1 10 1330 1216 797 1218
2085 4 2 1 10 971 1216 972 985
2086 4 2 1 10 1240 1216 1261 956
2087 4 2 1 10 1267 1023 1098 1125
2088 4 2 1 10 666 680 1264 1233
2089 4 2 1 10 67 143 964 169
2090 4 2 1 10 1354 260 1372 261
2091 4 2 1 10 1372 260 1254 263
2092 4 2 1 10 980 663 936 679
2093 4 2 1 10 196 198 1309 197
2094 4 2 1 10 190 170 1311 243
2095 4 2 1 10 190 1311 170 171
2096 4 2 1 10 25 18 928 911
2097 4 2 1 10 163 1359 310 142
2098 4 2 1 10 284 163 1291 310
2099 4 2 1 10 1252 310 313 303
2100 4 2 1 10 163 310 303 142
2101 4 2 1 10 702 712 1250 734
2102 4 2 1 10 702 1250 712 686
2103 4 2 1 10 951 981 38 968
2104 4 2 1 10 951 38 981 48
2105 4 2 1 10 319 1297 383 611
2106 4 2 1 10 1151 271 285 280
2107 4 2 1 10 319 1297 403 399
2108 4 2 1 10 70 1270 41 60
2109 4 2 1 10 363 1347 1323 367
2110 4 2 1 10 1373 64 81 54
2111 4 2 1 10 307 1322 370 320
2112 4 2 1 10 590 413 559 598
2113 4 2 1 10 590 559 413 577
2114 4 2 1 10 626 1265 636 617
2115 4 2 1 10 1345 1113 1130 1115
2116 4 2 1 10 1130 1113 1345 1142
2117 4 2 1 10 1270 71 89 148
2118 4 2 1 10 1270 89 71 60
2119 4 2 1 10 488 435 181 152
2120 4 2 1 10 816 834 1256 824
2121 4 2 1 10 816 1256 834 833
2122 4 2 1 10 370 1322 307 1243
2123 4 2 1 10 1023 696 1022 707
2124 4 2 1 10 707 999 998 1022
2125 4 2 1 10 707 998 999 970
2126 4 2 1 10 367 365 1323 364
2127 4 2 1 10 752 791 1292 751
2128 4 2 1 10 597 429 399 415
2129 4 2 1 10 597 399 429 433
2130 4 2 1 10 830 813 1269 820
2131 4 2 1 10 279 1280 289 295
2132 4 2 1 10 403 1297 319 611
2133 4 2 1 10 1307 900 861 862
2134 4 2 1 10 936 694 662 705
2135 4 2 1 10 936 662 694 676
2136 4 2 1 10 1296 497 462 1183
2137 4 2 1 10 497 1296 1331 505
2138 4 2 1 10 1146 1251 781 782
2139 4 2 1 10 642 620 1255 650
2140 4 2 1 10 1255 620 642 1226
2141 4 2 1 10 185 180 309 390
2142 4 2 1 10 39 13 951 48
2143 4 2 1 10 1240 1216 956 972
2144 4 2 1 10 1284 1244 1258 1149
2145 4 2 1 10 1307 1270 1260 1224
2146 4 2 1 10 911 951 13 938
2147 4 2 1 10 917 1307 1260 900
2148 4 2 1 10 951 967 31 975
2149 4 2 1 10 951 39 31 13
2150 4 2 1 10 31 39 951 975
2151 4 2 1 10 704 1259 719 737
2152 4 2 1 10 719 1259 704 691
2153 4 2 1 10 371 178 422 228
2154 4 2 1 10 371 178 228 406
2155 4 2 1 10 1292 734 1243 724
2156 4 2 1 10 1227 734 1243 1241
2157 4 2 1 10 403 1297 610 399
2158 4 2 1 10 663 966 994 980
2159 4 2 1 10 663 966 980 936
2160 4 2 1 10 663 966 936 676
2161 4 2 1 10 610 1297 403 611
2162 4 2 1 10 370 1322 354 320
2163 4 2 1 10 610 1297 588 399
2164 4 2 1 10 1015 976 1272 1014
2165 4 2 1 10 1015 1272 976 1004
2166 4 2 1 10 1240 1216 972 800
2167 4 2 1 10 1307 1260 1270 917
2168 4 2 1 10 151 406 72 91
2169 4 2 1 10 888 1315 814 831
2170 4 2 1 10 422 498 1349 488
2171 4 2 1 10 1349 91 1225 72
2172 4 2 1 10 1349 91 72 422
2173 4 2 1 10 678 696 1265 644
2174 4 2 1 10 1255 936 966 662
2175 4 2 1 10 662 936 966 676
2176 4 2 1 10 418 402 630 614
2177 4 2 1 10 1239 310 323 292
2178 4 2 1 10 1239 323 310 373
2179 4 2 1 10 588 1297 610 611
2180 4 2 1 10 324 162 374 394
2181 4 2 1 10 724 734 1243 712
2182 4 2 1 10 1292 734 724 798
2183 4 2 1 10 814 1315 888 1242
2184 4 2 1 10 991 1001 68 57
2185 4 2 1 10 90 1222 150 149
2186 4 2 1 10 21 1303 1227 1273
2187 4 2 1 10 814 1315 1269 831
2188 4 2 1 10 1303 45 1252 1273
2189 4 2 1 10 748 1292 749 1147
2190 4 2 1 10 1252 1303 1227 1373
2191 4 2 1 10 1246 874 873 1144
2192 4 2 1 10 32 25 1270 40
2193 4 2 1 10 25 928 18 32
2194 4 2 1 10 87 1318 58 146
2195 4 2 1 10 151 406 178 72
2196 4 2 1 10 1247 811 803 808
2197 4 2 1 10 1247 803 811 817
2198 4 2 1 10 728 984 971 740
2199 4 2 1 10 971 740 984 739
2200 4 2 1 10 1269 1315 814 1242
2201 4 2 1 10 394 1238 425 428
2202 4 2 1 10 394 425 1238 1236
2203 4 2 1 10 637 627 319 628
2204 4 2 1 10 668 656 298 627
2205 4 2 1 10 668 298 656 1250
2206 4 2 1 10 1243 1366 1147 1292
2207 4 2 1 10 185 309 167 82
2208 4 2 1 10 1242 1148 1373 1327
2209 4 2 1 10 1279 797 767 768
2210 4 2 1 10 91 435 488 152
2211 4 2 1 10 91 435 152 151
2212 4 2 1 10 91 435 151 422
2213 4 2 1 10 91 435 422 488
2214 4 2 1 10 911 1315 1269 10
2215 4 2 1 10 12 1315 1269 1242
2216 4 2 1 10 1257 973 1261 1216
2217 4 2 1 10 1257 973 1216 987
2218 4 2 1 10 1257 973 987 957
2219 4 2 1 10 1388 973 1257 957
2220 4 2 1 10 1243 271 1250 1227
2221 4 2 1 10 270 1250 277 282
2222 4 2 1 10 277 287 1250 1259
2223 4 2 1 10 277 1250 287 276
2224 4 2 1 10 1315 9 11 14
2225 4 2 1 10 11 1315 14 19
2226 4 2 1 10 1373 1303 1227 1242
2227 4 2 1 10 354 1322 370 1243
2228 4 2 1 10 1327 1303 1373 1242
2229 4 2 1 10 1327 1148 1373 81
2230 4 2 1 10 402 638 1255 387
2231 4 2 1 10 1255 638 402 639
2232 4 2 1 10 1255 640 402 387
2233 4 2 1 10 402 640 1255 639
2234 4 2 1 10 1299 1361 161 160
2235 4 2 1 10 161 119 1299 160
2236 4 2 1 10 1315 9 10 11
2237 4 2 1 10 1021 996 68 1040
2238 4 2 1 10 68 996 1021 67
2239 4 2 1 10 1259 813 1269 830
2240 4 2 1 10 1259 813 830 887
2241 4 2 1 10 1259 813 887 822
2242 4 2 1 10 1259 813 822 1269
2243 4 2 1 10 1365 304 360 359
2244 4 2 1 10 76 1288 1148 75
2245 4 2 1 10 1327 62 73 92
2246 4 2 1 10 1327 74 1288 1148
2247 4 2 1 10 906 1388 919 1364
2248 4 2 1 10 14 1315 26 19
2249 4 2 1 10 354 1322 1379 320
2250 4 2 1 10 1146 213 1266 212
2251 4 2 1 10 619 641 404 631
2252 4 2 1 10 619 404 641 388
2253 4 2 1 10 804 1256 807 1269
2254 4 2 1 10 739 1240 955 971
2255 4 2 1 10 955 1240 739 735
2256 4 2 1 10 1327 1303 43 55
2257 4 2 1 10 1240 796 800 735
2258 4 2 1 10 739 1240 800 801
2259 4 2 1 10 1240 801 739 735
2260 4 2 1 10 26 1315 915 19
2261 4 2 1 10 1240 800 801 735
2262 4 2 1 10 273 283 56 291
2263 4 2 1 10 56 65 293 291
2264 4 2 1 10 55 1303 43 34
2265 4 2 1 10 273 56 293 291
2266 4 2 1 10 293 56 273 1273
2267 4 2 1 10 804 1247 1269 803
2268 4 2 1 10 804 1247 803 805
2269 4 2 1 10 38 938 981 978
2270 4 2 1 10 38 981 938 968
2271 4 2 1 10 1379 1322 354 1243
2272 4 2 1 10 90 1349 1270 42
2273 4 2 1 10 21 1303 28 1242
2274 4 2 1 10 1227 1269 1242 21
2275 4 2 1 10 1303 34 21 28
2276 4 2 1 10 435 390 151 423
2277 4 2 1 10 435 151 390 152
2278 4 2 1 10 152 390 435 181
2279 4 2 1 10 1270 1349 90 1222
2280 4 2 1 10 390 152 161 181
2281 4 2 1 10 390 161 152 151
2282 4 2 1 10 722 705 913 695
2283 4 2 1 10 705 953 940 913
2284 4 2 1 10 705 940 953 694
2285 4 2 1 10 925 705 940 913
2286 4 2 1 10 925 940 705 694
2287 4 2 1 10 721 925 705 694
2288 4 2 1 10 1270 1349 1223 42
2289 4 2 1 10 1315 1328 26 915
2290 4 2 1 10 792 1292 1241 752
2291 4 2 1 10 1241 752 1292 1147
2292 4 2 1 10 792 1292 752 791
2293 4 2 1 10 1223 1349 1270 1222
2294 4 2 1 10 1223 1349 1225 42
2295 4 2 1 10 987 1257 961 1013
2296 4 2 1 10 1366 724 1243 1264
2297 4 2 1 10 1366 724 1264 723
2298 4 2 1 10 1225 1349 1223 1222
2299 4 2 1 10 274 1379 269 279
2300 4 2 1 10 1302 1360 1245 571
2301 4 2 1 10 1367 1134 1362 1123
2302 4 2 1 10 1253 1018 979 1007
2303 4 2 1 10 1253 979 1018 1008
2304 4 2 1 10 805 1256 807 804
2305 4 2 1 10 807 1256 805 810
2306 4 2 1 10 699 667 1267 682
2307 4 2 1 10 699 1267 667 683
2308 4 2 1 10 1245 1360 1302 1150
2309 4 2 1 10 1248 213 1266 1146
2310 4 2 1 10 1248 213 1146 215
2311 4 2 1 10 1248 213 215 188
2312 4 2 1 10 943 1388 834 919
2313 4 2 1 10 1049 1253 1384 1107
2314 4 2 1 10 416 368 248 1226
2315 4 2 1 10 248 1254 416 1226
2316 4 2 1 10 894 825 1242 893
2317 4 2 1 10 1242 825 894 895
2318 4 2 1 10 128 1291 141 127
2319 4 2 1 10 1085 1083 1314 1084
2320 4 2 1 10 1085 1314 1083 1251
2321 4 2 1 10 368 183 1255 318
2322 4 2 1 10 1269 10 24 17
2323 4 2 1 10 1245 1360 1271 571
2324 4 2 1 10 465 1296 489 1249
2325 4 2 1 10 157 111 1249 109
2326 4 2 1 10 158 1249 157 1301
2327 4 2 1 10 21 1242 28 12
2328 4 2 1 10 269 1379 274 1243
2329 4 2 1 10 1269 1242 21 12
2330 4 2 1 10 1271 1360 1245 1150
2331 4 2 1 10 798 1292 1241 802
2332 4 2 1 10 351 1243 352 307
2333 4 2 1 10 792 1292 791 802
2334 4 2 1 10 352 1243 353 370
2335 4 2 1 10 1104 1137 1248 1266
2336 4 2 1 10 1137 1266 1104 1105
2337 4 2 1 10 480 1317 457 481
2338 4 2 1 10 480 457 1317 1254
2339 4 2 1 10 1360 606 595 1346
2340 4 2 1 10 269 1379 286 279
2341 4 2 1 10 31 911 951 13
2342 4 2 1 10 31 951 911 967
2343 4 2 1 10 787 794 1241 1316
2344 4 2 1 10 1148 1227 1373 1252
2345 4 2 1 10 23 1242 12 28
2346 4 2 1 10 1148 1373 1227 1242
2347 4 2 1 10 302 1291 1236 310
2348 4 2 1 10 302 1291 310 284
2349 4 2 1 10 302 1291 284 1252
2350 4 2 1 10 302 1291 1252 1236
2351 4 2 1 10 1255 642 661 675
2352 4 2 1 10 1255 661 642 650
2353 4 2 1 10 597 415 427 439
2354 4 2 1 10 1362 1092 1123 1093
2355 4 2 1 10 1123 1362 1093 1124
2356 4 2 1 10 263 1254 256 264
2357 4 2 1 10 256 1254 263 245
2358 4 2 1 10 1379 269 1322 1243
2359 4 2 1 10 787 1241 794 793
2360 4 2 1 10 1250 1256 702 734
2361 4 2 1 10 1388 927 943 834
2362 4 2 1 10 834 1388 920 919
2363 4 2 1 10 724 1264 723 708
2364 4 2 1 10 286 1379 289 279
2365 4 2 1 10 830 671 910 1255
2366 4 2 1 10 830 671 1255 659
2367 4 2 1 10 1262 1101 1117 1131
2368 4 2 1 10 1262 1117 1101 1100
2369 4 2 1 10 920 1388 834 1261
2370 4 2 1 10 185 389 390 309
2371 4 2 1 10 663 1009 651 1290
2372 4 2 1 10 1253 1290 651 1009
2373 4 2 1 10 920 1388 908 919
2374 4 2 1 10 908 1388 920 1261
2375 4 2 1 10 908 1388 1364 919
2376 4 2 1 10 353 1243 352 1147
2377 4 2 1 10 793 799 1241 792
2378 4 2 1 10 238 1372 239 206
2379 4 2 1 10 802 1241 799 792
2380 4 2 1 10 1236 1238 1299 1234
2381 4 2 1 10 1299 394 1236 162
2382 4 2 1 10 1238 394 1299 324
2383 4 2 1 10 324 394 1299 162
2384 4 2 1 10 622 1346 1342 592
2385 4 2 1 10 161 324 1299 162
2386 4 2 1 10 1254 263 254 262
2387 4 2 1 10 1254 254 263 267
2388 4 2 1 10 348 1285 384 347
2389 4 2 1 10 642 1253 1255 1226
2390 4 2 1 10 1241 787 736 793
2391 4 2 1 10 642 1255 1253 662
2392 4 2 1 10 1255 1253 979 1007
2393 4 2 1 10 826 803 1247 817
2394 4 2 1 10 826 1247 803 1242
2395 4 2 1 10 1284 468 500 1326
2396 4 2 1 10 1284 468 1326 1149
2397 4 2 1 10 833 691 926 941
2398 4 2 1 10 1254 401 248 416
2399 4 2 1 10 368 248 401 416
2400 4 2 1 10 1241 1261 736 787
2401 4 2 1 10 1226 387 430 400
2402 4 2 1 10 1372 252 239 1354
2403 4 2 1 10 1117 1118 1305 1082
2404 4 2 1 10 1083 1305 1251 1314
2405 4 2 1 10 1083 1251 1305 1146
2406 4 2 1 10 1263 437 429 427
2407 4 2 1 10 1263 429 437 493
2408 4 2 1 10 905 880 1377 906
2409 4 2 1 10 1377 879 880 905
2410 4 2 1 10 1261 1316 760 787
2411 4 2 1 10 1261 757 1145 760
2412 4 2 1 10 239 1372 207 206
2413 4 2 1 10 1354 207 1383 1372
2414 4 2 1 10 1364 1388 908 1261
2415 4 2 1 10 307 1322 320 289
2416 4 2 1 10 608 1265 1229 626
2417 4 2 1 10 608 1265 626 617
2418 4 2 1 10 320 1322 1379 289
2419 4 2 1 10 1232 1265 1231 1229
2420 4 2 1 10 207 1372 1144 206
2421 4 2 1 10 241 1382 240 242
2422 4 2 1 10 1268 583 566 582
2423 4 2 1 10 1268 583 582 601
2424 4 2 1 10 1144 1372 207 1354
2425 4 2 1 10 1379 1322 286 289
2426 4 2 1 10 822 807 1269 815
2427 4 2 1 10 537 1258 1342 1355
2428 4 2 1 10 957 1388 943 948
2429 4 2 1 10 915 1315 896 923
2430 4 2 1 10 911 1269 1315 831
2431 4 2 1 10 10 1269 13 17
2432 4 2 1 10 1315 10 911 11
2433 4 2 1 10 232 1354 253 266
2434 4 2 1 10 273 277 56 283
2435 4 2 1 10 273 56 277 1273
2436 4 2 1 10 1259 56 277 283
2437 4 2 1 10 1259 277 56 1273
2438 4 2 1 10 572 1302 1334 547
2439 4 2 1 10 49 1318 58 1257
2440 4 2 1 10 1257 1318 1219 961
2441 4 2 1 10 1388 927 957 943
2442 4 2 1 10 1318 1002 989 961
2443 4 2 1 10 908 834 1261 920
2444 4 2 1 10 819 1256 1261 834
2445 4 2 1 10 353 1243 354 370
2446 4 2 1 10 156 1249 105 1393
2447 4 2 1 10 156 1249 1393 157
2448 4 2 1 10 1393 107 105 106
2449 4 2 1 10 1383 241 208 209
2450 4 2 1 10 363 1347 367 362
2451 4 2 1 10 365 1323 1151 1150
2452 4 2 1 10 286 1322 269 289
2453 4 2 1 10 712 1264 666 701
2454 4 2 1 10 712 1264 701 684
2455 4 2 1 10 1264 724 1243 712
2456 4 2 1 10 657 1265 635 653
2457 4 2 1 10 572 573 1302 547
2458 4 2 1 10 572 1302 573 1245
2459 4 2 1 10 1245 547 548 1150
2460 4 2 1 10 1245 547 1150 1302
2461 4 2 1 10 826 1247 825 817
2462 4 2 1 10 811 825 1247 817
2463 4 2 1 10 80 1148 1373 1252
2464 4 2 1 10 1253 1107 994 1048
2465 4 2 1 10 1253 994 1107 1049
2466 4 2 1 10 523 1306 561 560
2467 4 2 1 10 943 1388 919 948
2468 4 2 1 10 1216 987 1217 1257
2469 4 2 1 10 141 129 1291 128
2470 4 2 1 10 141 1291 129 1252
2471 4 2 1 10 1253 1018 994 1008
2472 4 2 1 10 1253 994 1018 1032
2473 4 2 1 10 1044 1215 1026 1217
2474 4 2 1 10 1379 1322 269 286
2475 4 2 1 10 1121 1367 1120 1089
2476 4 2 1 10 454 1258 430 440
2477 4 2 1 10 430 1258 454 494
2478 4 2 1 10 80 1373 1148 81
2479 4 2 1 10 354 1243 353 1147
2480 4 2 1 10 851 1328 895 852
2481 4 2 1 10 1328 896 895 852
2482 4 2 1 10 895 896 1328 1242
2483 4 2 1 10 1328 897 896 852
2484 4 2 1 10 830 659 1259 887
2485 4 2 1 10 830 671 659 887
2486 4 2 1 10 1266 250 1248 232
2487 4 2 1 10 1346 1150 538 539
2488 4 2 1 10 1342 1346 1150 538
2489 4 2 1 10 1342 1150 1346 1253
2490 4 2 1 10 1332 1353 1372 1144
2491 4 2 1 10 1245 410 378 396
2492 4 2 1 10 1245 378 410 397
2493 4 2 1 10 1120 1367 1121 1251
2494 4 2 1 10 896 1315 888 923
2495 4 2 1 10 1120 1367 1088 1089
2496 4 2 1 10 602 1342 616 621
2497 4 2 1 10 602 1342 621 620
2498 4 2 1 10 1232 1265 1229 608
2499 4 2 1 10 830 672 659 1255
2500 4 2 1 10 830 672 1255 287
2501 4 2 1 10 909 287 830 1255
2502 4 2 1 10 830 287 909 1259
2503 4 2 1 10 830 671 887 910
2504 4 2 1 10 830 672 287 1259
2505 4 2 1 10 888 1315 896 1242
2506 4 2 1 10 830 672 1259 659
2507 4 2 1 10 561 524 1306 523
2508 4 2 1 10 1316 757 760 758
2509 4 2 1 10 1261 757 760 1316
2510 4 2 1 10 1264 655 666 713
2511 4 2 1 10 1264 666 655 687
2512 4 2 1 10 1016 1031 1226 1007
2513 4 2 1 10 1016 1226 1031 1266
2514 4 2 1 10 620 613 418 630
2515 4 2 1 10 620 418 613 1258
2516 4 2 1 10 1372 244 251 263
2517 4 2 1 10 907 1364 884 883
2518 4 2 1 10 808 811 1282 1247
2519 4 2 1 10 1149 1326 467 468
2520 4 2 1 10 12 9 1242 16
2521 4 2 1 10 898 1357 1270 916
2522 4 2 1 10 898 1270 1357 1369
2523 4 2 1 10 914 942 1261 927
2524 4 2 1 10 1261 834 914 927
2525 4 2 1 10 914 834 1261 1256
2526 4 2 1 10 718 787 1261 796
2527 4 2 1 10 1251 731 1146 781
2528 4 2 1 10 1266 250 232 1354
2529 4 2 1 10 1367 1086 1088 1233
2530 4 2 1 10 467 1326 499 468
2531 4 2 1 10 1269 823 822 1259
2532 4 2 1 10 1326 466 1149 467
2533 4 2 1 10 1253 1031 1007 1226
2534 4 2 1 10 1253 1031 1226 1266
2535 4 2 1 10 1252 1303 1373 34
2536 4 2 1 10 1088 1367 1233 1089
2537 4 2 1 10 1273 45 1287 1303
2538 4 2 1 10 1324 654 1251 709
2539 4 2 1 10 1324 709 726 698
2540 4 2 1 10 397 577 413 392
2541 4 2 1 10 499 1326 500 468
2542 4 2 1 10 957 1257 961 987
2543 4 2 1 10 961 1257 957 977
2544 4 2 1 10 1279 762 795 1261
2545 4 2 1 10 499 1326 490 500
2546 4 2 1 10 1262 683 729 711
2547 4 2 1 10 1262 729 683 710
2548 4 2 1 10 1364 818 886 884
2549 4 2 1 10 1367 1086 1120 1088
2550 4 2 1 10 1381 902 870 903
2551 4 2 1 10 1378 1384 1111 1050
2552 4 2 1 10 1003 1015 1272 1014
2553 4 2 1 10 1247 1364 1282 829
2554 4 2 1 10 1111 1384 1378 1253
2555 4 2 1 10 1111 1384 1049 1050
2556 4 2 1 10 77 1249 140 1225
2557 4 2 1 10 449 181 179 229
2558 4 2 1 10 1249 159 165 179
2559 4 2 1 10 398 587 608 590
2560 4 2 1 10 560 579 1306 561
2561 4 2 1 10 591 1306 579 561
2562 4 2 1 10 1364 819 885 829
2563 4 2 1 10 1023 683 1251 1267
2564 4 2 1 10 284 303 1252 313
2565 4 2 1 10 1252 303 284 1273
2566 4 2 1 10 1252 141 163 1273
2567 4 2 1 10 1252 310 303 163
2568 4 2 1 10 1252 163 303 1273
2569 4 2 1 10 1111 1049 1384 1107
2570 4 2 1 10 1263 591 429 493
2571 4 2 1 10 1049 1384 1033 1050
2572 4 2 1 10 1364 819 1247 1241
2573 4 2 1 10 1306 580 561 591
2574 4 2 1 10 580 1263 591 1306
2575 4 2 1 10 1241 1364 1261 1145
2576 4 2 1 10 1263 591 579 599
2577 4 2 1 10 205 1332 1372 1144
2578 4 2 1 10 213 1248 1382 188
2579 4 2 1 10 1239 1387 1276 409
2580 4 2 1 10 1239 1387 409 373
2581 4 2 1 10 1260 148 176 226
2582 4 2 1 10 1260 176 148 89
2583 4 2 1 10 452 1258 494 492
2584 4 2 1 10 494 1258 452 453
2585 4 2 1 10 1248 67 188 170
2586 4 2 1 10 1248 188 67 169
2587 4 2 1 10 1248 1029 1097 1103
2588 4 2 1 10 1244 508 408 507
2589 4 2 1 10 1244 408 508 492
2590 4 2 1 10 1254 254 245 255
2591 4 2 1 10 1254 245 254 267
2592 4 2 1 10 1250 270 276 282
2593 4 2 1 10 1250 276 270 272
2594 4 2 1 10 693 685 1259 692
2595 4 2 1 10 1382 1248 213 1266
2596 4 2 1 10 550 1245 549 1239
2597 4 2 1 10 1374 904 1381 874
2598 4 2 1 10 1321 327 326 325
2599 4 2 1 10 1381 904 903 874
2600 4 2 1 10 326 375 1321 325
2601 4 2 1 10 1282 1247 829 812
2602 4 2 1 10 1372 260 263 238
2603 4 2 1 10 1261 762 795 761
2604 4 2 1 10 1246 196 198 1309
2605 4 2 1 10 1246 196 1309 233
2606 4 2 1 10 1364 1247 819 829
2607 4 2 1 10 1310 444 1222 445
2608 4 2 1 10 1310 444 445 432
2609 4 2 1 10 1310 405 432 445
2610 4 2 1 10 432 405 1310 1254
2611 4 2 1 10 1315 9 14 1242
2612 4 2 1 10 250 1248 232 188
2613 4 2 1 10 829 1247 819 812
2614 4 2 1 10 232 1248 169 188
2615 4 2 1 10 548 573 1245 549
2616 4 2 1 10 1239 548 1245 549
2617 4 2 1 10 191 1344 69 1257
2618 4 2 1 10 1257 1344 69 1272
2619 4 2 1 10 191 1344 1257 1217
2620 4 2 1 10 1033 1384 1049 1253
2621 4 2 1 10 1253 1290 1271 633
2622 4 2 1 10 1033 1384 1019 1050
2623 4 2 1 10 169 1248 232 1266
2624 4 2 1 10 663 1253 1009 994
2625 4 2 1 10 1009 1253 1019 994
2626 4 2 1 10 663 1009 1253 651
2627 4 2 1 10 1253 1290 633 651
2628 4 2 1 10 1385 1105 1047 1031
2629 4 2 1 10 674 297 287 1250
2630 4 2 1 10 674 298 287 297
2631 4 2 1 10 298 297 674 1250
2632 4 2 1 10 685 1259 674 693
2633 4 2 1 10 685 674 1259 1250
2634 4 2 1 10 1259 287 674 693
2635 4 2 1 10 1259 674 287 1250
2636 4 2 1 10 1031 1253 1385 1266
2637 4 2 1 10 1031 1385 1018 1047
2638 4 2 1 10 926 1256 914 1261
2639 4 2 1 10 1253 1031 1018 1007
2640 4 2 1 10 738 1261 736 1241
2641 4 2 1 10 736 787 1261 718
2642 4 2 1 10 1019 1384 1033 1253
2643 4 2 1 10 1271 1230 1265 625
2644 4 2 1 10 1232 1265 1230 1231
2645 4 2 1 10 1269 30 10 22
2646 4 2 1 10 1269 10 30 24
2647 4 2 1 10 58 1257 69 49
2648 4 2 1 10 69 1257 58 87
2649 4 2 1 10 594 1360 585 569
2650 4 2 1 10 585 1360 594 1346
2651 4 2 1 10 19 915 32 18
2652 4 2 1 10 1385 1106 1047 1129
2653 4 2 1 10 819 1247 805 812
2654 4 2 1 10 873 1381 872 903
2655 4 2 1 10 1264 724 712 666
2656 4 2 1 10 1264 724 666 708
2657 4 2 1 10 709 700 1251 730
2658 4 2 1 10 872 1246 873 1144
2659 4 2 1 10 884 1364 837 883
2660 4 2 1 10 525 1306 562 524
2661 4 2 1 10 561 524 562 1306
2662 4 2 1 10 1306 580 562 561
2663 4 2 1 10 525 1306 524 1235
2664 4 2 1 10 1255 688 715 689
2665 4 2 1 10 895 850 1328 851
2666 4 2 1 10 1328 850 895 1242
2667 4 2 1 10 275 1243 1264 1322
2668 4 2 1 10 1264 1322 1243 307
2669 4 2 1 10 1271 633 607 623
2670 4 2 1 10 1271 607 633 625
2671 4 2 1 10 1266 232 169 249
2672 4 2 1 10 1031 1385 1253 1018
2673 4 2 1 10 1267 1265 1125 1098
2674 4 2 1 10 1124 1125 1265 1098
2675 4 2 1 10 1364 1388 1261 1219
2676 4 2 1 10 906 1364 919 907
2677 4 2 1 10 1250 298 655 668
2678 4 2 1 10 627 298 655 637
2679 4 2 1 10 627 655 298 668
2680 4 2 1 10 906 1388 1364 1377
2681 4 2 1 10 919 1364 885 907
2682 4 2 1 10 1372 205 1144 206
2683 4 2 1 10 1255 688 716 715
2684 4 2 1 10 1246 870 1144 871
2685 4 2 1 10 1035 1253 1290 1271
2686 4 2 1 10 1035 1253 1271 1150
2687 4 2 1 10 1268 408 1235 1244
2688 4 2 1 10 436 1235 408 1244
2689 4 2 1 10 436 408 1235 411
2690 4 2 1 10 998 1265 696 1022
2691 4 2 1 10 696 1265 998 678
2692 4 2 1 10 696 707 998 1022
2693 4 2 1 10 998 707 696 678
2694 4 2 1 10 1035 1253 1034 1019
2695 4 2 1 10 1034 1253 1035 1150
2696 4 2 1 10 1034 1253 1051 1019
2697 4 2 1 10 585 1360 568 569
2698 4 2 1 10 926 1256 1261 691
2699 4 2 1 10 926 1256 691 833
2700 4 2 1 10 982 664 995 679
2701 4 2 1 10 677 995 664 679
2702 4 2 1 10 643 995 664 677
2703 4 2 1 10 930 1294 959 961
2704 4 2 1 10 959 1294 1318 961
2705 4 2 1 10 25 944 958 928
2706 4 2 1 10 1364 908 885 819
2707 4 2 1 10 1235 1263 408 1268
2708 4 2 1 10 587 1245 1271 596
2709 4 2 1 10 587 1271 1245 378
2710 4 2 1 10 930 1294 1318 959
2711 4 2 1 10 1271 587 596 608
2712 4 2 1 10 1271 587 608 379
2713 4 2 1 10 1271 587 379 378
2714 4 2 1 10 700 711 1251 731
2715 4 2 1 10 711 1251 683 700
2716 4 2 1 10 568 1360 585 1346
2717 4 2 1 10 837 1364 1145 883
2718 4 2 1 10 1364 829 885 886
2719 4 2 1 10 1247 1364 1241 1145
2720 4 2 1 10 1051 1253 1034 1150
2721 4 2 1 10 171 69 1344 1272
2722 4 2 1 10 1336 929 916 899
2723 4 2 1 10 1270 1307 917 929
2724 4 2 1 10 1364 885 907 886
2725 4 2 1 10 1323 294 305 296
2726 4 2 1 10 1255 689 675 658
2727 4 2 1 10 1255 675 689 715
2728 4 2 1 10 1259 714 702 733
2729 4 2 1 10 294 1151 1323 1252
2730 4 2 1 10 294 1151 285 296
2731 4 2 1 10 1251 1023 1043 1262
2732 4 2 1 10 1268 492 1244 1258
2733 4 2 1 10 1268 492 1258 452
2734 4 2 1 10 1268 492 452 408
2735 4 2 1 10 1268 492 408 1244
2736 4 2 1 10 1259 685 702 714
2737 4 2 1 10 1259 702 685 1250
2738 4 2 1 10 945 1270 898 944
2739 4 2 1 10 1281 1333 1272 68
2740 4 2 1 10 285 1151 294 1252
2741 4 2 1 10 285 1151 280 296
2742 4 2 1 10 1268 528 1235 527
2743 4 2 1 10 298 640 287 318
2744 4 2 1 10 728 984 1262 1012
2745 4 2 1 10 728 1262 984 710
2746 4 2 1 10 699 728 984 710
2747 4 2 1 10 179 1238 1301 161
2748 4 2 1 10 160 1301 179 159
2749 4 2 1 10 1301 161 1361 160
2750 4 2 1 10 1318 1294 1219 961
2751 4 2 1 10 937 1315 911 18
2752 4 2 1 10 568 1360 540 569
2753 4 2 1 10 1147 1324 1264 1233
2754 4 2 1 10 1315 18 915 19
2755 4 2 1 10 937 1315 18 915
2756 4 2 1 10 929 898 1270 916
2757 4 2 1 10 929 1270 898 945
2758 4 2 1 10 540 1360 568 1346
2759 4 2 1 10 991 996 68 1001
2760 4 2 1 10 991 68 996 1040
2761 4 2 1 10 659 823 887 671
2762 4 2 1 10 238 1332 205 237
2763 4 2 1 10 699 740 984 728
2764 4 2 1 10 984 740 699 707
2765 4 2 1 10 706 970 678 707
2766 4 2 1 10 706 678 970 694
2767 4 2 1 10 703 925 735 718
2768 4 2 1 10 321 301 230 287
2769 4 2 1 10 230 301 321 322
2770 4 2 1 10 595 1346 606 604
2771 4 2 1 10 928 975 25 967
2772 4 2 1 10 928 25 975 958
2773 4 2 1 10 228 151 406 178
2774 4 2 1 10 1387 373 1237 1263
2775 4 2 1 10 503 456 1254 495
2776 4 2 1 10 503 1254 456 496
2777 4 2 1 10 422 371 228 448
2778 4 2 1 10 371 178 406 421
2779 4 2 1 10 371 246 406 228
2780 4 2 1 10 371 406 246 372
2781 4 2 1 10 151 406 246 228
2782 4 2 1 10 151 246 406 372
2783 4 2 1 10 1301 424 411 179
2784 4 2 1 10 179 1249 1301 424
2785 4 2 1 10 424 411 179 407
2786 4 2 1 10 1360 606 1346 1271
2787 4 2 1 10 606 1346 624 604
2788 4 2 1 10 539 1346 568 567
2789 4 2 1 10 640 674 287 693
2790 4 2 1 10 613 614 418 630
2791 4 2 1 10 614 443 613 418
2792 4 2 1 10 269 289 1322 281
2793 4 2 1 10 275 1243 1322 269
2794 4 2 1 10 205 1332 1144 204
2795 4 2 1 10 823 703 691 833
2796 4 2 1 10 823 703 833 891
2797 4 2 1 10 823 703 891 671
2798 4 2 1 10 823 703 671 691
2799 4 2 1 10 224 225 1311 69
2800 4 2 1 10 238 1332 237 236
2801 4 2 1 10 1264 1324 1147 1348
2802 4 2 1 10 1094 1109 1312 1095
2803 4 2 1 10 1094 1312 1109 1213
2804 4 2 1 10 1326 1284 1244 512
2805 4 2 1 10 1264 1324 666 1233
2806 4 2 1 10 1371 1276 518 1237
2807 4 2 1 10 1337 1306 1371 1237
2808 4 2 1 10 946 929 88 917
2809 4 2 1 10 946 88 929 960
2810 4 2 1 10 1114 1345 1305 1115
2811 4 2 1 10 1370 1305 1345 1146
2812 4 2 1 10 1371 521 1337 1237
2813 4 2 1 10 624 1346 606 1271
2814 4 2 1 10 1306 1237 1263 1371
2815 4 2 1 10 455 1254 1284 1258
2816 4 2 1 10 1306 1263 1237 1235
2817 4 2 1 10 1254 1149 1258 1226
2818 4 2 1 10 1342 567 538 537
2819 4 2 1 10 1342 1149 537 538
2820 4 2 1 10 509 1284 455 502
2821 4 2 1 10 503 1284 1254 474
2822 4 2 1 10 1254 495 1284 503
2823 4 2 1 10 1311 225 224 1214
2824 4 2 1 10 502 1284 495 503
2825 4 2 1 10 624 1346 1253 604
2826 4 2 1 10 757 794 1241 756
2827 4 2 1 10 1234 1299 120 119
2828 4 2 1 10 1241 1145 757 756
2829 4 2 1 10 518 515 1371 1237
2830 4 2 1 10 69 1344 1311 171
2831 4 2 1 10 1311 1344 69 225
2832 4 2 1 10 1214 1344 1311 225
2833 4 2 1 10 1385 1105 1031 1266
2834 4 2 1 10 1146 1354 207 1266
2835 4 2 1 10 209 1146 207 1266
2836 4 2 1 10 960 25 49 58
2837 4 2 1 10 790 1292 798 791
2838 4 2 1 10 257 232 266 1266
2839 4 2 1 10 120 1299 162 119
2840 4 2 1 10 925 694 721 969
2841 4 2 1 10 798 1292 802 791
2842 4 2 1 10 666 1324 1264 1348
2843 4 2 1 10 975 39 25 31
2844 4 2 1 10 792 1292 802 1241
2845 4 2 1 10 453 1268 437 493
2846 4 2 1 10 1258 1268 493 580
2847 4 2 1 10 1258 613 493 453
2848 4 2 1 10 493 613 1258 580
2849 4 2 1 10 706 955 970 983
2850 4 2 1 10 162 1299 161 119
2851 4 2 1 10 1240 1261 926 942
2852 4 2 1 10 1217 1344 1214 225
2853 4 2 1 10 568 1346 584 567
2854 4 2 1 10 1251 731 730 700
2855 4 2 1 10 241 1382 242 210
2856 4 2 1 10 911 1269 831 921
2857 4 2 1 10 666 1324 654 1233
2858 4 2 1 10 386 368 248 401
2859 4 2 1 10 1254 321 248 401
2860 4 2 1 10 1254 248 321 256
2861 4 2 1 10 321 386 248 401
2862 4 2 1 10 13 1269 911 921
2863 4 2 1 10 728 985 984 1012
2864 4 2 1 10 1264 306 1285 647
2865 4 2 1 10 306 1264 307 288
2866 4 2 1 10 1010 679 995 652
2867 4 2 1 10 13 1269 24 17
2868 4 2 1 10 517 520 1371 1237
2869 4 2 1 10 1342 621 622 592
2870 4 2 1 10 517 1371 515 1237
2871 4 2 1 10 602 583 1342 1258
2872 4 2 1 10 681 666 1324 654
2873 4 2 1 10 1249 1244 1326 1149
2874 4 2 1 10 491 1244 490 451
2875 4 2 1 10 436 1326 490 499
2876 4 2 1 10 1260 1374 870 1246
2877 4 2 1 10 819 1256 1247 1241
2878 4 2 1 10 812 1247 805 808
2879 4 2 1 10 25 960 59 58
2880 4 2 1 10 59 960 958 1319
2881 4 2 1 10 929 960 1319 958
2882 4 2 1 10 1253 1346 624 1271
2883 4 2 1 10 1225 1380 1249 1149
2884 4 2 1 10 537 1258 1355 535
2885 4 2 1 10 535 1355 566 1268
2886 4 2 1 10 1303 37 1327 43
2887 4 2 1 10 691 1240 1261 926
2888 4 2 1 10 691 1261 1240 718
2889 4 2 1 10 105 1249 1380 1149
2890 4 2 1 10 105 1249 1149 107
2891 4 2 1 10 190 69 1311 171
2892 4 2 1 10 190 1311 69 224
2893 4 2 1 10 870 1374 871 1246
2894 4 2 1 10 25 960 988 958
2895 4 2 1 10 25 960 958 59
2896 4 2 1 10 958 988 25 975
2897 4 2 1 10 705 925 717 722
2898 4 2 1 10 722 925 717 913
2899 4 2 1 10 104 1320 155 154
2900 4 2 1 10 717 925 703 913
2901 4 2 1 10 717 703 925 735
2902 4 2 1 10 640 287 674 298
2903 4 2 1 10 1249 1393 157 107
2904 4 2 1 10 970 998 678 707
2905 4 2 1 10 153 155 77 1320
2906 4 2 1 10 1327 37 1303 1242
2907 4 2 1 10 321 248 230 256
2908 4 2 1 10 275 1243 269 1250
2909 4 2 1 10 1327 37 1288 43
2910 4 2 1 10 288 307 1322 1264
2911 4 2 1 10 105 1249 1320 1380
2912 4 2 1 10 105 1380 104 1149
2913 4 2 1 10 690 671 910 912
2914 4 2 1 10 910 671 690 1255
2915 4 2 1 10 1353 227 1224 148
2916 4 2 1 10 234 1224 1246 1260
2917 4 2 1 10 183 1255 1226 368
2918 4 2 1 10 183 248 1226 187
2919 4 2 1 10 1226 248 183 368
2920 4 2 1 10 912 823 671 887
2921 4 2 1 10 151 390 389 423
2922 4 2 1 10 151 389 390 185
2923 4 2 1 10 1248 1146 1262 1215
2924 4 2 1 10 1248 1262 1146 1137
2925 4 2 1 10 1303 45 21 34
2926 4 2 1 10 1303 45 34 1252
2927 4 2 1 10 871 1374 870 1381
2928 4 2 1 10 275 1243 1250 1264
2929 4 2 1 10 1288 37 1327 1242
2930 4 2 1 10 1288 37 23 43
2931 4 2 1 10 1117 1314 1132 1251
2932 4 2 1 10 1305 1251 1262 1146
2933 4 2 1 10 1117 1314 1251 1305
2934 4 2 1 10 1371 520 521 1237
2935 4 2 1 10 183 248 386 368
2936 4 2 1 10 386 318 183 368
2937 4 2 1 10 1249 140 179 165
2938 4 2 1 10 1249 77 165 159
2939 4 2 1 10 1249 77 159 158
2940 4 2 1 10 104 1380 105 1320
2941 4 2 1 10 1249 157 77 158
2942 4 2 1 10 104 1380 101 1149
2943 4 2 1 10 1320 153 1160 100
2944 4 2 1 10 101 1320 154 1160
2945 4 2 1 10 23 37 1288 1242
2946 4 2 1 10 77 1249 1320 157
2947 4 2 1 10 871 1374 872 1246
2948 4 2 1 10 1103 1248 1136 1139
2949 4 2 1 10 657 1265 653 1229
2950 4 2 1 10 1136 1248 1104 1139
2951 4 2 1 10 872 1374 871 1381
2952 4 2 1 10 1103 1248 1104 1136
2953 4 2 1 10 101 1380 104 1320
2954 4 2 1 10 101 1380 100 1149
2955 4 2 1 10 436 1301 411 1238
2956 4 2 1 10 179 1301 1249 159
2957 4 2 1 10 1104 1248 1140 1139
2958 4 2 1 10 436 1301 1238 1249
2959 4 2 1 10 655 637 306 647
2960 4 2 1 10 275 1322 281 269
2961 4 2 1 10 1264 298 288 306
2962 4 2 1 10 306 1264 655 647
2963 4 2 1 10 1264 298 306 655
2964 4 2 1 10 391 1237 1235 1236
2965 4 2 1 10 1235 1237 391 1263
2966 4 2 1 10 702 656 1250 686
2967 4 2 1 10 1320 153 154 1160
2968 4 2 1 10 684 1250 668 686
2969 4 2 1 10 1250 656 668 686
2970 4 2 1 10 100 1380 101 1320
2971 4 2 1 10 155 1320 153 154
2972 4 2 1 10 100 1380 98 1149
2973 4 2 1 10 570 1302 571 569
2974 4 2 1 10 569 1302 571 1360
2975 4 2 1 10 1264 1285 306 307
2976 4 2 1 10 1264 1285 307 384
2977 4 2 1 10 1024 1023 1262 1042
2978 4 2 1 10 1023 683 1267 699
2979 4 2 1 10 1043 1262 1023 1042
2980 4 2 1 10 1023 1251 683 1262
2981 4 2 1 10 1140 1248 1137 1139
2982 4 2 1 10 156 1320 157 155
2983 4 2 1 10 1104 1248 1137 1140
2984 4 2 1 10 98 1380 100 1320
2985 4 2 1 10 89 1270 1260 70
2986 4 2 1 10 12 1315 1242 9
2987 4 2 1 10 872 1374 873 1246
2988 4 2 1 10 873 1374 872 1381
2989 4 2 1 10 32 26 915 19
2990 4 2 1 10 915 26 32 1270
2991 4 2 1 10 1260 1270 917 70
2992 4 2 1 10 873 1374 874 1246
2993 4 2 1 10 569 1302 543 570
2994 4 2 1 10 543 1302 569 1360
2995 4 2 1 10 543 1302 544 570
2996 4 2 1 10 1320 101 100 1160
2997 4 2 1 10 1342 584 1346 567
2998 4 2 1 10 1016 992 1226 1006
2999 4 2 1 10 1226 993 1017 1255
3000 4 2 1 10 992 187 1226 1006
3001 4 2 1 10 992 964 187 1006
3002 4 2 1 10 32 928 915 1270
3003 4 2 1 10 655 1264 1250 684
3004 4 2 1 10 1320 96 153 97
3005 4 2 1 10 1250 668 655 684
3006 4 2 1 10 1370 1146 1345 1075
3007 4 2 1 10 544 1302 543 1150
3008 4 2 1 10 356 1379 1151 358
3009 4 2 1 10 546 1302 544 1150
3010 4 2 1 10 1290 1304 652 995
3011 4 2 1 10 652 1304 1290 1230
3012 4 2 1 10 147 917 930 88
3013 4 2 1 10 1255 187 1226 992
3014 4 2 1 10 187 1255 964 992
3015 4 2 1 10 187 964 1255 143
3016 4 2 1 10 652 1304 643 995
3017 4 2 1 10 187 183 1255 1226
3018 4 2 1 10 187 1255 183 186
3019 4 2 1 10 1255 187 143 186
3020 4 2 1 10 917 1270 88 70
3021 4 2 1 10 147 917 88 70
3022 4 2 1 10 147 917 70 1260
3023 4 2 1 10 838 1364 1145 836
3024 4 2 1 10 838 1364 836 884
3025 4 2 1 10 12 1315 9 10
3026 4 2 1 10 12 1315 10 1269
3027 4 2 1 10 1133 1362 1134 1124
3028 4 2 1 10 1367 1134 1123 1133
3029 4 2 1 10 1134 1362 1123 1124
3030 4 2 1 10 1362 1125 1124 1138
3031 4 2 1 10 1367 1138 1121 1251
3032 4 2 1 10 1367 1138 1251 1267
3033 4 2 1 10 1367 1138 1267 1133
3034 4 2 1 10 1367 1133 1123 1122
3035 4 2 1 10 1268 1258 1149 535
3036 4 2 1 10 1149 1258 1268 1244
3037 4 2 1 10 1149 532 1268 535
3038 4 2 1 10 1250 272 270 269
3039 4 2 1 10 874 1374 873 1381
3040 4 2 1 10 643 1304 652 1230
3041 4 2 1 10 275 272 1250 269
3042 4 2 1 10 1077 1370 1146 1305
3043 4 2 1 10 1270 1307 929 1336
3044 4 2 1 10 1250 277 282 276
3045 4 2 1 10 431 1226 440 400
3046 4 2 1 10 355 1243 1379 354
3047 4 2 1 10 643 1304 1265 995
3048 4 2 1 10 1289 1369 1223 1328
3049 4 2 1 10 1264 275 288 298
3050 4 2 1 10 1266 1006 169 1029
3051 4 2 1 10 531 1268 1149 532
3052 4 2 1 10 1268 1149 530 531
3053 4 2 1 10 1268 1149 528 530
3054 4 2 1 10 187 1266 1006 231
3055 4 2 1 10 671 690 924 912
3056 4 2 1 10 187 1266 231 249
3057 4 2 1 10 440 1226 431 1258
3058 4 2 1 10 912 891 671 823
3059 4 2 1 10 912 671 891 924
3060 4 2 1 10 690 716 1255 688
3061 4 2 1 10 248 321 183 386
3062 4 2 1 10 248 183 321 230
3063 4 2 1 10 318 183 321 386
3064 4 2 1 10 318 321 183 230
3065 4 2 1 10 1149 1235 1268 528
3066 4 2 1 10 1149 1268 1235 1244
3067 4 2 1 10 1362 1125 1138 1267
3068 4 2 1 10 1362 1125 1267 1265
3069 4 2 1 10 1133 1362 1367 1134
3070 4 2 1 10 1362 1125 1265 1124
3071 4 2 1 10 1352 1369 1223 1289
3072 4 2 1 10 1323 305 367 1347
3073 4 2 1 10 1369 1270 1357 1223
3074 4 2 1 10 1006 1266 1030 1029
3075 4 2 1 10 238 263 1372 258
3076 4 2 1 10 1369 1357 858 1223
3077 4 2 1 10 1385 1106 1129 1253
3078 4 2 1 10 1345 1129 1047 1113
3079 4 2 1 10 398 587 590 413
3080 4 2 1 10 414 587 413 379
3081 4 2 1 10 398 587 413 414
3082 4 2 1 10 1297 590 608 598
3083 4 2 1 10 398 587 414 608
3084 4 2 1 10 1297 590 598 413
3085 4 2 1 10 440 1226 430 400
3086 4 2 1 10 988 39 25 975
3087 4 2 1 10 39 960 991 988
3088 4 2 1 10 324 162 303 374
3089 4 2 1 10 1372 252 260 238
3090 4 2 1 10 142 312 167 184
3091 4 2 1 10 1006 1016 1266 1226
3092 4 2 1 10 1006 1266 1016 1030
3093 4 2 1 10 1372 251 258 263
3094 4 2 1 10 1266 169 1006 231
3095 4 2 1 10 231 1006 187 169
3096 4 2 1 10 263 1254 1372 262
3097 4 2 1 10 1332 251 1372 1353
3098 4 2 1 10 934 83 949 143
3099 4 2 1 10 430 1226 440 1258
3100 4 2 1 10 449 181 488 435
3101 4 2 1 10 1297 590 413 398
3102 4 2 1 10 1226 387 400 1255
3103 4 2 1 10 857 1369 1223 1352
3104 4 2 1 10 949 83 934 909
3105 4 2 1 10 949 83 1255 143
3106 4 2 1 10 981 68 39 38
3107 4 2 1 10 836 1364 1145 837
3108 4 2 1 10 1254 431 455 495
3109 4 2 1 10 436 1238 411 1235
3110 4 2 1 10 436 411 1301 450
3111 4 2 1 10 1255 83 949 909
3112 4 2 1 10 1255 83 287 143
3113 4 2 1 10 287 83 1255 909
3114 4 2 1 10 1105 1141 1345 1130
3115 4 2 1 10 819 1247 1256 805
3116 4 2 1 10 812 1247 808 1282
3117 4 2 1 10 1247 805 808 803
3118 4 2 1 10 804 1247 805 1256
3119 4 2 1 10 587 397 379 378
3120 4 2 1 10 449 179 435 424
3121 4 2 1 10 1328 915 896 897
3122 4 2 1 10 1298 1285 1386 381
3123 4 2 1 10 1345 1130 1137 1305
3124 4 2 1 10 641 298 640 674
3125 4 2 1 10 901 1260 900 918
3126 4 2 1 10 901 900 1260 1307
3127 4 2 1 10 930 900 1260 918
3128 4 2 1 10 1305 1137 1345 1146
3129 4 2 1 10 1345 1137 1130 1141
3130 4 2 1 10 53 1288 44 33
3131 4 2 1 10 1318 88 146 930
3132 4 2 1 10 836 1364 837 884
3133 4 2 1 10 1229 1376 342 339
3134 4 2 1 10 513 1244 454 514
3135 4 2 1 10 1278 454 1244 511
3136 4 2 1 10 407 411 179 324
3137 4 2 1 10 930 1318 946 959
3138 4 2 1 10 179 1238 161 324
3139 4 2 1 10 1265 1304 643 1230
3140 4 2 1 10 1024 710 984 1262
3141 4 2 1 10 1024 710 1262 683
3142 4 2 1 10 1023 683 699 1024
3143 4 2 1 10 1023 683 1024 1262
3144 4 2 1 10 1024 710 683 699
3145 4 2 1 10 1024 984 699 1023
3146 4 2 1 10 1348 708 666 697
3147 4 2 1 10 1348 708 697 723
3148 4 2 1 10 44 1288 27 33
3149 4 2 1 10 789 1366 724 1292
3150 4 2 1 10 1294 146 930 1318
3151 4 2 1 10 1294 146 1318 1329
3152 4 2 1 10 1235 1306 527 525
3153 4 2 1 10 379 587 413 397
3154 4 2 1 10 414 587 379 608
3155 4 2 1 10 397 577 392 1245
3156 4 2 1 10 577 587 413 590
3157 4 2 1 10 1010 679 652 663
3158 4 2 1 10 679 995 652 665
3159 4 2 1 10 998 664 995 982
3160 4 2 1 10 998 995 664 1265
3161 4 2 1 10 882 1364 883 1145
3162 4 2 1 10 880 1364 881 1145
3163 4 2 1 10 391 408 1235 1263
3164 4 2 1 10 1235 408 391 411
3165 4 2 1 10 527 1306 1235 1268
3166 4 2 1 10 527 1306 1343 525
3167 4 2 1 10 1243 271 274 269
3168 4 2 1 10 27 1288 44 1225
3169 4 2 1 10 1242 1288 27 1225
3170 4 2 1 10 1343 1306 527 1268
3171 4 2 1 10 1347 280 305 1365
3172 4 2 1 10 1252 34 1373 54
3173 4 2 1 10 858 857 1369 1223
3174 4 2 1 10 899 1307 900 861
3175 4 2 1 10 431 1254 1258 1226
3176 4 2 1 10 1258 1254 431 455
3177 4 2 1 10 1216 1279 764 765
3178 4 2 1 10 431 440 1258 455
3179 4 2 1 10 309 185 167 180
3180 4 2 1 10 1368 629 1229 1285
3181 4 2 1 10 1101 1248 1044 1126
3182 4 2 1 10 788 798 1241 802
3183 4 2 1 10 1347 280 1365 1151
3184 4 2 1 10 1241 799 788 802
3185 4 2 1 10 1279 762 1261 1216
3186 4 2 1 10 976 1341 1272 1003
3187 4 2 1 10 1003 1272 976 1014
3188 4 2 1 10 1343 1306 562 525
3189 4 2 1 10 1023 696 707 699
3190 4 2 1 10 562 1306 1343 1268
3191 4 2 1 10 764 1279 795 765
3192 4 2 1 10 1089 1367 1090 1122
3193 4 2 1 10 1122 1123 1367 1090
3194 4 2 1 10 1367 1121 1133 1122
3195 4 2 1 10 915 928 18 937
3196 4 2 1 10 915 18 928 32
3197 4 2 1 10 911 18 928 937
3198 4 2 1 10 1279 762 1216 764
3199 4 2 1 10 588 427 597 415
3200 4 2 1 10 588 427 415 438
3201 4 2 1 10 1238 411 425 428
3202 4 2 1 10 629 383 319 1285
3203 4 2 1 10 320 1379 356 358
3204 4 2 1 10 319 637 306 298
3205 4 2 1 10 1298 1285 381 1368
3206 4 2 1 10 637 319 627 298
3207 4 2 1 10 795 1279 796 765
3208 4 2 1 10 312 167 309 82
3209 4 2 1 10 309 180 312 324
3210 4 2 1 10 312 180 309 167
3211 4 2 1 10 796 1279 795 1261
3212 4 2 1 10 312 184 180 167
3213 4 2 1 10 180 162 312 324
3214 4 2 1 10 312 142 303 162
3215 4 2 1 10 303 312 162 324
3216 4 2 1 10 312 142 162 180
3217 4 2 1 10 735 925 706 955
3218 4 2 1 10 735 706 925 721
3219 4 2 1 10 970 706 925 955
3220 4 2 1 10 970 925 706 721
3221 4 2 1 10 722 705 925 913
3222 4 2 1 10 592 621 616 1342
3223 4 2 1 10 77 1320 52 78
3224 4 2 1 10 1151 1365 361 360
3225 4 2 1 10 1149 1326 1225 466
3226 4 2 1 10 884 886 1364 907
3227 4 2 1 10 78 52 1288 1320
3228 4 2 1 10 560 516 1306 579
3229 4 2 1 10 560 1306 516 1337
3230 4 2 1 10 78 1288 52 53
3231 4 2 1 10 1298 1368 608 1229
3232 4 2 1 10 1225 1326 1149 1249
3233 4 2 1 10 1353 148 235 244
3234 4 2 1 10 1353 227 148 244
3235 4 2 1 10 1353 1254 244 1372
3236 4 2 1 10 1254 1144 1224 1222
3237 4 2 1 10 254 227 1254 244
3238 4 2 1 10 1353 227 244 1254
3239 4 2 1 10 1224 150 227 1254
3240 4 2 1 10 1367 1138 1133 1121
3241 4 2 1 10 825 1242 1247 826
3242 4 2 1 10 1224 150 1254 1222
3243 4 2 1 10 227 1254 150 254
3244 4 2 1 10 1347 280 1151 296
3245 4 2 1 10 1288 52 53 44
3246 4 2 1 10 96 1375 94 1148
3247 4 2 1 10 94 1375 96 1320
3248 4 2 1 10 94 1375 75 1148
3249 4 2 1 10 1225 1326 465 466
3250 4 2 1 10 75 1375 1288 1148
3251 4 2 1 10 465 1326 1225 1249
3252 4 2 1 10 1367 1121 1122 1089
3253 4 2 1 10 163 1252 1291 141
3254 4 2 1 10 465 1326 499 466
3255 4 2 1 10 1263 1306 1371 516
3256 4 2 1 10 1288 1380 1225 1148
3257 4 2 1 10 1267 1362 1265 1233
3258 4 2 1 10 499 1326 465 1249
3259 4 2 1 10 1218 1217 1262 1215
3260 4 2 1 10 339 1386 340 381
3261 4 2 1 10 1026 1262 1217 1215
3262 4 2 1 10 1026 1217 1262 1025
3263 4 2 1 10 1215 1026 1248 1044
3264 4 2 1 10 1215 1248 1026 1262
3265 4 2 1 10 1101 1248 1026 1044
3266 4 2 1 10 1101 1026 1248 1262
3267 4 2 1 10 789 1366 1292 790
3268 4 2 1 10 489 465 1249 499
3269 4 2 1 10 465 1296 1249 1225
3270 4 2 1 10 340 1386 339 1376
3271 4 2 1 10 340 1386 341 381
3272 4 2 1 10 1366 724 1292 1243
3273 4 2 1 10 1385 1106 1253 1018
3274 4 2 1 10 502 1284 455 495
3275 4 2 1 10 1342 1355 1258 583
3276 4 2 1 10 592 1342 583 567
3277 4 2 1 10 602 1342 583 592
3278 4 2 1 10 179 449 229 1249
3279 4 2 1 10 77 140 1249 165
3280 4 2 1 10 1249 140 1225 449
3281 4 2 1 10 455 1284 1254 495
3282 4 2 1 10 1362 1092 1093 1233
3283 4 2 1 10 1267 1362 1233 1367
3284 4 2 1 10 789 1366 790 723
3285 4 2 1 10 789 1292 724 790
3286 4 2 1 10 700 1251 654 709
3287 4 2 1 10 341 1386 340 1376
3288 4 2 1 10 1233 1251 654 1267
3289 4 2 1 10 1267 654 683 1251
3290 4 2 1 10 1362 1092 1233 1367
3291 4 2 1 10 1347 280 296 305
3292 4 2 1 10 789 1366 723 724
3293 4 2 1 10 1267 683 654 667
3294 4 2 1 10 724 1292 798 790
3295 4 2 1 10 1292 734 798 1241
3296 4 2 1 10 298 306 655 637
3297 4 2 1 10 1251 732 1146 731
3298 4 2 1 10 1251 732 731 711
3299 4 2 1 10 1251 732 711 1262
3300 4 2 1 10 1251 732 1262 1146
3301 4 2 1 10 147 917 1260 930
3302 4 2 1 10 1347 296 1323 305
3303 4 2 1 10 900 1260 917 930
3304 4 2 1 10 1233 1367 1092 1091
3305 4 2 1 10 1323 296 1347 1151
3306 4 2 1 10 675 1255 690 716
3307 4 2 1 10 694 998 970 954
3308 4 2 1 10 694 970 998 678
3309 4 2 1 10 425 1235 1238 1236
3310 4 2 1 10 425 1235 1236 391
3311 4 2 1 10 425 1235 391 411
3312 4 2 1 10 425 1235 411 1238
3313 4 2 1 10 847 894 1274 893
3314 4 2 1 10 846 1274 893 847
3315 4 2 1 10 1274 893 894 1242
3316 4 2 1 10 846 893 1274 1242
3317 4 2 1 10 1367 1233 1090 1091
3318 4 2 1 10 341 1386 1285 381
3319 4 2 1 10 1348 1264 1366 1147
3320 4 2 1 10 1147 1348 742 1366
3321 4 2 1 10 1243 1366 1264 1147
3322 4 2 1 10 1323 294 296 1151
3323 4 2 1 10 1345 1113 1071 1112
3324 4 2 1 10 681 1348 666 697
3325 4 2 1 10 1285 1386 341 1376
3326 4 2 1 10 1385 1106 1018 1047
3327 4 2 1 10 1342 1355 583 567
3328 4 2 1 10 1275 592 1346 603
3329 4 2 1 10 568 592 1275 603
3330 4 2 1 10 1239 294 1323 1252
3331 4 2 1 10 1381 902 903 904
3332 4 2 1 10 741 1147 742 1366
3333 4 2 1 10 1388 932 906 933
3334 4 2 1 10 555 1239 556 1276
3335 4 2 1 10 1239 556 1276 557
3336 4 2 1 10 1388 1377 932 1219
3337 4 2 1 10 361 1365 1175 360
3338 4 2 1 10 565 534 566 1277
3339 4 2 1 10 566 534 535 1277
3340 4 2 1 10 535 566 1277 1268
3341 4 2 1 10 565 1277 566 1268
3342 4 2 1 10 491 454 513 1278
3343 4 2 1 10 491 1278 513 1244
3344 4 2 1 10 513 454 1244 1278
3345 4 2 1 10 766 797 1279 796
3346 4 2 1 10 1348 708 723 1264
3347 4 2 1 10 1279 796 765 766
3348 4 2 1 10 240 1382 188 242
3349 4 2 1 10 622 1342 642 621
3350 4 2 1 10 1151 1280 314 315
3351 4 2 1 10 906 1388 933 919
3352 4 2 1 10 359 1280 316 1151
3353 4 2 1 10 1280 358 289 315
3354 4 2 1 10 279 1379 289 1280
3355 4 2 1 10 1281 991 1015 1028
3356 4 2 1 10 642 1342 622 1226
3357 4 2 1 10 1281 1333 68 991
3358 4 2 1 10 1015 1333 1028 1045
3359 4 2 1 10 1280 316 314 304
3360 4 2 1 10 932 1388 963 933
3361 4 2 1 10 932 1388 961 963
3362 4 2 1 10 963 1388 977 933
3363 4 2 1 10 1284 1244 512 454
3364 4 2 1 10 1145 1282 828 827
3365 4 2 1 10 512 1284 454 509
3366 4 2 1 10 1145 1282 839 828
3367 4 2 1 10 67 1283 964 143
3368 4 2 1 10 642 1342 620 621
3369 4 2 1 10 963 977 1388 961
3370 4 2 1 10 84 965 67 38
3371 4 2 1 10 1283 964 981 1005
3372 4 2 1 10 1149 474 1284 472
3373 4 2 1 10 317 361 1365 1175
3374 4 2 1 10 472 1284 1149 471
3375 4 2 1 10 1284 1149 1254 474
3376 4 2 1 10 1254 1284 1258 1149
3377 4 2 1 10 1342 592 602 616
3378 4 2 1 10 1229 1285 347 346
3379 4 2 1 10 1229 1285 346 345
3380 4 2 1 10 1285 343 345 1229
3381 4 2 1 10 348 1229 1285 347
3382 4 2 1 10 1264 647 1285 1229
3383 4 2 1 10 348 1229 1264 1285
3384 4 2 1 10 348 1264 1229 1233
3385 4 2 1 10 977 1388 957 933
3386 4 2 1 10 307 343 1285 306
3387 4 2 1 10 644 1286 699 696
3388 4 2 1 10 644 1286 696 1267
3389 4 2 1 10 699 696 1286 1267
3390 4 2 1 10 1151 1365 360 359
3391 4 2 1 10 982 997 694 954
3392 4 2 1 10 359 1280 1151 1365
3393 4 2 1 10 1388 973 957 927
3394 4 2 1 10 454 1284 455 509
3395 4 2 1 10 559 516 1387 519
3396 4 2 1 10 455 1284 454 1258
3397 4 2 1 10 45 21 46 1287
3398 4 2 1 10 21 1273 1287 1303
3399 4 2 1 10 1287 46 45 1273
3400 4 2 1 10 242 211 1382 212
3401 4 2 1 10 253 1354 240 239
3402 4 2 1 10 1288 1242 1327 1148
3403 4 2 1 10 1175 1365 304 360
3404 4 2 1 10 1327 51 73 62
3405 4 2 1 10 1288 93 76 1148
3406 4 2 1 10 1288 74 93 1148
3407 4 2 1 10 1327 74 1148 73
3408 4 2 1 10 1327 51 62 43
3409 4 2 1 10 1221 1289 853 854
3410 4 2 1 10 1223 1221 1289 853
3411 4 2 1 10 1289 1221 856 855
3412 4 2 1 10 1221 1289 854 855
3413 4 2 1 10 1352 898 1369 1289
3414 4 2 1 10 1352 856 898 1289
3415 4 2 1 10 1280 316 1151 314
3416 4 2 1 10 280 295 1280 279
3417 4 2 1 10 1290 1061 1036 1230
3418 4 2 1 10 1290 1060 1061 1230
3419 4 2 1 10 903 871 1381 872
3420 4 2 1 10 1060 1290 1059 1230
3421 4 2 1 10 1059 1290 1058 1230
3422 4 2 1 10 1291 126 127 1236
3423 4 2 1 10 125 1236 1291 124
3424 4 2 1 10 128 1236 1291 127
3425 4 2 1 10 1291 129 1236 128
3426 4 2 1 10 1291 1236 129 1252
3427 4 2 1 10 1382 211 1266 212
3428 4 2 1 10 1292 751 750 1147
3429 4 2 1 10 1365 317 1175 304
3430 4 2 1 10 750 1292 1147 749
3431 4 2 1 10 620 1342 642 1226
3432 4 2 1 10 752 1292 1147 751
3433 4 2 1 10 880 1364 1145 1377
3434 4 2 1 10 1364 881 1145 882
3435 4 2 1 10 1293 203 204 237
3436 4 2 1 10 204 1293 237 1332
3437 4 2 1 10 236 237 1293 1332
3438 4 2 1 10 236 203 1293 237
3439 4 2 1 10 304 280 1280 1365
3440 4 2 1 10 1364 1145 1219 1261
3441 4 2 1 10 1347 305 367 317
3442 4 2 1 10 304 1280 280 295
3443 4 2 1 10 432 417 321 1254
3444 4 2 1 10 1364 881 882 907
3445 4 2 1 10 415 1297 413 398
3446 4 2 1 10 919 1388 933 948
3447 4 2 1 10 933 957 948 1388
3448 4 2 1 10 413 1297 415 588
3449 4 2 1 10 835 840 827 1363
3450 4 2 1 10 1266 211 1146 212
3451 4 2 1 10 840 835 892 1363
3452 4 2 1 10 932 1294 902 962
3453 4 2 1 10 602 1342 620 1258
3454 4 2 1 10 1297 590 398 608
3455 4 2 1 10 902 961 962 1294
3456 4 2 1 10 840 1282 827 1363
3457 4 2 1 10 842 892 1363 841
3458 4 2 1 10 683 1251 654 700
3459 4 2 1 10 777 1295 778 1218
3460 4 2 1 10 1258 1342 620 1226
3461 4 2 1 10 1295 728 729 1262
3462 4 2 1 10 732 1295 778 711
3463 4 2 1 10 289 1379 320 358
3464 4 2 1 10 497 1296 505 489
3465 4 2 1 10 1225 462 463 1296
3466 4 2 1 10 1108 1063 1064 1065
3467 4 2 1 10 415 1297 399 588
3468 4 2 1 10 598 1297 413 588
3469 4 2 1 10 608 1297 598 611
3470 4 2 1 10 611 1297 598 588
3471 4 2 1 10 415 383 399 1297
3472 4 2 1 10 379 1298 380 381
3473 4 2 1 10 537 1258 535 1149
3474 4 2 1 10 336 1232 1298 335
3475 4 2 1 10 1232 336 1298 1229
3476 4 2 1 10 1232 1298 608 1229
3477 4 2 1 10 1298 608 1335 1232
3478 4 2 1 10 1245 326 1150 1323
3479 4 2 1 10 1299 120 142 1351
3480 4 2 1 10 1359 1299 142 1351
3481 4 2 1 10 1149 1342 1258 1226
3482 4 2 1 10 1236 1299 1238 394
3483 4 2 1 10 1245 326 1323 1321
3484 4 2 1 10 698 1324 725 746
3485 4 2 1 10 1300 216 1215 217
3486 4 2 1 10 217 1358 1300 170
3487 4 2 1 10 215 1300 1215 1248
3488 4 2 1 10 1300 170 1358 1248
3489 4 2 1 10 1146 1082 1305 1083
3490 4 2 1 10 159 1301 112 113
3491 4 2 1 10 1246 871 1144 872
3492 4 2 1 10 158 1301 159 1249
3493 4 2 1 10 112 1301 159 158
3494 4 2 1 10 239 260 1354 261
3495 4 2 1 10 1394 1378 1108 1391
3496 4 2 1 10 1245 326 1321 327
3497 4 2 1 10 547 1150 1302 546
3498 4 2 1 10 1245 547 1302 573
3499 4 2 1 10 1245 547 573 548
3500 4 2 1 10 156 1249 157 1320
3501 4 2 1 10 1303 34 28 43
3502 4 2 1 10 1245 326 327 1150
3503 4 2 1 10 1057 1056 1231 1304
3504 4 2 1 10 1304 1231 1057 1230
3505 4 2 1 10 1056 1231 1304 1265
3506 4 2 1 10 1230 1265 1304 1231
3507 4 2 1 10 584 592 1342 1275
3508 4 2 1 10 309 389 372 185
3509 4 2 1 10 151 372 389 185
3510 4 2 1 10 550 1245 551 574
3511 4 2 1 10 551 1245 550 1239
3512 4 2 1 10 1116 1305 1080 1081
3513 4 2 1 10 1276 551 1245 574
3514 4 2 1 10 1081 1305 1117 1116
3515 4 2 1 10 1235 522 1306 523
3516 4 2 1 10 1306 522 1235 1237
3517 4 2 1 10 1276 551 574 552
3518 4 2 1 10 1276 551 552 1239
3519 4 2 1 10 1321 1323 375 326
3520 4 2 1 10 156 1393 106 157
3521 4 2 1 10 868 867 1307 1224
3522 4 2 1 10 1307 868 1224 1260
3523 4 2 1 10 1224 1307 1220 867
3524 4 2 1 10 232 1354 240 253
3525 4 2 1 10 1276 551 1239 1245
3526 4 2 1 10 1247 845 844 1148
3527 4 2 1 10 825 843 892 1308
3528 4 2 1 10 892 843 842 1308
3529 4 2 1 10 1282 1308 892 842
3530 4 2 1 10 825 1282 1308 892
3531 4 2 1 10 197 234 1309 233
3532 4 2 1 10 1309 233 234 1246
3533 4 2 1 10 196 1309 233 197
3534 4 2 1 10 196 1329 1246 1219
3535 4 2 1 10 1246 196 1219 198
3536 4 2 1 10 156 1393 105 106
3537 4 2 1 10 1310 459 445 1222
3538 4 2 1 10 459 1310 447 1222
3539 4 2 1 10 1310 446 447 1222
3540 4 2 1 10 446 434 1338 1310
3541 4 2 1 10 150 1222 1310 1254
3542 4 2 1 10 1310 444 432 1254
3543 4 2 1 10 1310 444 1254 1222
3544 4 2 1 10 243 1325 1311 222
3545 4 2 1 10 1392 190 223 224
3546 4 2 1 10 1392 190 224 1311
3547 4 2 1 10 1311 170 1325 243
3548 4 2 1 10 1358 1311 171 170
3549 4 2 1 10 1381 870 871 903
3550 4 2 1 10 1254 431 495 456
3551 4 2 1 10 1339 1109 1110 1055
3552 4 2 1 10 1339 1109 1055 1312
3553 4 2 1 10 1055 1053 1228 1312
3554 4 2 1 10 1053 1054 1228 1312
3555 4 2 1 10 1228 1054 1095 1312
3556 4 2 1 10 156 1249 1320 105
3557 4 2 1 10 1094 1312 1228 1095
3558 4 2 1 10 200 1353 201 1144
3559 4 2 1 10 79 164 1313 1252
3560 4 2 1 10 1313 135 136 80
3561 4 2 1 10 1313 135 80 1252
3562 4 2 1 10 136 1313 79 164
3563 4 2 1 10 375 1323 1321 1245
3564 4 2 1 10 1314 1119 1084 1118
3565 4 2 1 10 1085 1314 1119 1084
3566 4 2 1 10 1314 1120 1121 1251
3567 4 2 1 10 1390 307 1285 384
3568 4 2 1 10 384 1390 307 344
3569 4 2 1 10 888 911 923 1315
3570 4 2 1 10 1214 1392 224 1311
3571 4 2 1 10 1316 1241 757 794
3572 4 2 1 10 758 787 1316 794
3573 4 2 1 10 794 757 1316 758
3574 4 2 1 10 1390 384 345 344
3575 4 2 1 10 1317 432 458 1254
3576 4 2 1 10 481 432 458 1317
3577 4 2 1 10 480 458 1317 481
3578 4 2 1 10 480 1317 458 1254
3579 4 2 1 10 1285 345 1390 346
3580 4 2 1 10 877 1377 1389 878
3581 4 2 1 10 1138 1362 1267 1133
3582 4 2 1 10 1138 1362 1133 1124
3583 4 2 1 10 1294 146 1329 1260
3584 4 2 1 10 946 989 961 1318
3585 4 2 1 10 1318 88 930 946
3586 4 2 1 10 1318 1002 961 1257
3587 4 2 1 10 1284 468 1149 469
3588 4 2 1 10 342 1376 1229 1285
3589 4 2 1 10 1354 1383 207 209
3590 4 2 1 10 1214 1392 223 224
3591 4 2 1 10 58 41 88 1319
3592 4 2 1 10 1214 1392 222 223
3593 4 2 1 10 929 1319 960 88
3594 4 2 1 10 1319 960 88 58
3595 4 2 1 10 1389 905 904 876
3596 4 2 1 10 1214 1392 1311 222
3597 4 2 1 10 1326 1244 490 491
3598 4 2 1 10 1326 1244 491 513
3599 4 2 1 10 705 717 925 735
3600 4 2 1 10 1228 1362 1312 1093
3601 4 2 1 10 182 309 185 82
3602 4 2 1 10 1228 1312 1362 1339
3603 4 2 1 10 1393 107 106 157
3604 4 2 1 10 105 1320 156 104
3605 4 2 1 10 1249 1393 107 105
3606 4 2 1 10 1320 96 94 153
3607 4 2 1 10 1389 875 877 876
3608 4 2 1 10 875 1377 1246 1374
3609 4 2 1 10 877 905 1389 876
3610 4 2 1 10 1063 1394 1378 1065
3611 4 2 1 10 376 327 1321 325
3612 4 2 1 10 1321 327 376 1245
3613 4 2 1 10 1321 375 376 325
3614 4 2 1 10 376 375 1321 1245
3615 4 2 1 10 1322 289 300 281
3616 4 2 1 10 1322 307 281 300
3617 4 2 1 10 1050 1391 1378 1384
3618 4 2 1 10 1322 307 300 289
3619 4 2 1 10 534 565 533 1277
3620 4 2 1 10 557 558 1276 519
3621 4 2 1 10 126 1236 1291 125
3622 4 2 1 10 1339 1265 1362 1228
3623 4 2 1 10 163 125 1291 124
3624 4 2 1 10 566 537 1355 536
3625 4 2 1 10 1108 1063 1065 1394
3626 4 2 1 10 365 1151 1323 364
3627 4 2 1 10 1233 1093 1362 1228
3628 4 2 1 10 746 1348 745 1147
3629 4 2 1 10 1245 573 550 549
3630 4 2 1 10 1245 550 573 574
3631 4 2 1 10 1265 1233 1362 1228
3632 4 2 1 10 201 1353 200 236
3633 4 2 1 10 568 1275 1346 603
3634 4 2 1 10 1332 201 1353 1144
3635 4 2 1 10 1323 1239 1150 1245
3636 4 2 1 10 1323 375 367 1239
3637 4 2 1 10 1323 363 367 364
3638 4 2 1 10 1323 1239 1151 1150
3639 4 2 1 10 1323 363 364 1151
3640 4 2 1 10 1146 1324 1233 1251
3641 4 2 1 10 1146 1233 1324 1147
3642 4 2 1 10 746 1348 1147 1324
3643 4 2 1 10 709 1324 654 698
3644 4 2 1 10 1050 1391 1384 1019
3645 4 2 1 10 1282 818 808 812
3646 4 2 1 10 904 875 1389 876
3647 4 2 1 10 1108 1063 1019 1064
3648 4 2 1 10 1372 252 238 239
3649 4 2 1 10 1247 1364 1145 1282
3650 4 2 1 10 1388 1257 977 957
3651 4 2 1 10 1394 1108 1378 1065
3652 4 2 1 10 320 355 1379 354
3653 4 2 1 10 1279 762 764 795
3654 4 2 1 10 1261 762 761 1216
3655 4 2 1 10 1301 161 160 179
3656 4 2 1 10 1214 1325 220 222
3657 4 2 1 10 1358 1311 170 1325
3658 4 2 1 10 239 1354 1383 1372
3659 4 2 1 10 1325 1214 1311 222
3660 4 2 1 10 335 334 1298 380
3661 4 2 1 10 1298 334 335 1232
3662 4 2 1 10 1298 334 1335 380
3663 4 2 1 10 1335 334 1298 1232
3664 4 2 1 10 1361 1301 114 1238
3665 4 2 1 10 1284 468 469 500
3666 4 2 1 10 179 1238 324 411
3667 4 2 1 10 137 1327 81 1148
3668 4 2 1 10 1299 1238 161 1361
3669 4 2 1 10 1327 137 138 1148
3670 4 2 1 10 1361 115 116 1238
3671 4 2 1 10 1373 64 54 34
3672 4 2 1 10 1108 1394 1391 1019
3673 4 2 1 10 853 1328 1223 852
3674 4 2 1 10 1223 1289 1328 853
3675 4 2 1 10 1369 897 1289 898
3676 4 2 1 10 1369 897 898 915
3677 4 2 1 10 1361 116 117 1238
3678 4 2 1 10 1361 114 115 1238
3679 4 2 1 10 1390 343 345 1285
3680 4 2 1 10 343 1390 345 344
3681 4 2 1 10 1390 343 307 344
3682 4 2 1 10 198 234 1353 1309
3683 4 2 1 10 118 1361 117 1238
3684 4 2 1 10 196 1329 1219 195
3685 4 2 1 10 1329 175 176 1260
3686 4 2 1 10 207 239 1383 1372
3687 4 2 1 10 118 1361 1238 1299
3688 4 2 1 10 193 1329 174 233
3689 4 2 1 10 196 1329 195 233
3690 4 2 1 10 559 516 578 1387
3691 4 2 1 10 339 1386 382 338
3692 4 2 1 10 382 1386 337 338
3693 4 2 1 10 382 337 1386 336
3694 4 2 1 10 381 1386 336 382
3695 4 2 1 10 1330 770 769 1218
3696 4 2 1 10 1295 797 729 728
3697 4 2 1 10 1330 1216 1218 769
3698 4 2 1 10 771 770 1330 1218
3699 4 2 1 10 21 1303 1242 1227
3700 4 2 1 10 1330 1216 769 1279
3701 4 2 1 10 1331 461 498 1349
3702 4 2 1 10 460 461 1331 1225
3703 4 2 1 10 1331 460 1225 462
3704 4 2 1 10 1331 488 498 505
3705 4 2 1 10 497 1296 489 1183
3706 4 2 1 10 462 1225 1331 1296
3707 4 2 1 10 1360 541 569 542
3708 4 2 1 10 588 427 438 1387
3709 4 2 1 10 205 1332 204 237
3710 4 2 1 10 336 1229 1386 1298
3711 4 2 1 10 1332 251 1353 236
3712 4 2 1 10 1332 202 1144 204
3713 4 2 1 10 1097 1333 991 68
3714 4 2 1 10 1333 1127 1102 1045
3715 4 2 1 10 164 135 1313 134
3716 4 2 1 10 1333 991 1045 1102
3717 4 2 1 10 1299 118 119 1234
3718 4 2 1 10 118 1299 1238 1234
3719 4 2 1 10 1335 334 333 380
3720 4 2 1 10 333 334 1335 1232
3721 4 2 1 10 1290 652 663 1010
3722 4 2 1 10 1290 1037 1062 1230
3723 4 2 1 10 1036 1037 1290 1230
3724 4 2 1 10 1062 1290 1230 1052
3725 4 2 1 10 1386 337 1229 336
3726 4 2 1 10 1386 1229 337 338
3727 4 2 1 10 1271 1290 1052 1230
3728 4 2 1 10 633 1290 1271 1230
3729 4 2 1 10 543 1302 1360 1150
3730 4 2 1 10 339 1229 1386 338
3731 4 2 1 10 546 572 1334 547
3732 4 2 1 10 1334 571 1302 572
3733 4 2 1 10 545 546 572 1334
3734 4 2 1 10 545 571 1334 572
3735 4 2 1 10 356 1243 1379 355
3736 4 2 1 10 332 1232 1335 331
3737 4 2 1 10 333 1232 1335 332
3738 4 2 1 10 1298 1285 1368 1229
3739 4 2 1 10 1146 1324 782 727
3740 4 2 1 10 782 1324 1146 1251
3741 4 2 1 10 1335 1232 608 1271
3742 4 2 1 10 1232 1335 331 1271
3743 4 2 1 10 1346 605 594 604
3744 4 2 1 10 124 1359 142 123
3745 4 2 1 10 163 1359 142 124
3746 4 2 1 10 1252 310 163 284
3747 4 2 1 10 1252 310 284 313
3748 4 2 1 10 284 163 1252 1291
3749 4 2 1 10 1357 899 1336 916
3750 4 2 1 10 595 1360 1346 605
3751 4 2 1 10 1336 860 859 1224
3752 4 2 1 10 1336 861 860 1224
3753 4 2 1 10 929 1307 917 899
3754 4 2 1 10 244 1353 1372 251
3755 4 2 1 10 1336 1270 1224 1357
3756 4 2 1 10 244 263 1372 262
3757 4 2 1 10 522 1337 521 1237
3758 4 2 1 10 1337 522 1306 1237
3759 4 2 1 10 516 521 1337 1371
3760 4 2 1 10 1337 1306 516 1371
3761 4 2 1 10 1129 1345 1253 1112
3762 4 2 1 10 1356 487 422 434
3763 4 2 1 10 210 1146 209 1266
3764 4 2 1 10 1222 446 1338 1310
3765 4 2 1 10 483 1338 484 1222
3766 4 2 1 10 1338 482 446 1222
3767 4 2 1 10 482 1338 483 1222
3768 4 2 1 10 1055 1228 1056 1339
3769 4 2 1 10 1228 1056 1339 1265
3770 4 2 1 10 1339 1265 1124 1362
3771 4 2 1 10 1362 1312 1124 1339
3772 4 2 1 10 1228 1055 1312 1339
3773 4 2 1 10 1085 1212 1314 1086
3774 4 2 1 10 709 1251 1340 730
3775 4 2 1 10 1340 781 784 780
3776 4 2 1 10 1340 709 730 780
3777 4 2 1 10 49 1272 69 86
3778 4 2 1 10 1357 1224 858 1223
3779 4 2 1 10 86 49 1272 144
3780 4 2 1 10 1341 69 1272 1257
3781 4 2 1 10 1226 1342 1150 1149
3782 4 2 1 10 1226 1150 1342 1253
3783 4 2 1 10 782 1324 784 727
3784 4 2 1 10 1129 1345 1112 1113
3785 4 2 1 10 784 1324 709 727
3786 4 2 1 10 1253 1266 1146 1345
3787 4 2 1 10 1085 1119 1314 1212
3788 4 2 1 10 54 80 1373 1313
3789 4 2 1 10 1276 392 409 559
3790 4 2 1 10 925 705 735 721
3791 4 2 1 10 1150 1360 543 542
3792 4 2 1 10 859 1357 1224 858
3793 4 2 1 10 1346 605 1360 594
3794 4 2 1 10 1344 1272 1215 1358
3795 4 2 1 10 1050 1391 1019 1108
3796 4 2 1 10 1343 563 527 526
3797 4 2 1 10 1343 563 526 562
3798 4 2 1 10 1394 1384 1378 1391
3799 4 2 1 10 1306 524 1235 523
3800 4 2 1 10 1050 1391 1108 1378
3801 4 2 1 10 1315 1328 896 1242
3802 4 2 1 10 1108 1063 1394 1019
3803 4 2 1 10 310 1359 1291 1236
3804 4 2 1 10 1329 195 193 1219
3805 4 2 1 10 124 1359 123 1236
3806 4 2 1 10 1236 1299 1359 1351
3807 4 2 1 10 191 1344 1217 225
3808 4 2 1 10 1257 1217 1344 1272
3809 4 2 1 10 191 1344 225 69
3810 4 2 1 10 1348 745 744 725
3811 4 2 1 10 1348 744 1147 743
3812 4 2 1 10 787 758 1316 759
3813 4 2 1 10 363 1347 362 1151
3814 4 2 1 10 1347 367 362 1177
3815 4 2 1 10 192 1219 1329 194
3816 4 2 1 10 1077 1075 1370 1076
3817 4 2 1 10 842 1145 840 1282
3818 4 2 1 10 124 1359 1236 1291
3819 4 2 1 10 162 1236 310 395
3820 4 2 1 10 1247 845 1148 1242
3821 4 2 1 10 844 1247 1145 1282
3822 4 2 1 10 1351 122 1359 1236
3823 4 2 1 10 1146 1345 1072 1071
3824 4 2 1 10 1219 193 1329 194
3825 4 2 1 10 1345 1146 1072 1073
3826 4 2 1 10 1073 1114 1345 1074
3827 4 2 1 10 1318 1329 146 87
3828 4 2 1 10 1130 1345 1105 1142
3829 4 2 1 10 207 1383 208 209
3830 4 2 1 10 1383 239 207 208
3831 4 2 1 10 122 123 1359 1236
3832 4 2 1 10 1355 583 566 1268
3833 4 2 1 10 1350 1318 1257 87
3834 4 2 1 10 604 1346 593 585
3835 4 2 1 10 1150 540 539 1346
3836 4 2 1 10 1346 594 585 604
3837 4 2 1 10 540 1360 541 569
3838 4 2 1 10 1296 488 505 449
3839 4 2 1 10 1346 568 604 593
3840 4 2 1 10 384 1285 1390 346
3841 4 2 1 10 1346 568 584 1275
3842 4 2 1 10 156 1320 155 104
3843 4 2 1 10 1236 162 1359 1299
3844 4 2 1 10 1355 583 567 566
3845 4 2 1 10 1329 1350 1219 192
3846 4 2 1 10 518 1239 1276 557
3847 4 2 1 10 518 1239 1237 1276
3848 4 2 1 10 1215 219 1325 1358
3849 4 2 1 10 465 1296 464 489
3850 4 2 1 10 1239 1387 373 1237
3851 4 2 1 10 465 1296 1225 464
3852 4 2 1 10 1296 449 505 489
3853 4 2 1 10 1296 463 1225 464
3854 4 2 1 10 1356 484 1338 1222
3855 4 2 1 10 486 484 1356 1222
3856 4 2 1 10 1300 1358 1215 1248
3857 4 2 1 10 1177 1347 367 317
3858 4 2 1 10 1356 486 1222 1349
3859 4 2 1 10 1348 725 743 697
3860 4 2 1 10 243 222 221 1325
3861 4 2 1 10 840 842 1363 841
3862 4 2 1 10 1348 744 743 725
3863 4 2 1 10 1279 768 1216 769
3864 4 2 1 10 1295 797 728 1218
3865 4 2 1 10 971 1216 985 728
3866 4 2 1 10 1282 892 1363 842
3867 4 2 1 10 1218 797 728 1216
3868 4 2 1 10 1265 653 645 636
3869 4 2 1 10 217 1215 1300 1358
3870 4 2 1 10 1216 1279 767 768
3871 4 2 1 10 1344 1325 1358 1215
3872 4 2 1 10 1326 466 467 499
3873 4 2 1 10 1264 384 350 1285
3874 4 2 1 10 1371 519 516 518
3875 4 2 1 10 1348 1264 723 1366
3876 4 2 1 10 1239 552 1276 553
3877 4 2 1 10 219 1215 218 1358
3878 4 2 1 10 1368 629 611 608
3879 4 2 1 10 342 1285 1229 343
3880 4 2 1 10 1285 383 319 342
3881 4 2 1 10 1147 1348 743 742
3882 4 2 1 10 629 1285 647 1229
3883 4 2 1 10 217 218 1215 1358
3884 4 2 1 10 1366 1348 742 723
3885 4 2 1 10 1349 42 72 1225
3886 4 2 1 10 555 1239 1276 553
3887 4 2 1 10 486 1349 461 1225
3888 4 2 1 10 1349 486 1222 1225
3889 4 2 1 10 1296 488 449 1225
3890 4 2 1 10 1349 91 422 488
3891 4 2 1 10 1349 91 488 1225
3892 4 2 1 10 1331 461 1349 1225
3893 4 2 1 10 1331 488 1225 1349
3894 4 2 1 10 1329 145 192 174
3895 4 2 1 10 1329 145 174 87
3896 4 2 1 10 173 1219 1350 192
3897 4 2 1 10 1350 1318 87 1329
3898 4 2 1 10 173 1350 1219 1257
3899 4 2 1 10 1327 138 139 1148
3900 4 2 1 10 92 1327 139 1148
3901 4 2 1 10 383 608 1368 611
3902 4 2 1 10 1148 1327 73 92
3903 4 2 1 10 1237 1387 1263 1371
3904 4 2 1 10 1327 74 73 51
3905 4 2 1 10 1082 1118 1305 1083
3906 4 2 1 10 1353 227 1254 1224
3907 4 2 1 10 1234 122 121 1351
3908 4 2 1 10 120 121 1351 1234
3909 4 2 1 10 1234 122 1351 1236
3910 4 2 1 10 1299 120 1351 1234
3911 4 2 1 10 1236 1299 1351 1234
3912 4 2 1 10 1352 857 856 1221
3913 4 2 1 10 857 1352 1223 1221
3914 4 2 1 10 1221 1352 1223 1289
3915 4 2 1 10 1221 856 1352 1289
3916 4 2 1 10 199 1353 1144 198
3917 4 2 1 10 1332 201 1144 202
3918 4 2 1 10 1353 1224 1144 1246
3919 4 2 1 10 1144 198 1353 1246
3920 4 2 1 10 1304 1039 1020 1096
3921 4 2 1 10 1304 1058 1290 1230
3922 4 2 1 10 1353 1144 200 199
3923 4 2 1 10 1332 201 202 236
3924 4 2 1 10 1304 998 995 1039
3925 4 2 1 10 1332 201 236 1353
3926 4 2 1 10 1357 899 916 898
3927 4 2 1 10 1357 899 898 859
3928 4 2 1 10 1304 1058 1230 1057
3929 4 2 1 10 1342 1355 567 537
3930 4 2 1 10 220 1215 219 1325
3931 4 2 1 10 1355 583 1268 1258
3932 4 2 1 10 1358 219 1325 170
3933 4 2 1 10 862 1307 863 1220
3934 4 2 1 10 865 1307 866 1220
3935 4 2 1 10 864 863 1307 1220
3936 4 2 1 10 864 1307 865 1220
3937 4 2 1 10 1304 998 1039 1096
3938 4 2 1 10 1220 1307 861 862
3939 4 2 1 10 1307 861 1224 1220
3940 4 2 1 10 1304 1058 1057 1020
3941 4 2 1 10 1301 113 114 1238
3942 4 2 1 10 160 1301 114 1361
3943 4 2 1 10 1117 1251 1132 1043
3944 4 2 1 10 1301 161 1238 1361
3945 4 2 1 10 436 1301 1249 424
3946 4 2 1 10 436 1301 424 450
3947 4 2 1 10 179 1238 411 1301
3948 4 2 1 10 305 1365 280 317
3949 4 2 1 10 622 1346 592 604
3950 4 2 1 10 1295 777 776 1218
3951 4 2 1 10 771 1295 772 1218
3952 4 2 1 10 776 775 1295 1218
3953 4 2 1 10 775 774 1295 1218
3954 4 2 1 10 773 772 1295 1218
3955 4 2 1 10 774 773 1295 1218
3956 4 2 1 10 1295 728 1262 1218
3957 4 2 1 10 652 1290 995 1010
3958 4 2 1 10 1336 1270 1357 916
3959 4 2 1 10 1295 797 1218 1330
3960 4 2 1 10 771 1330 1295 1218
3961 4 2 1 10 1336 859 1357 1224
3962 4 2 1 10 840 1145 827 1282
3963 4 2 1 10 544 1334 545 570
3964 4 2 1 10 544 1334 570 1302
3965 4 2 1 10 1362 1124 1312 1093
3966 4 2 1 10 1094 1228 1312 1093
3967 4 2 1 10 1357 1270 1224 1223
3968 4 2 1 10 1336 1270 916 929
3969 4 2 1 10 1144 1146 1226 1354
3970 4 2 1 10 1360 541 542 1150
3971 4 2 1 10 1365 317 304 280
3972 4 2 1 10 1266 1354 1226 1146
3973 4 2 1 10 241 209 1354 210
3974 4 2 1 10 535 566 1355 536
3975 4 2 1 10 1146 1073 1345 1074
3976 4 2 1 10 1114 1370 1345 1075
3977 4 2 1 10 1380 1320 1375 52
3978 4 2 1 10 961 932 1294 1388
3979 4 2 1 10 629 1229 626 1368
3980 4 2 1 10 252 1354 1372 261
3981 4 2 1 10 294 305 311 1323
3982 4 2 1 10 905 877 1389 878
3983 4 2 1 10 111 158 157 1301
3984 4 2 1 10 140 179 229 1249
3985 4 2 1 10 1354 257 266 1266
3986 4 2 1 10 1253 1111 1384 1107
3987 4 2 1 10 45 21 1287 1303
3988 4 2 1 10 1151 1239 1323 1252
3989 4 2 3 11 1398 4 3 1395
3990 4 2 3 11 1397 5 1396 6
3991 4 2 3 11 3 4 8 1395
3992 4 2 3 11 1396 5 1 6
3993 4 2 3 11 6 1397 7 8
3994 4 2 3 11 1397 5 6 7
3995 4 2 3 11 3 7 1395 8
3996 4 2 3 11 3 1395 7 1153
3997 4 2 3 11 1398 3 2 1
3998 4 2 3 11 1398 4 1395 1152
3999 4 2 3 11 2 6 1396 1
4000 4 2 3 11 1396 6 2 1152
4001 4 2 3 11 1398 4 1152 2
4002 4 2 3 11 1395 4 8 1152
4003 4 2 3 11 1395 7 1397 8
4004 4 2 3 11 1395 1397 7 1153
4005 4 2 3 11 1398 4 2 3
4006 4 2 3 11 1397 5 7 1153
4007 4 2 3 11 1153 5 1 1396
4008 4 2 3 11 1397 5 1153 1396
4009 4 2 3 11 2 1396 1398 1
4010 4 2 3 11 1398 1396 2 1152
4011 4 2 3 11 6 1152 1397 8
4012 4 2 3 11 6 1397 1152 1396
4013 4 2 3 11 1395 1397 1152 8
4014 4 2 3 11 1395 1152 1397 1153
4015 4 2 3 11 1396 1397 1152 1153
4016 4 2 3 11 1153 3 1398 1
4017 4 2 3 11 1398 3 1153 1395
4018 4 2 3 11 1398 1395 1153 1152
4019 4 2 3 11 1398 1396 1153 1
4020 4 2 3 11 1153 1396 1398 1152
4021 4 2 2 12 1161 1442 1443 1162
4022 4 2 2 12 186 1437 228 183
4023 4 2 2 12 176 148 89 1400
4024 4 2 2 12 149 150 1477 1465
4025 4 2 2 12 1159 1453 1157 1424
4026 4 2 2 12 1471 1442 1443 188
4027 4 2 2 12 161 152 151 1402
4028 4 2 2 12 1411 1433 1441 18
4029 4 2 2 12 177 1421 148 227
4030 4 2 2 12 1422 33 43 51
4031 4 2 2 12 264 256 263 1399
4032 4 2 2 12 1441 1433 1411 1449
4033 4 2 2 12 1414 160 179 159
4034 4 2 2 12 78 1403 1430 53
4035 4 2 2 12 46 1445 1462 1435
4036 4 2 2 12 54 34 1423 45
4037 4 2 2 12 136 79 1404 164
4038 4 2 2 12 34 1403 64 54
4039 4 2 2 12 1475 180 184 63
4040 4 2 2 12 1403 179 78 161
4041 4 2 2 12 51 53 1452 1436
4042 4 2 2 12 1474 41 1448 1405
4043 4 2 2 12 136 81 1476 80
4044 4 2 2 12 1437 183 248 230
4045 4 2 2 12 1442 1443 188 1467
4046 4 2 2 12 1161 1442 1162 1416
4047 4 2 2 12 1437 1478 256 248
4048 4 2 2 12 1403 179 161 1423
4049 4 2 2 12 1437 1401 256 1478
4050 4 2 2 12 1445 1435 21 1402
4051 4 2 2 12 1403 78 179 53
4052 4 2 2 12 238 236 237 1412
4053 4 2 2 12 78 77 1424 1407
4054 4 2 2 12 129 1458 128 141
4055 4 2 2 12 1407 1425 77 165
4056 4 2 2 12 1480 161 162 1475
4057 4 2 2 12 1435 180 185 1402
4058 4 2 2 12 1445 1423 161 179
4059 4 2 2 12 140 12 152 181
4060 4 2 2 12 157 1424 77 158
4061 4 2 2 12 1478 256 38 1401
4062 4 2 2 12 1480 161 1475 54
4063 4 2 2 12 1441 1433 19 18
4064 4 2 2 12 188 1442 1467 170
4065 4 2 2 12 10 30 247 22
4066 4 2 2 12 1436 43 1422 55
4067 4 2 2 12 145 87 69 1417
4068 4 2 2 12 19 1433 1441 1449
4069 4 2 2 12 114 112 113 1414
4070 4 2 2 12 1448 41 60 70
4071 4 2 2 12 1424 161 1453 78
4072 4 2 2 12 1409 52 1464 44
4073 4 2 2 12 1401 1437 187 1478
4074 4 2 2 12 128 1458 129 1158
4075 4 2 2 12 1445 1435 167 1462
4076 4 2 2 12 239 208 1419 207
4077 4 2 2 12 256 1413 263 1399
4078 4 2 2 12 166 247 22 185
4079 4 2 2 12 46 1445 1435 21
4080 4 2 2 12 161 1414 160 179
4081 4 2 2 12 1418 1406 1444 1155
4082 4 2 2 12 1466 145 1417 87
4083 4 2 2 12 1473 1433 230 1461
4084 4 2 2 12 247 10 22 185
4085 4 2 2 12 161 1475 54 63
4086 4 2 2 12 63 167 1445 184
4087 4 2 2 12 1479 256 1405 228
4088 4 2 2 12 208 210 209 1419
4089 4 2 2 12 161 1453 162 119
4090 4 2 2 12 1406 1424 1457 1159
4091 4 2 2 12 140 152 12 9
4092 4 2 2 12 1455 233 174 176
4093 4 2 2 12 1406 1159 102 1155
4094 4 2 2 12 1424 156 1457 157
4095 4 2 2 12 174 87 1466 176
4096 4 2 2 12 19 1433 11 18
4097 4 2 2 12 1433 228 1461 1473
4098 4 2 2 12 1157 1404 136 1476
4099 4 2 2 12 11 1433 19 1449
4100 4 2 2 12 1433 1411 246 1461
4101 4 2 2 12 1446 1411 228 1477
4102 4 2 2 12 22 10 15 185
4103 4 2 2 12 203 236 1412 237
4104 4 2 2 12 210 241 209 1419
4105 4 2 2 12 170 171 1399 1442
4106 4 2 2 12 245 1421 254 1413
4107 4 2 2 12 170 1399 171 189
4108 4 2 2 12 151 12 152 9
4109 4 2 2 12 1414 161 160 119
4110 4 2 2 12 1426 148 176 1400
4111 4 2 2 12 128 1458 127 141
4112 4 2 2 12 1477 1446 1465 228
4113 4 2 2 12 160 114 159 1414
4114 4 2 2 12 13 1437 143 1401
4115 4 2 2 12 45 1462 1445 167
4116 4 2 2 12 1430 1452 1404 78
4117 4 2 2 12 1461 1411 246 228
4118 4 2 2 12 1444 153 154 1418
4119 4 2 2 12 1475 63 184 167
4120 4 2 2 12 159 114 113 1414
4121 4 2 2 12 46 45 63 1462
4122 4 2 2 12 1419 1164 1412 205
4123 4 2 2 12 1471 1442 188 1399
4124 4 2 2 12 112 110 1415 1159
4125 4 2 2 12 1433 24 183 230
4126 4 2 2 12 1436 43 55 62
4127 4 2 2 12 106 102 1406 1159
4128 4 2 2 12 1467 243 1416 1427
4129 4 2 2 12 1405 1454 1465 228
4130 4 2 2 12 1412 205 1164 203
4131 4 2 2 12 28 23 1409 1464
4132 4 2 2 12 1474 41 1405 1465
4133 4 2 2 12 1448 150 1454 245
4134 4 2 2 12 1419 1164 205 1163
4135 4 2 2 12 1404 1452 1430 1157
4136 4 2 2 12 1440 123 124 142
4137 4 2 2 12 1404 1452 1453 78
4138 4 2 2 12 1453 1452 1404 1157
4139 4 2 2 12 1440 123 142 122
4140 4 2 2 12 24 183 230 30
4141 4 2 2 12 1439 163 126 141
4142 4 2 2 12 119 118 160 1414
4143 4 2 2 12 222 1416 243 221
4144 4 2 2 12 221 1416 243 1427
4145 4 2 2 12 150 228 1477 1465
4146 4 2 2 12 163 1439 125 124
4147 4 2 2 12 1451 29 1420 15
4148 4 2 2 12 245 228 150 1454
4149 4 2 2 12 150 1477 228 1411
4150 4 2 2 12 162 120 119 1440
4151 4 2 2 12 1437 183 1473 228
4152 4 2 2 12 121 142 122 1440
4153 4 2 2 12 67 38 1459 84
4154 4 2 2 12 1430 1404 1157 1476
4155 4 2 2 12 248 256 264 1399
4156 4 2 2 12 198 1429 234 197
4157 4 2 2 12 1465 149 150 177
4158 4 2 2 12 1474 150 1465 1454
4159 4 2 2 12 1157 136 1404 1154
4160 4 2 2 12 127 1458 128 1158
4161 4 2 2 12 1472 62 1430 73
4162 4 2 2 12 237 205 1412 204
4163 4 2 2 12 1412 202 236 203
4164 4 2 2 12 1428 19 26 1441
4165 4 2 2 12 1472 62 73 51
4166 4 2 2 12 1419 206 205 238
4167 4 2 2 12 1416 171 1442 69
4168 4 2 2 12 119 1453 1440 1156
4169 4 2 2 12 38 67 1459 1401
4170 4 2 2 12 18 1441 1411 32
4171 4 2 2 12 160 115 114 1414
4172 4 2 2 12 1467 243 1427 219
4173 4 2 2 12 120 1440 121 119
4174 4 2 2 12 1440 121 119 1156
4175 4 2 2 12 1466 145 87 174
4176 4 2 2 12 115 116 117 160
4177 4 2 2 12 69 1416 172 1417
4178 4 2 2 12 142 124 1440 163
4179 4 2 2 12 57 39 68 1399
4180 4 2 2 12 196 1455 197 233
4181 4 2 2 12 1430 1404 1476 54
4182 4 2 2 12 13 1437 1479 228
4183 4 2 2 12 73 62 1430 92
4184 4 2 2 12 193 233 174 1455
4185 4 2 2 12 1416 243 190 222
4186 4 2 2 12 92 62 1430 139
4187 4 2 2 12 234 235 1429 199
4188 4 2 2 12 117 115 160 1414
4189 4 2 2 12 199 1429 234 198
4190 4 2 2 12 1159 1414 1424 1415
4191 4 2 2 12 110 112 1415 111
4192 4 2 2 12 138 137 64 1430
4193 4 2 2 12 193 233 1455 195
4194 4 2 2 12 1418 75 76 1155
4195 4 2 2 12 196 1455 233 195
4196 4 2 2 12 1456 1416 224 190
4197 4 2 2 12 1415 1424 1457 157
4198 4 2 2 12 160 118 117 1414
4199 4 2 2 12 157 106 156 1457
4200 4 2 2 12 221 243 220 1427
4201 4 2 2 12 51 76 93 1472
4202 4 2 2 12 1447 257 1399 265
4203 4 2 2 12 202 1412 236 201
4204 4 2 2 12 79 132 1404 164
4205 4 2 2 12 74 73 51 1472
4206 4 2 2 12 51 93 74 1472
4207 4 2 2 12 1429 201 236 1412
4208 4 2 2 12 145 1417 172 173
4209 4 2 2 12 1413 1470 244 1399
4210 4 2 2 12 146 1413 1399 1470
4211 4 2 2 12 1439 126 163 125
4212 4 2 2 12 146 1413 1470 147
4213 4 2 2 12 146 1413 147 88
4214 4 2 2 12 85 144 49 1399
4215 4 2 2 12 1434 1401 47 38
4216 4 2 2 12 111 112 1415 158
4217 4 2 2 12 75 1418 94 1155
4218 4 2 2 12 1424 1159 1415 1457
4219 4 2 2 12 192 193 194 1466
4220 4 2 2 12 1466 173 1417 145
4221 4 2 2 12 1452 94 75 1418
4222 4 2 2 12 219 1467 170 218
4223 4 2 2 12 102 101 1406 1155
4224 4 2 2 12 106 102 105 1406
4225 4 2 2 12 1424 156 157 155
4226 4 2 2 12 264 263 268 1399
4227 4 2 2 12 1443 217 216 1166
4228 4 2 2 12 136 135 164 1431
4229 4 2 2 12 127 1458 126 141
4230 4 2 2 12 1159 1414 1415 112
4231 4 2 2 12 54 136 1476 80
4232 4 2 2 12 126 1458 127 1158
4233 4 2 2 12 126 1458 1439 141
4234 4 2 2 12 219 220 243 1427
4235 4 2 2 12 1453 1452 1424 78
4236 4 2 2 12 268 263 260 1399
4237 4 2 2 12 102 101 154 1406
4238 4 2 2 12 188 214 1443 213
4239 4 2 2 12 190 223 1456 222
4240 4 2 2 12 174 192 194 1466
4241 4 2 2 12 1404 130 79 141
4242 4 2 2 12 1400 1399 1426 244
4243 4 2 2 12 252 238 239 1399
4244 4 2 2 12 206 239 1419 207
4245 4 2 2 12 1424 1452 1453 1157
4246 4 2 2 12 244 263 1413 1399
4247 4 2 2 12 1162 1426 176 1399
4248 4 2 2 12 1162 176 87 1399
4249 4 2 2 12 144 86 49 1399
4250 4 2 2 12 1445 229 179 1468
4251 4 2 2 12 1471 213 1419 242
4252 4 2 2 12 68 85 49 1399
4253 4 2 2 12 261 252 239 1399
4254 4 2 2 12 170 1399 188 1442
4255 4 2 2 12 1426 263 1399 258
4256 4 2 2 12 1448 41 70 88
4257 4 2 2 12 1157 81 1476 136
4258 4 2 2 12 1426 263 258 251
4259 4 2 2 12 266 232 257 1399
4260 4 2 2 12 153 95 94 1418
4261 4 2 2 12 232 188 1399 250
4262 4 2 2 12 176 175 87 1399
4263 4 2 2 12 1439 1458 126 1158
4264 4 2 2 12 1404 131 79 130
4265 4 2 2 12 157 106 1457 107
4266 4 2 2 12 1404 129 141 1458
4267 4 2 2 12 132 79 1404 131
4268 4 2 2 12 1426 176 148 226
4269 4 2 2 12 109 157 110 1457
4270 4 2 2 12 224 1416 69 190
4271 4 2 2 12 241 208 209 1419
4272 4 2 2 12 104 1406 105 102
4273 4 2 2 12 1419 213 212 242
4274 4 2 2 12 108 157 109 1457
4275 4 2 2 12 242 211 1419 210
4276 4 2 2 12 1444 101 100 1155
4277 4 2 2 12 107 157 108 1457
4278 4 2 2 12 164 135 134 1431
4279 4 2 2 12 1444 98 99 153
4280 4 2 2 12 224 190 223 1456
4281 4 2 2 12 99 1444 153 100
4282 4 2 2 12 164 133 132 1431
4283 4 2 2 12 153 96 95 1418
4284 4 2 2 12 98 1418 153 1444
4285 4 2 2 12 134 133 164 1431
4286 4 2 2 12 212 211 1419 242
4287 4 2 2 12 96 153 97 1418
4288 4 2 2 12 98 1418 1444 1155
4289 4 2 2 12 1433 10 13 17
4290 4 2 2 12 1440 1480 1404 1453
4291 4 2 2 12 191 1416 69 225
4292 4 2 2 12 169 143 1459 67
4293 4 2 2 12 25 49 1408 39
4294 4 2 2 12 1404 1480 141 79
4295 4 2 2 12 161 1475 63 180
4296 4 2 2 12 150 72 90 1411
4297 4 2 2 12 1399 188 1481 170
4298 4 2 2 12 42 61 50 1410
4299 4 2 2 12 77 61 1425 52
4300 4 2 2 12 33 27 1432 20
4301 4 2 2 12 20 33 23 1432
4302 4 2 2 12 21 34 1445 28
4303 4 2 2 12 1439 1480 141 1404
4304 4 2 2 12 185 1433 246 1461
4305 4 2 2 12 32 26 19 1441
4306 4 2 2 12 41 1460 32 1446
4307 4 2 2 12 47 67 38 1401
4308 4 2 2 12 1451 29 15 36
4309 4 2 2 12 38 30 1434 13
4310 4 2 2 12 1413 58 146 1399
4311 4 2 2 12 21 15 12 1420
4312 4 2 2 12 39 38 68 1447
4313 4 2 2 12 71 89 1448 60
4314 4 2 2 12 187 257 84 265
4315 4 2 2 12 1479 1437 13 1401
4316 4 2 2 12 1445 1468 1402 229
4317 4 2 2 12 44 53 1409 52
4318 4 2 2 12 165 159 77 1407
4319 4 2 2 12 256 1461 228 1473
4320 4 2 2 12 1449 178 151 228
4321 4 2 2 12 161 152 1402 181
4322 4 2 2 12 73 1430 1157 92
4323 4 2 2 12 1407 1425 165 179
4324 4 2 2 12 1451 56 1420 29
4325 4 2 2 12 46 142 82 1462
4326 4 2 2 12 150 228 1465 1454
4327 4 2 2 12 256 185 1461 230
4328 4 2 2 12 21 1445 229 28
4329 4 2 2 12 53 75 51 1452
4330 4 2 2 12 26 41 1460 32
4331 4 2 2 12 1416 171 69 190
4332 4 2 2 12 1435 180 1402 1445
4333 4 2 2 12 71 89 148 1448
4334 4 2 2 12 60 42 41 1446
4335 4 2 2 12 38 36 1434 30
4336 4 2 2 12 1423 1403 34 54
4337 4 2 2 12 161 1475 180 162
4338 4 2 2 12 1475 142 1462 167
4339 4 2 2 12 1479 1437 256 228
4340 4 2 2 12 54 161 1423 1403
4341 4 2 2 12 1479 1405 1408 59
4342 4 2 2 12 256 1437 1479 1401
4343 4 2 2 12 1405 1408 59 58
4344 4 2 2 12 1479 1401 38 256
4345 4 2 2 12 1413 1405 88 58
4346 4 2 2 12 1445 1423 179 34
4347 4 2 2 12 34 179 1403 1423
4348 4 2 2 12 1436 1472 1452 51
4349 4 2 2 12 1430 1403 54 64
4350 4 2 2 12 153 154 1424 155
4351 4 2 2 12 12 229 181 140
4352 4 2 2 12 256 1408 1405 58
4353 4 2 2 12 12 229 140 28
4354 4 2 2 12 179 34 28 1445
4355 4 2 2 12 1424 1406 155 154
4356 4 2 2 12 1434 1451 30 36
4357 4 2 2 12 15 30 1451 36
4358 4 2 2 12 230 30 166 247
4359 4 2 2 12 1454 256 1448 245
4360 4 2 2 12 54 1480 79 1475
4361 4 2 2 12 88 1448 1463 70
4362 4 2 2 12 1424 155 157 77
4363 4 2 2 12 1159 1424 1157 1418
4364 4 2 2 12 1413 1421 254 1438
4365 4 2 2 12 1421 1438 148 227
4366 4 2 2 12 1399 1408 256 58
4367 4 2 2 12 245 263 1413 267
4368 4 2 2 12 1413 58 88 146
4369 4 2 2 12 268 1399 248 264
4370 4 2 2 12 1462 1435 167 82
4371 4 2 2 12 1413 1405 1448 88
4372 4 2 2 12 1413 1448 256 245
4373 4 2 2 12 13 1433 24 183
4374 4 2 2 12 71 1465 1446 60
4375 4 2 2 12 12 140 9 16
4376 4 2 2 12 16 12 140 23
4377 4 2 2 12 12 229 28 21
4378 4 2 2 12 1432 9 20 1450
4379 4 2 2 12 1410 140 152 61
4380 4 2 2 12 1435 46 82 1462
4381 4 2 2 12 23 9 140 16
4382 4 2 2 12 1475 142 46 1462
4383 4 2 2 12 1447 257 265 84
4384 4 2 2 12 1477 1465 1446 71
4385 4 2 2 12 1435 46 1420 82
4386 4 2 2 12 166 30 22 247
4387 4 2 2 12 46 1445 21 45
4388 4 2 2 12 1446 1465 41 60
4389 4 2 2 12 1410 151 91 152
4390 4 2 2 12 27 1410 50 61
4391 4 2 2 12 1410 151 152 9
4392 4 2 2 12 12 229 1402 181
4393 4 2 2 12 28 140 12 23
4394 4 2 2 12 151 72 1410 91
4395 4 2 2 12 41 1465 1446 228
4396 4 2 2 12 1474 41 1465 60
4397 4 2 2 12 1432 1410 9 1450
4398 4 2 2 12 1432 1450 20 27
4399 4 2 2 12 1432 61 27 52
4400 4 2 2 12 27 1410 1450 14
4401 4 2 2 12 1421 1448 1413 245
4402 4 2 2 12 1442 1429 1471 1443
4403 4 2 2 12 1433 24 10 17
4404 4 2 2 12 1402 12 185 1435
4405 4 2 2 12 1402 185 12 151
4406 4 2 2 12 151 12 1402 152
4407 4 2 2 12 1421 1438 1463 148
4408 4 2 2 12 1163 1471 1429 1443
4409 4 2 2 12 1405 1465 41 228
4410 4 2 2 12 18 1441 32 19
4411 4 2 2 12 1433 228 32 1461
4412 4 2 2 12 1449 14 11 151
4413 4 2 2 12 228 183 25 13
4414 4 2 2 12 25 228 1433 183
4415 4 2 2 12 69 172 1416 191
4416 4 2 2 12 1420 12 185 15
4417 4 2 2 12 1432 1410 1450 27
4418 4 2 2 12 14 1428 19 26
4419 4 2 2 12 57 49 1399 68
4420 4 2 2 12 177 71 1465 149
4421 4 2 2 12 1443 1429 1163 1162
4422 4 2 2 12 1410 1449 72 151
4423 4 2 2 12 1163 1471 1443 213
4424 4 2 2 12 1433 25 183 13
4425 4 2 2 12 1463 1438 1421 1413
4426 4 2 2 12 1424 1452 1157 1418
4427 4 2 2 12 1418 1157 1155 76
4428 4 2 2 12 76 1452 75 1418
4429 4 2 2 12 76 1452 1157 1472
4430 4 2 2 12 161 1402 1445 1468
4431 4 2 2 12 1468 161 181 179
4432 4 2 2 12 161 1445 1402 180
4433 4 2 2 12 1445 161 1468 179
4434 4 2 2 12 1163 1429 1164 1162
4435 4 2 2 12 1445 179 229 28
4436 4 2 2 12 1477 1465 71 149
4437 4 2 2 12 1415 159 112 1414
4438 4 2 2 12 1450 1410 9 14
4439 4 2 2 12 197 234 1455 1429
4440 4 2 2 12 1455 234 197 233
4441 4 2 2 12 41 228 40 25
4442 4 2 2 12 142 180 1475 162
4443 4 2 2 12 69 1417 172 145
4444 4 2 2 12 1432 1410 27 61
4445 4 2 2 12 1410 151 9 14
4446 4 2 2 12 1159 1414 112 1156
4447 4 2 2 12 13 24 1433 17
4448 4 2 2 12 1426 233 234 1455
4449 4 2 2 12 1426 233 1455 176
4450 4 2 2 12 1429 1426 1162 1399
4451 4 2 2 12 1426 1455 1429 1162
4452 4 2 2 12 39 49 1399 57
4453 4 2 2 12 1399 49 39 1408
4454 4 2 2 12 166 183 30 230
4455 4 2 2 12 1164 1429 1163 1419
4456 4 2 2 12 1426 236 235 251
4457 4 2 2 12 1429 1426 235 234
4458 4 2 2 12 1448 89 70 60
4459 4 2 2 12 1448 150 245 1421
4460 4 2 2 12 1429 1426 1412 236
4461 4 2 2 12 1410 140 61 1432
4462 4 2 2 12 1410 26 42 1428
4463 4 2 2 12 1410 42 27 50
4464 4 2 2 12 1410 26 1428 14
4465 4 2 2 12 1410 1449 151 14
4466 4 2 2 12 142 1475 184 167
4467 4 2 2 12 1480 162 142 1475
4468 4 2 2 12 1471 1426 1412 1429
4469 4 2 2 12 71 1465 60 1474
4470 4 2 2 12 1412 1426 238 236
4471 4 2 2 12 142 180 184 1475
4472 4 2 2 12 136 1404 79 54
4473 4 2 2 12 1464 52 1432 44
4474 4 2 2 12 1416 170 190 243
4475 4 2 2 12 183 186 13 228
4476 4 2 2 12 81 54 1476 80
4477 4 2 2 12 228 25 32 40
4478 4 2 2 12 1463 70 1448 89
4479 4 2 2 12 1463 1438 1470 148
4480 4 2 2 12 1433 25 13 18
4481 4 2 2 12 92 1430 1157 139
4482 4 2 2 12 146 87 1399 58
4483 4 2 2 12 146 1399 87 175
4484 4 2 2 12 238 258 1426 1399
4485 4 2 2 12 1470 1438 1463 1413
4486 4 2 2 12 1404 1453 1156 1440
4487 4 2 2 12 138 62 1430 64
4488 4 2 2 12 138 1430 62 139
4489 4 2 2 12 32 41 228 40
4490 4 2 2 12 32 228 41 1446
4491 4 2 2 12 1471 1426 1429 1399
4492 4 2 2 12 30 183 13 24
4493 4 2 2 12 1433 228 1473 183
4494 4 2 2 12 179 1464 1425 140
4495 4 2 2 12 238 1426 259 236
4496 4 2 2 12 29 46 1420 35
4497 4 2 2 12 69 144 1399 86
4498 4 2 2 12 69 1399 144 171
4499 4 2 2 12 1429 201 1412 1164
4500 4 2 2 12 235 200 1429 199
4501 4 2 2 12 1425 1464 1409 52
4502 4 2 2 12 1429 236 200 235
4503 4 2 2 12 238 1426 258 259
4504 4 2 2 12 1399 252 260 261
4505 4 2 2 12 259 1426 258 236
4506 4 2 2 12 1470 1438 227 148
4507 4 2 2 12 1399 69 58 87
4508 4 2 2 12 258 1426 251 236
4509 4 2 2 12 1426 1429 1455 234
4510 4 2 2 12 1426 263 251 244
4511 4 2 2 12 1426 148 234 226
4512 4 2 2 12 216 214 1443 215
4513 4 2 2 12 13 183 1434 186
4514 4 2 2 12 1426 263 244 1399
4515 4 2 2 12 183 1437 187 186
4516 4 2 2 12 183 187 1437 248
4517 4 2 2 12 1401 187 1437 143
4518 4 2 2 12 150 90 1477 1411
4519 4 2 2 12 150 1477 90 149
4520 4 2 2 12 1446 1411 1477 90
4521 4 2 2 12 1440 1453 119 162
4522 4 2 2 12 239 1471 208 240
4523 4 2 2 12 1468 181 161 1402
4524 4 2 2 12 208 1471 239 1419
4525 4 2 2 12 71 1448 177 1474
4526 4 2 2 12 71 1465 1474 177
4527 4 2 2 12 208 1471 241 240
4528 4 2 2 12 260 1399 238 252
4529 4 2 2 12 63 1475 46 1462
4530 4 2 2 12 241 1471 208 1419
4531 4 2 2 12 179 28 140 229
4532 4 2 2 12 232 1399 240 250
4533 4 2 2 12 266 1399 253 232
4534 4 2 2 12 240 253 1399 232
4535 4 2 2 12 1433 151 10 185
4536 4 2 2 12 78 52 1407 53
4537 4 2 2 12 78 1407 52 77
4538 4 2 2 12 187 249 84 257
4539 4 2 2 12 187 84 249 231
4540 4 2 2 12 227 1413 244 254
4541 4 2 2 12 27 14 1450 20
4542 4 2 2 12 1454 1474 1405 1465
4543 4 2 2 12 61 1464 1425 52
4544 4 2 2 12 238 263 1399 260
4545 4 2 2 12 1399 263 238 258
4546 4 2 2 12 241 1471 242 240
4547 4 2 2 12 1432 1464 61 52
4548 4 2 2 12 28 34 1409 43
4549 4 2 2 12 1409 34 28 179
4550 4 2 2 12 69 49 1399 58
4551 4 2 2 12 1399 49 69 86
4552 4 2 2 12 1409 34 1422 43
4553 4 2 2 12 242 1471 241 1419
4554 4 2 2 12 1422 34 1409 179
4555 4 2 2 12 242 1471 188 240
4556 4 2 2 12 227 1438 1470 1413
4557 4 2 2 12 1422 34 55 43
4558 4 2 2 12 1433 151 246 1449
4559 4 2 2 12 38 84 265 187
4560 4 2 2 12 1399 265 39 1447
4561 4 2 2 12 1408 1478 48 265
4562 4 2 2 12 38 265 1447 39
4563 4 2 2 12 248 1408 256 1399
4564 4 2 2 12 1413 244 1470 227
4565 4 2 2 12 39 38 265 48
4566 4 2 2 12 1403 1422 179 34
4567 4 2 2 12 1408 1478 256 48
4568 4 2 2 12 244 1413 262 254
4569 4 2 2 12 1454 256 245 228
4570 4 2 2 12 1474 150 1454 1448
4571 4 2 2 12 265 1408 248 1399
4572 4 2 2 12 23 28 1409 37
4573 4 2 2 12 43 23 1409 37
4574 4 2 2 12 1443 216 188 1166
4575 4 2 2 12 188 216 1443 215
4576 4 2 2 12 256 1437 230 1473
4577 4 2 2 12 38 1479 256 48
4578 4 2 2 12 265 1408 39 48
4579 4 2 2 12 39 1408 265 1399
4580 4 2 2 12 1430 1403 1404 54
4581 4 2 2 12 1437 143 187 186
4582 4 2 2 12 143 1434 83 66
4583 4 2 2 12 168 1434 143 66
4584 4 2 2 12 68 257 84 249
4585 4 2 2 12 1454 256 228 1405
4586 4 2 2 12 1404 1403 1430 78
4587 4 2 2 12 143 13 168 186
4588 4 2 2 12 1434 186 168 13
4589 4 2 2 12 13 1434 183 30
4590 4 2 2 12 239 253 1399 240
4591 4 2 2 12 1471 213 242 188
4592 4 2 2 12 1434 186 66 168
4593 4 2 2 12 168 1434 13 143
4594 4 2 2 12 143 1434 1401 83
4595 4 2 2 12 54 1475 79 63
4596 4 2 2 12 1463 1421 148 1448
4597 4 2 2 12 46 79 1475 63
4598 4 2 2 12 148 1448 1421 177
4599 4 2 2 12 1399 257 239 260
4600 4 2 2 12 1161 1162 1443 1163
4601 4 2 2 12 260 239 1399 261
4602 4 2 2 12 1404 1403 1480 54
4603 4 2 2 12 1399 239 257 253
4604 4 2 2 12 12 181 1402 152
4605 4 2 2 12 1449 42 1411 1441
4606 4 2 2 12 1480 1403 1404 78
4607 4 2 2 12 244 1413 263 262
4608 4 2 2 12 21 29 1420 35
4609 4 2 2 12 262 1413 263 254
4610 4 2 2 12 1449 42 72 1411
4611 4 2 2 12 1436 1472 1430 1452
4612 4 2 2 12 256 1461 1473 230
4613 4 2 2 12 1480 1403 161 54
4614 4 2 2 12 67 1459 1469 84
4615 4 2 2 12 1469 1459 67 169
4616 4 2 2 12 225 1416 69 224
4617 4 2 2 12 1430 1403 64 62
4618 4 2 2 12 260 1399 248 268
4619 4 2 2 12 248 257 1399 260
4620 4 2 2 12 1399 257 248 265
4621 4 2 2 12 161 1403 1480 78
4622 4 2 2 12 256 1413 245 263
4623 4 2 2 12 1433 151 11 10
4624 4 2 2 12 1433 151 1449 11
4625 4 2 2 12 30 247 24 10
4626 4 2 2 12 1433 246 151 185
4627 4 2 2 12 24 247 30 230
4628 4 2 2 12 1433 1411 1461 18
4629 4 2 2 12 1162 1416 172 1165
4630 4 2 2 12 172 1416 1162 1417
4631 4 2 2 12 91 1410 152 61
4632 4 2 2 12 172 1416 191 1165
4633 4 2 2 12 24 247 1433 10
4634 4 2 2 12 191 1416 225 1165
4635 4 2 2 12 187 1478 38 1401
4636 4 2 2 12 54 1480 1404 79
4637 4 2 2 12 1437 183 230 1473
4638 4 2 2 12 1433 247 24 230
4639 4 2 2 12 1402 1435 21 12
4640 4 2 2 12 1470 1400 146 89
4641 4 2 2 12 25 1433 228 32
4642 4 2 2 12 1471 1399 188 240
4643 4 2 2 12 21 1435 1420 12
4644 4 2 2 12 88 1463 147 70
4645 4 2 2 12 1400 1399 244 1470
4646 4 2 2 12 185 1420 182 82
4647 4 2 2 12 54 1476 64 81
4648 4 2 2 12 64 1476 54 1430
4649 4 2 2 12 13 186 1437 228
4650 4 2 2 12 235 1426 251 244
4651 4 2 2 12 64 1476 137 81
4652 4 2 2 12 263 1413 267 254
4653 4 2 2 12 1447 1399 68 39
4654 4 2 2 12 1420 1435 185 12
4655 4 2 2 12 14 9 1450 20
4656 4 2 2 12 1415 159 1414 1424
4657 4 2 2 12 185 1435 1420 82
4658 4 2 2 12 1473 1433 183 230
4659 4 2 2 12 185 1433 1461 230
4660 4 2 2 12 1433 10 11 13
4661 4 2 2 12 235 1426 148 234
4662 4 2 2 12 1452 1430 1157 1472
4663 4 2 2 12 19 1449 14 11
4664 4 2 2 12 9 140 1432 23
4665 4 2 2 12 137 1476 64 1430
4666 4 2 2 12 137 1476 1157 81
4667 4 2 2 12 1400 1399 1470 146
4668 4 2 2 12 1157 1476 137 1430
4669 4 2 2 12 1159 1453 1424 1414
4670 4 2 2 12 73 1430 1472 1157
4671 4 2 2 12 182 1420 166 82
4672 4 2 2 12 1410 140 1432 9
4673 4 2 2 12 218 1467 170 217
4674 4 2 2 12 76 1157 1452 1418
4675 4 2 2 12 151 10 185 12
4676 4 2 2 12 151 10 12 9
4677 4 2 2 12 25 1405 228 1479
4678 4 2 2 12 188 1467 1166 170
4679 4 2 2 12 148 1426 235 244
4680 4 2 2 12 1163 206 1419 210
4681 4 2 2 12 151 10 9 11
4682 4 2 2 12 1408 48 1479 39
4683 4 2 2 12 124 1156 1440 1439
4684 4 2 2 12 1432 140 1464 23
4685 4 2 2 12 1166 1467 188 1443
4686 4 2 2 12 1166 1467 217 170
4687 4 2 2 12 1472 93 74 1157
4688 4 2 2 12 121 1440 122 1156
4689 4 2 2 12 166 1420 66 82
4690 4 2 2 12 239 1419 238 206
4691 4 2 2 12 74 73 1472 1157
4692 4 2 2 12 1464 140 1432 61
4693 4 2 2 12 217 1467 1166 1443
4694 4 2 2 12 1425 140 1464 61
4695 4 2 2 12 153 1418 1424 154
4696 4 2 2 12 1410 1449 14 1428
4697 4 2 2 12 1449 72 151 178
4698 4 2 2 12 1399 69 1442 171
4699 4 2 2 12 1424 1406 154 1418
4700 4 2 2 12 1159 1453 1414 1156
4701 4 2 2 12 1418 1406 1155 1159
4702 4 2 2 12 250 188 1399 240
4703 4 2 2 12 68 171 1399 189
4704 4 2 2 12 144 1399 68 171
4705 4 2 2 12 144 68 1399 85
4706 4 2 2 12 1472 76 93 1157
4707 4 2 2 12 1426 233 176 226
4708 4 2 2 12 29 1420 46 56
4709 4 2 2 12 1420 56 66 65
4710 4 2 2 12 193 174 194 1466
4711 4 2 2 12 166 1451 66 1420
4712 4 2 2 12 188 1481 67 169
4713 4 2 2 12 11 9 151 14
4714 4 2 2 12 185 12 10 15
4715 4 2 2 12 176 1400 89 175
4716 4 2 2 12 1400 1399 176 1426
4717 4 2 2 12 1400 176 1399 175
4718 4 2 2 12 1400 175 146 89
4719 4 2 2 12 1400 1399 146 175
4720 4 2 2 12 83 67 1401 143
4721 4 2 2 12 143 1401 1434 13
4722 4 2 2 12 1434 1401 38 13
4723 4 2 2 12 47 67 1401 83
4724 4 2 2 12 161 1402 151 180
4725 4 2 2 12 1156 123 1440 122
4726 4 2 2 12 1156 123 124 1440
4727 4 2 2 12 1402 185 151 180
4728 4 2 2 12 53 1430 1436 1403
4729 4 2 2 12 34 62 64 1403
4730 4 2 2 12 34 62 1403 55
4731 4 2 2 12 1403 1436 1422 55
4732 4 2 2 12 1155 1418 1159 1157
4733 4 2 2 12 136 1404 1431 164
4734 4 2 2 12 1404 1458 1156 1157
4735 4 2 2 12 1404 132 1431 164
4736 4 2 2 12 1404 129 1458 1154
4737 4 2 2 12 1154 131 1404 130
4738 4 2 2 12 132 1404 1154 131
4739 4 2 2 12 25 1405 1479 59
4740 4 2 2 12 1448 41 88 1405
4741 4 2 2 12 1405 58 41 88
4742 4 2 2 12 1413 1405 58 256
4743 4 2 2 12 88 1463 1413 147
4744 4 2 2 12 1415 159 1424 158
4745 4 2 2 12 1444 154 101 1406
4746 4 2 2 12 1424 1406 1418 1159
4747 4 2 2 12 1406 101 1444 1155
4748 4 2 2 12 1444 101 154 1160
4749 4 2 2 12 78 1407 1424 179
4750 4 2 2 12 165 159 1407 179
4751 4 2 2 12 1407 1425 52 77
4752 4 2 2 12 179 78 1407 53
4753 4 2 2 12 163 124 1440 1439
4754 4 2 2 12 25 49 58 1408
4755 4 2 2 12 1399 49 1408 58
4756 4 2 2 12 1413 58 1399 256
4757 4 2 2 12 44 1409 53 33
4758 4 2 2 12 1409 23 33 1464
4759 4 2 2 12 169 1469 1481 67
4760 4 2 2 12 1409 1422 33 43
4761 4 2 2 12 23 43 1409 33
4762 4 2 2 12 61 72 91 1410
4763 4 2 2 12 42 61 1410 72
4764 4 2 2 12 1442 1429 1399 1471
4765 4 2 2 12 1410 26 14 27
4766 4 2 2 12 1410 26 27 42
4767 4 2 2 12 1471 213 188 1443
4768 4 2 2 12 1449 1411 72 178
4769 4 2 2 12 1463 1448 1413 1421
4770 4 2 2 12 150 72 1411 178
4771 4 2 2 12 150 1411 228 178
4772 4 2 2 12 1449 228 1411 178
4773 4 2 2 12 203 237 1412 204
4774 4 2 2 12 1412 205 237 238
4775 4 2 2 12 1164 202 1412 203
4776 4 2 2 12 202 1164 1412 201
4777 4 2 2 12 1429 201 1164 200
4778 4 2 2 12 1426 236 1429 235
4779 4 2 2 12 1442 1429 1443 1162
4780 4 2 2 12 1419 1412 238 205
4781 4 2 2 12 1433 247 185 10
4782 4 2 2 12 1451 56 29 47
4783 4 2 2 12 1413 1405 256 1448
4784 4 2 2 12 185 247 1433 230
4785 4 2 2 12 1413 1470 147 1463
4786 4 2 2 12 169 249 1481 1469
4787 4 2 2 12 1424 161 78 179
4788 4 2 2 12 1453 161 1414 119
4789 4 2 2 12 1481 1469 68 67
4790 4 2 2 12 119 118 1414 1156
4791 4 2 2 12 1414 115 114 1156
4792 4 2 2 12 117 115 1414 1156
4793 4 2 2 12 1414 118 117 1156
4794 4 2 2 12 1415 110 157 1457
4795 4 2 2 12 110 1415 157 111
4796 4 2 2 12 111 1415 157 158
4797 4 2 2 12 158 1424 1415 157
4798 4 2 2 12 1442 1429 1162 1399
4799 4 2 2 12 1419 206 208 210
4800 4 2 2 12 222 1165 1416 221
4801 4 2 2 12 221 1165 1416 1161
4802 4 2 2 12 1456 1416 190 222
4803 4 2 2 12 1404 1439 1156 1458
4804 4 2 2 12 1471 1426 1399 238
4805 4 2 2 12 245 254 1421 255
4806 4 2 2 12 68 1469 84 67
4807 4 2 2 12 1451 29 36 47
4808 4 2 2 12 1412 1471 1429 1419
4809 4 2 2 12 1471 1426 238 1412
4810 4 2 2 12 1466 145 174 192
4811 4 2 2 12 1466 173 145 192
4812 4 2 2 12 1417 1162 172 173
4813 4 2 2 12 1466 173 192 1162
4814 4 2 2 12 84 1469 68 249
4815 4 2 2 12 76 1452 1472 51
4816 4 2 2 12 46 1420 82 65
4817 4 2 2 12 1452 94 1418 153
4818 4 2 2 12 76 1452 51 75
4819 4 2 2 12 1156 1458 1439 1158
4820 4 2 2 12 1163 1471 213 1419
4821 4 2 2 12 1163 213 212 1419
4822 4 2 2 12 1419 211 1163 210
4823 4 2 2 12 212 211 1163 1419
4824 4 2 2 12 1451 56 47 66
4825 4 2 2 12 208 206 1419 207
4826 4 2 2 12 253 257 1399 266
4827 4 2 2 12 1435 180 1445 167
4828 4 2 2 12 30 1451 22 15
4829 4 2 2 12 205 203 1412 204
4830 4 2 2 12 185 166 182 1420
4831 4 2 2 12 28 43 1409 37
4832 4 2 2 12 106 156 1457 1406
4833 4 2 2 12 82 1420 66 65
4834 4 2 2 12 1401 67 1459 143
4835 4 2 2 12 22 1451 30 166
4836 4 2 2 12 22 1451 185 15
4837 4 2 2 12 1463 1413 1448 88
4838 4 2 2 12 177 150 1421 227
4839 4 2 2 12 245 1421 150 255
4840 4 2 2 12 150 1421 254 255
4841 4 2 2 12 150 254 1421 227
4842 4 2 2 12 238 1471 1412 1419
4843 4 2 2 12 1454 256 1405 1448
4844 4 2 2 12 53 33 1422 51
4845 4 2 2 12 1403 1422 1436 53
4846 4 2 2 12 1422 53 51 1436
4847 4 2 2 12 1403 1422 34 55
4848 4 2 2 12 1409 53 1422 179
4849 4 2 2 12 1409 53 33 1422
4850 4 2 2 12 54 1423 63 45
4851 4 2 2 12 54 1423 161 63
4852 4 2 2 12 79 1475 141 46
4853 4 2 2 12 1423 63 1445 161
4854 4 2 2 12 179 1414 159 1424
4855 4 2 2 12 1424 77 159 1407
4856 4 2 2 12 158 77 159 1424
4857 4 2 2 12 1415 159 158 112
4858 4 2 2 12 1424 1407 159 179
4859 4 2 2 12 140 77 1425 165
4860 4 2 2 12 77 61 140 1425
4861 4 2 2 12 140 179 165 1425
4862 4 2 2 12 1464 140 28 23
4863 4 2 2 12 141 1475 79 1480
4864 4 2 2 12 179 1464 140 28
4865 4 2 2 12 25 1405 59 41
4866 4 2 2 12 185 1451 22 166
4867 4 2 2 12 1408 1479 25 39
4868 4 2 2 12 31 1479 13 39
4869 4 2 2 12 31 1479 39 25
4870 4 2 2 12 25 1405 41 228
4871 4 2 2 12 13 1479 25 228
4872 4 2 2 12 1157 1453 1156 1404
4873 4 2 2 12 77 1424 153 78
4874 4 2 2 12 46 1445 45 1462
4875 4 2 2 12 146 1470 70 147
4876 4 2 2 12 70 1470 146 89
4877 4 2 2 12 153 1424 77 155
4878 4 2 2 12 141 1475 163 46
4879 4 2 2 12 238 1399 1471 239
4880 4 2 2 12 239 1399 1471 240
4881 4 2 2 12 163 1475 141 1480
4882 4 2 2 12 242 1419 241 210
4883 4 2 2 12 163 1475 142 46
4884 4 2 2 12 142 1475 163 1480
4885 4 2 2 12 1426 148 1400 244
4886 4 2 2 12 1404 1453 1480 78
4887 4 2 2 12 1439 1480 1404 1440
4888 4 2 2 12 1435 180 167 185
4889 4 2 2 12 185 167 1435 82
4890 4 2 2 12 1404 1439 1440 1156
4891 4 2 2 12 1439 1480 1440 163
4892 4 2 2 12 170 1481 1399 68
4893 4 2 2 12 1399 1481 257 68
4894 4 2 2 12 1474 41 60 1448
4895 4 2 2 12 1454 1474 1448 1405
4896 4 2 2 12 46 56 1420 65
4897 4 2 2 12 187 1478 265 38
4898 4 2 2 12 1467 243 219 170
4899 4 2 2 12 221 1416 1427 1161
4900 4 2 2 12 1467 243 170 1416
4901 4 2 2 12 221 1427 220 1161
4902 4 2 2 12 219 220 1427 1161
4903 4 2 2 12 239 1419 1471 238
4904 4 2 2 12 70 1470 1463 147
4905 4 2 2 12 265 1478 187 248
4906 4 2 2 12 1470 148 244 1400
4907 4 2 2 12 1428 1449 14 19
4908 4 2 2 12 1428 1449 19 1441
4909 4 2 2 12 1410 42 1449 1428
4910 4 2 2 12 1410 1449 42 72
4911 4 2 2 12 1163 206 205 1419
4912 4 2 2 12 1470 244 148 227
4913 4 2 2 12 265 1478 48 38
4914 4 2 2 12 1408 1478 265 248
4915 4 2 2 12 257 1481 1399 232
4916 4 2 2 12 257 1481 249 68
4917 4 2 2 12 249 1481 257 232
4918 4 2 2 12 1416 1162 1161 1165
4919 4 2 2 12 48 1478 256 38
4920 4 2 2 12 1408 1478 248 256
4921 4 2 2 12 12 1402 229 21
4922 4 2 2 12 225 1416 224 1165
4923 4 2 2 12 249 1481 1469 68
4924 4 2 2 12 183 1434 186 66
4925 4 2 2 12 148 1400 1470 89
4926 4 2 2 12 231 1459 1469 169
4927 4 2 2 12 1429 200 1164 199
4928 4 2 2 12 1429 201 200 236
4929 4 2 2 12 183 1434 166 30
4930 4 2 2 12 166 1434 183 66
4931 4 2 2 12 138 137 1430 1157
4932 4 2 2 12 1469 1459 231 84
4933 4 2 2 12 1440 1480 142 163
4934 4 2 2 12 249 231 1469 169
4935 4 2 2 12 185 1451 1420 15
4936 4 2 2 12 136 135 1431 1154
4937 4 2 2 12 1431 135 134 1154
4938 4 2 2 12 1431 133 132 1154
4939 4 2 2 12 134 133 1431 1154
4940 4 2 2 12 136 1404 1154 1431
4941 4 2 2 12 1404 132 1154 1431
4942 4 2 2 12 1418 1406 154 1444
4943 4 2 2 12 1469 231 249 84
4944 4 2 2 12 1418 95 94 1155
4945 4 2 2 12 99 1444 100 1155
4946 4 2 2 12 98 1418 1155 97
4947 4 2 2 12 1418 96 95 1155
4948 4 2 2 12 1444 98 1155 99
4949 4 2 2 12 96 1418 97 1155
4950 4 2 2 12 98 1418 97 153
4951 4 2 2 12 166 1434 1451 30
4952 4 2 2 12 229 181 1468 1402
4953 4 2 2 12 33 27 44 1432
4954 4 2 2 12 1432 33 23 1464
4955 4 2 2 12 1451 1434 166 66
4956 4 2 2 12 27 1432 52 44
4957 4 2 2 12 11 13 18 1433
4958 4 2 2 12 1433 25 18 32
4959 4 2 2 12 1420 1451 185 166
4960 4 2 2 12 1433 32 18 1461
4961 4 2 2 12 72 1411 42 90
4962 4 2 2 12 1439 1480 163 141
4963 4 2 2 12 38 36 47 1434
4964 4 2 2 12 47 1451 1434 36
4965 4 2 2 12 66 1434 83 47
4966 4 2 2 12 1434 1401 83 47
4967 4 2 2 12 154 104 1406 155
4968 4 2 2 12 1435 46 21 1420
4969 4 2 2 12 63 1445 161 180
4970 4 2 2 12 46 21 1420 35
4971 4 2 2 12 1436 1472 51 62
4972 4 2 2 12 62 1436 1403 55
4973 4 2 2 12 53 1430 78 1452
4974 4 2 2 12 1436 43 62 51
4975 4 2 2 12 1436 43 51 1422
4976 4 2 2 12 13 1437 186 143
4977 4 2 2 12 256 1437 248 230
4978 4 2 2 12 256 1437 1473 228
4979 4 2 2 12 184 1445 63 180
4980 4 2 2 12 1437 187 1478 248
4981 4 2 2 12 114 112 1414 1156
4982 4 2 2 12 1424 1452 1418 153
4983 4 2 2 12 63 1445 167 45
4984 4 2 2 12 229 1468 181 179
4985 4 2 2 12 1159 1453 1156 1157
4986 4 2 2 12 1453 1480 161 162
4987 4 2 2 12 1413 245 267 254
4988 4 2 2 12 254 1413 1438 227
4989 4 2 2 12 162 1480 1440 1453
4990 4 2 2 12 42 1411 1460 90
4991 4 2 2 12 1421 254 1438 227
4992 4 2 2 12 1453 161 1480 78
4993 4 2 2 12 1424 156 155 1406
4994 4 2 2 12 1159 106 1457 1406
4995 4 2 2 12 106 1406 105 156
4996 4 2 2 12 104 156 105 1406
4997 4 2 2 12 1406 155 104 156
4998 4 2 2 12 1460 1411 42 1441
4999 4 2 2 12 1404 1439 1458 141
5000 4 2 2 12 1439 1158 125 124
5001 4 2 2 12 1439 1158 124 1156
5002 4 2 2 12 1157 1458 1156 1158
5003 4 2 2 12 1158 126 1439 125
5004 4 2 2 12 162 120 1440 142
5005 4 2 2 12 167 1445 184 180
5006 4 2 2 12 120 142 121 1440
5007 4 2 2 12 63 1475 1462 167
5008 4 2 2 12 198 1164 1429 197
5009 4 2 2 12 199 1164 1429 198
5010 4 2 2 12 197 1429 1162 1164
5011 4 2 2 12 1419 1429 1412 1164
5012 4 2 2 12 1161 1442 1416 1467
5013 4 2 2 12 1443 217 1467 1161
5014 4 2 2 12 1428 1441 26 42
5015 4 2 2 12 1460 1411 1446 90
5016 4 2 2 12 32 26 1441 1460
5017 4 2 2 12 32 1411 1460 1441
5018 4 2 2 12 1416 1442 1417 69
5019 4 2 2 12 1449 42 1441 1428
5020 4 2 2 12 1416 171 190 170
5021 4 2 2 12 1416 171 170 1442
5022 4 2 2 12 1467 1442 1416 170
5023 4 2 2 12 1417 1442 1416 1162
5024 4 2 2 12 1417 1442 87 69
5025 4 2 2 12 148 1463 1448 89
5026 4 2 2 12 214 1161 1443 1163
5027 4 2 2 12 1443 214 1163 213
5028 4 2 2 12 1161 1442 1467 1443
5029 4 2 2 12 87 1442 1417 1162
5030 4 2 2 12 1163 1471 1419 1429
5031 4 2 2 12 21 229 1445 1402
5032 4 2 2 12 87 1442 1399 69
5033 4 2 2 12 1160 101 100 1444
5034 4 2 2 12 1399 1442 87 1162
5035 4 2 2 12 179 1464 28 1409
5036 4 2 2 12 1444 153 100 1160
5037 4 2 2 12 1444 153 1160 154
5038 4 2 2 12 1462 142 82 167
5039 4 2 2 12 1425 1409 1407 52
5040 4 2 2 12 21 34 45 1445
5041 4 2 2 12 1445 1423 34 45
5042 4 2 2 12 1407 1409 1425 179
5043 4 2 2 12 1423 1445 63 45
5044 4 2 2 12 1462 45 63 167
5045 4 2 2 12 1460 1446 1411 32
5046 4 2 2 12 60 42 1446 71
5047 4 2 2 12 1446 90 42 1460
5048 4 2 2 12 1433 1411 1449 246
5049 4 2 2 12 21 15 1420 29
5050 4 2 2 12 214 188 1443 215
5051 4 2 2 12 1479 1401 13 38
5052 4 2 2 12 148 1470 1463 89
5053 4 2 2 12 1447 38 68 84
5054 4 2 2 12 1447 257 84 68
5055 4 2 2 12 38 265 84 1447
5056 4 2 2 12 1447 257 68 1399
5057 4 2 2 12 71 1448 1474 60
5058 4 2 2 12 71 1448 148 177
5059 4 2 2 12 71 1477 90 1446
5060 4 2 2 12 219 1467 1161 1427
5061 4 2 2 12 246 1449 151 228
5062 4 2 2 12 1446 1411 32 228
5063 4 2 2 12 71 1477 149 90
5064 4 2 2 12 188 1481 170 67
5065 4 2 2 12 246 228 1411 1449
5066 4 2 2 12 138 1157 1430 139
5067 4 2 2 12 31 1479 25 13
5068 4 2 2 12 38 1479 48 13
5069 4 2 2 12 1407 1409 53 52
5070 4 2 2 12 1432 9 23 20
5071 4 2 2 12 1410 140 9 152
5072 4 2 2 12 154 1406 103 102
5073 4 2 2 12 103 1406 104 102
5074 4 2 2 12 25 59 1408 58
5075 4 2 2 12 1416 1467 1427 1161
5076 4 2 2 12 218 1161 1467 217
5077 4 2 2 12 136 1476 1404 54
5078 4 2 2 12 53 1409 1407 179
5079 4 2 2 12 1399 1481 188 232
5080 4 2 2 12 219 1161 1467 218
5081 4 2 2 12 256 185 246 1461
5082 4 2 2 12 193 1455 1466 1162
5083 4 2 2 12 1162 1455 1466 176
5084 4 2 2 12 1466 173 1162 1417
5085 4 2 2 12 256 246 228 1461
5086 4 2 2 12 169 1481 249 232
5087 4 2 2 12 1408 59 25 1479
5088 4 2 2 12 1451 56 66 1420
5089 4 2 2 12 1461 1411 32 18
5090 4 2 2 12 47 66 1434 1451
5091 4 2 2 12 154 1406 104 103
5092 4 2 2 12 112 159 113 1414
5093 4 2 2 12 188 232 1481 169
5094 4 2 2 12 53 1430 1452 1436
5095 4 2 2 12 53 75 1452 78
5096 4 2 2 12 1436 1472 62 1430
5097 4 2 2 12 1424 1452 153 78
5098 4 2 2 12 1452 94 153 78
5099 4 2 2 12 1452 94 78 75
5100 4 2 2 12 1436 1430 62 1403
5101 4 2 2 12 1479 256 48 1408
5102 4 2 2 12 1424 161 179 1414
5103 4 2 2 12 162 1440 1480 142
5104 4 2 2 12 1424 161 1414 1453
5105 4 2 2 12 1156 1453 1414 119
5106 4 2 2 12 1448 150 1421 177
5107 4 2 2 12 1461 1411 228 32
5108 4 2 2 12 1474 150 1448 177
5109 4 2 2 12 1474 150 177 1465
5110 4 2 2 12 1466 1455 174 176
5111 4 2 2 12 196 1162 197 1455
5112 4 2 2 12 193 1455 174 1466
5113 4 2 2 12 193 1455 1162 195
5114 4 2 2 12 196 1162 1455 195
5115 4 2 2 12 1162 197 1455 1429
5116 4 2 2 12 1426 233 226 234
5117 4 2 2 12 1455 1426 176 1162
5118 4 2 2 12 1162 1417 87 1466
5119 4 2 2 12 1432 33 1464 44
5120 4 2 2 12 193 1162 1466 192
5121 4 2 2 12 1443 217 1161 216
5122 4 2 2 12 1443 216 1161 214
5123 4 2 2 12 1479 256 1408 1405
5124 4 2 2 12 1165 1416 224 1456
5125 4 2 2 12 1456 223 1165 222
5126 4 2 2 12 224 1456 223 1165
5127 4 2 2 12 1165 1416 1456 222
5128 4 2 2 12 1424 156 1406 1457
5129 4 2 2 12 1409 1464 33 44
5130 4 2 2 12 1457 106 1159 107
5131 4 2 2 12 109 1457 110 1159
5132 4 2 2 12 108 1457 109 1159
5133 4 2 2 12 107 1457 108 1159
5134 4 2 2 12 1479 48 13 39
5135 4 2 2 12 1415 110 1457 1159
5136 4 2 2 12 1460 26 1441 42
5137 4 2 2 12 1157 1158 1154 1458
5138 4 2 2 12 1154 129 1458 1158
5139 4 2 2 12 1404 129 1154 130
5140 4 2 2 12 1458 1404 1154 1157
5141 4 2 2 12 1404 129 130 141
5142 4 2 2 12 1459 38 187 84
5143 4 2 2 12 38 1459 187 1401
5144 4 2 2 12 169 143 187 1459
5145 4 2 2 12 1459 187 231 84
5146 4 2 2 12 231 187 1459 169
5147 4 2 2 12 1401 1459 187 143
5148 4 2 2 12 1466 87 1162 176
5149 4 2 2 12 1463 1470 70 89
5150 4 2 2 12 59 1405 58 41
5151 4 2 2 12 179 1464 1409 1425
5152 4 2 2 12 1403 1422 53 179
5153 4 2 2 12 1399 170 68 189
5154 4 2 2 12 1446 42 90 71
5155 4 2 2 12 170 1481 68 67
5156 4 2 2 12 41 42 1460 1446
5157 4 2 2 12 26 41 42 1460
5158 4 2 2 13 508 1509 1490 507
5159 4 2 2 13 1571 1576 389 440
5160 4 2 2 13 371 1562 448 422
5161 4 2 2 13 1571 400 368 1494
5162 4 2 2 13 1562 371 1504 1549
5163 4 2 2 13 1572 1484 1547 506
5164 4 2 2 13 1570 298 1561 319
5165 4 2 2 13 1554 514 454 1499
5166 4 2 2 13 1505 1483 496 503
5167 4 2 2 13 1564 1562 1504 422
5168 4 2 2 13 500 1547 505 1484
5169 4 2 2 13 496 1483 504 510
5170 4 2 2 13 281 307 1482 300
5171 4 2 2 13 1502 313 310 1542
5172 4 2 2 13 504 1483 496 1505
5173 4 2 2 13 1564 1562 422 448
5174 4 2 2 13 413 271 1485 270
5175 4 2 2 13 1527 1504 1562 422
5176 4 2 2 13 1483 456 503 495
5177 4 2 2 13 1498 1581 1559 307
5178 4 2 2 13 1566 1527 1555 514
5179 4 2 2 13 496 1483 456 503
5180 4 2 2 13 371 1571 321 1576
5181 4 2 2 13 500 1506 1547 1484
5182 4 2 2 13 432 405 1558 1486
5183 4 2 2 13 309 1514 430 389
5184 4 2 2 13 417 1562 1504 1549
5185 4 2 2 13 504 1483 1565 510
5186 4 2 2 13 271 413 1538 1523
5187 4 2 2 13 377 1508 1176 376
5188 4 2 2 13 422 1513 1507 488
5189 4 2 2 13 1565 1483 504 1505
5190 4 2 2 13 1563 1554 1509 424
5191 4 2 2 13 488 498 1507 422
5192 4 2 2 13 1520 1495 1174 1533
5193 4 2 2 13 309 1514 389 390
5194 4 2 2 13 371 1571 1576 372
5195 4 2 2 13 307 1559 1534 1581
5196 4 2 2 13 1527 1562 417 1549
5197 4 2 2 13 298 275 1543 297
5198 4 2 2 13 312 324 1512 309
5199 4 2 2 13 377 1488 330 1508
5200 4 2 2 13 1571 430 309 400
5201 4 2 2 13 1548 443 1522 1580
5202 4 2 2 13 1174 1497 1482 1520
5203 4 2 2 13 1509 1554 435 424
5204 4 2 2 13 1545 485 1489 1180
5205 4 2 2 13 1559 1487 1534 1581
5206 4 2 2 13 495 503 1483 502
5207 4 2 2 13 377 1508 376 375
5208 4 2 2 13 457 1525 432 442
5209 4 2 2 13 1523 271 413 270
5210 4 2 2 13 503 473 1505 1483
5211 4 2 2 13 1525 1515 432 1486
5212 4 2 2 13 371 321 1571 322
5213 4 2 2 13 293 1491 1574 429
5214 4 2 2 13 371 1562 321 1549
5215 4 2 2 13 1552 1483 1565 1181
5216 4 2 2 13 1546 510 1525 1515
5217 4 2 2 13 394 395 1526 426
5218 4 2 2 13 1546 1525 1486 1515
5219 4 2 2 13 1181 1483 1565 1505
5220 4 2 2 13 1526 425 1541 1491
5221 4 2 2 13 454 491 1509 511
5222 4 2 2 13 1583 1518 1535 277
5223 4 2 2 13 1582 410 311 1579
5224 4 2 2 13 341 1540 1560 1167
5225 4 2 2 13 424 1509 436 1490
5226 4 2 2 13 1490 436 424 450
5227 4 2 2 13 1582 410 1579 323
5228 4 2 2 13 500 1547 1506 490
5229 4 2 2 13 311 410 393 1482
5230 4 2 2 13 1546 510 1515 1483
5231 4 2 2 13 508 1509 507 454
5232 4 2 2 13 402 1500 1557 404
5233 4 2 2 13 1515 1546 405 1486
5234 4 2 2 13 333 1488 379 1511
5235 4 2 2 13 1541 1512 1526 312
5236 4 2 2 13 321 440 1527 454
5237 4 2 2 13 310 1573 373 1577
5238 4 2 2 13 385 1548 1536 400
5239 4 2 2 13 435 1554 1509 454
5240 4 2 2 13 436 1509 424 1563
5241 4 2 2 13 1540 341 381 340
5242 4 2 2 13 1167 384 349 1487
5243 4 2 2 13 431 1513 441 417
5244 4 2 2 13 1550 499 1516 500
5245 4 2 2 13 1553 1493 429 415
5246 4 2 2 13 1514 494 453 430
5247 4 2 2 13 1174 1497 1520 1168
5248 4 2 2 13 1500 287 1556 1575
5249 4 2 2 13 436 1509 451 1490
5250 4 2 2 13 429 312 1512 309
5251 4 2 2 13 451 1509 436 1563
5252 4 2 2 13 1569 426 1526 1491
5253 4 2 2 13 380 381 1511 379
5254 4 2 2 13 371 1562 406 1576
5255 4 2 2 13 451 1509 491 1490
5256 4 2 2 13 488 505 449 1499
5257 4 2 2 13 391 1573 310 395
5258 4 2 2 13 1520 1495 1533 317
5259 4 2 2 13 339 338 1540 1167
5260 4 2 2 13 499 500 1547 1516
5261 4 2 2 13 292 278 1510 294
5262 4 2 2 13 437 1517 453 493
5263 4 2 2 13 1527 417 401 321
5264 4 2 2 13 417 1504 321 1549
5265 4 2 2 13 1518 1535 277 273
5266 4 2 2 13 1577 373 1542 1519
5267 4 2 2 13 1560 1540 341 1487
5268 4 2 2 13 1583 1528 415 1492
5269 4 2 2 13 379 1511 380 333
5270 4 2 2 13 385 1548 400 368
5271 4 2 2 13 321 1504 371 1549
5272 4 2 2 13 385 1548 368 1524
5273 4 2 2 13 1542 427 1519 373
5274 4 2 2 13 1515 432 481 457
5275 4 2 2 13 333 1488 1511 1171
5276 4 2 2 13 1550 501 1529 469
5277 4 2 2 13 461 1489 1551 498
5278 4 2 2 13 1493 283 429 290
5279 4 2 2 13 385 1548 1524 1536
5280 4 2 2 13 491 1509 451 1563
5281 4 2 2 13 1541 1512 312 324
5282 4 2 2 13 1491 1512 1526 1569
5283 4 2 2 13 342 1581 343 1487
5284 4 2 2 13 445 459 405 1530
5285 4 2 2 13 1517 1512 309 429
5286 4 2 2 13 1577 1542 373 310
5287 4 2 2 13 1536 1548 430 400
5288 4 2 2 13 383 1523 399 319
5289 4 2 2 13 418 1548 1536 1524
5290 4 2 2 13 1545 485 1180 1179
5291 4 2 2 13 1503 270 1531 269
5292 4 2 2 13 1550 468 499 500
5293 4 2 2 13 1491 1512 1569 429
5294 4 2 2 13 294 397 1510 410
5295 4 2 2 13 368 1571 1494 386
5296 4 2 2 13 378 1488 331 377
5297 4 2 2 13 1516 467 499 1550
5298 4 2 2 13 1564 434 1507 420
5299 4 2 2 13 498 1489 485 486
5300 4 2 2 13 1511 380 334 335
5301 4 2 2 13 344 384 345 1487
5302 4 2 2 13 494 1514 1490 389
5303 4 2 2 13 1543 1531 298 270
5304 4 2 2 13 298 1528 319 1570
5305 4 2 2 13 330 332 1488 331
5306 4 2 2 13 484 1489 483 485
5307 4 2 2 13 499 1547 500 490
5308 4 2 2 13 298 1503 270 1531
5309 4 2 2 13 503 473 1483 472
5310 4 2 2 13 1515 445 405 1530
5311 4 2 2 13 1511 335 336 381
5312 4 2 2 13 465 489 1516 499
5313 4 2 2 13 277 1518 270 282
5314 4 2 2 13 468 499 467 1550
5315 4 2 2 13 461 497 1551 460
5316 4 2 2 13 1550 501 469 500
5317 4 2 2 13 387 1544 1524 1556
5318 4 2 2 13 1527 416 1494 401
5319 4 2 2 13 461 1489 498 486
5320 4 2 2 13 1573 1577 310 303
5321 4 2 2 13 1583 1543 1528 1518
5322 4 2 2 13 331 1488 330 377
5323 4 2 2 13 368 1571 386 318
5324 4 2 2 13 1490 1514 494 452
5325 4 2 2 13 287 298 1543 297
5326 4 2 2 13 499 467 1516 466
5327 4 2 2 13 295 1495 304 314
5328 4 2 2 13 485 484 1489 498
5329 4 2 2 13 369 319 1561 298
5330 4 2 2 13 349 347 384 346
5331 4 2 2 13 357 358 1496 320
5332 4 2 2 13 499 1516 465 466
5333 4 2 2 13 314 1532 295 1495
5334 4 2 2 13 1497 325 375 326
5335 4 2 2 13 329 377 330 1508
5336 4 2 2 13 378 396 410 1482
5337 4 2 2 13 1545 487 482 446
5338 4 2 2 13 1551 463 489 1516
5339 4 2 2 13 472 1483 503 471
5340 4 2 2 13 359 360 1495 304
5341 4 2 2 13 1495 316 359 304
5342 4 2 2 13 1510 1482 271 397
5343 4 2 2 13 482 483 487 1545
5344 4 2 2 13 1568 405 1530 1182
5345 4 2 2 13 367 362 1520 363
5346 4 2 2 13 311 410 1482 294
5347 4 2 2 13 481 432 1515 458
5348 4 2 2 13 1495 316 304 314
5349 4 2 2 13 473 475 474 1505
5350 4 2 2 13 1167 384 1487 345
5351 4 2 2 13 1538 319 1523 383
5352 4 2 2 13 1534 349 384 1487
5353 4 2 2 13 1182 1568 509 1180
5354 4 2 2 13 314 1532 1495 1170
5355 4 2 2 13 358 315 1532 289
5356 4 2 2 13 444 445 432 1515
5357 4 2 2 13 480 481 457 1552
5358 4 2 2 13 311 410 294 1579
5359 4 2 2 13 1174 1171 1170 1482
5360 4 2 2 13 1568 405 434 1530
5361 4 2 2 13 364 363 367 1520
5362 4 2 2 13 367 1497 1520 1482
5363 4 2 2 13 289 1532 307 1482
5364 4 2 2 13 1530 1568 1182 1180
5365 4 2 2 13 1508 377 1488 1482
5366 4 2 2 13 361 360 1533 1174
5367 4 2 2 13 310 373 1573 391
5368 4 2 2 13 1532 295 1495 1482
5369 4 2 2 13 434 1545 1568 1530
5370 4 2 2 13 378 410 397 1482
5371 4 2 2 13 1508 375 377 1482
5372 4 2 2 13 269 271 274 1482
5373 4 2 2 13 269 274 279 1482
5374 4 2 2 13 289 279 295 1482
5375 4 2 2 13 1529 471 470 501
5376 4 2 2 13 1576 1501 1537 435
5377 4 2 2 13 469 1529 470 501
5378 4 2 2 13 367 1497 1482 375
5379 4 2 2 13 435 1554 449 424
5380 4 2 2 13 478 457 504 1552
5381 4 2 2 13 412 377 375 1482
5382 4 2 2 13 371 372 1576 406
5383 4 2 2 13 1496 1169 1173 354
5384 4 2 2 13 378 1488 377 1482
5385 4 2 2 13 1511 379 381 1482
5386 4 2 2 13 389 1490 390 1514
5387 4 2 2 13 384 348 347 349
5388 4 2 2 13 320 370 1496 354
5389 4 2 2 13 365 364 367 1520
5390 4 2 2 13 366 375 326 1497
5391 4 2 2 13 432 458 444 1515
5392 4 2 2 13 1539 1514 1490 1517
5393 4 2 2 13 366 365 367 1520
5394 4 2 2 13 478 457 1552 479
5395 4 2 2 13 371 406 1562 421
5396 4 2 2 13 1497 327 376 325
5397 4 2 2 13 479 480 457 1552
5398 4 2 2 13 476 475 1565 504
5399 4 2 2 13 503 473 474 1505
5400 4 2 2 13 1562 406 1576 1501
5401 4 2 2 13 370 353 1534 354
5402 4 2 2 13 356 357 1496 320
5403 4 2 2 13 1496 355 320 354
5404 4 2 2 13 370 353 352 1534
5405 4 2 2 13 1565 478 477 504
5406 4 2 2 13 1565 477 476 504
5407 4 2 2 13 355 356 1496 320
5408 4 2 2 13 430 389 454 440
5409 4 2 2 13 368 401 386 1494
5410 4 2 2 13 391 408 1585 1521
5411 4 2 2 13 1537 1576 454 389
5412 4 2 2 13 389 390 1490 423
5413 4 2 2 13 291 308 1522 301
5414 4 2 2 13 277 1553 273 1535
5415 4 2 2 13 388 319 403 399
5416 4 2 2 13 1536 387 385 400
5417 4 2 2 13 387 1536 1524 1544
5418 4 2 2 13 1537 1576 389 406
5419 4 2 2 13 371 405 1504 321
5420 4 2 2 13 408 373 391 1585
5421 4 2 2 13 301 1571 322 308
5422 4 2 2 13 489 449 505 1499
5423 4 2 2 13 449 1554 435 454
5424 4 2 2 13 1545 1568 1530 1180
5425 4 2 2 13 1491 1569 426 437
5426 4 2 2 13 1512 1569 1521 428
5427 4 2 2 13 1513 456 441 1546
5428 4 2 2 13 1503 270 269 271
5429 4 2 2 13 424 411 407 1490
5430 4 2 2 13 408 491 1490 451
5431 4 2 2 13 423 422 1537 389
5432 4 2 2 13 1534 1581 384 307
5433 4 2 2 13 1554 436 424 1563
5434 4 2 2 13 499 436 1547 490
5435 4 2 2 13 455 431 440 1555
5436 4 2 2 13 1566 455 509 454
5437 4 2 2 13 387 1557 1500 1575
5438 4 2 2 13 273 271 270 1485
5439 4 2 2 13 418 388 1500 404
5440 4 2 2 13 1535 303 1567 293
5441 4 2 2 13 391 408 1521 411
5442 4 2 2 13 437 1491 427 426
5443 4 2 2 13 277 270 1518 273
5444 4 2 2 13 1566 1484 514 512
5445 4 2 2 13 284 293 1535 273
5446 4 2 2 13 287 275 1543 276
5447 4 2 2 13 415 383 1523 399
5448 4 2 2 13 276 1531 1543 270
5449 4 2 2 13 319 342 1498 306
5450 4 2 2 13 1484 514 488 1566
5451 4 2 2 13 1503 298 275 1531
5452 4 2 2 13 1506 512 514 1484
5453 4 2 2 13 358 1532 1496 320
5454 4 2 2 13 311 292 1579 294
5455 4 2 2 13 1506 512 1484 500
5456 4 2 2 13 424 489 1499 449
5457 4 2 2 13 1496 1532 358 1170
5458 4 2 2 13 1539 426 1521 1569
5459 4 2 2 13 401 386 1494 321
5460 4 2 2 13 1553 1492 1535 1583
5461 4 2 2 13 384 1581 1534 1487
5462 4 2 2 13 397 379 1538 413
5463 4 2 2 13 500 491 490 1506
5464 4 2 2 13 1506 512 500 513
5465 4 2 2 13 371 434 1564 420
5466 4 2 2 13 407 1539 1490 411
5467 4 2 2 13 429 453 1517 493
5468 4 2 2 13 418 1500 402 404
5469 4 2 2 13 1524 1557 387 1575
5470 4 2 2 13 427 1574 426 1491
5471 4 2 2 13 283 1493 277 290
5472 4 2 2 13 415 383 398 1523
5473 4 2 2 13 298 368 318 1524
5474 4 2 2 13 1557 388 369 404
5475 4 2 2 13 1554 490 1547 436
5476 4 2 2 13 1548 1571 400 368
5477 4 2 2 13 273 283 291 1553
5478 4 2 2 13 1539 1521 408 411
5479 4 2 2 13 1517 1569 437 1539
5480 4 2 2 13 1490 436 450 411
5481 4 2 2 13 399 1578 433 388
5482 4 2 2 13 1491 1574 429 427
5483 4 2 2 13 1500 387 418 402
5484 4 2 2 13 387 1500 1557 402
5485 4 2 2 13 293 1574 1491 425
5486 4 2 2 13 1562 406 1501 422
5487 4 2 2 13 1537 406 422 1501
5488 4 2 2 13 387 1557 298 369
5489 4 2 2 13 1524 1557 1575 287
5490 4 2 2 13 1506 512 513 514
5491 4 2 2 13 298 1557 1543 1561
5492 4 2 2 13 1499 454 449 488
5493 4 2 2 13 1499 454 488 514
5494 4 2 2 13 384 1581 344 307
5495 4 2 2 13 292 1582 1579 323
5496 4 2 2 13 1566 1527 514 488
5497 4 2 2 13 1566 1555 431 455
5498 4 2 2 13 344 1581 384 1487
5499 4 2 2 13 1506 1554 513 491
5500 4 2 2 13 1576 321 435 454
5501 4 2 2 13 1562 406 422 421
5502 4 2 2 13 1560 1540 1487 1167
5503 4 2 2 13 1568 1551 1489 498
5504 4 2 2 13 1550 509 1180 1182
5505 4 2 2 13 1529 501 509 502
5506 4 2 2 13 1550 501 500 509
5507 4 2 2 13 1506 1554 514 513
5508 4 2 2 13 1557 1561 298 369
5509 4 2 2 13 427 429 1553 1574
5510 4 2 2 13 342 1581 1487 1559
5511 4 2 2 13 1554 514 1499 506
5512 4 2 2 13 1484 1513 488 1507
5513 4 2 2 13 1548 318 1571 368
5514 4 2 2 13 344 1581 343 307
5515 4 2 2 13 343 1581 344 1487
5516 4 2 2 13 1498 1581 342 1559
5517 4 2 2 13 291 1522 283 301
5518 4 2 2 13 1566 1513 488 1484
5519 4 2 2 13 424 1554 1499 506
5520 4 2 2 13 283 1522 291 429
5521 4 2 2 13 283 1522 290 301
5522 4 2 2 13 290 1522 283 429
5523 4 2 2 13 1556 287 301 1524
5524 4 2 2 13 1556 301 287 290
5525 4 2 2 13 404 1557 402 369
5526 4 2 2 13 432 321 1558 419
5527 4 2 2 13 1558 417 432 442
5528 4 2 2 13 1541 395 374 1573
5529 4 2 2 13 1513 1558 417 1504
5530 4 2 2 13 1554 490 436 451
5531 4 2 2 13 1554 1506 1547 490
5532 4 2 2 13 1509 1554 491 454
5533 4 2 2 13 1490 452 494 492
5534 4 2 2 13 1580 1556 301 1524
5535 4 2 2 13 1548 1571 318 1580
5536 4 2 2 13 310 395 1573 374
5537 4 2 2 13 1528 1543 1570 298
5538 4 2 2 13 500 1547 1516 505
5539 4 2 2 13 290 1522 1556 301
5540 4 2 2 13 1547 489 499 1516
5541 4 2 2 13 489 505 1547 1572
5542 4 2 2 13 374 1573 310 303
5543 4 2 2 13 325 1497 375 376
5544 4 2 2 13 1496 1532 370 320
5545 4 2 2 13 1498 1581 307 306
5546 4 2 2 13 321 400 1527 440
5547 4 2 2 13 1494 1527 401 321
5548 4 2 2 13 1527 1513 431 417
5549 4 2 2 13 1509 1490 435 1537
5550 4 2 2 13 494 1537 1490 1509
5551 4 2 2 13 424 1509 1490 435
5552 4 2 2 13 352 1534 307 370
5553 4 2 2 13 424 390 1490 407
5554 4 2 2 13 1549 1527 1562 321
5555 4 2 2 13 1549 1527 321 417
5556 4 2 2 13 1562 1576 435 1501
5557 4 2 2 13 1552 1525 510 1515
5558 4 2 2 13 496 1525 510 441
5559 4 2 2 13 1576 1537 1501 406
5560 4 2 2 13 389 1576 454 440
5561 4 2 2 13 1525 510 441 504
5562 4 2 2 13 1552 1525 457 504
5563 4 2 2 13 1515 457 1525 432
5564 4 2 2 13 457 1525 441 504
5565 4 2 2 13 1518 298 1543 1528
5566 4 2 2 13 457 1525 442 441
5567 4 2 2 13 342 1581 306 343
5568 4 2 2 13 1583 1528 1543 399
5569 4 2 2 13 1534 1532 1496 1170
5570 4 2 2 13 320 358 1532 289
5571 4 2 2 13 1532 307 320 289
5572 4 2 2 13 1556 1522 290 429
5573 4 2 2 13 1510 278 292 284
5574 4 2 2 13 1583 1528 1492 1518
5575 4 2 2 13 387 402 1557 369
5576 4 2 2 13 1584 1522 1556 429
5577 4 2 2 13 1553 1573 1577 1519
5578 4 2 2 13 1519 1573 1577 373
5579 4 2 2 13 1576 1562 321 371
5580 4 2 2 13 422 487 1507 434
5581 4 2 2 13 422 1507 487 498
5582 4 2 2 13 1553 1573 1519 427
5583 4 2 2 13 1489 487 1568 498
5584 4 2 2 13 494 1537 1509 454
5585 4 2 2 13 1531 270 272 269
5586 4 2 2 13 1579 410 294 1510
5587 4 2 2 13 433 1556 1500 429
5588 4 2 2 13 292 284 1502 1510
5589 4 2 2 13 1502 323 310 292
5590 4 2 2 13 1502 310 302 292
5591 4 2 2 13 427 1573 1519 373
5592 4 2 2 13 427 1573 1574 293
5593 4 2 2 13 399 429 1578 415
5594 4 2 2 13 1574 1573 427 373
5595 4 2 2 13 1553 1573 427 293
5596 4 2 2 13 1485 1518 273 284
5597 4 2 2 13 433 1556 418 1500
5598 4 2 2 13 280 317 1482 305
5599 4 2 2 13 280 295 1495 304
5600 4 2 2 13 1522 1517 443 430
5601 4 2 2 13 293 1567 1577 303
5602 4 2 2 13 1518 1528 1492 284
5603 4 2 2 13 1583 1543 1518 277
5604 4 2 2 13 399 429 433 1578
5605 4 2 2 13 1175 1495 1533 360
5606 4 2 2 13 370 1532 307 320
5607 4 2 2 13 1559 1532 1534 1170
5608 4 2 2 13 1538 319 383 1482
5609 4 2 2 13 1517 408 452 1490
5610 4 2 2 13 1519 1553 427 438
5611 4 2 2 13 301 1524 287 1580
5612 4 2 2 13 1524 298 287 318
5613 4 2 2 13 1524 1557 287 298
5614 4 2 2 13 1538 1482 379 397
5615 4 2 2 13 1577 1567 1542 303
5616 4 2 2 13 1520 1495 317 1482
5617 4 2 2 13 1553 1542 1577 1567
5618 4 2 2 13 1548 1522 400 1571
5619 4 2 2 13 291 429 1553 283
5620 4 2 2 13 1513 405 420 509
5621 4 2 2 13 420 405 1568 509
5622 4 2 2 13 1552 510 1525 504
5623 4 2 2 13 1553 1573 293 1577
5624 4 2 2 13 1542 1567 313 303
5625 4 2 2 13 459 405 1530 447
5626 4 2 2 13 1553 1542 1567 313
5627 4 2 2 13 1553 1542 313 438
5628 4 2 2 13 429 1493 1578 415
5629 4 2 2 13 1519 1553 1542 1577
5630 4 2 2 13 434 1530 405 446
5631 4 2 2 13 280 1482 1495 295
5632 4 2 2 13 1520 1495 1482 1174
5633 4 2 2 13 367 1482 317 305
5634 4 2 2 13 1520 1482 317 367
5635 4 2 2 13 489 1516 464 465
5636 4 2 2 13 1578 1493 429 1557
5637 4 2 2 13 1557 429 1578 433
5638 4 2 2 13 1551 489 463 1183
5639 4 2 2 13 463 489 1516 464
5640 4 2 2 13 497 462 1551 460
5641 4 2 2 13 1551 463 1516 1180
5642 4 2 2 13 1490 436 411 408
5643 4 2 2 13 489 1547 505 1516
5644 4 2 2 13 407 1539 411 324
5645 4 2 2 13 407 1539 324 390
5646 4 2 2 13 1572 1484 506 1507
5647 4 2 2 13 1578 1493 1583 415
5648 4 2 2 13 1572 1484 1507 505
5649 4 2 2 13 1571 1522 400 309
5650 4 2 2 13 1524 318 1548 368
5651 4 2 2 13 405 1530 447 446
5652 4 2 2 13 1573 293 1577 303
5653 4 2 2 13 1508 377 328 329
5654 4 2 2 13 1508 328 377 1176
5655 4 2 2 13 1510 1482 397 294
5656 4 2 2 13 1482 397 294 410
5657 4 2 2 13 1577 1553 1567 293
5658 4 2 2 13 489 1499 1572 506
5659 4 2 2 13 1482 410 412 396
5660 4 2 2 13 1482 412 410 393
5661 4 2 2 13 1505 475 496 504
5662 4 2 2 13 1505 475 504 1565
5663 4 2 2 13 1583 1493 1578 1557
5664 4 2 2 13 1505 475 503 496
5665 4 2 2 13 1503 271 269 1482
5666 4 2 2 13 1579 410 1510 323
5667 4 2 2 13 1557 388 1561 369
5668 4 2 2 13 1534 307 351 352
5669 4 2 2 13 280 271 1482 274
5670 4 2 2 13 1510 1579 292 294
5671 4 2 2 13 371 308 1571 372
5672 4 2 2 13 371 1571 308 322
5673 4 2 2 13 293 309 429 291
5674 4 2 2 13 293 429 309 312
5675 4 2 2 13 269 275 1531 1503
5676 4 2 2 13 269 275 1503 281
5677 4 2 2 13 471 502 1483 503
5678 4 2 2 13 1529 502 471 501
5679 4 2 2 13 447 1530 1179 446
5680 4 2 2 13 321 318 1571 1580
5681 4 2 2 13 1517 1569 1539 1512
5682 4 2 2 13 1519 1542 1553 438
5683 4 2 2 13 373 1502 310 1542
5684 4 2 2 13 373 310 1502 323
5685 4 2 2 13 383 1538 381 398
5686 4 2 2 13 1551 1568 1516 505
5687 4 2 2 13 1171 1540 1559 1511
5688 4 2 2 13 381 1559 1482 383
5689 4 2 2 13 1523 1538 383 398
5690 4 2 2 13 396 377 1482 378
5691 4 2 2 13 396 1482 377 412
5692 4 2 2 13 379 397 1482 378
5693 4 2 2 13 1534 1532 307 370
5694 4 2 2 13 1496 1534 354 370
5695 4 2 2 13 271 1538 413 397
5696 4 2 2 13 413 1538 1523 398
5697 4 2 2 13 1547 489 1572 506
5698 4 2 2 13 289 281 1482 300
5699 4 2 2 13 269 289 1482 286
5700 4 2 2 13 279 269 1482 286
5701 4 2 2 13 1583 1553 415 1493
5702 4 2 2 13 1553 1492 1583 415
5703 4 2 2 13 1517 1569 1512 429
5704 4 2 2 13 434 1545 1530 446
5705 4 2 2 13 1539 1514 1517 309
5706 4 2 2 13 1517 408 1490 1539
5707 4 2 2 13 1516 1568 1551 1180
5708 4 2 2 13 1516 1568 500 505
5709 4 2 2 13 418 1556 1524 1544
5710 4 2 2 13 287 1556 1575 1524
5711 4 2 2 13 277 1493 1583 1557
5712 4 2 2 13 1527 435 422 1562
5713 4 2 2 13 443 1524 1556 1580
5714 4 2 2 13 438 1502 409 1542
5715 4 2 2 13 284 1502 310 302
5716 4 2 2 13 500 1568 1516 1180
5717 4 2 2 13 514 1499 1484 488
5718 4 2 2 13 1484 1499 514 506
5719 4 2 2 13 1484 1499 1507 488
5720 4 2 2 13 1484 1568 500 509
5721 4 2 2 13 1571 430 400 440
5722 4 2 2 13 407 1539 390 1490
5723 4 2 2 13 1539 1514 309 390
5724 4 2 2 13 391 1574 1585 373
5725 4 2 2 13 425 1574 1585 391
5726 4 2 2 13 1507 1499 1484 506
5727 4 2 2 13 415 429 1553 439
5728 4 2 2 13 434 1545 446 487
5729 4 2 2 13 509 1568 500 1180
5730 4 2 2 13 1583 1553 1493 277
5731 4 2 2 13 1572 1499 1507 506
5732 4 2 2 13 1587 293 1573 303
5733 4 2 2 13 1553 438 415 427
5734 4 2 2 13 1557 1493 287 277
5735 4 2 2 13 1482 281 269 1503
5736 4 2 2 13 1482 269 281 289
5737 4 2 2 13 1545 1568 1489 487
5738 4 2 2 13 307 289 1482 300
5739 4 2 2 13 281 1482 307 299
5740 4 2 2 13 1587 293 303 312
5741 4 2 2 13 1482 393 375 412
5742 4 2 2 13 1574 1585 1491 425
5743 4 2 2 13 367 1482 393 375
5744 4 2 2 13 305 1482 294 311
5745 4 2 2 13 1527 435 1562 321
5746 4 2 2 13 1527 435 321 454
5747 4 2 2 13 1491 1585 1574 426
5748 4 2 2 13 422 1513 488 1527
5749 4 2 2 13 435 454 488 449
5750 4 2 2 13 1527 435 454 488
5751 4 2 2 13 405 1182 509 502
5752 4 2 2 13 1489 1568 1545 1180
5753 4 2 2 13 1539 1514 390 1490
5754 4 2 2 13 292 1579 1510 323
5755 4 2 2 13 430 1517 443 453
5756 4 2 2 13 456 1546 496 441
5757 4 2 2 13 433 1556 443 418
5758 4 2 2 13 309 1514 1517 430
5759 4 2 2 13 1490 408 451 436
5760 4 2 2 13 1490 508 408 492
5761 4 2 2 13 1503 275 288 281
5762 4 2 2 13 494 389 430 1514
5763 4 2 2 13 1568 405 1182 509
5764 4 2 2 13 1587 293 312 1541
5765 4 2 2 13 420 1568 405 434
5766 4 2 2 13 1530 1180 1182 1178
5767 4 2 2 13 1514 1517 430 453
5768 4 2 2 13 1491 1585 1526 425
5769 4 2 2 13 1546 510 1483 496
5770 4 2 2 13 399 1578 388 1583
5771 4 2 2 13 1490 1537 389 423
5772 4 2 2 13 369 319 388 1561
5773 4 2 2 13 298 1503 288 306
5774 4 2 2 13 1513 405 509 502
5775 4 2 2 13 1486 1546 405 441
5776 4 2 2 13 1515 405 1546 1182
5777 4 2 2 13 1517 408 1539 437
5778 4 2 2 13 1490 1517 1514 452
5779 4 2 2 13 280 285 296 1482
5780 4 2 2 13 1485 1528 298 1518
5781 4 2 2 13 1503 275 298 288
5782 4 2 2 13 270 1518 298 1543
5783 4 2 2 13 399 1561 388 319
5784 4 2 2 13 452 1517 1514 453
5785 4 2 2 13 1490 452 492 408
5786 4 2 2 13 1497 1174 1508 1172
5787 4 2 2 13 1517 408 437 452
5788 4 2 2 13 1490 435 390 424
5789 4 2 2 13 390 435 1490 423
5790 4 2 2 13 1528 270 413 1485
5791 4 2 2 13 1518 1543 270 276
5792 4 2 2 13 1518 284 1535 273
5793 4 2 2 13 437 1517 452 453
5794 4 2 2 13 1552 1483 1181 1515
5795 4 2 2 13 1528 1543 399 1570
5796 4 2 2 13 1515 405 445 432
5797 4 2 2 13 1508 1174 1497 1482
5798 4 2 2 13 1508 1174 1488 1172
5799 4 2 2 13 1517 437 429 493
5800 4 2 2 13 1488 1174 1508 1482
5801 4 2 2 13 319 1503 1482 271
5802 4 2 2 13 405 1515 1530 1182
5803 4 2 2 13 1546 405 1513 502
5804 4 2 2 13 1526 1585 1491 426
5805 4 2 2 13 321 1580 1571 301
5806 4 2 2 13 405 1515 1486 432
5807 4 2 2 13 1517 429 1522 1584
5808 4 2 2 13 1507 1568 420 434
5809 4 2 2 13 1492 1553 438 415
5810 4 2 2 13 1488 1174 1171 1172
5811 4 2 2 13 1538 1482 383 381
5812 4 2 2 13 1538 1482 381 379
5813 4 2 2 13 443 1524 1580 1548
5814 4 2 2 13 1171 1174 1488 1482
5815 4 2 2 13 389 1576 372 406
5816 4 2 2 13 1502 1510 413 392
5817 4 2 2 13 1568 1507 1484 505
5818 4 2 2 13 321 1571 318 386
5819 4 2 2 13 301 321 322 1571
5820 4 2 2 13 439 1553 427 429
5821 4 2 2 13 1553 1493 277 283
5822 4 2 2 13 319 1498 1503 306
5823 4 2 2 13 439 1553 415 427
5824 4 2 2 13 1559 1532 1170 1482
5825 4 2 2 13 434 1545 487 1568
5826 4 2 2 13 1580 1556 443 301
5827 4 2 2 13 1571 1522 1580 1548
5828 4 2 2 13 1503 1498 319 1482
5829 4 2 2 13 1494 1571 321 386
5830 4 2 2 13 1580 1524 287 318
5831 4 2 2 13 440 1576 454 321
5832 4 2 2 13 443 1524 1548 418
5833 4 2 2 13 1494 1571 400 321
5834 4 2 2 13 443 1524 418 1556
5835 4 2 2 13 1503 1498 288 306
5836 4 2 2 13 294 296 1482 305
5837 4 2 2 13 280 1482 279 274
5838 4 2 2 13 1550 509 1182 1529
5839 4 2 2 13 1482 296 280 305
5840 4 2 2 13 1482 295 280 279
5841 4 2 2 13 1526 1585 395 425
5842 4 2 2 13 1171 1487 1540 1167
5843 4 2 2 13 1482 1559 1498 383
5844 4 2 2 13 395 1585 1526 426
5845 4 2 2 13 1559 1532 1482 307
5846 4 2 2 13 1482 285 296 294
5847 4 2 2 13 1524 1580 1548 318
5848 4 2 2 13 287 321 1580 318
5849 4 2 2 13 280 271 285 1482
5850 4 2 2 13 288 1498 307 306
5851 4 2 2 13 395 1585 394 425
5852 4 2 2 13 430 454 389 494
5853 4 2 2 13 394 1585 395 426
5854 4 2 2 13 1490 508 492 494
5855 4 2 2 13 1571 389 1576 372
5856 4 2 2 13 373 1502 392 323
5857 4 2 2 13 1171 1487 1167 1169
5858 4 2 2 13 1483 1546 502 1182
5859 4 2 2 13 1546 1483 495 456
5860 4 2 2 13 1515 1483 1181 1182
5861 4 2 2 13 1483 502 1546 495
5862 4 2 2 13 1483 473 1181 1182
5863 4 2 2 13 1483 473 1182 472
5864 4 2 2 13 472 1182 1483 471
5865 4 2 2 13 471 502 1529 1483
5866 4 2 2 13 509 1484 455 1566
5867 4 2 2 13 500 1484 509 512
5868 4 2 2 13 1484 1568 509 420
5869 4 2 2 13 1513 1484 455 509
5870 4 2 2 13 394 1585 428 425
5871 4 2 2 13 428 1585 394 426
5872 4 2 2 13 1510 1485 413 271
5873 4 2 2 13 273 271 1485 278
5874 4 2 2 13 1485 1528 1518 284
5875 4 2 2 13 273 1485 284 278
5876 4 2 2 13 1485 1528 284 413
5877 4 2 2 13 428 1585 1521 425
5878 4 2 2 13 399 1570 1543 1561
5879 4 2 2 13 432 1558 405 419
5880 4 2 2 13 1486 1525 441 442
5881 4 2 2 13 1486 1525 442 432
5882 4 2 2 13 1487 349 1167 1169
5883 4 2 2 13 1167 384 345 346
5884 4 2 2 13 344 1487 345 1167
5885 4 2 2 13 1167 384 346 349
5886 4 2 2 13 381 1559 383 341
5887 4 2 2 13 1521 1585 428 426
5888 4 2 2 13 1488 1171 330 1172
5889 4 2 2 13 1484 1568 505 500
5890 4 2 2 13 1583 1553 277 1535
5891 4 2 2 13 1488 379 1511 1482
5892 4 2 2 13 1583 1528 399 415
5893 4 2 2 13 1570 1528 319 399
5894 4 2 2 13 1489 487 483 1545
5895 4 2 2 13 484 487 483 1489
5896 4 2 2 13 1489 484 487 498
5897 4 2 2 13 507 1509 1490 491
5898 4 2 2 13 507 1509 491 511
5899 4 2 2 13 408 491 507 1490
5900 4 2 2 13 508 1509 454 494
5901 4 2 2 13 1490 408 508 507
5902 4 2 2 13 1518 1492 1583 1535
5903 4 2 2 13 1491 293 312 429
5904 4 2 2 13 1491 1512 429 312
5905 4 2 2 13 399 1570 1561 319
5906 4 2 2 13 437 429 427 1491
5907 4 2 2 13 1574 425 293 1573
5908 4 2 2 13 1539 426 1569 437
5909 4 2 2 13 1539 426 437 408
5910 4 2 2 13 438 413 1502 1492
5911 4 2 2 13 413 1492 438 415
5912 4 2 2 13 438 1502 1542 313
5913 4 2 2 13 1492 438 1553 313
5914 4 2 2 13 1556 1500 290 287
5915 4 2 2 13 1493 287 277 290
5916 4 2 2 13 290 1500 1556 429
5917 4 2 2 13 290 1500 1493 287
5918 4 2 2 13 1547 514 1506 1554
5919 4 2 2 13 1547 514 1554 506
5920 4 2 2 13 1493 1500 290 429
5921 4 2 2 13 287 321 301 1580
5922 4 2 2 13 1571 1580 1522 301
5923 4 2 2 13 1548 1522 443 430
5924 4 2 2 13 373 392 1502 409
5925 4 2 2 13 443 1548 430 418
5926 4 2 2 13 1493 1500 1557 287
5927 4 2 2 13 443 301 1522 1580
5928 4 2 2 13 416 368 400 1494
5929 4 2 2 13 368 401 1494 416
5930 4 2 2 13 1494 1527 321 400
5931 4 2 2 13 1527 416 401 431
5932 4 2 2 13 1175 1495 360 304
5933 4 2 2 13 1487 1560 343 342
5934 4 2 2 13 1532 295 1482 289
5935 4 2 2 13 314 1532 1170 315
5936 4 2 2 13 1174 1170 1495 1482
5937 4 2 2 13 1532 295 289 315
5938 4 2 2 13 357 358 1173 1496
5939 4 2 2 13 1534 1532 370 1496
5940 4 2 2 13 356 357 1173 1496
5941 4 2 2 13 1173 355 1496 354
5942 4 2 2 13 355 356 1173 1496
5943 4 2 2 13 1170 358 1496 1173
5944 4 2 2 13 1496 1169 1170 1173
5945 4 2 2 13 1174 1497 1168 1172
5946 4 2 2 13 367 1497 375 366
5947 4 2 2 13 1168 325 1497 326
5948 4 2 2 13 367 1497 366 1520
5949 4 2 2 13 366 1497 326 1168
5950 4 2 2 13 325 1497 1172 1168
5951 4 2 2 13 1498 383 319 1482
5952 4 2 2 13 1482 1498 1559 307
5953 4 2 2 13 319 342 383 1498
5954 4 2 2 13 1557 1500 1493 429
5955 4 2 2 13 505 1499 1507 1572
5956 4 2 2 13 489 1499 505 1572
5957 4 2 2 13 424 489 506 1499
5958 4 2 2 13 1503 1498 281 288
5959 4 2 2 13 281 1498 1503 1482
5960 4 2 2 13 298 1524 387 385
5961 4 2 2 13 1524 1557 298 387
5962 4 2 2 13 1539 426 408 1521
5963 4 2 2 13 418 388 433 1500
5964 4 2 2 13 1491 1512 312 1526
5965 4 2 2 13 387 1524 1536 385
5966 4 2 2 13 1537 422 406 389
5967 4 2 2 13 1562 435 1576 321
5968 4 2 2 13 1556 1524 387 1575
5969 4 2 2 13 1510 323 1502 292
5970 4 2 2 13 292 1502 284 302
5971 4 2 2 13 324 1512 1539 411
5972 4 2 2 13 289 279 1482 286
5973 4 2 2 13 405 441 1558 1486
5974 4 2 2 13 1521 426 428 1569
5975 4 2 2 13 437 1569 429 1491
5976 4 2 2 13 1568 1551 498 505
5977 4 2 2 13 1507 505 1568 498
5978 4 2 2 13 309 1539 390 324
5979 4 2 2 13 321 1558 405 1504
5980 4 2 2 13 1486 441 1558 442
5981 4 2 2 13 321 405 1558 419
5982 4 2 2 13 502 1546 405 1182
5983 4 2 2 13 284 1492 1518 1535
5984 4 2 2 13 319 1523 271 1538
5985 4 2 2 13 319 271 1523 270
5986 4 2 2 13 281 1498 299 288
5987 4 2 2 13 1539 1512 1521 411
5988 4 2 2 13 500 491 1506 513
5989 4 2 2 13 1512 1569 1539 1521
5990 4 2 2 13 1521 1512 428 411
5991 4 2 2 13 488 498 505 1507
5992 4 2 2 13 1517 1569 429 437
5993 4 2 2 13 1568 1484 1507 420
5994 4 2 2 13 505 1507 1499 488
5995 4 2 2 13 1507 487 1568 434
5996 4 2 2 13 1507 1568 487 498
5997 4 2 2 13 1169 1534 350 351
5998 4 2 2 13 1534 349 1487 1169
5999 4 2 2 13 1534 349 1169 350
6000 4 2 2 13 350 1534 384 351
6001 4 2 2 13 299 1498 281 1482
6002 4 2 2 13 1508 1497 327 376
6003 4 2 2 13 1508 1488 330 1172
6004 4 2 2 13 1508 1497 376 375
6005 4 2 2 13 329 1508 330 1172
6006 4 2 2 13 271 1538 1482 319
6007 4 2 2 13 1482 1497 1508 375
6008 4 2 2 13 1172 1508 328 329
6009 4 2 2 13 1172 328 1508 327
6010 4 2 2 13 507 1509 511 454
6011 4 2 2 13 508 1509 494 1490
6012 4 2 2 13 1534 349 350 384
6013 4 2 2 13 494 1537 454 389
6014 4 2 2 13 494 1537 389 1490
6015 4 2 2 13 299 1498 307 288
6016 4 2 2 13 1509 491 1554 1563
6017 4 2 2 13 384 1534 307 351
6018 4 2 2 13 307 1498 299 1482
6019 4 2 2 13 1482 1538 271 397
6020 4 2 2 13 392 323 1502 1510
6021 4 2 2 13 317 1533 1177 361
6022 4 2 2 13 1488 332 330 1171
6023 4 2 2 13 1511 380 335 381
6024 4 2 2 13 1511 334 380 333
6025 4 2 2 13 333 1488 1171 332
6026 4 2 2 13 1561 1557 1543 388
6027 4 2 2 13 333 1488 332 379
6028 4 2 2 13 1488 1511 1171 1482
6029 4 2 2 13 394 411 1512 324
6030 4 2 2 13 1512 411 394 428
6031 4 2 2 13 1177 1533 317 1520
6032 4 2 2 13 1177 1533 362 361
6033 4 2 2 13 1513 456 1546 495
6034 4 2 2 13 1513 456 495 431
6035 4 2 2 13 433 1556 429 1584
6036 4 2 2 13 1517 1522 429 309
6037 4 2 2 13 1513 1484 509 420
6038 4 2 2 13 1546 1513 405 441
6039 4 2 2 13 495 1513 431 455
6040 4 2 2 13 1527 1504 1513 417
6041 4 2 2 13 452 494 453 1514
6042 4 2 2 13 362 1533 1177 1520
6043 4 2 2 13 362 1533 1174 361
6044 4 2 2 13 1174 1533 362 1520
6045 4 2 2 13 413 1502 392 409
6046 4 2 2 13 1181 481 1515 1178
6047 4 2 2 13 1574 1573 373 391
6048 4 2 2 13 481 1515 1178 458
6049 4 2 2 13 444 445 1515 1178
6050 4 2 2 13 1515 458 444 1178
6051 4 2 2 13 1511 1559 1171 1482
6052 4 2 2 13 1181 1515 1182 1178
6053 4 2 2 13 1171 1559 1170 1482
6054 4 2 2 13 425 1573 1574 391
6055 4 2 2 13 309 1539 324 1512
6056 4 2 2 13 429 1517 453 1584
6057 4 2 2 13 284 413 1492 1502
6058 4 2 2 13 1516 1180 464 465
6059 4 2 2 13 284 1492 413 1528
6060 4 2 2 13 463 1516 1180 464
6061 4 2 2 13 438 1502 413 409
6062 4 2 2 13 1541 425 395 1573
6063 4 2 2 13 395 1573 425 391
6064 4 2 2 13 1492 1502 313 284
6065 4 2 2 13 309 1539 1512 1517
6066 4 2 2 13 1583 1543 388 399
6067 4 2 2 13 1171 1534 1559 1487
6068 4 2 2 13 1518 282 277 276
6069 4 2 2 13 1485 1518 270 273
6070 4 2 2 13 276 270 1518 282
6071 4 2 2 13 1543 1557 1583 388
6072 4 2 2 13 1542 427 373 409
6073 4 2 2 13 1541 425 1573 293
6074 4 2 2 13 513 1554 454 491
6075 4 2 2 13 1554 514 513 454
6076 4 2 2 13 359 360 1170 1495
6077 4 2 2 13 1170 316 359 1495
6078 4 2 2 13 1170 316 1495 314
6079 4 2 2 13 1495 1174 360 1170
6080 4 2 2 13 277 1543 287 1557
6081 4 2 2 13 1167 1487 1560 344
6082 4 2 2 13 1520 362 1168 363
6083 4 2 2 13 364 363 1520 1168
6084 4 2 2 13 365 364 1520 1168
6085 4 2 2 13 366 365 1520 1168
6086 4 2 2 13 362 1174 1520 1168
6087 4 2 2 13 449 1554 454 1499
6088 4 2 2 13 366 1520 1497 1168
6089 4 2 2 13 1559 1532 307 1534
6090 4 2 2 13 293 1541 1491 312
6091 4 2 2 13 280 1495 317 304
6092 4 2 2 13 280 1482 317 1495
6093 4 2 2 13 391 1521 1585 425
6094 4 2 2 13 1541 425 293 1491
6095 4 2 2 13 391 1521 425 411
6096 4 2 2 13 425 1521 428 411
6097 4 2 2 13 291 308 309 1522
6098 4 2 2 13 1571 1522 309 308
6099 4 2 2 13 429 1522 291 309
6100 4 2 2 13 1171 1534 1170 1559
6101 4 2 2 13 1522 1517 430 309
6102 4 2 2 13 400 1522 430 309
6103 4 2 2 13 341 1559 1540 381
6104 4 2 2 13 1528 270 1485 298
6105 4 2 2 13 1523 1528 399 319
6106 4 2 2 13 415 1523 1528 399
6107 4 2 2 13 509 1513 502 455
6108 4 2 2 13 415 1523 398 413
6109 4 2 2 13 298 368 1524 385
6110 4 2 2 13 1491 1541 1526 312
6111 4 2 2 13 1540 1559 341 1487
6112 4 2 2 13 424 1554 449 1499
6113 4 2 2 13 1540 1559 1511 381
6114 4 2 2 13 1571 430 440 389
6115 4 2 2 13 277 287 1543 276
6116 4 2 2 13 1171 1559 1540 1487
6117 4 2 2 13 400 1571 440 321
6118 4 2 2 13 389 1571 309 372
6119 4 2 2 13 429 1584 453 433
6120 4 2 2 13 332 379 1488 331
6121 4 2 2 13 1559 383 342 1498
6122 4 2 2 13 1571 430 389 309
6123 4 2 2 13 1511 1559 1482 381
6124 4 2 2 13 1566 1513 1484 455
6125 4 2 2 13 1179 1530 1180 1545
6126 4 2 2 13 1504 422 1507 1564
6127 4 2 2 13 422 1513 1527 1504
6128 4 2 2 13 1553 1535 313 1567
6129 4 2 2 13 1564 422 1507 434
6130 4 2 2 13 374 1587 303 324
6131 4 2 2 13 1566 1513 455 431
6132 4 2 2 13 1566 1513 1527 488
6133 4 2 2 13 309 1571 308 372
6134 4 2 2 13 371 422 421 1562
6135 4 2 2 13 1546 1525 496 441
6136 4 2 2 13 1530 1179 446 1545
6137 4 2 2 13 1535 303 313 1567
6138 4 2 2 13 1505 473 1181 1483
6139 4 2 2 13 473 475 1505 1181
6140 4 2 2 13 1571 1522 308 301
6141 4 2 2 13 1543 277 276 1518
6142 4 2 2 13 1551 498 505 497
6143 4 2 2 13 1489 1180 485 486
6144 4 2 2 13 461 1489 486 1180
6145 4 2 2 13 1551 498 497 461
6146 4 2 2 13 1503 270 271 319
6147 4 2 2 13 1535 303 284 313
6148 4 2 2 13 514 1566 512 454
6149 4 2 2 13 405 1513 1558 441
6150 4 2 2 13 1513 1484 420 1507
6151 4 2 2 13 410 1510 323 392
6152 4 2 2 13 298 1503 306 319
6153 4 2 2 13 1526 426 428 394
6154 4 2 2 13 394 1526 395 374
6155 4 2 2 13 374 1512 324 394
6156 4 2 2 13 374 1512 394 1526
6157 4 2 2 13 1526 1512 394 428
6158 4 2 2 13 1527 440 431 1555
6159 4 2 2 13 431 417 401 1527
6160 4 2 2 13 1527 400 431 440
6161 4 2 2 13 1527 416 431 400
6162 4 2 2 13 422 1513 1504 1507
6163 4 2 2 13 1566 1527 1513 431
6164 4 2 2 13 374 1587 324 1541
6165 4 2 2 13 1527 416 400 1494
6166 4 2 2 13 1583 1557 1578 388
6167 4 2 2 13 374 1587 1573 303
6168 4 2 2 13 1530 1179 1180 1178
6169 4 2 2 13 294 1510 285 278
6170 4 2 2 13 1511 1171 334 333
6171 4 2 2 13 1510 1482 294 285
6172 4 2 2 13 413 1528 1492 415
6173 4 2 2 13 319 1528 270 1523
6174 4 2 2 13 319 270 1528 298
6175 4 2 2 13 1510 1485 271 278
6176 4 2 2 13 285 1510 271 278
6177 4 2 2 13 1541 1573 374 1587
6178 4 2 2 13 415 1523 413 1528
6179 4 2 2 13 1550 469 1529 1182
6180 4 2 2 13 1182 471 470 1529
6181 4 2 2 13 469 1182 470 1529
6182 4 2 2 13 1182 1529 509 502
6183 4 2 2 13 1550 501 509 1529
6184 4 2 2 13 1182 471 1529 1483
6185 4 2 2 13 445 459 1530 1178
6186 4 2 2 13 1178 1530 1179 459
6187 4 2 2 13 1558 417 321 432
6188 4 2 2 13 1510 1482 285 271
6189 4 2 2 13 1530 1515 445 1178
6190 4 2 2 13 1530 1178 1182 1515
6191 4 2 2 13 1486 442 1558 432
6192 4 2 2 13 378 379 331 1488
6193 4 2 2 13 1167 1560 341 344
6194 4 2 2 13 509 1484 1566 512
6195 4 2 2 13 378 379 1488 1482
6196 4 2 2 13 276 1531 270 272
6197 4 2 2 13 276 1531 272 275
6198 4 2 2 13 275 1531 272 269
6199 4 2 2 13 298 270 1503 319
6200 4 2 2 13 1581 307 306 343
6201 4 2 2 13 1566 1527 431 1555
6202 4 2 2 13 342 383 1559 341
6203 4 2 2 13 1498 1581 306 342
6204 4 2 2 13 1487 342 1559 341
6205 4 2 2 13 358 315 1170 1532
6206 4 2 2 13 1586 323 393 1582
6207 4 2 2 13 1510 1485 278 284
6208 4 2 2 13 1528 270 1523 413
6209 4 2 2 13 314 1532 315 295
6210 4 2 2 13 1532 1495 1170 1482
6211 4 2 2 13 1175 1495 304 317
6212 4 2 2 13 361 360 1175 1533
6213 4 2 2 13 1175 1495 317 1533
6214 4 2 2 13 317 1533 361 1175
6215 4 2 2 13 311 1586 305 1482
6216 4 2 2 13 1586 292 311 305
6217 4 2 2 13 1586 323 1582 292
6218 4 2 2 13 292 1582 1586 311
6219 4 2 2 13 1586 393 1482 311
6220 4 2 2 13 397 1510 410 392
6221 4 2 2 13 512 1566 509 454
6222 4 2 2 13 1508 327 1176 376
6223 4 2 2 13 327 328 1508 1176
6224 4 2 2 13 1534 353 1169 354
6225 4 2 2 13 1534 353 352 1169
6226 4 2 2 13 424 411 1490 450
6227 4 2 2 13 1552 1483 1515 510
6228 4 2 2 13 1496 1169 354 1534
6229 4 2 2 13 1496 1169 1534 1170
6230 4 2 2 13 1553 1492 313 1535
6231 4 2 2 13 1553 1493 283 429
6232 4 2 2 13 1535 303 293 284
6233 4 2 2 13 277 1553 283 273
6234 4 2 2 13 1535 1492 313 284
6235 4 2 2 13 413 1510 271 397
6236 4 2 2 13 430 387 1536 400
6237 4 2 2 13 387 430 1536 418
6238 4 2 2 13 418 1548 430 1536
6239 4 2 2 13 1584 443 453 433
6240 4 2 2 13 423 422 435 1537
6241 4 2 2 13 443 1522 1556 1584
6242 4 2 2 13 1543 1583 1557 277
6243 4 2 2 13 1537 1576 435 454
6244 4 2 2 13 413 1510 397 392
6245 4 2 2 13 1490 435 1537 423
6246 4 2 2 13 435 422 1501 1537
6247 4 2 2 13 454 1537 1509 435
6248 4 2 2 13 413 414 1538 398
6249 4 2 2 13 1538 379 414 413
6250 4 2 2 13 398 1538 381 414
6251 4 2 2 13 1538 379 381 414
6252 4 2 2 13 1510 1485 284 413
6253 4 2 2 13 1502 413 1510 284
6254 4 2 2 13 1569 1526 426 428
6255 4 2 2 13 462 1551 1183 497
6256 4 2 2 13 1500 429 1557 433
6257 4 2 2 13 1556 387 418 1500
6258 4 2 2 13 1556 1500 1575 387
6259 4 2 2 13 478 1552 1565 1181
6260 4 2 2 13 443 1556 1522 301
6261 4 2 2 13 367 393 1482 1586
6262 4 2 2 13 1569 1526 428 1512
6263 4 2 2 13 1526 425 395 1541
6264 4 2 2 13 1551 463 462 1183
6265 4 2 2 13 1550 469 1182 468
6266 4 2 2 13 475 503 474 1505
6267 4 2 2 13 1174 360 1533 1495
6268 4 2 2 13 1179 459 1530 447
6269 4 2 2 13 341 1560 343 344
6270 4 2 2 13 1584 1517 453 443
6271 4 2 2 13 502 1182 1529 1483
6272 4 2 2 13 1546 1525 441 1486
6273 4 2 2 13 1167 341 1540 340
6274 4 2 2 13 1171 1534 1487 1169
6275 4 2 2 13 1546 510 496 1525
6276 4 2 2 13 1505 475 1565 1181
6277 4 2 2 13 1181 477 476 1565
6278 4 2 2 13 1181 478 477 1565
6279 4 2 2 13 1552 1515 481 457
6280 4 2 2 13 1552 457 1525 1515
6281 4 2 2 13 1515 1546 1483 1182
6282 4 2 2 13 476 475 1181 1565
6283 4 2 2 13 1183 1551 489 497
6284 4 2 2 13 1504 420 371 1564
6285 4 2 2 13 371 405 420 1504
6286 4 2 2 13 1586 323 367 393
6287 4 2 2 13 1564 1562 448 371
6288 4 2 2 13 1564 1562 371 1504
6289 4 2 2 13 374 1512 1526 1541
6290 4 2 2 13 433 1556 1584 443
6291 4 2 2 13 374 1512 1541 324
6292 4 2 2 13 1522 1517 1584 443
6293 4 2 2 13 1587 293 1541 1573
6294 4 2 2 13 374 1526 395 1541
6295 4 2 2 13 438 1502 313 1492
6296 4 2 2 13 367 292 1586 305
6297 4 2 2 13 1542 427 409 438
6298 4 2 2 13 373 1502 1542 409
6299 4 2 2 13 1502 313 284 310
6300 4 2 2 13 1542 427 438 1519
6301 4 2 2 13 298 1543 1557 287
6302 4 2 2 13 1570 298 1543 1561
6303 4 2 2 13 275 287 1543 297
6304 4 2 2 13 270 298 1518 1485
6305 4 2 2 13 489 1551 505 497
6306 4 2 2 13 1586 367 305 1482
6307 4 2 2 13 276 1531 275 1543
6308 4 2 2 13 1543 1531 275 298
6309 4 2 2 13 1550 1180 500 1516
6310 4 2 2 13 1550 1180 1516 467
6311 4 2 2 13 1516 467 1180 466
6312 4 2 2 13 1516 1180 465 466
6313 4 2 2 13 371 434 448 1564
6314 4 2 2 13 1564 422 434 448
6315 4 2 2 13 1544 1556 387 418
6316 4 2 2 13 387 1536 1544 418
6317 4 2 2 13 399 1578 1583 415
6318 4 2 2 13 1536 418 1524 1544
6319 4 2 2 13 1179 1545 482 446
6320 4 2 2 13 482 483 1545 1179
6321 4 2 2 13 505 1551 489 1516
6322 4 2 2 13 1585 1574 426 373
6323 4 2 2 13 1545 485 1179 483
6324 4 2 2 13 1545 485 483 1489
6325 4 2 2 13 317 367 1177 1520
6326 4 2 2 13 1507 1504 1564 420
6327 4 2 2 13 1527 1504 417 1562
6328 4 2 2 13 367 1520 362 1177
6329 4 2 2 13 1513 1504 1507 420
6330 4 2 2 13 1172 327 1497 325
6331 4 2 2 13 408 373 1585 426
6332 4 2 2 13 1508 1172 327 1497
6333 4 2 2 13 1513 1504 405 1558
6334 4 2 2 13 399 1561 1543 388
6335 4 2 2 13 1554 1563 491 451
6336 4 2 2 13 341 343 1560 342
6337 4 2 2 13 426 1574 427 373
6338 4 2 2 13 344 1487 1560 343
6339 4 2 2 13 1513 456 431 441
6340 4 2 2 13 495 1513 455 502
6341 4 2 2 13 1546 1483 456 496
6342 4 2 2 13 495 1513 502 1546
6343 4 2 2 13 1513 405 1504 420
6344 4 2 2 13 441 1558 442 417
6345 4 2 2 13 1572 1484 505 1547
6346 4 2 2 13 1582 410 323 393
6347 4 2 2 13 1547 489 506 499
6348 4 2 2 13 499 436 506 1547
6349 4 2 2 13 1554 490 451 491
6350 4 2 2 13 1582 393 1586 311
6351 4 2 2 13 1547 514 506 1484
6352 4 2 2 13 1554 1506 490 491
6353 4 2 2 13 313 1542 303 310
6354 4 2 2 13 1585 408 426 1521
6355 4 2 2 13 1554 436 1563 451
6356 4 2 2 13 339 1540 338 382
6357 4 2 2 13 292 1582 311 1579
6358 4 2 2 13 303 1542 1577 310
6359 4 2 2 13 1566 1555 455 454
6360 4 2 2 13 455 1555 440 454
6361 4 2 2 13 440 1576 321 1571
6362 4 2 2 13 1548 1522 430 400
6363 4 2 2 13 1171 1534 1169 1170
6364 4 2 2 13 1513 1558 441 417
6365 4 2 2 13 1169 1534 351 352
6366 4 2 2 13 1527 514 488 454
6367 4 2 2 13 1586 323 292 367
6368 4 2 2 13 422 1562 435 1501
6369 4 2 2 13 1527 422 435 488
6370 4 2 2 13 1547 514 1484 1506
6371 4 2 2 13 338 1540 1167 1171
6372 4 2 2 13 338 1540 337 382
6373 4 2 2 13 1582 410 393 311
6374 4 2 2 13 339 1540 382 381
6375 4 2 2 13 339 1540 340 1167
6376 4 2 2 13 340 1540 339 381
6377 4 2 2 13 381 1540 336 1511
6378 4 2 2 13 336 1540 381 382
6379 4 2 2 13 336 1540 337 1171
6380 4 2 2 13 337 1540 336 382
6381 4 2 2 13 337 1540 338 1171
6382 4 2 2 13 506 436 1554 1547
6383 4 2 2 13 1587 312 324 1541
6384 4 2 2 13 1500 1557 404 388
6385 4 2 2 13 1487 341 1560 342
6386 4 2 2 13 1578 1557 433 388
6387 4 2 2 13 433 1557 1500 388
6388 4 2 2 13 1539 411 408 1490
6389 4 2 2 13 1587 312 303 324
6390 4 2 2 13 1550 1180 467 1182
6391 4 2 2 13 1550 469 468 500
6392 4 2 2 13 1550 509 500 1180
6393 4 2 2 13 468 1550 467 1182
6394 4 2 2 13 1171 335 336 1511
6395 4 2 2 13 506 436 424 1554
6396 4 2 2 13 1558 417 1504 321
6397 4 2 2 13 1511 1171 335 334
6398 4 2 2 13 1557 1500 1575 287
6399 4 2 2 13 1511 1540 336 1171
6400 4 2 2 13 461 1551 1180 460
6401 4 2 2 13 1551 462 1180 460
6402 4 2 2 13 1527 514 454 1555
6403 4 2 2 13 1551 463 1180 462
6404 4 2 2 13 461 1489 1180 1551
6405 4 2 2 13 1568 1551 1180 1489
6406 4 2 2 13 480 481 1552 1181
6407 4 2 2 13 478 1552 504 1565
6408 4 2 2 13 478 1552 1181 479
6409 4 2 2 13 479 480 1552 1181
6410 4 2 2 13 1565 510 1552 504
6411 4 2 2 13 1181 1515 481 1552
6412 4 2 2 13 1552 1483 510 1565
6413 4 2 2 13 1553 273 1535 293
6414 4 2 2 13 273 1553 291 293
6415 4 2 2 13 291 429 293 1553
6416 4 2 2 13 1527 440 1555 454
6417 4 2 2 13 293 427 1553 1574
6418 4 2 2 13 1566 1555 454 514
6419 4 2 2 13 1553 1535 1567 293
6420 4 2 2 13 429 293 1553 1574
6421 4 2 2 14 620 1640 613 630
6422 4 2 2 14 1654 1630 634 618
6423 4 2 2 14 627 619 662 641
6424 4 2 2 14 618 1630 634 642
6425 4 2 2 14 1670 642 620 1630
6426 4 2 2 14 1652 1613 626 1590
6427 4 2 2 14 719 691 1641 1595
6428 4 2 2 14 790 723 1623 1589
6429 4 2 2 14 1200 1614 1594 778
6430 4 2 2 14 642 631 1619 1615
6431 4 2 2 14 1200 1614 778 711
6432 4 2 2 14 658 1619 1615 661
6433 4 2 2 14 642 631 662 619
6434 4 2 2 14 607 1591 625 617
6435 4 2 2 14 617 1648 1591 625
6436 4 2 2 14 641 619 662 631
6437 4 2 2 14 588 578 559 1592
6438 4 2 2 14 758 1639 1656 794
6439 4 2 2 14 1624 719 737 1641
6440 4 2 2 14 633 607 623 1591
6441 4 2 2 14 1199 778 1659 732
6442 4 2 2 14 1625 668 678 707
6443 4 2 2 14 1625 678 655 1599
6444 4 2 2 14 1595 1641 703 691
6445 4 2 2 14 1198 1199 1623 1195
6446 4 2 2 14 1623 723 790 1605
6447 4 2 2 14 545 571 1596 570
6448 4 2 2 14 1616 654 666 1597
6449 4 2 2 14 1598 717 690 722
6450 4 2 2 14 1630 618 1664 619
6451 4 2 2 14 722 690 1598 695
6452 4 2 2 14 647 1599 1617 657
6453 4 2 2 14 1634 1591 1648 1620
6454 4 2 2 14 1664 619 1668 614
6455 4 2 2 14 526 1600 1618 563
6456 4 2 2 14 1198 1659 778 1614
6457 4 2 2 14 610 1638 1654 1604
6458 4 2 2 14 1633 1623 1195 1605
6459 4 2 2 14 634 618 662 1638
6460 4 2 2 14 562 526 1618 563
6461 4 2 2 14 1619 661 620 650
6462 4 2 2 14 634 662 618 642
6463 4 2 2 14 1647 731 732 1662
6464 4 2 2 14 634 1621 607 1591
6465 4 2 2 14 1600 1186 1185 526
6466 4 2 2 14 655 699 684 668
6467 4 2 2 14 1599 644 678 1642
6468 4 2 2 14 1670 620 638 1630
6469 4 2 2 14 559 1620 598 588
6470 4 2 2 14 690 1651 1628 685
6471 4 2 2 14 766 797 796 1602
6472 4 2 2 14 1600 564 1618 563
6473 4 2 2 14 766 797 1602 767
6474 4 2 2 14 1600 564 563 1193
6475 4 2 2 14 1666 1591 1648 625
6476 4 2 2 14 621 620 642 1593
6477 4 2 2 14 1621 607 623 606
6478 4 2 2 14 560 516 579 1603
6479 4 2 2 14 614 613 1640 630
6480 4 2 2 14 1657 571 1601 596
6481 4 2 2 14 1633 1623 1605 1658
6482 4 2 2 14 1633 1623 1658 1199
6483 4 2 2 14 780 1662 781 784
6484 4 2 2 14 1664 1654 614 1668
6485 4 2 2 14 1666 1591 625 633
6486 4 2 2 14 607 1591 1634 634
6487 4 2 2 14 1666 1591 633 1620
6488 4 2 2 14 1602 771 770 797
6489 4 2 2 14 1642 644 678 664
6490 4 2 2 14 1668 1654 1661 618
6491 4 2 2 14 1643 1598 1663 720
6492 4 2 2 14 634 1621 1591 633
6493 4 2 2 14 1662 700 711 1589
6494 4 2 2 14 781 1662 780 1647
6495 4 2 2 14 556 1607 1632 1188
6496 4 2 2 14 769 1602 770 797
6497 4 2 2 14 638 1630 620 630
6498 4 2 2 14 608 598 1648 1666
6499 4 2 2 14 1596 545 570 1622
6500 4 2 2 14 1623 790 749 1605
6501 4 2 2 14 618 619 1661 1668
6502 4 2 2 14 563 564 1618 562
6503 4 2 2 14 781 1662 1629 784
6504 4 2 2 14 768 1602 797 767
6505 4 2 2 14 1594 778 1198 777
6506 4 2 2 14 1624 685 1628 1665
6507 4 2 2 14 1654 1664 630 1630
6508 4 2 2 14 1602 768 797 769
6509 4 2 2 14 1601 586 558 596
6510 4 2 2 14 1662 778 732 1647
6511 4 2 2 14 1628 690 1643 1651
6512 4 2 2 14 603 568 592 1588
6513 4 2 2 14 635 1599 1631 657
6514 4 2 2 14 1644 797 771 1602
6515 4 2 2 14 751 1623 791 750
6516 4 2 2 14 1662 781 1659 1647
6517 4 2 2 14 1654 1664 1630 618
6518 4 2 2 14 750 1623 791 749
6519 4 2 2 14 567 539 1606 568
6520 4 2 2 14 527 1600 1185 526
6521 4 2 2 14 1599 678 644 1625
6522 4 2 2 14 1664 619 618 1668
6523 4 2 2 14 792 791 752 1608
6524 4 2 2 14 575 555 554 1607
6525 4 2 2 14 516 589 579 1588
6526 4 2 2 14 644 1599 1631 635
6527 4 2 2 14 1606 540 569 568
6528 4 2 2 14 644 1599 635 1642
6529 4 2 2 14 1626 516 519 518
6530 4 2 2 14 556 1607 1188 1184
6531 4 2 2 14 1643 671 1628 659
6532 4 2 2 14 607 624 1667 1621
6533 4 2 2 14 575 554 553 1607
6534 4 2 2 14 1623 1658 1629 1589
6535 4 2 2 14 699 740 728 1589
6536 4 2 2 14 699 728 710 1589
6537 4 2 2 14 741 1605 790 723
6538 4 2 2 14 1606 539 540 568
6539 4 2 2 14 1646 575 552 1607
6540 4 2 2 14 1644 771 729 772
6541 4 2 2 14 710 729 683 1589
6542 4 2 2 14 1666 1591 1620 1648
6543 4 2 2 14 598 1620 1604 588
6544 4 2 2 14 1662 1629 709 1589
6545 4 2 2 14 773 729 1644 774
6546 4 2 2 14 749 790 748 1605
6547 4 2 2 14 1611 1636 705 1598
6548 4 2 2 14 1659 778 1647 732
6549 4 2 2 14 772 729 1644 773
6550 4 2 2 14 552 1607 575 553
6551 4 2 2 14 1662 778 1659 1614
6552 4 2 2 14 1611 1663 1636 1598
6553 4 2 2 14 641 662 627 1590
6554 4 2 2 14 676 662 694 1590
6555 4 2 2 14 1666 1604 1620 633
6556 4 2 2 14 694 662 705 1590
6557 4 2 2 14 1606 569 540 541
6558 4 2 2 14 607 1667 559 577
6559 4 2 2 14 526 527 1600 563
6560 4 2 2 14 1662 732 778 711
6561 4 2 2 14 541 1596 1606 569
6562 4 2 2 14 1603 560 523 561
6563 4 2 2 14 1625 644 696 678
6564 4 2 2 14 560 1603 521 516
6565 4 2 2 14 1608 751 1623 791
6566 4 2 2 14 741 1195 1605 742
6567 4 2 2 14 587 1645 596 1634
6568 4 2 2 14 1622 542 569 1596
6569 4 2 2 14 641 1611 640 1590
6570 4 2 2 14 1641 1665 714 1624
6571 4 2 2 14 1186 526 1618 525
6572 4 2 2 14 684 699 701 1589
6573 4 2 2 14 518 1188 1626 515
6574 4 2 2 14 790 1605 741 747
6575 4 2 2 14 570 1596 1622 569
6576 4 2 2 14 1604 1620 1654 588
6577 4 2 2 14 1605 790 748 747
6578 4 2 2 14 1646 573 1635 550
6579 4 2 2 14 795 763 764 1609
6580 4 2 2 14 1638 1620 1654 1604
6581 4 2 2 14 1623 723 1658 1589
6582 4 2 2 14 574 551 1646 552
6583 4 2 2 14 592 602 1640 1588
6584 4 2 2 14 1662 1659 781 1629
6585 4 2 2 14 550 551 1646 574
6586 4 2 2 14 1658 723 1623 1605
6587 4 2 2 14 729 1614 711 1589
6588 4 2 2 14 729 711 683 1589
6589 4 2 2 14 675 1636 662 1590
6590 4 2 2 14 589 516 578 1588
6591 4 2 2 14 1641 714 1665 704
6592 4 2 2 14 699 710 683 1589
6593 4 2 2 14 765 795 764 1609
6594 4 2 2 14 578 559 1592 1588
6595 4 2 2 14 627 628 637 1590
6596 4 2 2 14 580 602 615 1588
6597 4 2 2 14 731 711 732 1662
6598 4 2 2 14 560 522 1603 523
6599 4 2 2 14 522 560 1603 521
6600 4 2 2 14 1638 1620 1604 633
6601 4 2 2 14 1589 666 681 1597
6602 4 2 2 14 675 716 1636 1590
6603 4 2 2 14 597 1592 1661 591
6604 4 2 2 14 666 712 701 1589
6605 4 2 2 14 1638 627 662 1590
6606 4 2 2 14 599 578 1592 1588
6607 4 2 2 14 1591 1620 634 633
6608 4 2 2 14 539 538 567 1606
6609 4 2 2 14 790 789 723 1589
6610 4 2 2 14 1588 1592 1640 559
6611 4 2 2 14 746 745 725 1633
6612 4 2 2 14 612 579 578 1588
6613 4 2 2 14 541 1596 569 542
6614 4 2 2 14 740 800 797 1589
6615 4 2 2 14 728 729 710 1589
6616 4 2 2 14 1661 1592 597 1654
6617 4 2 2 14 607 1667 624 559
6618 4 2 2 14 798 785 734 1589
6619 4 2 2 14 1640 1592 1588 591
6620 4 2 2 14 558 586 1601 1588
6621 4 2 2 14 543 570 1622 569
6622 4 2 2 14 729 728 797 1589
6623 4 2 2 14 1612 664 694 1590
6624 4 2 2 14 1661 1592 614 591
6625 4 2 2 14 537 1606 567 538
6626 4 2 2 14 524 1618 561 562
6627 4 2 2 14 547 573 548 1635
6628 4 2 2 14 599 612 578 1588
6629 4 2 2 14 797 728 740 1589
6630 4 2 2 14 1638 1590 662 676
6631 4 2 2 14 595 605 604 1588
6632 4 2 2 14 662 641 631 1590
6633 4 2 2 14 614 1592 1661 1654
6634 4 2 2 14 1640 1654 1592 614
6635 4 2 2 14 1640 1654 630 1593
6636 4 2 2 14 1601 573 1588 586
6637 4 2 2 14 614 591 1640 600
6638 4 2 2 14 640 1653 1672 631
6639 4 2 2 14 640 649 641 1590
6640 4 2 2 14 537 536 566 1610
6641 4 2 2 14 604 592 1640 1588
6642 4 2 2 14 561 523 1618 524
6643 4 2 2 14 1653 1636 716 1590
6644 4 2 2 14 1596 1189 1190 1588
6645 4 2 2 14 1612 1613 664 1590
6646 4 2 2 14 1626 517 516 515
6647 4 2 2 14 649 631 641 1590
6648 4 2 2 14 700 683 711 1589
6649 4 2 2 14 550 573 1635 549
6650 4 2 2 14 576 586 558 1588
6651 4 2 2 14 604 605 594 1588
6652 4 2 2 14 694 664 679 1590
6653 4 2 2 14 624 606 1667 1621
6654 4 2 2 14 798 788 785 1589
6655 4 2 2 14 608 1590 629 611
6656 4 2 2 14 662 1653 631 1615
6657 4 2 2 14 582 581 601 1588
6658 4 2 2 14 792 752 753 1608
6659 4 2 2 14 1653 631 1669 1672
6660 4 2 2 14 584 568 567 1588
6661 4 2 2 14 1659 1199 732 781
6662 4 2 2 14 1658 723 697 1589
6663 4 2 2 14 1669 631 1671 1672
6664 4 2 2 14 681 698 697 1589
6665 4 2 2 14 579 589 578 1588
6666 4 2 2 14 666 708 724 1589
6667 4 2 2 14 565 533 532 1610
6668 4 2 2 14 1606 567 568 1588
6669 4 2 2 14 573 586 574 1588
6670 4 2 2 14 532 1637 565 1610
6671 4 2 2 14 697 723 1658 1605
6672 4 2 2 14 562 1618 561 1588
6673 4 2 2 14 520 1626 517 516
6674 4 2 2 14 640 1611 674 693
6675 4 2 2 14 617 1648 625 1666
6676 4 2 2 14 795 762 763 1609
6677 4 2 2 14 549 547 548 1635
6678 4 2 2 14 666 724 712 1589
6679 4 2 2 14 724 734 712 1589
6680 4 2 2 14 620 1671 1619 631
6681 4 2 2 14 579 1603 516 1588
6682 4 2 2 14 568 584 592 1588
6683 4 2 2 14 788 798 802 1589
6684 4 2 2 14 1633 1658 697 725
6685 4 2 2 14 586 576 574 1588
6686 4 2 2 14 1670 1671 631 1672
6687 4 2 2 14 1619 1671 620 658
6688 4 2 2 14 643 1652 665 677
6689 4 2 2 14 734 724 798 1589
6690 4 2 2 14 788 802 799 1589
6691 4 2 2 14 583 582 601 1588
6692 4 2 2 14 1619 1671 1615 631
6693 4 2 2 14 745 744 725 1633
6694 4 2 2 14 520 521 1626 516
6695 4 2 2 14 709 700 1662 1589
6696 4 2 2 14 660 640 1611 1590
6697 4 2 2 14 665 1652 652 1590
6698 4 2 2 14 738 799 736 1589
6699 4 2 2 14 1646 573 550 574
6700 4 2 2 14 738 788 799 1589
6701 4 2 2 14 626 1613 636 645
6702 4 2 2 14 1613 626 1590 629
6703 4 2 2 14 1636 640 660 1590
6704 4 2 2 14 665 652 1652 643
6705 4 2 2 14 1590 677 665 1652
6706 4 2 2 14 1636 640 639 660
6707 4 2 2 14 1590 677 1652 664
6708 4 2 2 14 754 755 792 1608
6709 4 2 2 14 792 753 754 1608
6710 4 2 2 14 530 529 564 1637
6711 4 2 2 14 755 756 794 1639
6712 4 2 2 14 1191 1637 532 1610
6713 4 2 2 14 1629 727 782 784
6714 4 2 2 14 743 725 744 1633
6715 4 2 2 14 794 757 758 1639
6716 4 2 2 14 709 1629 727 726
6717 4 2 2 14 762 795 761 1609
6718 4 2 2 14 782 1629 784 781
6719 4 2 2 14 570 543 1622 544
6720 4 2 2 14 530 564 531 1637
6721 4 2 2 14 536 535 566 1610
6722 4 2 2 14 528 564 529 1637
6723 4 2 2 14 564 528 1600 1637
6724 4 2 2 14 566 535 534 1610
6725 4 2 2 14 1600 528 1185 1637
6726 4 2 2 14 756 757 794 1639
6727 4 2 2 14 1622 545 570 544
6728 4 2 2 14 692 714 1651 685
6729 4 2 2 14 1667 1657 607 606
6730 4 2 2 14 1590 677 664 679
6731 4 2 2 14 617 1660 1666 625
6732 4 2 2 14 644 1616 635 1631
6733 4 2 2 14 1651 714 1665 685
6734 4 2 2 14 702 685 656 1624
6735 4 2 2 14 656 641 627 1612
6736 4 2 2 14 1598 717 722 705
6737 4 2 2 14 1636 690 695 1598
6738 4 2 2 14 1663 1636 1598 690
6739 4 2 2 14 735 656 705 717
6740 4 2 2 14 714 1641 737 704
6741 4 2 2 14 653 646 1613 629
6742 4 2 2 14 606 633 623 1621
6743 4 2 2 14 642 622 621 1593
6744 4 2 2 14 1660 633 1666 625
6745 4 2 2 14 1620 1666 1648 598
6746 4 2 2 14 642 661 675 1615
6747 4 2 2 14 1619 661 650 642
6748 4 2 2 14 617 1660 625 1652
6749 4 2 2 14 635 617 625 1652
6750 4 2 2 14 644 625 1652 635
6751 4 2 2 14 697 1658 698 725
6752 4 2 2 14 653 1613 646 645
6753 4 2 2 14 630 620 1593 1630
6754 4 2 2 14 1663 1611 720 1598
6755 4 2 2 14 634 663 651 1638
6756 4 2 2 14 1666 1604 633 651
6757 4 2 2 14 639 1669 1663 659
6758 4 2 2 14 588 611 1604 598
6759 4 2 2 14 596 608 587 1634
6760 4 2 2 14 1601 573 586 596
6761 4 2 2 14 691 672 1628 659
6762 4 2 2 14 1669 639 638 659
6763 4 2 2 14 638 1671 639 1669
6764 4 2 2 14 688 1636 690 716
6765 4 2 2 14 1662 778 1614 711
6766 4 2 2 14 703 718 1595 691
6767 4 2 2 14 629 1617 657 647
6768 4 2 2 14 1616 657 687 666
6769 4 2 2 14 1636 1669 688 1663
6770 4 2 2 14 638 1671 1669 648
6771 4 2 2 14 625 644 1652 643
6772 4 2 2 14 693 685 1611 674
6773 4 2 2 14 1590 677 679 665
6774 4 2 2 14 556 555 576 1632
6775 4 2 2 14 610 597 588 1654
6776 4 2 2 14 625 1660 643 1652
6777 4 2 2 14 617 1660 608 1666
6778 4 2 2 14 662 695 1636 675
6779 4 2 2 14 1614 1662 711 1589
6780 4 2 2 14 1628 1641 1665 704
6781 4 2 2 14 1662 1659 778 1647
6782 4 2 2 14 699 701 655 684
6783 4 2 2 14 698 1658 697 1589
6784 4 2 2 14 1607 1632 1646 575
6785 4 2 2 14 1640 600 613 614
6786 4 2 2 14 1626 1646 1607 1632
6787 4 2 2 14 1623 1656 1627 1649
6788 4 2 2 14 718 1627 796 1589
6789 4 2 2 14 656 690 717 703
6790 4 2 2 14 1661 619 591 614
6791 4 2 2 14 591 619 1661 597
6792 4 2 2 14 1589 684 668 686
6793 4 2 2 14 668 684 1589 699
6794 4 2 2 14 1589 707 668 699
6795 4 2 2 14 1620 559 1655 588
6796 4 2 2 14 1620 577 1655 559
6797 4 2 2 14 1636 1669 1663 639
6798 4 2 2 14 1628 1651 704 1665
6799 4 2 2 14 1646 1632 574 575
6800 4 2 2 14 697 743 1633 725
6801 4 2 2 14 574 1632 1646 1588
6802 4 2 2 14 712 1589 684 701
6803 4 2 2 14 691 1628 703 671
6804 4 2 2 14 703 656 735 717
6805 4 2 2 14 662 1653 1615 675
6806 4 2 2 14 658 1615 675 661
6807 4 2 2 14 658 1619 661 620
6808 4 2 2 14 1653 1615 675 658
6809 4 2 2 14 604 1640 1593 559
6810 4 2 2 14 1651 714 704 1665
6811 4 2 2 14 604 1640 559 1588
6812 4 2 2 14 1588 559 604 577
6813 4 2 2 14 706 678 668 707
6814 4 2 2 14 703 1628 691 1641
6815 4 2 2 14 690 1628 671 703
6816 4 2 2 14 702 719 1589 785
6817 4 2 2 14 702 1589 719 735
6818 4 2 2 14 691 719 1589 1595
6819 4 2 2 14 632 1654 634 559
6820 4 2 2 14 632 1630 1593 642
6821 4 2 2 14 1593 1654 632 559
6822 4 2 2 14 620 1593 1640 630
6823 4 2 2 14 1640 1654 1593 559
6824 4 2 2 14 685 1651 1598 690
6825 4 2 2 14 1615 1671 1619 658
6826 4 2 2 14 664 678 1612 694
6827 4 2 2 14 1612 1613 1590 637
6828 4 2 2 14 1640 1654 559 1592
6829 4 2 2 14 686 712 1589 684
6830 4 2 2 14 686 1589 712 702
6831 4 2 2 14 574 1632 576 575
6832 4 2 2 14 690 1628 703 656
6833 4 2 2 14 1596 1189 1588 1650
6834 4 2 2 14 604 1640 592 622
6835 4 2 2 14 1615 1671 1653 631
6836 4 2 2 14 1599 664 1617 653
6837 4 2 2 14 1645 1655 577 559
6838 4 2 2 14 1189 1650 1192 1635
6839 4 2 2 14 1654 1664 618 1668
6840 4 2 2 14 792 1639 1627 1608
6841 4 2 2 14 755 793 1639 794
6842 4 2 2 14 792 1639 1608 755
6843 4 2 2 14 1630 1664 630 1670
6844 4 2 2 14 1664 630 1670 614
6845 4 2 2 14 1670 619 1664 614
6846 4 2 2 14 1653 1671 1615 658
6847 4 2 2 14 1649 797 1644 1602
6848 4 2 2 14 1649 1644 1198 1602
6849 4 2 2 14 1664 614 1654 630
6850 4 2 2 14 1638 1590 676 663
6851 4 2 2 14 1604 663 1590 1638
6852 4 2 2 14 634 1630 632 642
6853 4 2 2 14 576 1632 574 1588
6854 4 2 2 14 1667 1657 577 607
6855 4 2 2 14 1636 672 1663 1611
6856 4 2 2 14 660 1611 1636 1590
6857 4 2 2 14 654 1589 681 1597
6858 4 2 2 14 1638 1620 633 634
6859 4 2 2 14 700 654 1589 709
6860 4 2 2 14 700 1589 654 683
6861 4 2 2 14 702 734 1589 712
6862 4 2 2 14 1589 734 702 785
6863 4 2 2 14 1638 627 1590 610
6864 4 2 2 14 627 618 662 619
6865 4 2 2 14 1638 627 610 618
6866 4 2 2 14 642 662 618 619
6867 4 2 2 14 643 1652 677 664
6868 4 2 2 14 1189 1650 1646 1588
6869 4 2 2 14 1662 700 731 711
6870 4 2 2 14 1618 1637 1186 1588
6871 4 2 2 14 1637 565 1610 1588
6872 4 2 2 14 629 637 1617 647
6873 4 2 2 14 1653 1671 1669 631
6874 4 2 2 14 1652 1613 1590 664
6875 4 2 2 14 1660 633 625 643
6876 4 2 2 14 1660 652 633 643
6877 4 2 2 14 656 705 1598 1612
6878 4 2 2 14 698 654 1589 681
6879 4 2 2 14 698 1589 654 709
6880 4 2 2 14 603 604 1588 592
6881 4 2 2 14 1646 1650 1189 1635
6882 4 2 2 14 670 1671 658 648
6883 4 2 2 14 655 1616 687 666
6884 4 2 2 14 1654 1655 588 1634
6885 4 2 2 14 660 1611 673 672
6886 4 2 2 14 630 1630 1670 638
6887 4 2 2 14 1670 619 614 631
6888 4 2 2 14 1616 1625 655 1631
6889 4 2 2 14 1646 1650 573 1588
6890 4 2 2 14 660 1611 640 673
6891 4 2 2 14 671 1628 659 691
6892 4 2 2 14 1589 707 740 739
6893 4 2 2 14 1589 740 707 699
6894 4 2 2 14 673 1611 692 672
6895 4 2 2 14 608 1648 598 590
6896 4 2 2 14 1634 590 608 587
6897 4 2 2 14 1655 1634 1620 588
6898 4 2 2 14 573 1650 1646 1635
6899 4 2 2 14 628 610 1590 627
6900 4 2 2 14 628 1590 610 611
6901 4 2 2 14 641 1611 669 674
6902 4 2 2 14 1188 1626 556 557
6903 4 2 2 14 1645 1654 559 634
6904 4 2 2 14 1613 626 629 646
6905 4 2 2 14 1654 1655 559 588
6906 4 2 2 14 1649 765 796 766
6907 4 2 2 14 688 1653 715 689
6908 4 2 2 14 598 611 1590 608
6909 4 2 2 14 1590 611 598 1604
6910 4 2 2 14 1660 598 663 1590
6911 4 2 2 14 1604 663 1638 651
6912 4 2 2 14 1660 598 1590 608
6913 4 2 2 14 1604 663 651 598
6914 4 2 2 14 565 1610 534 533
6915 4 2 2 14 534 1610 565 566
6916 4 2 2 14 1588 593 568 585
6917 4 2 2 14 1649 795 765 1609
6918 4 2 2 14 1649 795 1609 1656
6919 4 2 2 14 775 1644 729 774
6920 4 2 2 14 776 1644 729 775
6921 4 2 2 14 556 1626 576 557
6922 4 2 2 14 777 1644 729 776
6923 4 2 2 14 777 729 1644 1594
6924 4 2 2 14 1603 1626 1588 1186
6925 4 2 2 14 781 1647 780 732
6926 4 2 2 14 1609 1656 761 1194
6927 4 2 2 14 1651 1643 1628 720
6928 4 2 2 14 1589 800 739 740
6929 4 2 2 14 1653 716 675 1590
6930 4 2 2 14 1628 1643 690 671
6931 4 2 2 14 1634 1654 1645 634
6932 4 2 2 14 631 640 1653 649
6933 4 2 2 14 1643 1598 720 1651
6934 4 2 2 14 1590 694 663 679
6935 4 2 2 14 1590 663 694 676
6936 4 2 2 14 576 1626 558 557
6937 4 2 2 14 1200 1614 711 729
6938 4 2 2 14 1611 669 674 685
6939 4 2 2 14 1589 1595 718 691
6940 4 2 2 14 558 1626 576 1588
6941 4 2 2 14 558 1626 519 557
6942 4 2 2 14 1634 1654 1620 588
6943 4 2 2 14 519 1626 558 1588
6944 4 2 2 14 685 1611 1651 692
6945 4 2 2 14 1589 798 791 790
6946 4 2 2 14 1589 791 798 802
6947 4 2 2 14 691 736 1589 738
6948 4 2 2 14 691 1589 736 718
6949 4 2 2 14 639 1663 672 659
6950 4 2 2 14 1663 672 659 1643
6951 4 2 2 14 1651 1611 720 692
6952 4 2 2 14 1589 790 724 798
6953 4 2 2 14 1589 724 790 789
6954 4 2 2 14 1588 559 516 578
6955 4 2 2 14 1611 1598 1651 720
6956 4 2 2 14 720 1611 672 692
6957 4 2 2 14 1611 656 1598 1612
6958 4 2 2 14 1610 1606 1588 567
6959 4 2 2 14 715 1653 675 689
6960 4 2 2 14 1588 579 599 612
6961 4 2 2 14 1589 796 800 797
6962 4 2 2 14 1588 567 592 583
6963 4 2 2 14 1588 592 567 584
6964 4 2 2 14 1653 716 715 675
6965 4 2 2 14 675 1653 658 689
6966 4 2 2 14 1620 1654 1634 634
6967 4 2 2 14 1613 636 645 653
6968 4 2 2 14 580 1588 562 561
6969 4 2 2 14 564 1588 580 581
6970 4 2 2 14 1613 664 636 653
6971 4 2 2 14 1590 637 1613 629
6972 4 2 2 14 664 1613 1617 653
6973 4 2 2 14 629 653 1617 1613
6974 4 2 2 14 1653 716 688 715
6975 4 2 2 14 1612 1590 641 627
6976 4 2 2 14 641 1611 674 640
6977 4 2 2 14 545 572 1596 571
6978 4 2 2 14 576 1632 1626 556
6979 4 2 2 14 652 1590 679 665
6980 4 2 2 14 679 1590 652 663
6981 4 2 2 14 718 1627 1589 736
6982 4 2 2 14 1626 1632 576 1588
6983 4 2 2 14 1653 689 688 670
6984 4 2 2 14 585 1588 604 594
6985 4 2 2 14 604 1588 585 593
6986 4 2 2 14 723 724 1589 789
6987 4 2 2 14 759 1656 787 758
6988 4 2 2 14 1636 672 1611 660
6989 4 2 2 14 1616 655 657 1631
6990 4 2 2 14 591 561 1588 580
6991 4 2 2 14 591 1588 561 579
6992 4 2 2 14 620 580 1640 602
6993 4 2 2 14 620 1640 580 613
6994 4 2 2 14 1588 1640 580 602
6995 4 2 2 14 601 580 1588 581
6996 4 2 2 14 601 1588 580 615
6997 4 2 2 14 648 688 1663 690
6998 4 2 2 14 1653 1636 688 716
6999 4 2 2 14 1636 640 1590 1653
7000 4 2 2 14 604 568 1588 593
7001 4 2 2 14 604 1588 568 603
7002 4 2 2 14 1626 1632 1188 556
7003 4 2 2 14 1607 1626 1188 1189
7004 4 2 2 14 1663 671 690 1643
7005 4 2 2 14 1636 1669 639 1653
7006 4 2 2 14 1663 720 1611 672
7007 4 2 2 14 1663 671 1643 659
7008 4 2 2 14 1596 572 545 1650
7009 4 2 2 14 1611 640 673 692
7010 4 2 2 14 706 668 721 735
7011 4 2 2 14 556 1607 555 1632
7012 4 2 2 14 656 721 735 705
7013 4 2 2 14 1612 721 705 694
7014 4 2 2 14 1607 1626 1632 1188
7015 4 2 2 14 1588 558 519 577
7016 4 2 2 14 1588 559 519 516
7017 4 2 2 14 519 559 1588 577
7018 4 2 2 14 1612 721 694 668
7019 4 2 2 14 656 721 668 735
7020 4 2 2 14 583 615 1588 601
7021 4 2 2 14 1624 737 714 1641
7022 4 2 2 14 1662 731 779 1647
7023 4 2 2 14 1624 719 1641 735
7024 4 2 2 14 656 702 1624 686
7025 4 2 2 14 611 637 1590 629
7026 4 2 2 14 611 1590 637 628
7027 4 2 2 14 610 1654 1638 618
7028 4 2 2 14 1654 1638 618 634
7029 4 2 2 14 1613 626 646 645
7030 4 2 2 14 1666 1604 651 598
7031 4 2 2 14 1596 572 1588 571
7032 4 2 2 14 1671 658 648 620
7033 4 2 2 14 1649 1627 796 1656
7034 4 2 2 14 1638 651 634 633
7035 4 2 2 14 1649 795 1656 796
7036 4 2 2 14 1624 737 702 733
7037 4 2 2 14 1662 709 1629 784
7038 4 2 2 14 1657 577 1645 587
7039 4 2 2 14 1657 577 587 558
7040 4 2 2 14 1657 604 1601 606
7041 4 2 2 14 1601 558 1657 596
7042 4 2 2 14 1588 572 1596 1650
7043 4 2 2 14 1662 731 730 779
7044 4 2 2 14 1652 1613 664 636
7045 4 2 2 14 1652 1613 636 626
7046 4 2 2 14 1652 1590 1660 652
7047 4 2 2 14 1598 690 656 685
7048 4 2 2 14 1598 717 705 656
7049 4 2 2 14 690 1628 656 685
7050 4 2 2 14 1624 737 733 714
7051 4 2 2 14 707 739 668 706
7052 4 2 2 14 707 668 739 1589
7053 4 2 2 14 735 668 739 706
7054 4 2 2 14 735 739 668 1589
7055 4 2 2 14 1588 572 573 571
7056 4 2 2 14 1599 1612 678 655
7057 4 2 2 14 1612 678 655 668
7058 4 2 2 14 1612 678 668 694
7059 4 2 2 14 1624 733 702 714
7060 4 2 2 14 1634 1591 1620 634
7061 4 2 2 14 1624 719 735 702
7062 4 2 2 14 571 1601 595 606
7063 4 2 2 14 595 1601 571 1588
7064 4 2 2 14 595 1601 604 606
7065 4 2 2 14 1662 1614 1629 1589
7066 4 2 2 14 1629 1614 1662 1659
7067 4 2 2 14 573 572 1588 1650
7068 4 2 2 14 1599 1612 1617 678
7069 4 2 2 14 1654 1655 1634 1645
7070 4 2 2 14 604 1601 595 1588
7071 4 2 2 14 1653 689 670 658
7072 4 2 2 14 1629 1614 1623 1589
7073 4 2 2 14 577 1601 1657 604
7074 4 2 2 14 709 1662 700 730
7075 4 2 2 14 1588 602 583 592
7076 4 2 2 14 1588 583 602 615
7077 4 2 2 14 1656 795 1609 761
7078 4 2 2 14 577 1601 604 1588
7079 4 2 2 14 706 694 668 678
7080 4 2 2 14 706 668 694 721
7081 4 2 2 14 697 666 1589 708
7082 4 2 2 14 697 1589 666 681
7083 4 2 2 14 634 559 607 624
7084 4 2 2 14 604 559 634 624
7085 4 2 2 14 604 634 559 632
7086 4 2 2 14 565 1610 582 566
7087 4 2 2 14 1588 519 1626 516
7088 4 2 2 14 699 1597 667 1616
7089 4 2 2 14 644 1616 667 654
7090 4 2 2 14 1199 1614 1629 1659
7091 4 2 2 14 1649 1614 1198 1644
7092 4 2 2 14 1616 667 699 682
7093 4 2 2 14 596 1657 607 1645
7094 4 2 2 14 582 1610 565 1588
7095 4 2 2 14 1597 667 1616 654
7096 4 2 2 14 591 1640 600 580
7097 4 2 2 14 1640 600 580 613
7098 4 2 2 14 591 1640 580 1588
7099 4 2 2 14 565 1588 581 582
7100 4 2 2 14 581 564 1588 565
7101 4 2 2 14 596 1657 587 558
7102 4 2 2 14 1199 1614 1659 1198
7103 4 2 2 14 1623 1656 1649 1196
7104 4 2 2 14 1611 1612 669 656
7105 4 2 2 14 1612 721 656 705
7106 4 2 2 14 596 1657 1645 587
7107 4 2 2 14 678 1617 1599 664
7108 4 2 2 14 582 1610 583 566
7109 4 2 2 14 583 1610 582 1588
7110 4 2 2 14 634 559 1645 607
7111 4 2 2 14 1654 1655 1645 559
7112 4 2 2 14 583 1610 567 566
7113 4 2 2 14 567 1610 583 1588
7114 4 2 2 14 1621 633 623 1591
7115 4 2 2 14 1599 1612 647 1617
7116 4 2 2 14 1612 1617 678 664
7117 4 2 2 14 1630 618 619 642
7118 4 2 2 14 1612 1611 641 1590
7119 4 2 2 14 705 1612 694 1590
7120 4 2 2 14 1623 1627 1608 791
7121 4 2 2 14 567 1610 537 566
7122 4 2 2 14 656 1611 685 669
7123 4 2 2 14 737 1641 719 704
7124 4 2 2 14 1610 1606 1190 1588
7125 4 2 2 14 577 1601 1588 558
7126 4 2 2 14 719 788 1589 785
7127 4 2 2 14 559 1654 588 1592
7128 4 2 2 14 1654 1630 1593 632
7129 4 2 2 14 699 1625 644 696
7130 4 2 2 14 1606 1596 568 569
7131 4 2 2 14 1625 668 707 699
7132 4 2 2 14 1667 604 606 624
7133 4 2 2 14 1667 604 624 559
7134 4 2 2 14 1667 604 559 577
7135 4 2 2 14 577 1601 558 1657
7136 4 2 2 14 1612 627 655 637
7137 4 2 2 14 1612 1617 637 647
7138 4 2 2 14 1670 642 1630 619
7139 4 2 2 14 1590 1612 637 627
7140 4 2 2 14 614 1654 1661 1668
7141 4 2 2 14 1612 668 655 627
7142 4 2 2 14 1661 618 1654 597
7143 4 2 2 14 796 735 786 1589
7144 4 2 2 14 746 1658 725 698
7145 4 2 2 14 783 1658 698 726
7146 4 2 2 14 568 1596 1606 1588
7147 4 2 2 14 607 1634 1591 617
7148 4 2 2 14 568 1596 585 569
7149 4 2 2 14 799 1627 802 792
7150 4 2 2 14 585 1596 568 1588
7151 4 2 2 14 786 1589 735 718
7152 4 2 2 14 796 735 1589 800
7153 4 2 2 14 1589 800 801 739
7154 4 2 2 14 1661 619 618 597
7155 4 2 2 14 801 735 1589 739
7156 4 2 2 14 1635 1192 1189 547
7157 4 2 2 14 572 1635 547 546
7158 4 2 2 14 1650 573 572 1635
7159 4 2 2 14 1612 1613 1617 664
7160 4 2 2 14 1650 546 1635 572
7161 4 2 2 14 1616 657 666 680
7162 4 2 2 14 1589 738 719 691
7163 4 2 2 14 719 738 1589 788
7164 4 2 2 14 802 1627 799 1589
7165 4 2 2 14 802 1627 791 792
7166 4 2 2 14 1658 709 726 1629
7167 4 2 2 14 1668 619 1661 614
7168 4 2 2 14 1658 709 1629 1589
7169 4 2 2 14 791 1627 802 1589
7170 4 2 2 14 585 1596 594 569
7171 4 2 2 14 791 1627 1608 792
7172 4 2 2 14 718 1627 736 787
7173 4 2 2 14 796 718 1589 786
7174 4 2 2 14 657 635 1616 1631
7175 4 2 2 14 594 1596 585 1588
7176 4 2 2 14 594 1596 605 569
7177 4 2 2 14 657 1616 635 680
7178 4 2 2 14 1596 1189 1650 1192
7179 4 2 2 14 1616 657 655 687
7180 4 2 2 14 579 591 1588 599
7181 4 2 2 14 723 1589 708 697
7182 4 2 2 14 723 708 1589 724
7183 4 2 2 14 705 1612 1590 1611
7184 4 2 2 14 605 1596 594 1588
7185 4 2 2 14 605 1596 595 569
7186 4 2 2 14 1652 1660 1590 626
7187 4 2 2 14 617 626 608 1660
7188 4 2 2 14 656 1624 668 686
7189 4 2 2 14 595 1596 605 1588
7190 4 2 2 14 537 1610 1190 1191
7191 4 2 2 14 607 633 625 1591
7192 4 2 2 14 607 1621 623 1591
7193 4 2 2 14 580 564 562 1588
7194 4 2 2 14 1623 1627 1589 1649
7195 4 2 2 14 1610 1606 537 1190
7196 4 2 2 14 588 578 1592 597
7197 4 2 2 14 1190 1610 1186 1191
7198 4 2 2 14 1186 1610 1190 1588
7199 4 2 2 14 588 597 1592 1654
7200 4 2 2 14 1654 1593 1630 630
7201 4 2 2 14 1640 630 1654 614
7202 4 2 2 14 642 622 1593 632
7203 4 2 2 14 1593 604 559 632
7204 4 2 2 14 668 1624 656 735
7205 4 2 2 14 1191 1637 1610 1186
7206 4 2 2 14 1200 1614 729 1594
7207 4 2 2 14 1612 641 1611 669
7208 4 2 2 14 1200 778 1594 777
7209 4 2 2 14 777 729 1594 1200
7210 4 2 2 14 1624 719 702 737
7211 4 2 2 14 735 1641 703 1595
7212 4 2 2 14 703 718 735 1595
7213 4 2 2 14 1595 719 1589 735
7214 4 2 2 14 1589 735 718 1595
7215 4 2 2 14 1596 571 569 570
7216 4 2 2 14 1622 542 1596 1192
7217 4 2 2 14 1596 569 571 595
7218 4 2 2 14 656 641 1612 669
7219 4 2 2 14 666 701 1616 1597
7220 4 2 2 14 666 701 1597 1589
7221 4 2 2 14 654 683 1597 667
7222 4 2 2 14 699 1597 1616 701
7223 4 2 2 14 666 1616 701 713
7224 4 2 2 14 722 1598 705 695
7225 4 2 2 14 668 1624 1589 686
7226 4 2 2 14 1636 690 716 675
7227 4 2 2 14 719 1641 691 704
7228 4 2 2 14 1636 690 675 695
7229 4 2 2 14 1598 685 1611 1651
7230 4 2 2 14 1598 656 1611 685
7231 4 2 2 14 1598 717 656 690
7232 4 2 2 14 680 1616 635 666
7233 4 2 2 14 1625 668 699 655
7234 4 2 2 14 647 655 1599 657
7235 4 2 2 14 635 1599 657 653
7236 4 2 2 14 1599 1612 655 647
7237 4 2 2 14 564 1600 528 1193
7238 4 2 2 14 1637 1186 1185 1600
7239 4 2 2 14 1597 683 654 1589
7240 4 2 2 14 1600 527 1193 563
7241 4 2 2 14 699 1597 683 667
7242 4 2 2 14 1628 720 704 1651
7243 4 2 2 14 709 727 1629 784
7244 4 2 2 14 1628 1651 1665 685
7245 4 2 2 14 1657 571 596 607
7246 4 2 2 14 1589 1597 699 701
7247 4 2 2 14 766 1602 796 1649
7248 4 2 2 14 766 1602 1197 767
7249 4 2 2 14 1197 1602 1198 769
7250 4 2 2 14 768 1197 1602 767
7251 4 2 2 14 1649 797 1602 796
7252 4 2 2 14 1197 768 1602 769
7253 4 2 2 14 560 1603 579 561
7254 4 2 2 14 579 561 1603 1588
7255 4 2 2 14 1588 1603 1618 561
7256 4 2 2 14 1654 1630 632 634
7257 4 2 2 14 1186 1626 1190 1187
7258 4 2 2 14 746 1658 698 783
7259 4 2 2 14 1190 1626 1186 1588
7260 4 2 2 14 1654 610 1604 588
7261 4 2 2 14 588 611 610 1604
7262 4 2 2 14 1190 1626 1189 1187
7263 4 2 2 14 1590 611 1604 610
7264 4 2 2 14 1604 663 598 1590
7265 4 2 2 14 1590 1604 1638 610
7266 4 2 2 14 1189 1626 1190 1588
7267 4 2 2 14 670 1671 648 1669
7268 4 2 2 14 1623 790 1589 791
7269 4 2 2 14 723 741 1605 742
7270 4 2 2 14 749 1605 748 1195
7271 4 2 2 14 1605 1195 741 747
7272 4 2 2 14 1195 1605 748 747
7273 4 2 2 14 1623 790 791 749
7274 4 2 2 14 1589 1624 668 735
7275 4 2 2 14 525 1618 524 562
7276 4 2 2 14 539 538 1606 1190
7277 4 2 2 14 537 1190 1606 538
7278 4 2 2 14 524 1618 525 1186
7279 4 2 2 14 1610 1606 567 537
7280 4 2 2 14 1184 1189 1607 1188
7281 4 2 2 14 556 1607 1184 555
7282 4 2 2 14 1184 552 1607 1189
7283 4 2 2 14 1607 555 554 1184
7284 4 2 2 14 1589 699 1597 683
7285 4 2 2 14 1607 554 553 1184
7286 4 2 2 14 552 1184 1607 553
7287 4 2 2 14 1608 751 791 752
7288 4 2 2 14 1608 752 753 1196
7289 4 2 2 14 754 755 1608 1196
7290 4 2 2 14 1608 753 754 1196
7291 4 2 2 14 1656 1627 796 787
7292 4 2 2 14 755 1196 1639 1608
7293 4 2 2 14 1623 1656 1196 1608
7294 4 2 2 14 1189 1626 1188 1187
7295 4 2 2 14 1609 763 764 1194
7296 4 2 2 14 765 1609 764 1194
7297 4 2 2 14 1609 762 763 1194
7298 4 2 2 14 762 1609 761 1194
7299 4 2 2 14 1194 765 1609 1649
7300 4 2 2 14 784 1662 709 780
7301 4 2 2 14 709 1662 730 780
7302 4 2 2 14 1191 1637 1186 1185
7303 4 2 2 14 1610 533 532 1191
7304 4 2 2 14 781 1647 732 1659
7305 4 2 2 14 1626 1646 1632 1588
7306 4 2 2 14 1610 1191 534 533
7307 4 2 2 14 1618 1637 1588 564
7308 4 2 2 14 1611 640 692 693
7309 4 2 2 14 693 685 692 1611
7310 4 2 2 14 591 1592 599 597
7311 4 2 2 14 599 1592 591 1588
7312 4 2 2 14 1588 1618 564 562
7313 4 2 2 14 801 800 1589 735
7314 4 2 2 14 746 1633 1658 1199
7315 4 2 2 14 1605 697 723 742
7316 4 2 2 14 643 1652 664 644
7317 4 2 2 14 1589 1624 702 686
7318 4 2 2 14 1198 1614 778 1594
7319 4 2 2 14 1644 1614 1594 729
7320 4 2 2 14 702 1624 1589 735
7321 4 2 2 14 787 1627 736 793
7322 4 2 2 14 797 1614 1644 729
7323 4 2 2 14 642 631 1615 662
7324 4 2 2 14 642 1615 675 662
7325 4 2 2 14 662 1653 675 1590
7326 4 2 2 14 662 1653 1590 631
7327 4 2 2 14 599 1592 609 597
7328 4 2 2 14 666 655 1616 713
7329 4 2 2 14 1616 701 713 655
7330 4 2 2 14 1616 699 701 655
7331 4 2 2 14 1599 664 1642 678
7332 4 2 2 14 1617 1599 653 657
7333 4 2 2 14 629 653 657 1617
7334 4 2 2 14 640 1653 639 1672
7335 4 2 2 14 637 629 1617 1613
7336 4 2 2 14 1612 1613 637 1617
7337 4 2 2 14 526 1600 1186 1618
7338 4 2 2 14 599 1592 578 609
7339 4 2 2 14 1600 564 1637 1618
7340 4 2 2 14 759 1656 760 787
7341 4 2 2 14 1637 1600 1618 1186
7342 4 2 2 14 1650 546 572 545
7343 4 2 2 14 609 1592 578 597
7344 4 2 2 14 1650 546 545 1192
7345 4 2 2 14 1635 1192 547 546
7346 4 2 2 14 718 1627 787 796
7347 4 2 2 14 1601 573 596 571
7348 4 2 2 14 1601 573 571 1588
7349 4 2 2 14 736 1627 799 793
7350 4 2 2 14 1199 726 1629 1658
7351 4 2 2 14 650 642 620 1619
7352 4 2 2 14 661 642 1619 1615
7353 4 2 2 14 746 1199 1658 783
7354 4 2 2 14 640 1670 614 631
7355 4 2 2 14 559 590 598 1620
7356 4 2 2 14 1620 577 559 590
7357 4 2 2 14 1634 590 587 1620
7358 4 2 2 14 598 1648 1620 590
7359 4 2 2 14 799 1627 736 1589
7360 4 2 2 14 606 607 1667 1621
7361 4 2 2 14 634 1621 633 624
7362 4 2 2 14 606 633 1621 624
7363 4 2 2 14 634 1621 624 607
7364 4 2 2 14 1596 545 1622 1192
7365 4 2 2 14 1622 543 1192 544
7366 4 2 2 14 1192 545 1622 544
7367 4 2 2 14 1622 542 1192 543
7368 4 2 2 14 1195 751 1623 1196
7369 4 2 2 14 751 1195 1623 750
7370 4 2 2 14 750 1195 1623 749
7371 4 2 2 14 1196 1198 1623 1195
7372 4 2 2 14 1636 672 660 639
7373 4 2 2 14 1605 749 1623 1195
7374 4 2 2 14 1636 672 639 1663
7375 4 2 2 14 1624 714 685 1665
7376 4 2 2 14 702 685 1624 714
7377 4 2 2 14 1650 546 1192 1635
7378 4 2 2 14 799 1627 792 793
7379 4 2 2 14 1595 1641 719 735
7380 4 2 2 14 1624 1628 685 656
7381 4 2 2 14 1628 1624 1665 1641
7382 4 2 2 14 1628 1624 703 656
7383 4 2 2 14 707 1625 696 678
7384 4 2 2 14 699 707 1625 696
7385 4 2 2 14 1625 668 655 678
7386 4 2 2 14 783 1199 1658 726
7387 4 2 2 14 746 1658 1633 725
7388 4 2 2 14 703 1624 1628 1641
7389 4 2 2 14 1626 1646 1588 1189
7390 4 2 2 14 1646 575 574 552
7391 4 2 2 14 1636 1669 1653 688
7392 4 2 2 14 1190 1606 540 541
7393 4 2 2 14 541 1596 542 1190
7394 4 2 2 14 541 1596 1190 1606
7395 4 2 2 14 1596 1190 1606 1588
7396 4 2 2 14 1657 571 607 606
7397 4 2 2 14 557 1626 519 518
7398 4 2 2 14 557 1188 1626 518
7399 4 2 2 14 1663 720 672 1643
7400 4 2 2 14 1663 1636 690 688
7401 4 2 2 14 1603 1626 521 516
7402 4 2 2 14 1186 522 1603 1187
7403 4 2 2 14 522 1603 1187 521
7404 4 2 2 14 640 1670 639 614
7405 4 2 2 14 703 1624 735 656
7406 4 2 2 14 735 1624 703 1641
7407 4 2 2 14 1599 1631 1625 644
7408 4 2 2 14 792 1639 755 793
7409 4 2 2 14 792 1639 793 1627
7410 4 2 2 14 604 1657 577 1667
7411 4 2 2 14 1637 565 1588 564
7412 4 2 2 14 532 1637 1185 531
7413 4 2 2 14 1657 571 606 1601
7414 4 2 2 14 1637 565 564 531
7415 4 2 2 14 537 536 1610 1191
7416 4 2 2 14 536 535 1610 1191
7417 4 2 2 14 1610 535 534 1191
7418 4 2 2 14 1625 1631 1599 655
7419 4 2 2 14 604 1657 1667 606
7420 4 2 2 14 1639 758 1656 1196
7421 4 2 2 14 1639 1196 1656 1608
7422 4 2 2 14 608 629 1590 626
7423 4 2 2 14 1616 1625 1631 644
7424 4 2 2 14 1616 1625 644 699
7425 4 2 2 14 759 1194 1656 1196
7426 4 2 2 14 1616 699 644 682
7427 4 2 2 14 666 654 1616 635
7428 4 2 2 14 516 518 1626 515
7429 4 2 2 14 526 562 1618 525
7430 4 2 2 14 1616 1625 699 655
7431 4 2 2 14 704 672 720 1628
7432 4 2 2 14 1593 1640 622 621
7433 4 2 2 14 691 672 704 1628
7434 4 2 2 14 598 1666 1660 651
7435 4 2 2 14 1666 1604 598 1620
7436 4 2 2 14 1629 1199 727 726
7437 4 2 2 14 1658 709 1589 698
7438 4 2 2 14 1658 709 698 726
7439 4 2 2 14 759 1196 1656 758
7440 4 2 2 14 1620 577 590 587
7441 4 2 2 14 620 642 631 1619
7442 4 2 2 14 620 642 1593 1630
7443 4 2 2 14 604 1640 622 1593
7444 4 2 2 14 1655 1634 1645 587
7445 4 2 2 14 598 1660 1666 608
7446 4 2 2 14 1631 1599 655 657
7447 4 2 2 14 1660 651 1666 633
7448 4 2 2 14 644 1616 654 635
7449 4 2 2 14 1670 1671 1672 639
7450 4 2 2 14 1669 1672 1671 639
7451 4 2 2 14 743 1633 742 697
7452 4 2 2 14 1198 771 770 1602
7453 4 2 2 14 1645 587 577 1655
7454 4 2 2 14 769 1198 770 1602
7455 4 2 2 14 1620 577 587 1655
7456 4 2 2 14 797 1614 729 1589
7457 4 2 2 14 1649 797 796 1589
7458 4 2 2 14 1644 797 729 771
7459 4 2 2 14 1662 780 779 730
7460 4 2 2 14 1660 652 651 633
7461 4 2 2 14 1662 700 730 731
7462 4 2 2 14 760 1656 759 1194
7463 4 2 2 14 1655 1634 587 1620
7464 4 2 2 14 1653 1672 1669 639
7465 4 2 2 14 1608 751 752 1196
7466 4 2 2 14 1638 1620 634 1654
7467 4 2 2 14 1608 751 1196 1623
7468 4 2 2 14 622 1640 592 621
7469 4 2 2 14 1636 640 1653 639
7470 4 2 2 14 1607 575 555 1632
7471 4 2 2 14 1632 555 576 575
7472 4 2 2 14 592 1640 616 621
7473 4 2 2 14 515 1626 1187 1188
7474 4 2 2 14 1187 517 1626 515
7475 4 2 2 14 520 1187 517 1626
7476 4 2 2 14 1660 598 651 663
7477 4 2 2 14 520 521 1187 1626
7478 4 2 2 14 1660 1590 663 652
7479 4 2 2 14 1603 1187 521 1626
7480 4 2 2 14 1603 1626 1186 1187
7481 4 2 2 14 1596 1192 1650 545
7482 4 2 2 14 746 745 1633 1195
7483 4 2 2 14 745 744 1633 1195
7484 4 2 2 14 743 1633 744 1195
7485 4 2 2 14 742 1633 743 1195
7486 4 2 2 14 742 1633 1605 697
7487 4 2 2 14 1649 1194 1197 1198
7488 4 2 2 14 1633 1199 746 1195
7489 4 2 2 14 1190 539 540 1606
7490 4 2 2 14 1660 1590 626 608
7491 4 2 2 14 663 1660 652 651
7492 4 2 2 14 616 1640 602 621
7493 4 2 2 14 617 1648 608 1634
7494 4 2 2 14 1596 1189 1192 1190
7495 4 2 2 14 1622 542 543 569
7496 4 2 2 14 1596 1190 1192 542
7497 4 2 2 14 1623 1627 791 1589
7498 4 2 2 14 1588 1596 571 595
7499 4 2 2 14 1605 1633 742 1195
7500 4 2 2 14 610 597 1654 618
7501 4 2 2 14 1634 607 596 617
7502 4 2 2 14 596 608 1634 617
7503 4 2 2 14 1648 590 608 1634
7504 4 2 2 14 1634 1591 617 1648
7505 4 2 2 14 617 1648 1666 608
7506 4 2 2 14 592 1640 602 616
7507 4 2 2 14 1648 590 1634 1620
7508 4 2 2 14 1646 573 574 1588
7509 4 2 2 14 549 1635 1189 547
7510 4 2 2 14 550 1635 1189 549
7511 4 2 2 14 1623 1658 1199 1629
7512 4 2 2 14 1635 573 572 547
7513 4 2 2 14 1649 1196 1656 1194
7514 4 2 2 14 1636 705 662 1590
7515 4 2 2 14 1658 1605 1633 697
7516 4 2 2 14 662 695 705 1636
7517 4 2 2 14 1636 1598 695 705
7518 4 2 2 14 1649 1627 1589 796
7519 4 2 2 14 664 1652 1642 644
7520 4 2 2 14 530 529 1637 1185
7521 4 2 2 14 530 1637 531 1185
7522 4 2 2 14 528 1637 529 1185
7523 4 2 2 14 670 1671 1669 1653
7524 4 2 2 14 1186 1637 1610 1588
7525 4 2 2 14 532 1637 531 565
7526 4 2 2 14 1191 1637 1185 532
7527 4 2 2 14 1649 1196 1194 1198
7528 4 2 2 14 634 663 1638 676
7529 4 2 2 14 1638 627 618 662
7530 4 2 2 14 634 1638 662 676
7531 4 2 2 14 787 758 1656 794
7532 4 2 2 14 793 1656 1627 1639
7533 4 2 2 14 793 1656 1639 794
7534 4 2 2 14 793 1656 794 787
7535 4 2 2 14 1656 1627 1639 1608
7536 4 2 2 14 620 1640 621 602
7537 4 2 2 14 1669 670 1653 688
7538 4 2 2 14 1633 1623 1199 1195
7539 4 2 2 14 1642 1652 664 636
7540 4 2 2 14 1669 670 688 648
7541 4 2 2 14 1593 604 632 622
7542 4 2 2 14 647 1612 655 637
7543 4 2 2 14 1199 1614 1198 1623
7544 4 2 2 14 1649 795 796 765
7545 4 2 2 14 1197 1602 1649 1198
7546 4 2 2 14 766 1602 1649 1197
7547 4 2 2 14 573 549 548 1635
7548 4 2 2 14 1612 721 668 656
7549 4 2 2 14 620 621 1640 1593
7550 4 2 2 14 765 1649 1194 1197
7551 4 2 2 14 1609 1649 1656 1194
7552 4 2 2 14 1670 642 619 631
7553 4 2 2 14 614 1640 591 1592
7554 4 2 2 14 760 1656 761 787
7555 4 2 2 14 1656 795 787 796
7556 4 2 2 14 761 1656 760 1194
7557 4 2 2 14 640 1670 631 1672
7558 4 2 2 14 1652 652 1660 643
7559 4 2 2 14 1652 626 617 1660
7560 4 2 2 14 1599 1642 664 653
7561 4 2 2 14 1199 1614 1623 1629
7562 4 2 2 14 1670 1671 620 631
7563 4 2 2 14 1642 1599 635 653
7564 4 2 2 14 653 1642 636 635
7565 4 2 2 14 653 636 1642 664
7566 4 2 2 14 672 1628 1643 720
7567 4 2 2 14 672 1643 1628 659
7568 4 2 2 14 1643 1598 1651 690
7569 4 2 2 14 1663 671 659 648
7570 4 2 2 14 1663 671 648 690
7571 4 2 2 14 1198 771 1644 772
7572 4 2 2 14 773 1644 1198 774
7573 4 2 2 14 772 1644 1198 773
7574 4 2 2 14 775 1198 1644 774
7575 4 2 2 14 776 1198 1644 775
7576 4 2 2 14 777 1198 1644 776
7577 4 2 2 14 777 1644 1198 1594
7578 4 2 2 14 1198 1614 1594 1644
7579 4 2 2 14 797 1614 1589 1649
7580 4 2 2 14 1198 771 1602 1644
7581 4 2 2 14 797 1614 1649 1644
7582 4 2 2 14 1618 1603 523 561
7583 4 2 2 14 1197 765 1649 766
7584 4 2 2 14 1603 522 1186 523
7585 4 2 2 14 1603 1626 516 1588
7586 4 2 2 14 1612 668 627 656
7587 4 2 2 14 1670 619 1630 1664
7588 4 2 2 14 1645 607 596 1634
7589 4 2 2 14 607 1645 577 559
7590 4 2 2 14 1642 1652 635 644
7591 4 2 2 14 1657 577 607 1645
7592 4 2 2 14 607 634 1634 1645
7593 4 2 2 14 1618 523 1186 524
7594 4 2 2 14 1670 642 631 620
7595 4 2 2 14 1646 551 1189 552
7596 4 2 2 14 550 551 1189 1646
7597 4 2 2 14 1607 1646 1189 552
7598 4 2 2 14 1626 1646 1189 1607
7599 4 2 2 14 550 1189 1635 1646
7600 4 2 2 14 670 1671 1653 658
7601 4 2 2 14 1647 780 779 1662
7602 4 2 2 14 1656 795 761 787
7603 4 2 2 14 1647 780 731 779
7604 4 2 2 14 780 1647 731 732
7605 4 2 2 14 1669 648 1663 659
7606 4 2 2 14 1670 1671 639 638
7607 4 2 2 14 1198 1659 1199 778
7608 4 2 2 14 1659 1199 781 1629
7609 4 2 2 14 1199 727 782 1629
7610 4 2 2 14 782 1199 1629 781
7611 4 2 2 14 635 1652 1642 636
7612 4 2 2 14 635 617 1652 636
7613 4 2 2 14 691 1641 1628 704
7614 4 2 2 14 755 756 1639 1196
7615 4 2 2 14 1639 757 758 1196
7616 4 2 2 14 756 757 1639 1196
7617 4 2 2 14 793 1656 787 1627
7618 4 2 2 14 1611 1636 1590 705
7619 4 2 2 14 688 1669 648 1663
7620 4 2 2 14 1600 528 1193 527
7621 4 2 2 14 638 1671 648 620
7622 4 2 2 14 1600 528 527 1185
7623 4 2 2 14 1643 1598 690 1663
7624 4 2 2 14 720 714 704 1651
7625 4 2 2 14 692 714 720 1651
7626 4 2 2 14 644 1616 682 667
7627 4 2 2 14 1652 617 626 636
7628 4 2 2 14 1196 1649 1623 1198
7629 4 2 2 14 1670 1671 638 620
7630 4 2 2 14 640 1670 1672 639
7631 4 2 2 14 1623 1656 1608 1627
7632 4 2 2 14 639 1670 630 614
7633 4 2 2 14 639 630 1670 638
7634 4 2 2 14 1590 631 1653 649
7635 4 2 2 14 1649 1614 1623 1198
7636 4 2 2 14 648 1669 638 659
7637 4 2 2 14 1186 1603 523 1618
7638 4 2 2 14 1638 651 633 1604
7639 4 2 2 14 1649 1614 1589 1623
7640 4 2 2 14 1588 1603 1186 1618
7641 4 2 2 14 666 654 681 1597
7642 4 2 2 14 705 1611 1598 1612
7643 4 2 2 14 640 1590 1653 649
7644 4 2 2 15 1688 976 1015 1014
7645 4 2 2 15 1025 1747 1751 1728
7646 4 2 2 15 1021 1747 1097 1029
7647 4 2 2 15 1702 1094 1679 1093
7648 4 2 2 15 1682 1747 1025 1703
7649 4 2 2 15 1702 1094 1209 1679
7650 4 2 2 15 1703 984 955 1716
7651 4 2 2 15 902 930 918 1674
7652 4 2 2 15 1695 1201 868 1721
7653 4 2 2 15 807 1681 823 816
7654 4 2 2 15 1751 1026 1750 1044
7655 4 2 2 15 1751 1097 1728 1747
7656 4 2 2 15 1680 1040 991 996
7657 4 2 2 15 1682 984 1703 1012
7658 4 2 2 15 894 893 1683 825
7659 4 2 2 15 1000 1680 1757 887
7660 4 2 2 15 1695 1201 1721 1711
7661 4 2 2 15 1026 1747 1044 1751
7662 4 2 2 15 844 1704 1683 825
7663 4 2 2 15 1757 1680 1000 1730
7664 4 2 2 15 1709 1678 992 950
7665 4 2 2 15 1001 1757 1680 887
7666 4 2 2 15 925 1747 1029 970
7667 4 2 2 15 891 1736 1699 924
7668 4 2 2 15 1682 984 1012 1024
7669 4 2 2 15 822 1705 975 951
7670 4 2 2 15 1695 1719 901 868
7671 4 2 2 15 992 1678 993 950
7672 4 2 2 15 1744 1709 1678 992
7673 4 2 2 15 901 1719 1695 1674
7674 4 2 2 15 835 825 811 1704
7675 4 2 2 15 1678 939 913 952
7676 4 2 2 15 986 1000 1724 987
7677 4 2 2 15 1094 1702 1209 1207
7678 4 2 2 15 1682 1747 1703 984
7679 4 2 2 15 853 1706 897 852
7680 4 2 2 15 1699 1736 891 964
7681 4 2 2 15 1702 1094 1093 1207
7682 4 2 2 15 1751 1097 1747 1044
7683 4 2 2 15 1725 1723 1003 1705
7684 4 2 2 15 896 897 1706 852
7685 4 2 2 15 1709 913 1678 939
7686 4 2 2 15 919 1696 1676 908
7687 4 2 2 15 856 857 898 1686
7688 4 2 2 15 811 1731 827 1685
7689 4 2 2 15 1075 1687 1707 1114
7690 4 2 2 15 964 1717 981 830
7691 4 2 2 15 892 841 842 1727
7692 4 2 2 15 981 1717 964 965
7693 4 2 2 15 975 1713 967 1676
7694 4 2 2 15 1693 953 1677 954
7695 4 2 2 15 1690 1000 1040 1724
7696 4 2 2 15 985 1728 1012 986
7697 4 2 2 15 819 834 908 1696
7698 4 2 2 15 1001 1757 1730 1680
7699 4 2 2 15 935 922 1762 936
7700 4 2 2 15 1724 1000 1680 987
7701 4 2 2 15 913 891 1736 1752
7702 4 2 2 15 1119 1689 1718 1120
7703 4 2 2 15 1728 1690 1724 986
7704 4 2 2 15 1015 987 991 1004
7705 4 2 2 15 858 898 857 1686
7706 4 2 2 15 948 933 919 1676
7707 4 2 2 15 1097 1750 1751 1728
7708 4 2 2 15 926 941 1691 1003
7709 4 2 2 15 900 930 917 1674
7710 4 2 2 15 1065 1708 1108 1050
7711 4 2 2 15 1084 1082 1083 1718
7712 4 2 2 15 895 1706 851 852
7713 4 2 2 15 1710 1692 1038 1058
7714 4 2 2 15 975 1713 1701 951
7715 4 2 2 15 901 900 866 1719
7716 4 2 2 15 858 859 898 1686
7717 4 2 2 15 1103 1029 1097 1729
7718 4 2 2 15 976 1003 1688 1741
7719 4 2 2 15 927 1741 1002 942
7720 4 2 2 15 1066 1722 1755 1067
7721 4 2 2 15 1724 1750 1097 1728
7722 4 2 2 15 955 1728 1716 971
7723 4 2 2 15 1138 1675 1673 1124
7724 4 2 2 15 1717 934 1743 909
7725 4 2 2 15 900 918 930 1674
7726 4 2 2 15 1118 1084 1083 1718
7727 4 2 2 15 975 967 928 1676
7728 4 2 2 15 1686 859 898 899
7729 4 2 2 15 942 1741 1002 1003
7730 4 2 2 15 942 1741 890 956
7731 4 2 2 15 1109 1094 1720 1095
7732 4 2 2 15 1712 1729 1758 1682
7733 4 2 2 15 1735 1673 995 1760
7734 4 2 2 15 1085 1718 1119 1689
7735 4 2 2 15 1109 1740 1055 1720
7736 4 2 2 15 1109 1054 1095 1720
7737 4 2 2 15 868 866 1719 867
7738 4 2 2 15 1108 1708 1065 1064
7739 4 2 2 15 1686 860 859 899
7740 4 2 2 15 1025 1026 1750 1751
7741 4 2 2 15 1743 938 965 978
7742 4 2 2 15 1680 1000 1724 1040
7743 4 2 2 15 811 827 1731 818
7744 4 2 2 15 1719 868 1201 866
7745 4 2 2 15 1719 900 866 865
7746 4 2 2 15 1699 1736 949 924
7747 4 2 2 15 1109 1053 1054 1720
7748 4 2 2 15 860 1686 861 899
7749 4 2 2 15 1109 1055 1053 1720
7750 4 2 2 15 1120 1689 1212 1119
7751 4 2 2 15 839 818 884 1731
7752 4 2 2 15 811 817 803 1674
7753 4 2 2 15 892 1727 840 841
7754 4 2 2 15 1075 1687 1114 1076
7755 4 2 2 15 1719 900 865 864
7756 4 2 2 15 890 1741 942 1003
7757 4 2 2 15 1727 892 840 835
7758 4 2 2 15 888 911 831 1676
7759 4 2 2 15 1109 1094 1213 1720
7760 4 2 2 15 861 900 1719 862
7761 4 2 2 15 979 1018 1008 1673
7762 4 2 2 15 1020 1058 1710 1038
7763 4 2 2 15 900 1719 863 864
7764 4 2 2 15 961 946 959 1676
7765 4 2 2 15 1719 900 863 862
7766 4 2 2 15 1038 1058 1692 1059
7767 4 2 2 15 1688 976 1013 987
7768 4 2 2 15 827 1731 818 828
7769 4 2 2 15 1037 1062 1692 1009
7770 4 2 2 15 907 1711 881 882
7771 4 2 2 15 1731 828 839 818
7772 4 2 2 15 908 834 920 1696
7773 4 2 2 15 1064 1019 1694 1063
7774 4 2 2 15 1085 1718 1689 1207
7775 4 2 2 15 898 929 945 1674
7776 4 2 2 15 1686 900 1719 861
7777 4 2 2 15 1133 1124 1134 1675
7778 4 2 2 15 972 1680 1000 887
7779 4 2 2 15 1076 1077 1687 1114
7780 4 2 2 15 1689 1085 1212 1119
7781 4 2 2 15 1745 1092 1702 1123
7782 4 2 2 15 843 892 842 1727
7783 4 2 2 15 994 1048 1107 1675
7784 4 2 2 15 884 883 837 1739
7785 4 2 2 15 975 928 958 1676
7786 4 2 2 15 844 1704 825 843
7787 4 2 2 15 1081 1080 1116 1687
7788 4 2 2 15 994 1107 1049 1675
7789 4 2 2 15 946 960 929 1676
7790 4 2 2 15 972 1680 887 996
7791 4 2 2 15 1117 1081 1116 1675
7792 4 2 2 15 949 1736 1699 964
7793 4 2 2 15 1741 890 1730 968
7794 4 2 2 15 1749 1726 922 910
7795 4 2 2 15 1694 1062 1009 1692
7796 4 2 2 15 1073 1114 1074 1707
7797 4 2 2 15 1035 1009 1019 1694
7798 4 2 2 15 1675 1715 1673 1130
7799 4 2 2 15 949 1736 1709 924
7800 4 2 2 15 1057 1740 1056 1110
7801 4 2 2 15 1078 1687 1077 1114
7802 4 2 2 15 929 917 946 1676
7803 4 2 2 15 1117 1673 1675 1715
7804 4 2 2 15 1695 869 902 870
7805 4 2 2 15 1061 1036 1692 1038
7806 4 2 2 15 1120 1089 1088 1689
7807 4 2 2 15 1079 1078 1116 1687
7808 4 2 2 15 1074 1114 1075 1707
7809 4 2 2 15 1069 1755 1722 1068
7810 4 2 2 15 1683 847 1204 845
7811 4 2 2 15 1715 1673 1137 1697
7812 4 2 2 15 1709 1736 949 964
7813 4 2 2 15 1043 1132 1673 1143
7814 4 2 2 15 1080 1079 1116 1687
7815 4 2 2 15 836 884 837 1739
7816 4 2 2 15 825 889 832 1674
7817 4 2 2 15 950 1678 993 1677
7818 4 2 2 15 1695 874 904 1721
7819 4 2 2 15 951 1741 890 1003
7820 4 2 2 15 975 1713 951 967
7821 4 2 2 15 1056 1740 1055 1110
7822 4 2 2 15 958 929 960 1676
7823 4 2 2 15 1746 1681 941 833
7824 4 2 2 15 826 803 817 1674
7825 4 2 2 15 1744 1736 1709 964
7826 4 2 2 15 922 1726 1749 1709
7827 4 2 2 15 811 803 808 1674
7828 4 2 2 15 948 943 957 1676
7829 4 2 2 15 1002 1681 941 1700
7830 4 2 2 15 1687 1210 1675 1081
7831 4 2 2 15 826 832 803 1674
7832 4 2 2 15 1069 1708 1210 1722
7833 4 2 2 15 1700 1681 941 988
7834 4 2 2 15 888 831 814 1676
7835 4 2 2 15 918 900 901 1674
7836 4 2 2 15 1087 1120 1088 1689
7837 4 2 2 15 917 930 946 1676
7838 4 2 2 15 816 834 1696 1676
7839 4 2 2 15 1081 1207 1210 1675
7840 4 2 2 15 909 1717 1754 830
7841 4 2 2 15 1049 1111 1050 1675
7842 4 2 2 15 918 901 902 1674
7843 4 2 2 15 818 811 808 1674
7844 4 2 2 15 946 989 1002 1676
7845 4 2 2 15 898 916 929 1674
7846 4 2 2 15 913 1734 952 953
7847 4 2 2 15 825 832 826 1674
7848 4 2 2 15 983 999 984 1677
7849 4 2 2 15 819 908 885 1676
7850 4 2 2 15 1002 1681 1700 1676
7851 4 2 2 15 1721 871 1695 873
7852 4 2 2 15 1049 1107 1111 1675
7853 4 2 2 15 917 929 899 1674
7854 4 2 2 15 1676 1681 1700 988
7855 4 2 2 15 899 929 916 1674
7856 4 2 2 15 1702 1679 1209 1675
7857 4 2 2 15 839 1739 1731 884
7858 4 2 2 15 1204 1704 825 1683
7859 4 2 2 15 1704 825 811 1674
7860 4 2 2 15 919 885 908 1676
7861 4 2 2 15 825 826 817 1674
7862 4 2 2 15 1722 1068 1064 1210
7863 4 2 2 15 1139 1103 1712 1677
7864 4 2 2 15 1687 1210 1081 1208
7865 4 2 2 15 952 1734 913 1678
7866 4 2 2 15 962 902 932 1674
7867 4 2 2 15 1022 1041 1098 1673
7868 4 2 2 15 1728 1714 1021 1724
7869 4 2 2 15 917 899 900 1674
7870 4 2 2 15 836 838 884 1739
7871 4 2 2 15 927 834 914 1676
7872 4 2 2 15 1731 811 818 1674
7873 4 2 2 15 811 825 817 1674
7874 4 2 2 15 1104 1136 1139 1677
7875 4 2 2 15 1069 1755 1068 1112
7876 4 2 2 15 1122 1675 1745 1121
7877 4 2 2 15 964 830 1754 1717
7878 4 2 2 15 830 1749 964 1754
7879 4 2 2 15 1724 1714 1021 1040
7880 4 2 2 15 1032 1048 994 1673
7881 4 2 2 15 1125 1023 1098 1677
7882 4 2 2 15 927 943 834 1676
7883 4 2 2 15 1029 1103 1030 1677
7884 4 2 2 15 928 967 911 1676
7885 4 2 2 15 1754 830 1749 909
7886 4 2 2 15 1690 1714 1728 1724
7887 4 2 2 15 998 1041 1022 1673
7888 4 2 2 15 830 1749 1759 964
7889 4 2 2 15 1016 1030 1046 1677
7890 4 2 2 15 1116 1081 1687 1675
7891 4 2 2 15 909 1717 934 949
7892 4 2 2 15 983 970 999 1677
7893 4 2 2 15 1069 1755 1112 1708
7894 4 2 2 15 1139 1136 1103 1677
7895 4 2 2 15 1125 1043 1023 1677
7896 4 2 2 15 1695 874 1721 873
7897 4 2 2 15 1689 1212 1086 1120
7898 4 2 2 15 889 825 895 1674
7899 4 2 2 15 1756 1688 987 1015
7900 4 2 2 15 1690 1714 1724 1040
7901 4 2 2 15 1081 1718 1675 1117
7902 4 2 2 15 1016 993 1678 1677
7903 4 2 2 15 1690 1714 972 971
7904 4 2 2 15 1695 869 870 871
7905 4 2 2 15 1696 807 816 1676
7906 4 2 2 15 1081 1718 1117 1082
7907 4 2 2 15 957 943 927 1676
7908 4 2 2 15 995 1020 1039 1675
7909 4 2 2 15 952 1734 1737 953
7910 4 2 2 15 1748 1714 1752 925
7911 4 2 2 15 1752 1714 1748 972
7912 4 2 2 15 1016 1017 993 1677
7913 4 2 2 15 1694 1062 1692 1210
7914 4 2 2 15 928 911 937 1676
7915 4 2 2 15 1707 1115 1675 1113
7916 4 2 2 15 1696 819 805 1676
7917 4 2 2 15 919 943 948 1676
7918 4 2 2 15 847 894 1732 848
7919 4 2 2 15 1045 1753 1750 1724
7920 4 2 2 15 994 1008 1018 1673
7921 4 2 2 15 1049 1050 1033 1675
7922 4 2 2 15 1756 987 1753 1015
7923 4 2 2 15 1756 987 1013 1753
7924 4 2 2 15 1104 1139 1697 1677
7925 4 2 2 15 1107 1129 1111 1675
7926 4 2 2 15 1737 1734 952 1678
7927 4 2 2 15 1673 1132 1675 1121
7928 4 2 2 15 1696 807 1676 805
7929 4 2 2 15 1032 1018 1048 1673
7930 4 2 2 15 1039 1020 1096 1675
7931 4 2 2 15 930 917 1674 1676
7932 4 2 2 15 898 945 944 1674
7933 4 2 2 15 1050 1694 1019 1675
7934 4 2 2 15 994 1018 1032 1673
7935 4 2 2 15 1106 1047 1129 1675
7936 4 2 2 15 1060 1061 1692 1038
7937 4 2 2 15 1050 1019 1033 1675
7938 4 2 2 15 1674 898 928 944
7939 4 2 2 15 1087 1689 1086 1120
7940 4 2 2 15 1756 987 1688 1013
7941 4 2 2 15 1129 1107 1106 1675
7942 4 2 2 15 1085 1718 1207 1084
7943 4 2 2 15 1737 1734 1677 953
7944 4 2 2 15 1695 874 873 903
7945 4 2 2 15 961 989 946 1676
7946 4 2 2 15 972 1714 1690 1040
7947 4 2 2 15 1017 1016 1007 1677
7948 4 2 2 15 954 953 1677 1734
7949 4 2 2 15 1117 1718 1675 1132
7950 4 2 2 15 932 902 1711 1674
7951 4 2 2 15 1031 1046 1105 1673
7952 4 2 2 15 1046 1104 1105 1673
7953 4 2 2 15 1742 1023 1043 1677
7954 4 2 2 15 1692 1060 1038 1059
7955 4 2 2 15 803 1674 814 1676
7956 4 2 2 15 1694 1019 1051 1063
7957 4 2 2 15 888 1674 923 1676
7958 4 2 2 15 1105 1104 1137 1673
7959 4 2 2 15 1693 953 954 982
7960 4 2 2 15 935 966 936 1677
7961 4 2 2 15 987 1725 991 976
7962 4 2 2 15 984 1742 1677 1023
7963 4 2 2 15 1019 1694 1034 1035
7964 4 2 2 15 919 1696 908 920
7965 4 2 2 15 901 900 1719 1674
7966 4 2 2 15 1043 1712 1100 1765
7967 4 2 2 15 1137 1141 1105 1673
7968 4 2 2 15 1730 1725 987 1013
7969 4 2 2 15 899 898 1686 1674
7970 4 2 2 15 1019 1694 1051 1034
7971 4 2 2 15 1040 1752 972 1714
7972 4 2 2 15 1013 1725 987 976
7973 4 2 2 15 834 943 919 1676
7974 4 2 2 15 919 1696 920 834
7975 4 2 2 15 929 1674 917 1676
7976 4 2 2 15 901 868 1719 867
7977 4 2 2 15 1040 1752 1714 1736
7978 4 2 2 15 899 916 898 1674
7979 4 2 2 15 930 959 946 1676
7980 4 2 2 15 1677 1734 1737 1678
7981 4 2 2 15 1730 1725 1013 1741
7982 4 2 2 15 1686 900 861 899
7983 4 2 2 15 1711 879 1721 905
7984 4 2 2 15 1730 1757 968 890
7985 4 2 2 15 961 959 930 1676
7986 4 2 2 15 994 1673 1048 1675
7987 4 2 2 15 1741 1725 1013 976
7988 4 2 2 15 871 873 872 903
7989 4 2 2 15 949 1749 950 909
7990 4 2 2 15 966 1693 1677 1673
7991 4 2 2 15 979 1673 966 1677
7992 4 2 2 15 1098 1022 1673 1677
7993 4 2 2 15 1098 1673 1125 1677
7994 4 2 2 15 966 1693 1673 980
7995 4 2 2 15 904 876 1721 875
7996 4 2 2 15 979 1007 1673 1677
7997 4 2 2 15 1125 1673 1043 1677
7998 4 2 2 15 847 845 1683 846
7999 4 2 2 15 1031 1673 1007 1677
8000 4 2 2 15 1031 1046 1673 1677
8001 4 2 2 15 1741 1725 951 968
8002 4 2 2 15 1104 1673 1046 1677
8003 4 2 2 15 1721 874 904 875
8004 4 2 2 15 1064 1067 1068 1722
8005 4 2 2 15 1066 1067 1064 1722
8006 4 2 2 15 894 1732 848 849
8007 4 2 2 15 876 877 905 1721
8008 4 2 2 15 878 905 1721 879
8009 4 2 2 15 877 878 905 1721
8010 4 2 2 15 835 825 1704 892
8011 4 2 2 15 960 991 1723 976
8012 4 2 2 15 976 1688 1003 1014
8013 4 2 2 15 1684 831 1713 820
8014 4 2 2 15 893 847 1683 846
8015 4 2 2 15 1684 830 909 831
8016 4 2 2 15 1674 928 898 915
8017 4 2 2 15 825 1704 892 843
8018 4 2 2 15 961 902 1674 947
8019 4 2 2 15 1728 1690 986 985
8020 4 2 2 15 1724 1021 1097 991
8021 4 2 2 15 1012 1043 1025 1682
8022 4 2 2 15 891 833 823 1733
8023 4 2 2 15 1003 1725 1741 976
8024 4 2 2 15 1730 987 1000 973
8025 4 2 2 15 1733 913 1752 891
8026 4 2 2 15 968 1757 1730 1738
8027 4 2 2 15 1003 1688 1741 1027
8028 4 2 2 15 954 925 940 1734
8029 4 2 2 15 1108 1694 1050 1708
8030 4 2 2 15 1709 952 1737 936
8031 4 2 2 15 1016 992 1006 1678
8032 4 2 2 15 1000 956 972 1757
8033 4 2 2 15 830 1759 1749 910
8034 4 2 2 15 1043 1025 1682 1099
8035 4 2 2 15 1003 1688 1015 1014
8036 4 2 2 15 1697 1100 1101 1117
8037 4 2 2 15 1108 1694 1708 1064
8038 4 2 2 15 1210 1708 1694 1064
8039 4 2 2 15 995 936 980 1693
8040 4 2 2 15 1701 1681 975 822
8041 4 2 2 15 975 1681 1701 1676
8042 4 2 2 15 1210 1708 1064 1722
8043 4 2 2 15 968 1757 1743 890
8044 4 2 2 15 912 1749 1709 1699
8045 4 2 2 15 991 1724 1021 1040
8046 4 2 2 15 1002 1027 1003 1741
8047 4 2 2 15 1743 1757 968 1738
8048 4 2 2 15 987 1015 976 1004
8049 4 2 2 15 1724 991 1680 1040
8050 4 2 2 15 1684 830 831 820
8051 4 2 2 15 1705 951 1725 975
8052 4 2 2 15 981 964 1736 1005
8053 4 2 2 15 912 1749 1699 1759
8054 4 2 2 15 1696 807 805 810
8055 4 2 2 15 1743 981 938 978
8056 4 2 2 15 1733 926 1748 941
8057 4 2 2 15 910 1759 912 887
8058 4 2 2 15 1733 890 1746 823
8059 4 2 2 15 1002 961 1761 1698
8060 4 2 2 15 1705 1681 975 988
8061 4 2 2 15 988 1681 975 1676
8062 4 2 2 15 1733 913 891 833
8063 4 2 2 15 1712 1103 1126 1729
8064 4 2 2 15 1748 1733 941 925
8065 4 2 2 15 1712 1126 1103 1135
8066 4 2 2 15 956 1757 942 972
8067 4 2 2 15 996 951 975 1725
8068 4 2 2 15 1016 992 1678 993
8069 4 2 2 15 1762 922 1749 1709
8070 4 2 2 15 1007 993 1017 1677
8071 4 2 2 15 1742 1023 1024 1042
8072 4 2 2 15 1043 1712 1765 1682
8073 4 2 2 15 1697 1117 1043 1100
8074 4 2 2 15 1743 1757 887 890
8075 4 2 2 15 1733 926 941 1691
8076 4 2 2 15 1688 976 987 1015
8077 4 2 2 15 1119 1718 1084 1118
8078 4 2 2 15 887 1757 1743 1738
8079 4 2 2 15 972 1757 1748 887
8080 4 2 2 15 1748 926 955 941
8081 4 2 2 15 1730 1680 1000 987
8082 4 2 2 15 1712 1729 1677 1103
8083 4 2 2 15 995 1673 1693 980
8084 4 2 2 15 1105 1113 1675 1142
8085 4 2 2 15 1748 1757 972 942
8086 4 2 2 15 1748 1757 1733 887
8087 4 2 2 15 976 991 987 1004
8088 4 2 2 15 1752 1733 1764 1748
8089 4 2 2 15 1733 1757 1748 942
8090 4 2 2 15 1733 1757 890 887
8091 4 2 2 15 961 1674 1676 947
8092 4 2 2 15 1130 1113 1675 1115
8093 4 2 2 15 984 1742 1023 1024
8094 4 2 2 15 1023 1677 984 999
8095 4 2 2 15 803 806 1676 809
8096 4 2 2 15 1676 805 807 804
8097 4 2 2 15 890 1757 1733 942
8098 4 2 2 15 951 968 1684 890
8099 4 2 2 15 1677 1104 1030 1046
8100 4 2 2 15 1748 971 972 1714
8101 4 2 2 15 887 1757 1000 972
8102 4 2 2 15 887 996 1738 1736
8103 4 2 2 15 1040 1736 1021 996
8104 4 2 2 15 987 1026 1013 1753
8105 4 2 2 15 912 1726 910 936
8106 4 2 2 15 812 819 1676 805
8107 4 2 2 15 984 971 955 1716
8108 4 2 2 15 1748 971 942 972
8109 4 2 2 15 1757 890 1730 956
8110 4 2 2 15 890 1691 1733 941
8111 4 2 2 15 1684 968 951 938
8112 4 2 2 15 890 968 1741 951
8113 4 2 2 15 1130 1715 1137 1116
8114 4 2 2 15 1715 1137 1673 1130
8115 4 2 2 15 1137 1715 1131 1116
8116 4 2 2 15 829 818 1674 886
8117 4 2 2 15 1002 926 833 914
8118 4 2 2 15 833 1676 1002 914
8119 4 2 2 15 1747 1758 1729 1682
8120 4 2 2 15 1011 1744 1006 964
8121 4 2 2 15 1684 830 820 813
8122 4 2 2 15 1006 1744 1011 1029
8123 4 2 2 15 992 1744 1006 1678
8124 4 2 2 15 1700 941 990 988
8125 4 2 2 15 1131 1715 1137 1697
8126 4 2 2 15 1002 1676 927 914
8127 4 2 2 15 1707 1115 1113 1114
8128 4 2 2 15 1678 1677 1029 1030
8129 4 2 2 15 1708 1111 1755 1112
8130 4 2 2 15 1728 1747 1703 1025
8131 4 2 2 15 1709 1678 1737 952
8132 4 2 2 15 1725 1003 1723 976
8133 4 2 2 15 1001 987 1725 991
8134 4 2 2 15 830 981 1743 1717
8135 4 2 2 15 925 1747 970 955
8136 4 2 2 15 1743 981 965 1717
8137 4 2 2 15 830 1743 981 887
8138 4 2 2 15 1021 1736 1714 925
8139 4 2 2 15 1040 1752 1736 996
8140 4 2 2 15 1714 1736 1752 925
8141 4 2 2 15 821 832 1674 803
8142 4 2 2 15 1674 886 885 829
8143 4 2 2 15 1131 1715 1117 1116
8144 4 2 2 15 1040 1752 996 972
8145 4 2 2 15 1109 1740 1720 1124
8146 4 2 2 15 1736 887 830 981
8147 4 2 2 15 981 1736 996 1011
8148 4 2 2 15 981 1736 964 830
8149 4 2 2 15 1747 1729 1097 1029
8150 4 2 2 15 988 1003 1705 941
8151 4 2 2 15 1003 990 1723 976
8152 4 2 2 15 951 1705 1003 941
8153 4 2 2 15 1003 1725 1705 951
8154 4 2 2 15 829 819 1676 812
8155 4 2 2 15 1676 819 829 885
8156 4 2 2 15 1676 1674 829 812
8157 4 2 2 15 829 1674 1676 885
8158 4 2 2 15 1747 1729 1044 1097
8159 4 2 2 15 1673 1697 1104 1137
8160 4 2 2 15 1003 1002 941 990
8161 4 2 2 15 1003 941 1002 926
8162 4 2 2 15 1104 1697 1673 1677
8163 4 2 2 15 833 1002 941 926
8164 4 2 2 15 1031 1047 1673 1105
8165 4 2 2 15 1031 1673 1047 1018
8166 4 2 2 15 902 961 1674 962
8167 4 2 2 15 1674 933 963 1676
8168 4 2 2 15 1674 963 961 1676
8169 4 2 2 15 1705 822 941 951
8170 4 2 2 15 890 941 822 951
8171 4 2 2 15 890 822 1746 823
8172 4 2 2 15 1676 911 923 888
8173 4 2 2 15 1676 923 911 937
8174 4 2 2 15 1709 952 936 939
8175 4 2 2 15 912 1709 1726 936
8176 4 2 2 15 818 812 1674 808
8177 4 2 2 15 1674 812 818 829
8178 4 2 2 15 1735 1673 1760 994
8179 4 2 2 15 1684 968 1743 890
8180 4 2 2 15 1743 968 1684 938
8181 4 2 2 15 887 910 1759 830
8182 4 2 2 15 1678 1744 1006 1029
8183 4 2 2 15 1005 1736 981 1011
8184 4 2 2 15 1025 1758 1747 1682
8185 4 2 2 15 1743 1738 968 981
8186 4 2 2 15 981 968 1743 938
8187 4 2 2 15 1104 1697 1140 1137
8188 4 2 2 15 964 1736 1005 1011
8189 4 2 2 15 1124 1720 1213 1679
8190 4 2 2 15 1019 1675 994 1033
8191 4 2 2 15 1735 1673 994 1675
8192 4 2 2 15 1138 1675 1124 1133
8193 4 2 2 15 1679 1740 1124 1720
8194 4 2 2 15 1124 1720 1109 1213
8195 4 2 2 15 981 887 1738 1736
8196 4 2 2 15 972 1680 996 1040
8197 4 2 2 15 1104 1697 1139 1140
8198 4 2 2 15 961 1698 1676 957
8199 4 2 2 15 1018 1007 1673 979
8200 4 2 2 15 1018 1673 1007 1031
8201 4 2 2 15 942 1003 1002 926
8202 4 2 2 15 1109 1740 1124 1110
8203 4 2 2 15 984 1742 1024 1682
8204 4 2 2 15 871 903 1695 873
8205 4 2 2 15 1109 1740 1110 1055
8206 4 2 2 15 1745 1120 1718 1689
8207 4 2 2 15 1684 1701 1713 951
8208 4 2 2 15 1684 1713 1701 820
8209 4 2 2 15 1022 1023 1677 1098
8210 4 2 2 15 1676 805 1674 812
8211 4 2 2 15 1676 1674 805 803
8212 4 2 2 15 808 1674 805 812
8213 4 2 2 15 808 805 1674 803
8214 4 2 2 15 1140 1697 1139 1137
8215 4 2 2 15 1692 1710 1209 1057
8216 4 2 2 15 975 1713 1676 1701
8217 4 2 2 15 853 897 1706 854
8218 4 2 2 15 1743 921 938 1684
8219 4 2 2 15 1676 1698 961 1002
8220 4 2 2 15 1699 1709 949 1749
8221 4 2 2 15 1699 1709 924 949
8222 4 2 2 15 924 1699 891 912
8223 4 2 2 15 850 895 1706 851
8224 4 2 2 15 1011 964 1736 1744
8225 4 2 2 15 1209 1710 1692 1675
8226 4 2 2 15 1021 1714 1736 1040
8227 4 2 2 15 891 1699 1759 912
8228 4 2 2 15 1747 1714 925 1021
8229 4 2 2 15 925 1714 955 1748
8230 4 2 2 15 987 1761 961 957
8231 4 2 2 15 993 979 1677 1007
8232 4 2 2 15 1209 1710 1740 1057
8233 4 2 2 15 961 1761 987 1013
8234 4 2 2 15 1731 1711 907 1739
8235 4 2 2 15 1731 884 886 818
8236 4 2 2 15 1731 1711 1739 1203
8237 4 2 2 15 886 1674 1731 818
8238 4 2 2 15 961 1761 1698 957
8239 4 2 2 15 1707 1115 1114 1687
8240 4 2 2 15 912 1749 1759 910
8241 4 2 2 15 927 1741 942 956
8242 4 2 2 15 927 1741 956 973
8243 4 2 2 15 964 1699 949 1759
8244 4 2 2 15 927 1698 1676 1002
8245 4 2 2 15 961 1676 1002 989
8246 4 2 2 15 1673 998 1677 1022
8247 4 2 2 15 1002 1761 961 1013
8248 4 2 2 15 1124 1740 1041 1110
8249 4 2 2 15 927 1698 957 1676
8250 4 2 2 15 1761 927 1002 1698
8251 4 2 2 15 1081 1718 1082 1207
8252 4 2 2 15 1117 1718 1132 1118
8253 4 2 2 15 1113 1071 1707 1072
8254 4 2 2 15 1761 927 1698 957
8255 4 2 2 15 1737 936 1677 935
8256 4 2 2 15 1041 1740 1124 1675
8257 4 2 2 15 835 1704 1685 1205
8258 4 2 2 15 1009 1692 1036 1735
8259 4 2 2 15 1693 998 1677 1673
8260 4 2 2 15 1693 1677 998 954
8261 4 2 2 15 1041 1740 1096 1110
8262 4 2 2 15 1009 1735 1036 1010
8263 4 2 2 15 1711 905 906 880
8264 4 2 2 15 1711 880 907 881
8265 4 2 2 15 1740 1710 1209 1675
8266 4 2 2 15 942 914 1002 927
8267 4 2 2 15 1002 914 942 926
8268 4 2 2 15 1731 907 1674 886
8269 4 2 2 15 1739 882 1711 907
8270 4 2 2 15 1707 1073 1113 1072
8271 4 2 2 15 1707 1113 1073 1114
8272 4 2 2 15 1704 1685 1205 1203
8273 4 2 2 15 1078 1115 1687 1114
8274 4 2 2 15 1740 1710 1020 1057
8275 4 2 2 15 1707 1115 1687 1675
8276 4 2 2 15 803 814 1674 821
8277 4 2 2 15 930 961 1676 947
8278 4 2 2 15 1674 930 1676 947
8279 4 2 2 15 1745 1120 1689 1089
8280 4 2 2 15 1096 1740 1041 1675
8281 4 2 2 15 1745 1120 1089 1121
8282 4 2 2 15 1122 1675 1121 1133
8283 4 2 2 15 957 1676 933 948
8284 4 2 2 15 945 1674 1676 944
8285 4 2 2 15 1676 1674 945 929
8286 4 2 2 15 1676 958 974 944
8287 4 2 2 15 945 1676 974 944
8288 4 2 2 15 814 1676 1674 888
8289 4 2 2 15 1096 1740 1020 1110
8290 4 2 2 15 814 832 1674 821
8291 4 2 2 15 1700 1676 960 946
8292 4 2 2 15 960 1676 1700 988
8293 4 2 2 15 960 976 1700 946
8294 4 2 2 15 1700 976 960 1723
8295 4 2 2 15 1674 1676 919 933
8296 4 2 2 15 919 1676 1674 885
8297 4 2 2 15 919 906 1674 933
8298 4 2 2 15 1674 932 933 906
8299 4 2 2 15 855 853 1706 854
8300 4 2 2 15 1682 1712 1729 1677
8301 4 2 2 15 1020 1740 1096 1675
8302 4 2 2 15 1036 1735 1038 1010
8303 4 2 2 15 1020 1710 1740 1675
8304 4 2 2 15 1139 1712 1103 1135
8305 4 2 2 15 1708 1707 1111 1112
8306 4 2 2 15 1673 1675 1018 1048
8307 4 2 2 15 1107 1018 1675 1048
8308 4 2 2 15 1107 1675 1018 1106
8309 4 2 2 15 1676 988 958 975
8310 4 2 2 15 1676 958 988 960
8311 4 2 2 15 1748 1764 972 887
8312 4 2 2 15 1735 1673 1675 995
8313 4 2 2 15 970 1677 1029 969
8314 4 2 2 15 970 1747 1029 1677
8315 4 2 2 15 970 1747 1677 983
8316 4 2 2 15 1038 1735 1020 1010
8317 4 2 2 15 1675 994 1033 1049
8318 4 2 2 15 1710 1735 1020 1038
8319 4 2 2 15 995 1673 1039 998
8320 4 2 2 15 1677 950 979 993
8321 4 2 2 15 1676 833 834 914
8322 4 2 2 15 1676 834 833 816
8323 4 2 2 15 1686 855 1706 897
8324 4 2 2 15 898 1686 897 856
8325 4 2 2 15 972 1764 1748 1752
8326 4 2 2 15 803 1676 804 805
8327 4 2 2 15 1676 803 809 814
8328 4 2 2 15 1138 1675 1133 1121
8329 4 2 2 15 1673 1132 1121 1143
8330 4 2 2 15 1125 1121 1673 1138
8331 4 2 2 15 954 953 1734 940
8332 4 2 2 15 1677 954 969 970
8333 4 2 2 15 1677 1031 1016 1007
8334 4 2 2 15 1677 1016 1031 1046
8335 4 2 2 15 889 1674 814 832
8336 4 2 2 15 814 1674 889 888
8337 4 2 2 15 1111 1707 1129 1112
8338 4 2 2 15 1039 1673 995 1675
8339 4 2 2 15 1047 1018 1675 1106
8340 4 2 2 15 1047 1675 1018 1673
8341 4 2 2 15 1673 994 966 980
8342 4 2 2 15 1117 1718 1118 1082
8343 4 2 2 15 1745 1718 1675 1207
8344 4 2 2 15 972 1764 996 887
8345 4 2 2 15 996 1764 972 1752
8346 4 2 2 15 1043 1697 1712 1677
8347 4 2 2 15 1129 1707 1111 1675
8348 4 2 2 15 1721 869 1695 871
8349 4 2 2 15 1721 869 871 1202
8350 4 2 2 15 845 1683 825 844
8351 4 2 2 15 845 825 1683 893
8352 4 2 2 15 1130 1673 1105 1141
8353 4 2 2 15 1105 1673 1130 1675
8354 4 2 2 15 1733 890 823 887
8355 4 2 2 15 945 958 1676 929
8356 4 2 2 15 945 1676 958 974
8357 4 2 2 15 888 895 1674 889
8358 4 2 2 15 888 1674 895 896
8359 4 2 2 15 1681 807 1676 816
8360 4 2 2 15 1039 1673 1096 998
8361 4 2 2 15 813 1701 809 820
8362 4 2 2 15 813 809 1701 806
8363 4 2 2 15 996 1764 1736 887
8364 4 2 2 15 1676 1701 809 806
8365 4 2 2 15 961 977 1676 963
8366 4 2 2 15 961 1676 977 957
8367 4 2 2 15 933 1676 977 963
8368 4 2 2 15 933 977 1676 957
8369 4 2 2 15 1733 833 1746 941
8370 4 2 2 15 1129 1707 1113 1112
8371 4 2 2 15 907 885 1674 886
8372 4 2 2 15 1096 1673 1039 1675
8373 4 2 2 15 1096 1673 1041 998
8374 4 2 2 15 1041 1673 1096 1675
8375 4 2 2 15 1113 1047 1675 1129
8376 4 2 2 15 1675 1047 1113 1128
8377 4 2 2 15 1137 1697 1139 1101
8378 4 2 2 15 1117 1697 1673 1715
8379 4 2 2 15 1113 1707 1129 1675
8380 4 2 2 15 919 907 1674 906
8381 4 2 2 15 1674 907 919 885
8382 4 2 2 15 941 822 1681 1746
8383 4 2 2 15 971 972 1690 985
8384 4 2 2 15 1715 1116 1675 1117
8385 4 2 2 15 1130 1675 1116 1115
8386 4 2 2 15 932 963 1674 933
8387 4 2 2 15 896 923 1674 915
8388 4 2 2 15 896 1674 923 888
8389 4 2 2 15 950 966 1677 979
8390 4 2 2 15 950 1677 966 935
8391 4 2 2 15 925 970 1029 969
8392 4 2 2 15 1747 1714 1021 1728
8393 4 2 2 15 1043 1121 1673 1125
8394 4 2 2 15 1043 1673 1121 1143
8395 4 2 2 15 1104 1103 1677 1030
8396 4 2 2 15 1104 1677 1103 1136
8397 4 2 2 15 1676 1681 806 807
8398 4 2 2 15 1741 1730 890 956
8399 4 2 2 15 1736 1764 996 1752
8400 4 2 2 15 1100 1765 1101 1026
8401 4 2 2 15 1734 1744 1678 1029
8402 4 2 2 15 890 941 1003 1691
8403 4 2 2 15 806 1681 1676 1701
8404 4 2 2 15 890 1003 941 951
8405 4 2 2 15 992 1744 964 1006
8406 4 2 2 15 1697 1673 1677 1043
8407 4 2 2 15 806 1681 815 807
8408 4 2 2 15 833 1681 1676 816
8409 4 2 2 15 1705 1681 988 941
8410 4 2 2 15 1681 1746 822 823
8411 4 2 2 15 833 1681 816 823
8412 4 2 2 15 1681 1746 823 833
8413 4 2 2 15 815 1681 806 1701
8414 4 2 2 15 1712 1139 1697 1101
8415 4 2 2 15 1101 1765 1100 1712
8416 4 2 2 15 1730 1680 987 1001
8417 4 2 2 15 849 895 1706 850
8418 4 2 2 15 1706 895 849 894
8419 4 2 2 15 991 987 1680 1001
8420 4 2 2 15 887 1680 1001 996
8421 4 2 2 15 815 1681 822 807
8422 4 2 2 15 996 991 1680 1001
8423 4 2 2 15 964 830 1736 891
8424 4 2 2 15 1101 1765 1758 1026
8425 4 2 2 15 1735 1710 1675 1692
8426 4 2 2 15 1735 1710 1692 1038
8427 4 2 2 15 897 855 1706 854
8428 4 2 2 15 890 822 941 1746
8429 4 2 2 15 1733 890 942 1691
8430 4 2 2 15 932 961 1674 963
8431 4 2 2 15 932 1674 961 962
8432 4 2 2 15 956 1000 1730 1757
8433 4 2 2 15 822 1681 815 1701
8434 4 2 2 15 1686 855 897 856
8435 4 2 2 15 1712 1139 1101 1135
8436 4 2 2 15 1201 853 1706 855
8437 4 2 2 15 972 1680 1040 1000
8438 4 2 2 15 966 1693 980 936
8439 4 2 2 15 1117 1715 1131 1697
8440 4 2 2 15 966 1693 936 1677
8441 4 2 2 15 1686 855 856 1201
8442 4 2 2 15 1121 1718 1118 1132
8443 4 2 2 15 936 1737 953 952
8444 4 2 2 15 887 1759 1764 830
8445 4 2 2 15 1131 1697 1101 1117
8446 4 2 2 15 1702 1207 1745 1675
8447 4 2 2 15 1045 1102 1724 1127
8448 4 2 2 15 1101 1697 1131 1137
8449 4 2 2 15 995 980 1760 1673
8450 4 2 2 15 1130 1105 1675 1142
8451 4 2 2 15 1675 1113 1105 1128
8452 4 2 2 15 1758 1765 1101 1712
8453 4 2 2 15 953 1737 936 1677
8454 4 2 2 15 1089 1207 1689 1745
8455 4 2 2 15 1745 1718 1207 1689
8456 4 2 2 15 1673 979 994 1008
8457 4 2 2 15 994 979 1673 966
8458 4 2 2 15 1745 1120 1121 1718
8459 4 2 2 15 1090 1745 1207 1089
8460 4 2 2 15 1124 1125 1673 1138
8461 4 2 2 15 1124 1675 1673 1041
8462 4 2 2 15 1138 1675 1121 1673
8463 4 2 2 15 1098 1673 1124 1125
8464 4 2 2 15 1098 1124 1673 1041
8465 4 2 2 15 1025 1758 1026 1747
8466 4 2 2 15 1126 1758 1729 1044
8467 4 2 2 15 1712 1139 1677 1697
8468 4 2 2 15 1712 1697 1100 1101
8469 4 2 2 15 1743 921 1684 909
8470 4 2 2 15 1684 951 890 822
8471 4 2 2 15 925 1736 1744 1021
8472 4 2 2 15 1730 1001 987 968
8473 4 2 2 15 1682 1765 1758 1712
8474 4 2 2 15 1043 1712 1697 1100
8475 4 2 2 15 1724 1097 1750 1045
8476 4 2 2 15 981 1725 951 996
8477 4 2 2 15 1744 1029 925 1021
8478 4 2 2 15 996 981 1738 1736
8479 4 2 2 15 1743 1738 981 887
8480 4 2 2 15 994 1735 1019 1009
8481 4 2 2 15 981 1725 968 951
8482 4 2 2 15 902 1695 901 869
8483 4 2 2 15 1117 1673 1697 1043
8484 4 2 2 15 1137 1673 1130 1141
8485 4 2 2 15 1011 1029 1744 1021
8486 4 2 2 15 1117 1673 1043 1132
8487 4 2 2 15 1019 1735 994 1675
8488 4 2 2 15 1117 1673 1132 1675
8489 4 2 2 15 944 928 1676 958
8490 4 2 2 15 1728 1021 1097 1724
8491 4 2 2 15 1011 1744 1736 1021
8492 4 2 2 15 1019 1735 1694 1009
8493 4 2 2 15 1694 1735 1019 1675
8494 4 2 2 15 1734 1744 1029 925
8495 4 2 2 15 1728 1714 971 955
8496 4 2 2 15 1724 987 1680 1015
8497 4 2 2 15 901 1695 902 1674
8498 4 2 2 15 901 1695 868 869
8499 4 2 2 15 868 1695 1721 869
8500 4 2 2 15 1684 887 1743 830
8501 4 2 2 15 1709 935 1762 936
8502 4 2 2 15 1694 1735 1692 1009
8503 4 2 2 15 1126 1758 1044 1101
8504 4 2 2 15 1690 1000 1724 986
8505 4 2 2 15 1025 1758 1682 1765
8506 4 2 2 15 1126 1758 1101 1712
8507 4 2 2 15 1122 1702 1133 1123
8508 4 2 2 15 1692 1735 1694 1675
8509 4 2 2 15 1690 972 1763 985
8510 4 2 2 15 1690 1000 1763 972
8511 4 2 2 15 1003 1725 951 1741
8512 4 2 2 15 1210 1694 1707 1675
8513 4 2 2 15 986 972 985 1763
8514 4 2 2 15 1122 1675 1133 1702
8515 4 2 2 15 935 1678 1737 1709
8516 4 2 2 15 950 935 1762 1678
8517 4 2 2 15 1133 1702 1134 1123
8518 4 2 2 15 1706 1686 1204 1201
8519 4 2 2 15 1204 1686 1706 1674
8520 4 2 2 15 1204 1686 1203 1201
8521 4 2 2 15 1105 1675 1047 1673
8522 4 2 2 15 1105 1047 1675 1128
8523 4 2 2 15 1203 1686 1204 1674
8524 4 2 2 15 1057 1110 1020 1740
8525 4 2 2 15 1134 1702 1133 1675
8526 4 2 2 15 1203 1686 1711 1201
8527 4 2 2 15 1711 1686 1203 1674
8528 4 2 2 15 925 1747 1021 1029
8529 4 2 2 15 1747 1714 1728 955
8530 4 2 2 15 1695 1686 1719 1201
8531 4 2 2 15 1695 1686 1201 1711
8532 4 2 2 15 956 1730 1000 973
8533 4 2 2 15 1750 1728 1724 986
8534 4 2 2 15 998 1693 997 982
8535 4 2 2 15 1707 1694 1210 1708
8536 4 2 2 15 1743 921 909 934
8537 4 2 2 15 1043 1712 1682 1677
8538 4 2 2 15 1721 905 876 904
8539 4 2 2 15 1711 879 905 880
8540 4 2 2 15 1707 1694 1111 1675
8541 4 2 2 15 1684 1743 909 830
8542 4 2 2 15 1674 937 915 923
8543 4 2 2 15 1749 922 909 830
8544 4 2 2 15 1674 937 923 1676
8545 4 2 2 15 928 1676 1674 944
8546 4 2 2 15 1677 970 998 954
8547 4 2 2 15 1022 999 1677 1023
8548 4 2 2 15 1022 1677 999 998
8549 4 2 2 15 1029 1678 1030 1006
8550 4 2 2 15 1735 1009 994 1760
8551 4 2 2 15 1016 1678 1006 1030
8552 4 2 2 15 1747 1758 1026 1044
8553 4 2 2 15 1747 1682 1729 1677
8554 4 2 2 15 1111 1694 1707 1708
8555 4 2 2 15 1743 921 934 938
8556 4 2 2 15 1111 1694 1050 1675
8557 4 2 2 15 830 1717 1743 909
8558 4 2 2 15 1679 1094 1213 1093
8559 4 2 2 15 1720 1679 1094 1213
8560 4 2 2 15 1124 1213 1093 1679
8561 4 2 2 15 1679 1740 1720 1209
8562 4 2 2 15 1050 1694 1111 1708
8563 4 2 2 15 1680 1015 991 1028
8564 4 2 2 15 984 1682 1747 1677
8565 4 2 2 15 987 1680 1015 991
8566 4 2 2 15 1021 1747 1728 1097
8567 4 2 2 15 807 822 823 1681
8568 4 2 2 15 997 1693 954 982
8569 4 2 2 15 998 1693 954 997
8570 4 2 2 15 1208 1707 1210 1069
8571 4 2 2 15 1728 1690 985 971
8572 4 2 2 15 1711 907 880 906
8573 4 2 2 15 1711 906 1674 907
8574 4 2 2 15 984 985 971 1716
8575 4 2 2 15 1012 1024 1042 1682
8576 4 2 2 15 1012 1043 1682 1042
8577 4 2 2 15 1043 1682 1042 1742
8578 4 2 2 15 971 1728 1716 985
8579 4 2 2 15 1687 1210 1208 1707
8580 4 2 2 15 984 1742 1682 1677
8581 4 2 2 15 1693 953 982 936
8582 4 2 2 15 1210 1707 1708 1069
8583 4 2 2 15 1717 965 934 964
8584 4 2 2 15 1682 1043 1677 1742
8585 4 2 2 15 898 1686 915 897
8586 4 2 2 15 1677 999 998 970
8587 4 2 2 15 1683 847 893 894
8588 4 2 2 15 844 1704 843 1204
8589 4 2 2 15 1706 825 1674 895
8590 4 2 2 15 844 1704 1204 1683
8591 4 2 2 15 1204 1704 843 1203
8592 4 2 2 15 1706 825 895 894
8593 4 2 2 15 845 1204 1683 844
8594 4 2 2 15 1683 847 894 1732
8595 4 2 2 15 915 1686 898 1674
8596 4 2 2 15 1708 1707 1112 1069
8597 4 2 2 15 1759 1764 912 887
8598 4 2 2 15 891 1759 964 830
8599 4 2 2 15 1758 1729 1712 1126
8600 4 2 2 15 950 922 1749 1762
8601 4 2 2 15 1203 835 1685 1205
8602 4 2 2 15 835 827 1685 811
8603 4 2 2 15 1203 827 1685 835
8604 4 2 2 15 856 857 1686 1201
8605 4 2 2 15 858 1686 857 1201
8606 4 2 2 15 858 859 1686 1201
8607 4 2 2 15 1122 1745 1123 1090
8608 4 2 2 15 1020 1735 1675 995
8609 4 2 2 15 1686 855 1201 1706
8610 4 2 2 15 915 1686 896 897
8611 4 2 2 15 1687 1211 1076 1208
8612 4 2 2 15 1076 1077 1211 1687
8613 4 2 2 15 1078 1211 1077 1687
8614 4 2 2 15 1081 1687 1208 1211
8615 4 2 2 15 1687 1116 1675 1115
8616 4 2 2 15 1687 1116 1115 1078
8617 4 2 2 15 805 816 824 1696
8618 4 2 2 15 1123 1745 1122 1702
8619 4 2 2 15 1003 1688 1027 1015
8620 4 2 2 15 1684 887 830 813
8621 4 2 2 15 1119 1718 1118 1121
8622 4 2 2 15 1689 1085 1207 1086
8623 4 2 2 15 1089 1207 1087 1689
8624 4 2 2 15 1689 1085 1086 1212
8625 4 2 2 15 1087 1207 1086 1689
8626 4 2 2 15 1121 1089 1745 1122
8627 4 2 2 15 1121 1119 1718 1120
8628 4 2 2 15 1123 1745 1091 1090
8629 4 2 2 15 1690 1000 972 1040
8630 4 2 2 15 1020 1735 995 1010
8631 4 2 2 15 1013 1688 1027 1741
8632 4 2 2 15 926 1691 942 1003
8633 4 2 2 15 1748 926 942 955
8634 4 2 2 15 1748 941 955 925
8635 4 2 2 15 896 1686 915 1674
8636 4 2 2 15 896 1686 1706 897
8637 4 2 2 15 1706 1686 896 1674
8638 4 2 2 15 1003 890 1691 942
8639 4 2 2 15 1745 1092 1123 1091
8640 4 2 2 15 1057 1206 1692 1058
8641 4 2 2 15 1692 1058 1206 1059
8642 4 2 2 15 1061 1036 1206 1692
8643 4 2 2 15 1060 1061 1206 1692
8644 4 2 2 15 1206 1060 1692 1059
8645 4 2 2 15 1091 1745 1207 1090
8646 4 2 2 15 1692 1037 1009 1036
8647 4 2 2 15 1701 1713 809 820
8648 4 2 2 15 995 1693 998 982
8649 4 2 2 15 869 1721 868 1202
8650 4 2 2 15 868 1721 1201 1202
8651 4 2 2 15 995 936 1693 982
8652 4 2 2 15 1693 953 936 1677
8653 4 2 2 15 1064 1694 1210 1063
8654 4 2 2 15 1694 1062 1210 1052
8655 4 2 2 15 1202 1201 1711 1721
8656 4 2 2 15 809 1713 1701 1676
8657 4 2 2 15 1210 1694 1051 1063
8658 4 2 2 15 1694 1210 1034 1035
8659 4 2 2 15 1694 1210 1051 1034
8660 4 2 2 15 1745 1092 1091 1207
8661 4 2 2 15 903 1695 902 870
8662 4 2 2 15 903 1695 870 871
8663 4 2 2 15 1695 904 903 902
8664 4 2 2 15 1695 874 903 904
8665 4 2 2 15 809 1713 814 820
8666 4 2 2 15 1002 1027 1741 1013
8667 4 2 2 15 1093 1679 1123 1124
8668 4 2 2 15 928 915 1674 937
8669 4 2 2 15 1674 1676 928 937
8670 4 2 2 15 1688 976 1741 1013
8671 4 2 2 15 1202 1711 1201 1203
8672 4 2 2 15 1123 1679 1093 1702
8673 4 2 2 15 814 1713 809 1676
8674 4 2 2 15 1676 819 908 1696
8675 4 2 2 15 919 1696 834 1676
8676 4 2 2 15 946 1700 1002 990
8677 4 2 2 15 1696 807 810 816
8678 4 2 2 15 805 816 1696 810
8679 4 2 2 15 1002 1700 946 1676
8680 4 2 2 15 813 1701 815 806
8681 4 2 2 15 1202 874 1721 875
8682 4 2 2 15 1721 876 1202 875
8683 4 2 2 15 1002 1681 1676 833
8684 4 2 2 15 1002 1681 833 941
8685 4 2 2 15 994 1760 980 1673
8686 4 2 2 15 980 1009 1760 994
8687 4 2 2 15 1760 995 1735 1010
8688 4 2 2 15 1679 1740 1209 1675
8689 4 2 2 15 1209 1720 1055 1740
8690 4 2 2 15 990 976 1700 1723
8691 4 2 2 15 1123 1679 1134 1124
8692 4 2 2 15 1700 941 1002 990
8693 4 2 2 15 1700 976 990 946
8694 4 2 2 15 1134 1679 1123 1702
8695 4 2 2 15 1134 1679 1675 1124
8696 4 2 2 15 970 1747 983 955
8697 4 2 2 15 964 1699 1759 891
8698 4 2 2 15 814 1713 831 820
8699 4 2 2 15 1675 1679 1134 1702
8700 4 2 2 15 912 1709 936 924
8701 4 2 2 15 912 1709 1749 1726
8702 4 2 2 15 1738 1001 968 1725
8703 4 2 2 15 831 1713 814 1676
8704 4 2 2 15 1677 1729 1029 1103
8705 4 2 2 15 912 1749 910 1726
8706 4 2 2 15 965 981 1743 978
8707 4 2 2 15 1089 1087 1088 1689
8708 4 2 2 15 845 893 1683 846
8709 4 2 2 15 902 930 1674 947
8710 4 2 2 15 1113 1130 1675 1142
8711 4 2 2 15 1677 1729 1747 1029
8712 4 2 2 15 1759 1749 1699 949
8713 4 2 2 15 1734 1678 1677 1029
8714 4 2 2 15 1056 1209 1055 1740
8715 4 2 2 15 1208 1707 1070 1071
8716 4 2 2 15 1684 887 813 822
8717 4 2 2 15 1730 1725 1741 968
8718 4 2 2 15 816 1696 834 824
8719 4 2 2 15 1696 819 824 805
8720 4 2 2 15 1696 819 834 824
8721 4 2 2 15 964 1749 1759 949
8722 4 2 2 15 1728 1703 1747 1716
8723 4 2 2 15 1682 1703 1025 1012
8724 4 2 2 15 1730 1741 973 956
8725 4 2 2 15 955 1728 1747 1716
8726 4 2 2 15 1057 1209 1056 1740
8727 4 2 2 15 1707 1069 1070 1112
8728 4 2 2 15 1753 1724 1015 987
8729 4 2 2 15 1070 1707 1112 1071
8730 4 2 2 15 1707 1069 1208 1070
8731 4 2 2 15 1731 1711 1203 1674
8732 4 2 2 15 1704 1205 843 1203
8733 4 2 2 15 1731 1704 1203 1685
8734 4 2 2 15 1112 1707 1113 1071
8735 4 2 2 15 1204 1704 1203 1674
8736 4 2 2 15 1731 1704 1685 811
8737 4 2 2 15 1705 1681 941 822
8738 4 2 2 15 1723 1725 976 991
8739 4 2 2 15 1723 1725 991 988
8740 4 2 2 15 1725 988 1705 975
8741 4 2 2 15 988 1003 941 990
8742 4 2 2 15 1754 1749 964 949
8743 4 2 2 15 1705 1681 822 975
8744 4 2 2 15 853 1204 1706 852
8745 4 2 2 15 1706 895 1674 896
8746 4 2 2 15 1706 895 896 852
8747 4 2 2 15 1204 1706 1201 853
8748 4 2 2 15 973 1741 1730 1013
8749 4 2 2 15 887 823 1733 1764
8750 4 2 2 15 912 823 887 1764
8751 4 2 2 15 906 1711 932 904
8752 4 2 2 15 1761 1741 1002 927
8753 4 2 2 15 932 1711 906 1674
8754 4 2 2 15 887 1748 1764 1733
8755 4 2 2 15 1753 1724 987 986
8756 4 2 2 15 932 1711 931 904
8757 4 2 2 15 1761 1741 927 973
8758 4 2 2 15 1075 1687 1076 1208
8759 4 2 2 15 1075 1687 1208 1707
8760 4 2 2 15 1073 1707 1074 1208
8761 4 2 2 15 1074 1707 1075 1208
8762 4 2 2 15 1687 1210 1707 1675
8763 4 2 2 15 839 1739 884 838
8764 4 2 2 15 1739 882 907 883
8765 4 2 2 15 1731 907 886 884
8766 4 2 2 15 1066 1708 1111 1755
8767 4 2 2 15 1108 1694 1064 1019
8768 4 2 2 15 1108 1694 1019 1050
8769 4 2 2 15 935 1709 1737 936
8770 4 2 2 15 950 922 1762 935
8771 4 2 2 15 1709 913 939 924
8772 4 2 2 15 1709 939 936 924
8773 4 2 2 15 1749 922 830 910
8774 4 2 2 15 1753 1724 986 1750
8775 4 2 2 15 1709 1678 952 939
8776 4 2 2 15 1057 1692 1710 1058
8777 4 2 2 15 1020 1058 1057 1710
8778 4 2 2 15 931 1711 902 904
8779 4 2 2 15 932 1711 902 931
8780 4 2 2 15 836 838 1739 1203
8781 4 2 2 15 839 1739 838 1203
8782 4 2 2 15 995 1673 998 1693
8783 4 2 2 15 1210 1206 1062 1692
8784 4 2 2 15 1037 1062 1206 1692
8785 4 2 2 15 902 1711 1695 904
8786 4 2 2 15 1692 1037 1036 1206
8787 4 2 2 15 836 1739 837 1203
8788 4 2 2 15 1739 883 837 1203
8789 4 2 2 15 1711 1202 882 1203
8790 4 2 2 15 1711 1202 881 882
8791 4 2 2 15 986 1753 1025 987
8792 4 2 2 15 1202 880 1711 881
8793 4 2 2 15 1102 1097 1724 1127
8794 4 2 2 15 1711 904 906 905
8795 4 2 2 15 1081 1080 1687 1211
8796 4 2 2 15 1079 1078 1687 1211
8797 4 2 2 15 1080 1079 1687 1211
8798 4 2 2 15 1025 1753 986 1750
8799 4 2 2 15 841 843 842 1727
8800 4 2 2 15 1695 1711 902 1674
8801 4 2 2 15 1210 1692 1207 1206
8802 4 2 2 15 1016 1678 1030 1677
8803 4 2 2 15 1025 1753 1026 987
8804 4 2 2 15 949 1754 1749 909
8805 4 2 2 15 1026 1753 1025 1750
8806 4 2 2 15 1207 1692 1210 1675
8807 4 2 2 15 887 1001 1738 996
8808 4 2 2 15 1709 913 1736 1744
8809 4 2 2 15 1135 1712 1126 1101
8810 4 2 2 15 925 1734 913 940
8811 4 2 2 15 951 1713 911 967
8812 4 2 2 15 964 1709 1744 992
8813 4 2 2 15 967 1713 911 1676
8814 4 2 2 15 831 1713 921 1684
8815 4 2 2 15 1676 831 1713 911
8816 4 2 2 15 964 1709 992 950
8817 4 2 2 15 935 1678 950 1677
8818 4 2 2 15 1207 1692 1209 1206
8819 4 2 2 15 1130 1116 1675 1715
8820 4 2 2 15 935 1678 1677 1737
8821 4 2 2 15 949 1709 964 950
8822 4 2 2 15 1676 804 807 806
8823 4 2 2 15 803 1676 806 804
8824 4 2 2 15 1209 1692 1207 1675
8825 4 2 2 15 1734 1744 925 913
8826 4 2 2 15 1699 1709 912 924
8827 4 2 2 15 1747 1714 955 925
8828 4 2 2 15 1748 971 1714 955
8829 4 2 2 15 1748 971 955 942
8830 4 2 2 15 1749 1709 949 950
8831 4 2 2 15 1703 984 1716 1012
8832 4 2 2 15 1716 1728 1012 985
8833 4 2 2 15 984 985 1716 1012
8834 4 2 2 15 1728 1703 1716 1012
8835 4 2 2 15 1208 1073 1707 1072
8836 4 2 2 15 1707 1071 1208 1072
8837 4 2 2 15 835 1704 811 1685
8838 4 2 2 15 835 1704 1727 892
8839 4 2 2 15 1704 1727 892 843
8840 4 2 2 15 1708 1066 1050 1065
8841 4 2 2 15 949 934 964 1717
8842 4 2 2 15 1708 1066 1065 1722
8843 4 2 2 15 913 1734 953 940
8844 4 2 2 15 1209 1692 1057 1206
8845 4 2 2 15 951 1713 938 911
8846 4 2 2 15 938 1713 951 1684
8847 4 2 2 15 1735 1009 1760 1010
8848 4 2 2 15 938 1713 921 911
8849 4 2 2 15 938 1713 1684 921
8850 4 2 2 15 1736 887 1764 830
8851 4 2 2 15 1011 1736 996 1021
8852 4 2 2 15 1701 822 813 815
8853 4 2 2 15 1677 1747 984 983
8854 4 2 2 15 1734 1744 913 1678
8855 4 2 2 15 1733 926 1691 942
8856 4 2 2 15 822 1701 1684 951
8857 4 2 2 15 1706 1204 851 852
8858 4 2 2 15 813 1684 822 1701
8859 4 2 2 15 850 1706 1204 851
8860 4 2 2 15 849 1706 1204 850
8861 4 2 2 15 1732 1706 849 894
8862 4 2 2 15 986 972 1763 1000
8863 4 2 2 15 1744 1709 913 1678
8864 4 2 2 15 1084 1082 1718 1207
8865 4 2 2 15 1085 1718 1084 1119
8866 4 2 2 15 1081 1718 1207 1675
8867 4 2 2 15 1675 1718 1121 1132
8868 4 2 2 15 991 1724 1028 1045
8869 4 2 2 15 1745 1718 1121 1675
8870 4 2 2 15 1028 1724 991 1680
8871 4 2 2 15 1201 1719 866 865
8872 4 2 2 15 1201 1719 865 864
8873 4 2 2 15 861 1719 1201 862
8874 4 2 2 15 1719 1201 863 864
8875 4 2 2 15 1201 1719 863 862
8876 4 2 2 15 1686 900 899 1674
8877 4 2 2 15 1028 1724 1015 1045
8878 4 2 2 15 1686 900 1674 1719
8879 4 2 2 15 813 1684 1701 820
8880 4 2 2 15 1701 822 975 951
8881 4 2 2 15 1735 1692 1036 1038
8882 4 2 2 15 1709 1736 913 924
8883 4 2 2 15 1720 1094 1209 1095
8884 4 2 2 15 1015 1724 1028 1680
8885 4 2 2 15 1720 1054 1095 1209
8886 4 2 2 15 1720 1053 1054 1209
8887 4 2 2 15 1720 1055 1053 1209
8888 4 2 2 15 1679 1740 1675 1124
8889 4 2 2 15 1045 1753 1724 1015
8890 4 2 2 15 1720 1679 1209 1094
8891 4 2 2 15 1732 1204 894 1683
8892 4 2 2 15 1694 1062 1052 1009
8893 4 2 2 15 1694 1052 1210 1035
8894 4 2 2 15 894 1204 1732 1706
8895 4 2 2 15 1694 1052 1035 1009
8896 4 2 2 15 1210 1692 1694 1675
8897 4 2 2 15 1710 1735 1675 1020
8898 4 2 2 15 1029 925 969 1734
8899 4 2 2 15 1739 907 884 883
8900 4 2 2 15 1731 1711 1674 907
8901 4 2 2 15 1739 882 883 1203
8902 4 2 2 15 1739 882 1203 1711
8903 4 2 2 15 984 1747 955 983
8904 4 2 2 15 894 1204 825 1683
8905 4 2 2 15 1703 1747 955 984
8906 4 2 2 15 1677 969 954 1734
8907 4 2 2 15 954 925 1734 969
8908 4 2 2 15 825 1204 894 1706
8909 4 2 2 15 969 1029 1734 1677
8910 4 2 2 15 873 871 1202 1721
8911 4 2 2 15 1204 1704 1674 825
8912 4 2 2 15 1202 873 1721 874
8913 4 2 2 15 1674 1204 825 1706
8914 4 2 2 15 1736 924 891 913
8915 4 2 2 15 965 1743 1717 934
8916 4 2 2 15 1755 1068 1112 1111
8917 4 2 2 15 1111 1066 1755 1067
8918 4 2 2 15 1733 890 941 1746
8919 4 2 2 15 1708 1066 1722 1755
8920 4 2 2 15 960 991 988 1723
8921 4 2 2 15 988 1003 990 1723
8922 4 2 2 15 1700 1723 960 988
8923 4 2 2 15 990 1723 1700 988
8924 4 2 2 15 1723 1725 988 1705
8925 4 2 2 15 988 1003 1723 1705
8926 4 2 2 15 831 921 1713 911
8927 4 2 2 15 1000 956 973 986
8928 4 2 2 15 1757 1738 887 1001
8929 4 2 2 15 831 909 1684 921
8930 4 2 2 15 1730 1738 1757 1001
8931 4 2 2 15 1722 1065 1064 1066
8932 4 2 2 15 1025 1100 1026 1765
8933 4 2 2 15 968 1738 1730 1001
8934 4 2 2 15 1743 938 934 965
8935 4 2 2 15 1758 1026 1044 1101
8936 4 2 2 15 1064 1065 1722 1708
8937 4 2 2 15 1742 1024 1682 1042
8938 4 2 2 15 1025 1758 1765 1026
8939 4 2 2 15 1742 1023 1042 1043
8940 4 2 2 15 1045 991 1724 1102
8941 4 2 2 15 887 890 1684 1743
8942 4 2 2 15 1733 926 942 1748
8943 4 2 2 15 1690 1728 1714 971
8944 4 2 2 15 887 1684 890 822
8945 4 2 2 15 1025 1765 1682 1099
8946 4 2 2 15 1725 988 975 1001
8947 4 2 2 15 1725 988 1001 991
8948 4 2 2 15 996 1725 975 1001
8949 4 2 2 15 1001 1725 987 968
8950 4 2 2 15 981 1738 1725 996
8951 4 2 2 15 981 1738 968 1725
8952 4 2 2 15 1728 1750 1751 1025
8953 4 2 2 15 1726 922 910 936
8954 4 2 2 15 1726 1709 922 936
8955 4 2 2 15 1082 1118 1083 1718
8956 4 2 2 15 866 901 1719 867
8957 4 2 2 15 1069 1755 1708 1722
8958 4 2 2 15 925 833 1733 941
8959 4 2 2 15 843 841 1205 1727
8960 4 2 2 15 1727 1205 840 841
8961 4 2 2 15 1205 1727 840 835
8962 4 2 2 15 835 1704 1205 1727
8963 4 2 2 15 1704 1205 1727 843
8964 4 2 2 15 1728 1025 1012 986
8965 4 2 2 15 1097 1750 1045 1044
8966 4 2 2 15 1728 1703 1012 1025
8967 4 2 2 15 1750 1728 986 1025
8968 4 2 2 15 1025 1747 1026 1751
8969 4 2 2 15 1765 1043 1099 1100
8970 4 2 2 15 1103 1729 1097 1126
8971 4 2 2 15 1044 1097 1729 1126
8972 4 2 2 15 1097 1750 1044 1751
8973 4 2 2 15 1025 1100 1765 1099
8974 4 2 2 15 1747 1758 1044 1729
8975 4 2 2 15 1702 1092 1207 1093
8976 4 2 2 15 1695 1686 1711 1674
8977 4 2 2 15 1745 1092 1207 1702
8978 4 2 2 15 1207 1702 1209 1675
8979 4 2 2 15 1122 1675 1702 1745
8980 4 2 2 15 1090 1745 1089 1122
8981 4 2 2 15 964 1754 949 1717
8982 4 2 2 15 1702 1092 1093 1123
8983 4 2 2 15 987 973 1730 1013
8984 4 2 2 15 1730 1725 968 987
8985 4 2 2 15 1695 1686 1674 1719
8986 4 2 2 15 1695 1201 1719 868
8987 4 2 2 15 1757 890 956 942
8988 4 2 2 15 1738 1001 1725 996
8989 4 2 2 15 1733 833 823 1746
8990 4 2 2 15 1201 860 859 1686
8991 4 2 2 15 860 1201 861 1686
8992 4 2 2 15 1097 1045 1724 1127
8993 4 2 2 15 1102 1724 1097 991
8994 4 2 2 15 861 1719 1686 1201
8995 4 2 2 15 1765 1043 1682 1099
8996 4 2 2 15 1731 1704 811 1674
8997 4 2 2 15 904 1711 1695 1721
8998 4 2 2 15 1203 827 1731 1685
8999 4 2 2 15 839 1739 1203 1731
9000 4 2 2 15 827 1203 1731 828
9001 4 2 2 15 1203 828 839 1731
9002 4 2 2 15 1731 1704 1674 1203
9003 4 2 2 15 1731 907 884 1739
9004 4 2 2 15 1045 1753 1015 1044
9005 4 2 2 15 1755 1068 1111 1067
9006 4 2 2 15 1204 1706 849 1732
9007 4 2 2 15 1722 1069 1068 1210
9008 4 2 2 15 1683 847 1732 1204
9009 4 2 2 15 1755 1068 1067 1722
9010 4 2 2 15 1066 1111 1708 1050
9011 4 2 2 15 1711 904 905 1721
9012 4 2 2 15 1711 879 880 1202
9013 4 2 2 15 876 877 1721 1202
9014 4 2 2 15 878 1721 1202 879
9015 4 2 2 15 877 878 1721 1202
9016 4 2 2 15 995 1760 980 1010
9017 4 2 2 15 1711 879 1202 1721
9018 4 2 2 15 1736 1764 891 830
9019 4 2 2 15 847 1732 1204 848
9020 4 2 2 15 1732 1204 848 849
9021 4 2 2 15 1736 913 1752 925
9022 4 2 2 15 1733 913 833 925
9023 4 2 2 15 1733 913 925 1752
9024 4 2 2 15 909 1717 949 1754
9025 4 2 2 15 1752 1748 925 1733
9026 4 2 2 15 1045 1753 1044 1750
9027 4 2 2 15 1736 913 925 1744
9028 4 2 2 15 980 1009 1010 1760
9029 4 2 2 15 1750 1026 1753 1044
9030 4 2 2 15 1027 1753 1044 1015
9031 4 2 2 15 1027 1753 1013 1044
9032 4 2 2 15 1753 1026 1013 1044
9033 4 2 2 15 1027 1688 1756 1015
9034 4 2 2 15 1027 1756 1753 1015
9035 4 2 2 15 1027 1756 1013 1753
9036 4 2 2 15 1027 1756 1688 1013
9037 4 2 2 15 1752 1736 1764 891
9038 4 2 2 15 1761 927 957 973
9039 4 2 2 15 987 973 1761 957
9040 4 2 2 15 1761 973 987 1013
9041 4 2 2 15 1761 1741 973 1013
9042 4 2 2 15 1761 1741 1013 1002
9043 4 2 2 15 950 1762 1749 1709
9044 4 2 2 15 1709 950 1762 1678
9045 4 2 2 15 950 922 935 909
9046 4 2 2 15 950 922 909 1749
9047 4 2 2 15 1690 1763 986 985
9048 4 2 2 15 1690 1000 986 1763
9049 4 2 2 15 986 972 1000 956
9050 4 2 2 15 986 972 956 985
9051 4 2 2 15 1764 1759 891 830
9052 4 2 2 15 1759 891 912 1764
9053 4 2 2 15 1764 823 1733 891
9054 4 2 2 15 912 823 1764 891
9055 4 2 2 15 1752 1764 1733 891
9056 4 2 2 15 922 1709 1762 936
9057 4 2 2 15 935 1709 1762 1678
9058 4 2 2 15 1703 955 1747 1716
$EndElements
