$MeshFormat
2.2 0 8
$EndMeshFormat
$PhysicalNames
4
2 4 "top"
3 1 "cathode"
3 2 "cat_inside"
3 3 "block_0"
$EndPhysicalNames
$Nodes
3696
1 -1.1 -0.4000000000000001 -0.4662758589632175
2 1.100000000000001 -0.4000000000000001 0.2145155227393291
3 -1.1 0.4 0.2145155227393291
4 1.1 0.4 -0.4662758589632178
5 -0.2170000000000001 -1.1 0.3244258972393442
6 -0.217 1.100000000000001 -0.3244258972393445
7 0.5830000000000001 -1.1 -0.3244258972393443
8 0.5830000000000002 1.1 0.3244258972393445
9 -1.1 -1.1 -0.9
10 -1.1 -1.1 0.604
11 -1.1 1.1 -0.9
12 -1.1 1.1 0.604
13 1.1 -1.1 -0.9
14 1.1 -1.1 0.604
15 1.1 1.1 -0.9
16 1.1 1.1 0.604
17 -1.1 -1.1 0.834
18 -1.1 1.1 0.834
19 1.1 -1.1 0.834
20 1.1 1.1 0.834
21 -1.1 -0.528564161064503 -0.4218830261124
22 -1.1 -0.5786076440105283 -0.3014814577406772
23 -1.1 -0.4685259386570406 -0.2235560570649927
24 -1.1 -0.3314739913878941 -0.2235560856268768
25 -1.1 -0.2213923633695196 -0.3014814404192384
26 -1.1 -0.2714358350976423 -0.4218830128833661
27 -0.967923465225393 -0.4000000000000002 -0.4010312993745605
28 -0.8715562794891021 -0.4000000000000001 -0.2887446968820526
29 -0.7869523266580966 -0.4000000000000001 -0.1667907120541311
30 -0.7021063265258349 -0.4000000000000001 -0.04498507998245761
31 -0.6164324871134907 -0.4000000000000001 0.07623708219763493
32 -0.5240066774258011 -0.4 0.1923455543812878
33 -0.4083503018615023 -0.4000000000000001 0.2838000497964069
34 -0.2715576604594718 -0.4000000000000001 0.2772044206150814
35 -0.2013877544375425 -0.4 0.1465777063299066
36 -0.1324890997719038 -0.4000000000000003 0.01524589818186196
37 -0.04792488952705152 -0.4000000000000001 -0.1067591712846815
38 0.03941637207165227 -0.3999999999999999 -0.2267787740324659
39 0.1345022519992105 -0.4 -0.340715922410974
40 0.2475492547793382 -0.4000000000000001 -0.4358651054681498
41 0.3876951296435761 -0.4000000000000001 -0.4817070002240245
42 0.5333572242491061 -0.4000000000000002 -0.4634367399198632
43 0.6518975927392191 -0.4 -0.3757577447999993
44 0.74794409268532 -0.3999999999999998 -0.2626591523162417
45 0.8322456697695221 -0.3999999999999999 -0.140525152051908
46 0.9157482229005051 -0.4 -0.01780091175627242
47 1.002983032100096 -0.3999999999999999 0.1022958653947699
48 1.1 -0.5314748758410455 0.2518230740076645
49 1.1 -0.5719016561158179 0.3684840376398063
50 1.1 -0.4680900239566437 0.4550358754602449
51 1.1 -0.3319100341239233 0.4550358872794995
52 1.1 -0.2280983608357882 0.3684840884010255
53 1.1 -0.2685252400191092 0.251823302319071
54 -1.1 0.2685251241589565 0.2518230740076727
55 -1.1 0.2280983438841789 0.3684840376398072
56 -1.1 0.3319099760433556 0.4550358754602447
57 -1.1 0.4680899658760755 0.4550358872794998
58 -1.1 0.5719016391642112 0.3684840884010269
59 -1.1 0.53147475998089 0.2518233023190754
60 -1.002983032100093 0.4 0.1022958653947663
61 -0.9157482229005074 0.4 -0.01780091175626973
62 -0.8322456697695367 0.3999999999999999 -0.1405251520518849
63 -0.7479440926853353 0.3999999999999999 -0.2626591523162209
64 -0.6518975927392331 0.3999999999999999 -0.375757744799985
65 -0.53335722424912 0.4 -0.4634367399198576
66 -0.3876951296435894 0.4000000000000001 -0.4817070002240265
67 -0.2475492547793476 0.3999999999999999 -0.435865105468155
68 -0.1345022519992159 0.4 -0.34071592241098
69 -0.03941637207165566 0.4000000000000001 -0.2267787740324704
70 0.04792488952704893 0.4 -0.1067591712846854
71 0.1324890997719018 0.3999999999999999 0.0152458981818587
72 0.2013877544375421 0.3999999999999999 0.1465777063299063
73 0.2715576604594708 0.3999999999999999 0.2772044206150796
74 0.4083503018615043 0.4000000000000001 0.2838000497964061
75 0.5240066774258048 0.3999999999999998 0.1923455543812838
76 0.6164324871134955 0.3999999999999999 0.07623708219762779
77 0.70210632652584 0.3999999999999999 -0.04498507998246613
78 0.7869523266580976 0.4000000000000001 -0.1667907120541334
79 0.8715562794890978 0.4 -0.288744696882046
80 0.9679234652253887 0.3999999999999998 -0.4010312993745578
81 1.1 0.2714358389328017 -0.4218830261102161
82 1.1 0.2213923559921259 -0.301481457734266
83 1.1 0.33147406132957 -0.2235560570686292
84 1.1 0.4685260086020676 -0.2235560856241365
85 1.1 0.5786076366278239 -0.3014814404128273
86 1.1 0.5285641649050532 -0.4218830128811796
87 -0.2905842946002339 -1.1 0.4355079101953372
88 -0.4234687405011142 -1.1 0.4649771210739923
89 -0.545799139891659 -1.1 0.4059087683505048
90 -0.5660124846901113 -1.1 0.2817400423107699
91 -0.4455797408754326 -1.1 0.2184426067014158
92 -0.3091255724117051 -1.1 0.2308411491199786
93 -0.2170000000000003 -0.9856744221169336 0.2333687367580782
94 -0.217 -0.8905051194800169 0.1214196229426674
95 -0.217 -0.8024954534179989 0.003699679108414315
96 -0.2169999999999999 -0.7150185607936059 -0.1144209987270755
97 -0.2169999999999998 -0.620949426122362 -0.227260775037546
98 -0.2169999999999999 -0.5070732998384779 -0.3194269162962927
99 -0.217 -0.3659323483977056 -0.3456077600328867
100 -0.2169999999999999 -0.2354416487908548 -0.2810013147562377
101 -0.2170000000000001 -0.1337160967411299 -0.1752697904466871
102 -0.2170000000000001 -0.04362299676762027 -0.05914726548440182
103 -0.217 0.04362299676762199 0.05914726548440414
104 -0.2169999999999997 0.1337160967411317 0.1752697904466898
105 -0.217 0.2354416487908552 0.2810013147562381
106 -0.2170000000000001 0.3659323483977066 0.3456077600328868
107 -0.217 0.5070732998384802 0.3194269162962911
108 -0.2170000000000001 0.6209494261223625 0.227260775037546
109 -0.2170000000000001 0.715018560793609 0.114420998727072
110 -0.2169999999999999 0.8024954534180035 -0.003699679108420743
111 -0.2169999999999999 0.8905051194800212 -0.1214196229426734
112 -0.2169999999999998 0.9856744221169372 -0.2333687367580781
113 -0.3091256564325153 1.1 -0.23084116660611
114 -0.4455798154201964 1.1 -0.2184425854256404
115 -0.5660124955482948 1.1 -0.2817400492801189
116 -0.5457991228587643 1.1 -0.4059087870603674
117 -0.4234687278923213 1.1 -0.4649771553009349
118 -0.2905842634750343 1.1 -0.4355079505257297
119 0.4908743435674855 -1.1 -0.2308411666061116
120 0.3544201845799043 -1.1 -0.2184425854256188
121 0.2339875044514506 -1.1 -0.2817400492804097
122 0.2542008771414335 -1.1 -0.4059087870605804
123 0.3765312721078696 -1.1 -0.4649771553009565
124 0.5094157365250475 -1.1 -0.4355079505256789
125 0.5830000000000002 -0.9856744221169355 -0.2333687367580773
126 0.583 -0.8905051194800169 -0.1214196229426677
127 0.583 -0.8024954534179993 -0.003699679108414884
128 0.583 -0.7150185607936052 0.1144209987270752
129 0.5829999999999999 -0.6209494261223617 0.2272607750375464
130 0.5830000000000001 -0.5070732998384778 0.3194269162962924
131 0.583 -0.3659323483977059 0.3456077600328869
132 0.5830000000000002 -0.2354416487908542 0.2810013147562372
133 0.5829999999999999 -0.1337160967411295 0.1752697904466869
134 0.5830000000000001 -0.04362299676762005 0.05914726548440161
135 0.5829999999999999 0.04362299676762225 -0.05914726548440442
136 0.5830000000000001 0.1337160967411313 -0.1752697904466892
137 0.583 0.2354416487908551 -0.281001314756238
138 0.583 0.3659323483977034 -0.3456077600328862
139 0.5830000000000001 0.5070732998384798 -0.3194269162962914
140 0.583 0.6209494261223629 -0.2272607750375451
141 0.5829999999999999 0.7150185607936097 -0.1144209987270702
142 0.5830000000000002 0.8024954534180041 0.003699679108421806
143 0.5829999999999999 0.8905051194800222 0.1214196229426746
144 0.5830000000000001 0.9856744221169376 0.2333687367580823
145 0.5094157053975519 1.1 0.4355079101967234
146 0.3765312594936908 1.1 0.4649771210734156
147 0.2542008601029638 1.1 0.4059087683447964
148 0.2339875153167126 1.1 0.2817400423028483
149 0.3544202591263458 1.1 0.2184426067011037
150 0.4908744275924234 1.1 0.2308411491215587
151 -1.1 -1.1 -0.7632727272727272
152 -1.1 -1.1 -0.6265454545454543
153 -1.1 -1.1 -0.4898181818181815
154 -1.1 -1.1 -0.3530909090909087
155 -1.1 -1.1 -0.2163636363636358
156 -1.1 -1.1 -0.07963636363636262
157 -1.1 -1.1 0.05709090909091052
158 -1.1 -1.1 0.1938181818181833
159 -1.1 -1.1 0.3305454545454557
160 -1.1 -1.1 0.4672727272727278
161 -1.1 -0.9533333333333336 -0.9
162 -1.1 -0.8066666666666671 -0.9
163 -1.1 -0.6600000000000007 -0.9
164 -1.1 -0.5133333333333342 -0.9
165 -1.1 -0.366666666666668 -0.9
166 -1.1 -0.2200000000000019 -0.9
167 -1.1 -0.07333333333333569 -0.9
168 -1.1 0.07333333333333059 -0.9
169 -1.1 0.2199999999999978 -0.9
170 -1.1 0.3666666666666647 -0.9
171 -1.1 0.5133333333333319 -0.9
172 -1.1 0.6599999999999988 -0.9
173 -1.1 0.8066666666666658 -0.9
174 -1.1 0.9533333333333331 -0.9
175 -1.1 -0.9533333333333336 0.604
176 -1.1 -0.8066666666666671 0.604
177 -1.1 -0.6600000000000007 0.604
178 -1.1 -0.5133333333333342 0.604
179 -1.1 -0.366666666666668 0.604
180 -1.1 -0.2200000000000019 0.604
181 -1.1 -0.07333333333333569 0.604
182 -1.1 0.07333333333333059 0.604
183 -1.1 0.2199999999999978 0.604
184 -1.1 0.3666666666666647 0.604
185 -1.1 0.5133333333333319 0.604
186 -1.1 0.6599999999999988 0.604
187 -1.1 0.8066666666666658 0.604
188 -1.1 0.9533333333333331 0.604
189 -1.1 1.1 -0.7632727272727272
190 -1.1 1.1 -0.6265454545454543
191 -1.1 1.1 -0.4898181818181815
192 -1.1 1.1 -0.3530909090909087
193 -1.1 1.1 -0.2163636363636358
194 -1.1 1.1 -0.07963636363636262
195 -1.1 1.1 0.05709090909091052
196 -1.1 1.1 0.1938181818181833
197 -1.1 1.1 0.3305454545454557
198 -1.1 1.1 0.4672727272727278
199 -0.9533333333333336 -1.1 -0.9
200 -0.8066666666666671 -1.1 -0.9
201 -0.6600000000000007 -1.1 -0.9
202 -0.5133333333333342 -1.1 -0.9
203 -0.366666666666668 -1.1 -0.9
204 -0.2200000000000019 -1.1 -0.9
205 -0.07333333333333569 -1.1 -0.9
206 0.07333333333333059 -1.1 -0.9
207 0.2199999999999978 -1.1 -0.9
208 0.3666666666666647 -1.1 -0.9
209 0.5133333333333319 -1.1 -0.9
210 0.6599999999999988 -1.1 -0.9
211 0.8066666666666658 -1.1 -0.9
212 0.9533333333333331 -1.1 -0.9
213 1.1 -1.1 -0.7632727272727272
214 1.1 -1.1 -0.6265454545454543
215 1.1 -1.1 -0.4898181818181815
216 1.1 -1.1 -0.3530909090909087
217 1.1 -1.1 -0.2163636363636358
218 1.1 -1.1 -0.07963636363636262
219 1.1 -1.1 0.05709090909091052
220 1.1 -1.1 0.1938181818181833
221 1.1 -1.1 0.3305454545454557
222 1.1 -1.1 0.4672727272727278
223 -0.9533333333333336 -1.1 0.604
224 -0.8066666666666671 -1.1 0.604
225 -0.6600000000000007 -1.1 0.604
226 -0.5133333333333342 -1.1 0.604
227 -0.366666666666668 -1.1 0.604
228 -0.2200000000000019 -1.1 0.604
229 -0.07333333333333569 -1.1 0.604
230 0.07333333333333059 -1.1 0.604
231 0.2199999999999978 -1.1 0.604
232 0.3666666666666647 -1.1 0.604
233 0.5133333333333319 -1.1 0.604
234 0.6599999999999988 -1.1 0.604
235 0.8066666666666658 -1.1 0.604
236 0.9533333333333331 -1.1 0.604
237 -0.9533333333333336 1.1 -0.9
238 -0.8066666666666671 1.1 -0.9
239 -0.6600000000000007 1.1 -0.9
240 -0.5133333333333342 1.1 -0.9
241 -0.366666666666668 1.1 -0.9
242 -0.2200000000000019 1.1 -0.9
243 -0.07333333333333569 1.1 -0.9
244 0.07333333333333059 1.1 -0.9
245 0.2199999999999978 1.1 -0.9
246 0.3666666666666647 1.1 -0.9
247 0.5133333333333319 1.1 -0.9
248 0.6599999999999988 1.1 -0.9
249 0.8066666666666658 1.1 -0.9
250 0.9533333333333331 1.1 -0.9
251 1.1 -0.9533333333333336 -0.9
252 1.1 -0.8066666666666671 -0.9
253 1.1 -0.6600000000000007 -0.9
254 1.1 -0.5133333333333342 -0.9
255 1.1 -0.366666666666668 -0.9
256 1.1 -0.2200000000000019 -0.9
257 1.1 -0.07333333333333569 -0.9
258 1.1 0.07333333333333059 -0.9
259 1.1 0.2199999999999978 -0.9
260 1.1 0.3666666666666647 -0.9
261 1.1 0.5133333333333319 -0.9
262 1.1 0.6599999999999988 -0.9
263 1.1 0.8066666666666658 -0.9
264 1.1 0.9533333333333331 -0.9
265 -0.9533333333333336 1.1 0.604
266 -0.8066666666666671 1.1 0.604
267 -0.6600000000000007 1.1 0.604
268 -0.5133333333333342 1.1 0.604
269 -0.366666666666668 1.1 0.604
270 -0.2200000000000019 1.1 0.604
271 -0.07333333333333569 1.1 0.604
272 0.07333333333333059 1.1 0.604
273 0.2199999999999978 1.1 0.604
274 0.3666666666666647 1.1 0.604
275 0.5133333333333319 1.1 0.604
276 0.6599999999999988 1.1 0.604
277 0.8066666666666658 1.1 0.604
278 0.9533333333333331 1.1 0.604
279 1.1 -0.9533333333333336 0.604
280 1.1 -0.8066666666666671 0.604
281 1.1 -0.6600000000000007 0.604
282 1.1 -0.5133333333333342 0.604
283 1.1 -0.366666666666668 0.604
284 1.1 -0.2200000000000019 0.604
285 1.1 -0.07333333333333569 0.604
286 1.1 0.07333333333333059 0.604
287 1.1 0.2199999999999978 0.604
288 1.1 0.3666666666666647 0.604
289 1.1 0.5133333333333319 0.604
290 1.1 0.6599999999999988 0.604
291 1.1 0.8066666666666658 0.604
292 1.1 0.9533333333333331 0.604
293 1.1 1.1 -0.7632727272727272
294 1.1 1.1 -0.6265454545454543
295 1.1 1.1 -0.4898181818181815
296 1.1 1.1 -0.3530909090909087
297 1.1 1.1 -0.2163636363636358
298 1.1 1.1 -0.07963636363636262
299 1.1 1.1 0.05709090909091052
300 1.1 1.1 0.1938181818181833
301 1.1 1.1 0.3305454545454557
302 1.1 1.1 0.4672727272727278
303 -1.1 -1.1 0.7189999999999999
304 -1.1 -0.9533333333333336 0.834
305 -1.1 -0.8066666666666671 0.834
306 -1.1 -0.6600000000000007 0.834
307 -1.1 -0.5133333333333342 0.834
308 -1.1 -0.366666666666668 0.834
309 -1.1 -0.2200000000000019 0.834
310 -1.1 -0.07333333333333569 0.834
311 -1.1 0.07333333333333059 0.834
312 -1.1 0.2199999999999978 0.834
313 -1.1 0.3666666666666647 0.834
314 -1.1 0.5133333333333319 0.834
315 -1.1 0.6599999999999988 0.834
316 -1.1 0.8066666666666658 0.834
317 -1.1 0.9533333333333331 0.834
318 -1.1 1.1 0.7189999999999999
319 1.1 -1.1 0.7189999999999999
320 1.1 -0.9533333333333336 0.834
321 1.1 -0.8066666666666671 0.834
322 1.1 -0.6600000000000007 0.834
323 1.1 -0.5133333333333342 0.834
324 1.1 -0.366666666666668 0.834
325 1.1 -0.2200000000000019 0.834
326 1.1 -0.07333333333333569 0.834
327 1.1 0.07333333333333059 0.834
328 1.1 0.2199999999999978 0.834
329 1.1 0.3666666666666647 0.834
330 1.1 0.5133333333333319 0.834
331 1.1 0.6599999999999988 0.834
332 1.1 0.8066666666666658 0.834
333 1.1 0.9533333333333331 0.834
334 1.1 1.1 0.7189999999999999
335 -0.9533333333333336 -1.1 0.834
336 -0.8066666666666671 -1.1 0.834
337 -0.6600000000000007 -1.1 0.834
338 -0.5133333333333342 -1.1 0.834
339 -0.366666666666668 -1.1 0.834
340 -0.2200000000000019 -1.1 0.834
341 -0.07333333333333569 -1.1 0.834
342 0.07333333333333059 -1.1 0.834
343 0.2199999999999978 -1.1 0.834
344 0.3666666666666647 -1.1 0.834
345 0.5133333333333319 -1.1 0.834
346 0.6599999999999988 -1.1 0.834
347 0.8066666666666658 -1.1 0.834
348 0.9533333333333331 -1.1 0.834
349 -0.9533333333333336 1.1 0.834
350 -0.8066666666666671 1.1 0.834
351 -0.6600000000000007 1.1 0.834
352 -0.5133333333333342 1.1 0.834
353 -0.366666666666668 1.1 0.834
354 -0.2200000000000019 1.1 0.834
355 -0.07333333333333569 1.1 0.834
356 0.07333333333333059 1.1 0.834
357 0.2199999999999978 1.1 0.834
358 0.3666666666666647 1.1 0.834
359 0.5133333333333319 1.1 0.834
360 0.6599999999999988 1.1 0.834
361 0.8066666666666658 1.1 0.834
362 0.9533333333333331 1.1 0.834
363 -0.3387407743257745 -0.2841025894232471 0.3056640147599635
364 -0.4822575288965543 -0.5203883659729771 0.2584068862049407
365 0.7018390360226034 -0.2203841303056824 -0.1640325777916266
366 0.2084844340534164 -0.2750773500189934 -0.3675478080312728
367 -0.2070719947327692 -0.5741152627711338 0.2144789070160437
368 -0.1612940654894741 -0.2795461877516185 0.09578988358692289
369 0.8475699219925502 -0.2178573652332665 0.04826265864568294
370 0.0006043264281878611 -0.5739691280350165 -0.05483020646316925
371 1.006911309603954 -0.5625940324894866 0.3284219723922717
372 -0.6938510386425267 -0.27836080556977 0.01410708113661927
373 1.007635323876845 -0.2364346726505935 0.3271924837999335
374 -1.023983850214603 -0.4025500229935284 -0.1290605040097166
375 -0.4879166231891067 -0.2695236869504328 0.2591936691398156
376 -0.6829845414702167 -0.5252142928501922 0.03238668744777672
377 0.01779937086078594 -0.2743929050479725 -0.1507199957656886
378 0.9812848148313412 -0.5556248997568504 0.1496994212971431
379 0.7768897796757162 -0.527441734599388 -0.1619885159802274
380 0.6736233764052195 -0.2766391307528205 -0.2968759018767085
381 0.1151536123689925 -0.2748064234901791 -0.2737166875361684
382 -0.9947934589226285 -0.2659547079839533 -0.1423775824296279
383 0.4534969987725204 -0.2795864182451412 -0.4453146986006922
384 0.9416882324891764 -0.2781804554842799 0.06365281049892861
385 -0.9790611839603339 -0.5675214820532073 -0.1657892348572315
386 -0.9392610623770478 -0.4902400452798463 -0.03889968683256784
387 -0.4411017383031091 -0.2246586437774248 0.3804091738535173
388 -0.9474954149555149 -0.3851696347020566 -0.02776011578609269
389 -0.5750346511445753 -0.2475319940452815 0.355573407542848
390 -0.8919037176301819 -0.4908457904613241 0.02714089837607355
391 -0.8712014603519015 -0.3596849817304292 0.07710346748990572
392 -0.4918995391250456 -0.3217335725341902 0.4613324785372065
393 -0.3680736419801418 -0.316309633351712 0.4624567977888921
394 -0.2726828327888525 -0.3120470709716134 0.4300915060418615
395 -0.6509320366685875 -0.3625073425580813 0.3720264232913438
396 -0.5413142694871766 -0.4486661244028921 0.4535490185426625
397 -0.8148121162934374 -0.4691265120825971 0.1506554802557261
398 -0.6451949353336253 -0.4924503570683232 0.3527442329122521
399 -0.3387407743248297 -0.5158974105794235 0.3056640147596925
400 -0.7857437946731413 -0.3442717789742388 0.1998628090086109
401 0.1262816244005041 -0.5266288119173397 -0.2852726009761952
402 0.3269156689844585 -0.5238605255933865 -0.4303744341771379
403 0.5822875985822333 -0.2522220153582453 -0.1846765279880024
404 0.6418009964363578 -0.2962854590128883 -0.07221815106590192
405 1.008875750375886 -0.4951569448931837 0.4030600274012059
406 0.9140370056307976 -0.4731769624688554 0.3254958642736723
407 0.9225164586593413 -0.5597335500562576 0.243385155635139
408 0.8205726245459648 -0.4299846424622877 0.2102987070612947
409 0.8012279936565304 -0.5275979918506586 0.1309977104394085
410 0.5650227465583669 -0.5221597442230892 -0.3984470860130828
411 0.749087665163355 -0.4208438599452139 0.1120283824987137
412 0.7111780829538008 -0.4970513788009523 0.02885751535524437
413 0.5602743227906489 -0.3811784208283425 -0.1500450697411045
414 0.8218338182946494 -0.5829987826881791 0.03074290121829897
415 0.7173342388309691 -0.5765413930563541 -0.06650651259370867
416 -0.1798746108649331 -0.5235736763447817 0.1266049122113537
417 -0.1279413815732877 -0.5715772432371515 0.2252324115450765
418 -0.1284359053427603 -0.4910631186912466 0.3119278918754826
419 -0.05137535358454243 -0.4359302832073093 0.2388270009710339
420 0.8227051642324079 -0.3134693933398193 0.191427152045381
421 -0.8995722870198771 -0.2439399933105582 -0.04524496022457782
422 -0.4412892986659731 -0.5828113782084384 0.350539716027994
423 -0.3376956770199428 -0.5071443041745689 0.4442810270447986
424 -0.7817052148785593 -0.2358700801749894 0.1026827819796371
425 -0.600986396760778 -0.219630977518654 0.2234106218868393
426 1.007773435481613 -0.309572082878013 0.4050986779769942
427 0.4870101293824889 -0.3218853637484788 -0.2401171473408773
428 -0.1208024146039464 -0.3778802991123114 0.3243292391691835
429 -0.003735951985866329 -0.3087499292192399 0.1559718313532519
430 0.04913543264622874 -0.3929333560180872 0.1049011325585497
431 -0.006189583935381631 -0.5349682956395726 0.1259788822981734
432 0.1163249428142282 -0.4720826042032418 -0.004551811837559261
433 0.1072319178474648 -0.3302239649066155 0.009185899285202711
434 0.1819962049316591 -0.4175387072690796 -0.1059941190700899
435 0.1443879525649944 -0.2432732051086396 -0.1065348830064932
436 0.2429670472849345 -0.2907301018968291 -0.2149249399962788
437 0.2391147884208632 -0.4354390003356501 -0.2153324032576465
438 0.3528510965979921 -0.3654765641360356 -0.3036967238908471
439 0.2770904957825803 -0.2174835541218575 -0.3190218167031114
440 0.3946179306550087 -0.4868108562737244 -0.2969253629520078
441 0.4230098602367201 -0.2234328973485538 -0.3258154672006243
442 0.01512358574957937 -0.2174759492381078 -0.008050040380194421
443 -0.815081061456321 -0.5829824923141286 -0.01848841572190247
444 0.283191164846991 -0.5607480123916564 -0.2678639108420456
445 -0.8571396819480319 -0.5237748060951213 -0.208422594242257
446 -0.9733188990357905 -0.5430930154573426 -0.3279090048789188
447 -0.5850546210747273 -0.5244842790871275 0.1599887366543105
448 -0.7353025155406214 -0.4511194845319106 0.2700689185700109
449 -0.9655885972951009 -0.2330521785639253 -0.2785752007447914
450 0.6371344305768677 -0.4681034849205366 -0.06048642601955249
451 0.6152710295817975 -0.5647493151195094 -0.1692212875592291
452 0.5134845334198003 -0.4914521990929617 -0.2205838826651156
453 0.9361364247019269 -0.5252605805680927 0.05912049473872808
454 0.8485005477880173 -0.5237452610893153 -0.06408936419946105
455 0.8490505509527353 -0.27505680725258 -0.06218930527313263
456 0.8684954871261198 -0.2255438380017672 0.1446702060624913
457 0.7416048661490041 -0.2464119011974834 0.01584643477905921
458 -0.2349907256158609 -0.2730165922678178 0.2076279890819242
459 -0.1180393044727647 -0.2492307298695772 0.249898122766367
460 -0.1974335136855695 -0.267443599985732 0.3521026690824842
461 -0.339284495995193 -0.2446101627408739 0.4046115956395961
462 -0.2938448408550979 -0.414587586643775 0.4576265101439203
463 -0.7673615990793811 -0.5241135588841376 -0.08734766553271392
464 -0.9060507849089505 -0.5694160410709899 -0.0784587547709388
465 -0.8571396819482885 -0.2762251939044307 -0.2084225942421539
466 -0.7734630050602384 -0.2812276846951119 -0.1008831209599663
467 0.6826744852200436 -0.3763703228119157 0.0151830222879309
468 0.7694427089109126 -0.3353926943896175 0.1294338816790522
469 0.6757826818922219 -0.5478880009805528 -0.2661783606045089
470 -0.7816619441913792 -0.5728153778105337 0.08251768838374669
471 -0.6346165657960693 -0.5742057406415509 0.2607750749717843
472 -0.2447755720400549 -0.4386711757811404 0.4307376180801434
473 -0.2098806115328213 -0.5616080206000957 0.3280724051527762
474 0.8989337485719691 -0.3378152440362857 0.3118038613382663
475 0.9989310650951849 -0.2416042567192044 0.1740835343759474
476 0.2122300001268059 -0.512767244773911 -0.3793458699728805
477 -0.7255227133679772 -0.3356649413313252 0.2770386977327733
478 -0.103372573074846 -0.5541390457370822 0.04829534105166953
479 0.3243524108589146 -0.2890676534708224 -0.4382107169999893
480 -0.4078655509520274 -0.4134703340291901 0.4830801562031578
481 0.5757391220482748 -0.279130606556225 -0.3918239969393751
482 0.5500576229728299 -0.2175393328960253 -0.2810749094225359
483 0.4644695009938489 -0.5193010421112246 -0.4444545420618847
484 0.4144562860217376 -0.5794353966261383 -0.3317998476939596
485 0.1326920253240236 -0.5733742144768357 -0.1223466351888936
486 -0.9237293319074004 -0.3251596049284267 -0.3364353684163228
487 0.8935774738063162 -0.5826612732931863 0.1151964902120208
488 -0.7106777754478395 -0.2377599129895804 0.201208955011639
489 -0.6039072931086539 -0.2872466454811963 0.1279909621069062
490 0.9417918895022062 -0.2342024522497795 0.2542958032494361
491 1.028308576061277 -0.3018827609712494 0.1577923792299844
492 -0.08547334855660718 -0.2873640549597436 -0.01759106827427364
493 -0.06066276854529904 -0.4852770531081439 -0.06896948744137414
494 0.02456946409253461 -0.5137382547870699 -0.1695581056990768
495 -0.06815519964206106 -0.2234565189202426 0.1368449675225125
496 0.9788653513092884 -0.4042773247624376 0.4094828189780602
497 0.0239184153659704 -0.2718349610360939 0.09126441075481344
498 -0.6788780307542095 -0.5800401937055233 0.1312240334278404
499 -0.6571465979726769 -0.2557068268323124 0.2909072169327551
500 0.7865669051080453 -0.2567807986178429 0.0929937546749041
501 -0.312683473829714 -0.5823291800595028 0.3384203379636033
502 -0.2524467150715419 -0.5133333591400476 0.2270526275324234
503 -1.024533334973246 -0.2378634238013603 -0.3439193829389907
504 -0.9916687966636129 -0.3245163455736386 -0.4018010384670981
505 -0.4434836697245807 -0.5091679733700447 0.4537769405131721
506 1.043908032116927 -0.4838530924347646 0.1693282434913972
507 -0.5514487528544672 -0.5743304784430655 0.3321449261305445
508 0.5779927648302781 -0.4712364668508244 -0.1394888309456765
509 -0.8005488026555893 -0.2174013586547229 -0.01259749717611671
510 0.7667731650908858 -0.3131361843231488 -0.2108709722027567
511 0.2139035359336269 -0.5498349863242784 -0.1921303225532315
512 0.4577985677665057 -0.4166399491577076 -0.2542932907375975
513 -0.7423042392555125 -0.5376378708900539 0.197982084282966
514 0.6174856572496962 -0.3866279983179961 -0.07526915839465545
515 0.5198543364023647 -0.578457523473531 -0.2859703480461377
516 -0.8450127956518693 -0.248127393979906 0.036244507027293
517 -1.1 -0.3999999894278988 -0.3362206676227605
518 1.1 -0.4000000194392233 0.3444136541891042
519 1.1 -0.3105886017451757 0.3317346979175554
520 1.1 -0.48941144640443 0.3317344790627069
521 0.3387407743257262 0.5158974105766235 0.3056640147599547
522 0.4822575288964741 0.2796116340268696 0.2584068862050663
523 -0.1891858382496519 0.2347350719266924 -0.3039684023140382
524 -0.9571691548386169 0.5746401822703876 0.1557978915398024
525 -0.5725073857041834 0.5228379719691105 -0.3923953462591647
526 -0.9349434461200828 0.2308897127583736 0.1152185068021739
527 0.08906091611935785 0.5708788744647804 0.05909989687494219
528 0.6757891443360321 0.5237297671429797 0.04098391149632021
529 -0.7638803558898064 0.2754998785018157 -0.1834978801247494
530 0.07968371418334314 0.2678596654209398 -0.009618164787093162
531 1.026798484391024 0.4000000539299241 -0.1325379880467523
532 0.6829845414703903 0.2747857071499816 0.03238668744737873
533 0.154484585577492 0.2742274464455505 0.08920702548730568
534 -0.7682494014527528 0.5209547845473913 -0.1810091459178735
535 -0.5725073856987135 0.2771620280184209 -0.3923953462514116
536 0.9906383699105031 0.5640083224939374 -0.1730359822447222
537 0.9501582747164515 0.4776957207201517 -0.04764851726162752
538 0.4790048063419659 0.53566175664956 0.2681696738593442
539 0.4409265192133142 0.5756489595298948 0.3796835185348435
540 0.06359206890018852 0.2220684658445788 0.1258456439511717
541 -0.3381904511315575 0.5723109419083113 -0.3787248525856041
542 0.1282078084583194 0.2250203036839915 0.2164993330751315
543 0.0408628699797338 0.3161986858607441 0.2093928490240991
544 0.3452918230021277 0.5021714838468861 0.4489748750741905
545 -0.02011781537838903 0.5230156031780121 -0.1561149411689692
546 0.5790433001143155 0.548599858233061 0.3579045517315202
547 0.221678106387607 0.504082629838265 0.3916968613879472
548 -0.04045905871349049 0.2740079960894848 0.07018756771146192
549 -0.0478442021291619 0.4219697168936914 0.105638223570161
550 -0.9923338270752413 0.5002643919883071 0.3880938044649949
551 1.00786329997663 0.2911367984333463 -0.1394509021533577
552 0.8882070564094107 0.5812947309654036 -0.09562076403988702
553 0.9457052274189456 0.5231975230545749 -0.3226038775084429
554 0.2372456623153528 0.528313975628541 0.2107104200080673
555 0.1812344873371808 0.5680031626032054 0.2912681815396422
556 -0.04153187409962016 0.2272030038295352 -0.1132674643796152
557 -0.1438364797833176 0.294470513078009 -0.06001040754279623
558 0.4992170249087608 0.4741719692998719 0.4610015720926348
559 0.6298756994804026 0.4217207611603879 0.3957843333056577
560 0.2383285375718817 0.2765087941348182 0.2108941508105755
561 0.2042270596508537 0.278219222162274 0.3666643346293613
562 0.6948142722977996 0.4956911890078752 0.2960557322669218
563 0.5288148760871659 0.3334689087252638 0.4534669374223476
564 0.343736302321345 0.280732480997835 0.3066780538926205
565 0.3247369056845655 0.2893800215717396 0.4385190865553457
566 -0.9923337771961945 0.2997355984655627 0.3880937596522668
567 -0.3269156689953773 0.2761394743988738 -0.4303744341748228
568 0.7133588590671396 0.35594652856068 0.299394711794669
569 0.7914722484915487 0.4282410280897521 0.1995573949615682
570 0.7729215971939307 0.2907577469402385 0.1853339095563925
571 0.8627436133111458 0.3583981271184056 0.08902378226384537
572 0.8393379530907764 0.491673110370451 0.1015531350579338
573 0.9406268755732269 0.3421011288459012 -0.02681171554878338
574 0.8135677742897877 0.2291705674065272 0.04408048564488152
575 0.6641463900522623 0.2251229037708801 0.1310576971191237
576 0.7768070993156054 0.248528275168187 -0.06805459047448005
577 0.8571396819472209 0.2762251939040286 -0.2084225942403722
578 0.9889595665062929 0.2653539422074599 -0.3538101202366746
579 0.5900699575128808 0.5296432223948894 0.1580738929200997
580 -0.8584082113593559 0.519292263786946 -0.05414908438969664
581 -0.7438043343968066 0.5827979590226231 -0.06807845547750246
582 -0.9910047946308831 0.2292258945198579 0.2959732667406687
583 -0.6475175674560344 0.5823220050457808 -0.1847988866779361
584 -0.6116791043583322 0.4733395299358042 -0.09686298310431384
585 -0.9051435092939518 0.3128399445388391 0.3050757029659501
586 -0.70987887060762 0.4823114912071932 0.03558756061613302
587 -0.6611361544506017 0.3788429846867984 -0.01530564767393032
588 -0.9141449442288822 0.2371185914817226 0.2274005202438416
589 -0.8282316677240146 0.3259033818099232 0.2055551779996997
590 -0.8520213454815623 0.4332191324671981 0.2557877135091089
591 -1.002182222137728 0.5774011094811101 0.2877344030316058
592 -0.9388891347135926 0.4115663108818537 0.3735473920817454
593 -0.5265432430146008 0.4969835855872098 -0.2098808629568686
594 -0.6151915255734658 0.3664151283272734 -0.08084080597763114
595 -0.6548903158310795 0.2649404678438441 -0.08007553653086576
596 -0.7277021535577998 0.2671540892189931 0.02255151417610113
597 -0.78512798767197 0.2309483830346868 -0.08739919727723347
598 -0.789408673052207 0.4357059038586446 0.1663143343176344
599 -0.8743146501535022 0.5406185389586239 0.2120058850655784
600 -0.8580482525371208 0.5829630481792356 0.08241187749107845
601 -0.8581947395772729 0.228305219617259 0.01948821696712152
602 -0.729790109003394 0.3736609943197914 0.08330234893888668
603 -0.9501546335449892 0.5009593184571449 0.06002081813377732
604 -0.6702199527858225 0.5053774041990053 -0.3166040087616203
605 0.9821633772962945 0.217107364489581 -0.2244656949876509
606 0.7676269511202245 0.5242837803342805 -0.08755756320378973
607 0.8212567032529076 0.5681941970502976 0.03978831197372795
608 0.73016874995043 0.5708734841664251 0.1567421707195417
609 0.6455817349795862 0.5738186046891811 0.2505111809730167
610 0.8626955526614998 0.5043270994567796 -0.2334169812554532
611 -0.1056394176785629 0.5124868396290494 -0.2725837380430633
612 -0.1334908491567828 0.5668334676360592 -0.1088160924258312
613 -0.05633612238761716 0.5743914093236034 -0.02419316928449035
614 -0.2226888535140131 0.5820162033505828 -0.2846880624092428
615 -0.2315290096364957 0.4563345015780298 -0.1999359931977506
616 -0.2062103657645543 0.495503332151368 -0.3851027803723857
617 -0.6782391088422758 0.281293775679777 -0.2962327222099083
618 -0.5562045962054875 0.2197476261084409 -0.2641135668804112
619 -0.4097075438020327 0.2171055527762102 -0.3531022878084947
620 -0.4453257270070335 0.3297403088579087 -0.2686954242090341
621 -0.3263645418429995 0.2716537102616161 -0.3002702187445546
622 -0.34684625886982 0.4127582561184479 -0.3041030729516697
623 -0.1746780970183316 0.4335219608643621 -0.09190788228890745
624 -0.2089947399860874 0.3393548867691297 -0.161648222902969
625 -0.1293106778658864 0.2170019103414469 -0.1691487611724765
626 -0.04765046603036879 0.3146698460948242 -0.2174369290099701
627 0.4001165773477475 0.3776606443800918 0.4818253256807123
628 0.4725000697484413 0.2601089123994099 0.4254698705408102
629 0.5477004873342235 0.2341599738160711 0.353425511745337
630 0.648460140489248 0.2343719759384236 0.2663979077847281
631 0.3148617697111145 0.2172305393646218 0.3239525218296841
632 0.1242810423878618 0.5795152954097548 0.1955843772525709
633 0.08203187640414367 0.4657644445646427 0.2689018268285283
634 0.02030965215170486 0.5117133482736801 0.1653682069955085
635 0.1579143055956882 0.3950798761048425 0.365561476809829
636 -1.026380040630392 0.4890101626111277 0.1511547886730195
637 -0.9279552113283042 0.5049975870717098 0.3196580068985748
638 0.9061527440988909 0.3097199001482533 -0.3041309289489662
639 0.6264161660371367 0.3093463127464514 0.372433777520876
640 0.5686968005873602 0.2867653080545391 0.1716604166924801
641 -0.4567672962201734 0.5234958104423971 -0.4426036905999164
642 -0.4235090098263976 0.5755853276079048 -0.3243634994927357
643 0.8904890723680319 0.2195742127597313 -0.09340861228945389
644 0.8867977340961397 0.2699603608666621 0.0042539715527847
645 -0.4567672962219853 0.2765041895557905 -0.44260369059829
646 -0.3707314097743553 0.3304229676907314 -0.3021265751727901
647 -0.8649550807987146 0.2969757437996505 -0.05761392703168217
648 -0.9489307550943366 0.3073317936477808 0.05347828763357439
649 0.05227660061950578 0.5209155597683672 -0.05797241277687588
650 -1.02485312365689 0.3103056417099496 0.1496517533046434
651 0.308172700989861 0.58297528114677 0.3283848161156218
652 -0.8046655614332819 0.2532867496296123 0.113301920348453
653 -0.5647450179925928 0.5803594369901889 -0.302498969793128
654 -0.4272475329893076 0.4722510314773226 -0.2795008433241598
655 -0.2702086105150549 0.3283126896664066 -0.2625458993429503
656 -0.3184063835394843 0.5495611289043434 -0.2908167349523753
657 -0.2033248288283689 0.2324236483209512 -0.198475519419659
658 0.2583066354962398 0.4116964453926066 0.4414442733556393
659 -0.6414971929071094 0.2170614346566299 -0.2010353719990778
660 -1.010250639565661 0.2365981613839394 0.1940677507117698
661 -0.1032160904408094 0.2881472462344586 -0.2701803062035383
662 0.1027220198074913 0.3091069468041417 0.2825287875540257
663 0.4104908935215441 0.217001726917116 0.34995314099017
664 1.020248616527925 0.3291047473945982 -0.4219483666558142
665 -0.5471816464777574 0.3289635594028531 -0.1768717661280589
666 -1.014453682436717 0.401713907748505 0.4324205052740039
667 0.1826580993194541 0.5178666166883791 0.1279223078266725
668 -0.2007494878074188 0.2923964950851402 -0.3737722614732068
669 -0.1111748290571555 0.3835012902396087 0.01505234256535757
670 -0.1055332287032962 0.4872619533484451 0.004235197783275017
671 0.8964330182574342 0.4394450993872895 0.04103910228295251
672 -0.2907556994090393 0.5070321371035399 -0.4283323839547146
673 1.015585269581985 0.5826188230181841 -0.2727380905526021
674 -0.505155909257155 0.560931529168726 -0.3871059907677399
675 -0.7825999784725881 0.5750691457580537 0.02750351827850122
676 -0.7999826402209814 0.5236621866820639 0.133163243244324
677 1.020084048723819 0.5567118733578263 -0.3497577666592032
678 1.009722524185124 0.4876663292349379 -0.4078654858135047
679 -0.2878401346403097 0.2202947474554894 -0.3396016624080574
680 -0.01468164320029663 0.561271418952165 0.0621713505896589
681 -1.028781342966788 0.5572056074813726 0.2053741008447864
682 -1.1 0.3999999805607766 0.3444136541891042
683 -1.1 0.4894113982548243 0.3317346979175574
684 -1.1 0.3105885535955688 0.3317344790627162
685 1.1 0.4000000105672012 -0.3362206676214424
686 -0.3139654269542145 -0.6111773879798233 -0.1031218175409963
687 -0.3116195045883927 0.5139493218183422 0.219014202273477
688 -0.288140209362429 0.6291278869840333 0.3537987438469187
689 -0.310391889734472 -0.1123341332019579 -0.2943949250490243
690 -0.3334416828576917 0.2258539175066763 0.1900849831653783
691 -0.2984938879191559 0.7779741683094907 -0.1210111880716777
692 -0.3047182590160967 -0.7726463172891253 0.1177742812011986
693 -0.3806450606633274 1.027205563797794 -0.1339025053419061
694 -0.2985852421291327 0.7427915975677567 0.2332044152012001
695 -0.3183022453860481 0.06082478722650547 -0.07043990431455242
696 -0.5429409279367561 -1.019487795274743 0.1794178135743175
697 -0.2986704361185436 -0.7351924370877547 -0.243172624135367
698 -0.2743389100991022 -0.4566203540018932 -0.4409709593305774
699 -0.3319607217838719 -0.4215122018364079 -0.2818580118091617
700 -0.4116003177420092 0.7021763746258834 0.3190271424845884
701 -0.3069839964148466 -0.9211122769926452 0.01528568810431591
702 -0.4151898562128328 0.7983981303339209 0.1912509245027356
703 -0.41132173061806 0.6020567446271803 0.4210008795136731
704 -0.281989470084097 0.1393832977753661 0.3069865435953908
705 -0.3191632274276922 -0.05562735109707357 0.07823158230175267
706 -0.5355601783120157 0.7024888580881883 0.2511758176386591
707 -0.308922320538693 0.8492408547373523 -0.2247043538936319
708 -0.4373407027955796 0.8054824138370075 -0.1877617546335573
709 -0.5511976473881437 0.7764232361207989 0.1322033710107841
710 -0.2791934911317439 -0.6175754120262409 -0.3566013950123723
711 -0.4164017196911045 -0.7472739408931894 -0.2626414429402001
712 -0.4349258501124741 -0.6409997535729789 -0.3826444720020956
713 -0.3303150218021407 -0.2252344158430251 -0.1890203729964141
714 -0.3078511359805309 -0.3166444577101554 -0.4458940112804094
715 -0.2944073696894017 0.5147015309694114 0.439641647060131
716 -0.3209026892059509 0.3618177331655869 0.4631458694993285
717 -0.5356978986585713 1.000455728636402 -0.3626230464824017
718 -0.4043873554577674 -0.4204991334532066 -0.4839411164227719
719 -0.4422701969637246 -0.2647501629990029 -0.4408833877165266
720 -0.581758167533054 0.9900702503559299 -0.2207124525199927
721 -0.5397552950390297 -0.9892564068132333 0.3477990778798349
722 -0.3651224674645009 -0.9896445989308816 0.4137357417420727
723 -0.4071690765699774 0.7346653790539807 -0.09232574635060768
724 -0.3651224511555105 0.9896446030368823 -0.4137357413104055
725 -0.2942283542908025 0.955741710145907 -0.3503769963316649
726 -0.3783474478337076 -0.8233962139192076 -0.1525263144781093
727 -0.51321170590439 -0.7867914385369146 -0.1619026747261282
728 -0.4762020784431278 -0.8727261638546877 -0.06219100491597818
729 -0.5823211779936417 -0.7798355361859444 -0.01227874373772366
730 -0.263353005493139 -0.8005816513687534 -0.1178564737506968
731 -0.5760661758002646 -0.6737332315678024 -0.1223885682902766
732 -0.4796191125130462 -0.6722037020438453 -0.01669806619468128
733 -0.4905525286837923 -0.7556077905556235 0.0966104453184891
734 -0.522579709009754 -0.8915404852826302 0.2553980046902428
735 -0.3230685913127468 0.03816577317762651 0.2090596233180151
736 -0.4489737764097738 -0.0303706212019148 0.125417748756097
737 -0.4444530901385297 -0.1147901955086649 0.005745534098829721
738 -0.5645735516729429 -0.03297749421310168 0.0308930949064312
739 -0.460068887072109 0.04719989138705609 0.2272441797385447
740 -0.5394082909328397 -0.3933880374926445 -0.4311385913691225
741 -0.5585668600141889 -0.1074488673424935 -0.0603156720899613
742 -0.543418143380534 -0.2894426824145498 -0.3998279990176092
743 -0.308312479016132 0.9175048089881066 -0.009475321267799663
744 -0.5417652403056735 -0.679915678266889 -0.2696393188527322
745 -0.5602365915253941 -0.5390648406056666 -0.3691088321529403
746 -0.5435716048061288 -0.5371706123341342 -0.2272393745327234
747 -0.5819320256618951 -0.8509434385787664 0.08807914359156979
748 -0.4138737129983239 -1.014875340377144 0.1180438986162552
749 -0.407370231383631 0.9033614052406269 -0.3322201896111426
750 -0.4532412245990822 1.015703001312974 -0.425502028017988
751 -0.5296743206541543 0.02537534991773175 -0.08782338916350164
752 -0.5284831834305795 0.1104426833675882 0.02967143401510083
753 -0.4094667555118764 0.07420501291562545 -0.068769989005165
754 -0.5529340523269043 -0.07539917256693118 -0.1950072399657701
755 -0.5152748592590723 -0.2130535305397818 -0.1748037241839914
756 -0.4114140134650257 -0.006686088285831166 -0.1828370203639267
757 -0.3050101055973463 0.161157031876044 0.08192619480729538
758 -0.2735423080253399 -0.02802959459627193 -0.1636336952503279
759 -0.2721862850971934 -0.981780862769743 0.1209408733600153
760 -0.4501860708642009 -0.1896147905892991 -0.3890862988011975
761 -0.3108320220279573 0.8387504655795199 0.1039580137289846
762 -0.4425442629072425 0.8730368426825478 0.07391152129491541
763 -0.5696604774103176 0.8348137692064798 0.01767505518360315
764 -0.4834597187790187 0.9910553718455543 -0.1048088765975658
765 -0.3023968192879719 -0.8589655285223958 0.2335735406699462
766 -0.4587438951791757 -1.012472730087922 0.421930751350157
767 -0.4372013104163168 -0.9276428343181345 0.3568082354359207
768 -0.5207809947588731 0.8876026541019859 -0.2520369578311109
769 -0.5407757870492197 0.7996339382201992 -0.1141066756167059
770 -0.4256395848250612 0.4714046393633433 0.4791803445684242
771 -0.4585790310026853 0.1993460657338316 0.1435259540271626
772 -0.4635491181132028 0.3317476162864436 0.4614652903310977
773 -0.4553487060156519 0.2655444447592095 0.2603703454093099
774 -0.3862669752728105 0.2446881967320477 0.4337742819705231
775 -0.502818268603533 0.2215541936852017 0.3923599924731785
776 -0.5817771423252515 0.3685175302762712 0.3588307084820818
777 -0.5746150151705389 0.2038095360928823 0.2120185757331746
778 -0.5342330459328013 0.5081133001569463 0.4193931058144678
779 -0.5654902464990631 0.04900652909117054 0.1400106405796806
780 -0.3281878119968293 0.3085565445579463 0.2986832803420952
781 -0.4458869785913101 0.3772642780871925 0.2983776373384843
782 -0.5329125583047066 0.7247241821182761 -0.01829900892041543
783 -0.4694546382791155 -0.3543293064528373 -0.3049624040732873
784 -0.5596133100670677 -0.1959119260417352 -0.3193508169559078
785 -0.4345017940158835 -0.1002493082791125 -0.2989694642463158
786 -0.2990575664915028 0.6888009880133167 0.005422300762220072
787 -0.3035473458586219 -0.6928047223454614 0.003114827649132754
788 -0.2980672920504738 -0.1992080664953209 -0.3759837960046244
789 -0.3118146233862879 -0.1297914793587185 -0.03034940488461354
790 -0.316530148596127 0.5979953508988012 0.1190653205182729
791 -0.4460856375698962 0.5901445731495411 0.1165360444355869
792 -0.5421461151723515 -0.4684816638478782 -0.2785512781091987
793 -0.4293732012785154 -0.4954015344503363 -0.2237368828391988
794 -0.3566104372055762 -0.2816242370327116 -0.2844278957414906
795 -0.4093802826500214 0.6506575166824902 0.02912454965930699
796 -0.4213686010628136 -0.7993810950364769 0.1823848963227731
797 -0.4025486635102322 0.1411464681018652 0.3478950985017386
798 -0.4648034738083197 -0.5271987710282545 -0.4547692980979634
799 -0.2878199859317179 0.2191910701469507 0.3848630155081531
800 -0.4306198120107264 -0.5764849623594732 -0.1311292555307003
801 -0.4826923415915586 0.9239142030280085 -0.01363445549435648
802 -0.5747447476434135 0.8915014419363998 -0.07287477988377336
803 -0.2955439394026913 -0.925839386248858 0.3175644410289527
804 -0.3479187694983497 -0.5645845908304218 -0.4399000860603169
805 -0.4260955348751934 -0.9414494788601683 0.02053991505226331
806 -0.538934823510836 -0.9509473896406807 0.09194813139028732
807 -0.3122913231083867 -0.5455408985613642 -0.1852259222130385
808 -0.5078917945394937 0.6339486885762191 0.3524399158586233
809 -0.5798409660670056 0.5736266759948824 0.2474727408981016
810 -0.5324782214011488 0.6690370888015844 0.05841114540483792
811 -0.369088139008751 -0.8724993175748454 -0.07721028438689181
812 -0.3958987902936923 -0.6445072716297249 -0.03756185980489753
813 -0.5292522084395278 -0.8302522648517667 0.1683085587353735
814 -0.5586860431072452 0.4573056843520976 0.2962759354667522
815 -0.4649235259451354 0.5074178887139006 0.2182920888827406
816 -0.3047480746289173 0.421263174914204 0.2870011396865612
817 -0.336523536125694 -0.05901164342552608 -0.2411641569429027
818 -0.392737888154274 0.9551250810866888 -0.03793431739436209
819 -0.5828909934739633 0.2587623526634604 0.2940923515323243
820 -0.5356971796521504 0.1316788729767554 0.2829330618729974
821 -0.3973035191542054 -0.7083888818944828 0.05412723223158992
822 -0.52925073214694 0.4071786858607186 0.44059684381624
823 -0.5623212501004353 -0.8691500182221967 0.01425715834992056
824 -0.387980709835832 0.4558554374198013 0.2555307396582202
825 -0.4666881351199281 -0.2725230362136076 -0.2683219187978456
826 -0.5748249946130853 -0.3498215482814027 -0.3157722733784062
827 -0.3552497911527489 0.8935623123957744 0.0438612918359538
828 -0.5821603558301448 -0.9226312186028676 0.1770920470636835
829 -0.5659532098517762 0.6383850612302355 0.143072390406228
830 -0.2764044000077144 0.9709526838918346 -0.103684360664298
831 -0.3972331032511141 -0.8576451324917003 0.2682852677543244
832 -0.2668634411760306 -1.001415234632419 0.3663512980274454
833 -0.5819300912876142 -0.9905336124891295 0.2547517703751134
834 -0.5533808616511339 0.1557209185121163 0.1174539996921381
835 -0.5825228754710783 0.9127170098574856 -0.1612351319101383
836 -0.3585841250380966 -0.6893541733806451 -0.3287621162691204
837 -0.2460996054431224 -0.274221160858266 -0.380993100190243
838 -0.3615986171140313 -1.1 0.3343810769809393
839 -0.4684917446144695 -1.1 0.3410899230835246
840 -0.3615986473133711 1.1 -0.3343810902865384
841 -0.4684917618065896 1.1 -0.3410899334707199
842 0.4774038288836874 0.6177251546515857 -0.0905183604656037
843 0.5039510541036603 -0.6265008941527888 0.362821791490414
844 0.4708118197827437 0.09151211833658286 -0.2784365351534029
845 0.4689972319096685 -0.5300459828130097 0.195872137917941
846 0.4696849781980568 -0.2252344158428579 0.1890203729961429
847 0.4952817409839751 -0.7726463172891803 -0.1177742812012288
848 0.495281740983856 0.772646317289077 0.1177742812011618
849 0.4355753172900064 -1.026652586939975 -0.1352955470163539
850 0.5006947060915874 -0.7360195830758941 0.2425892342604019
851 0.4907671727152468 -0.0705926231035027 -0.05206431344266903
852 0.472511531974687 -0.09411058285140962 0.280863217698087
853 0.4863524454492853 0.1539772379332393 -0.06653987128314798
854 0.3952945065224882 1.023228561663985 0.1281516320194083
855 0.5123954027988451 0.6251799494580572 -0.3571276978121483
856 0.4923021331333046 0.8359777597888055 -0.106040704990411
857 0.5027479804938655 -0.8585912245916358 -0.2290344957821421
858 0.3793190876695338 -0.8046985342578863 -0.1896365458568897
859 0.2544285862700975 0.9915555033753556 0.3421420754173968
860 0.2175683384167751 0.98364994856694 0.2193886768267291
861 0.4709418250603025 0.4266852254868768 -0.2795906553815777
862 0.5256610898998443 0.4566203540018555 -0.4409709593314003
863 0.4117426943270302 0.6475420136632042 -0.379731694995672
864 0.4922918021083095 0.3193097236011171 -0.4466925882805748
865 0.525661089899891 -0.4566203540018673 0.4409709593313627
866 0.3926466257206699 -0.6375086745914306 0.3899119187107548
867 0.4928325836754651 -0.3172197624773782 0.4457580101585784
868 0.3952805966068884 -0.4151468216214881 0.4837831253839053
869 0.3591817729477454 -0.2655475872176059 0.441569226007844
870 0.3959572191277079 0.4149555707428858 -0.4837893902700853
871 0.3576531181815019 0.2730765429875696 -0.4449315716626379
872 0.2636902765308165 0.3925548749413507 -0.4337979675953728
873 0.2376986982506125 0.2686290095282637 -0.3666885495629535
874 0.2544286010000403 -0.991555490563244 -0.3421420842042381
875 0.2879469272921396 0.8924016765611594 0.267246681566573
876 0.2237145971375496 0.8736255013454464 0.1454183134897443
877 0.36725433171528 0.9312095170138888 0.3619447218663441
878 0.40840985291504 0.8515848270917065 0.2590188206692771
879 0.2182418324696359 -0.9900702503668637 -0.2207124525131283
880 0.3312198929571604 0.7965740683867568 0.1653566426591688
881 0.2809173145763203 0.725435417273651 0.03257418759279676
882 0.2491801603910936 0.8831803515653446 0.01515847580112267
883 0.2174374672061654 0.7628732553475763 -0.06242581099922304
884 0.3219159551701381 0.8479211249024785 -0.096814924505569
885 0.2940232387939515 0.6405684075154561 -0.07535918453641395
886 0.2235387726079799 0.6451649948468812 -0.1596105347167512
887 0.3892497236107585 0.9509106891375546 0.03224141246833238
888 0.528405477222172 0.9048967877621549 0.01929932393551963
889 0.3953029673156883 0.7859596802727116 -0.2102928689758878
890 0.4101225700486698 -0.9761313231714832 -0.4071840664671442
891 0.5201342394243155 -0.9784376779123604 -0.3597532738879201
892 0.5201342456995849 0.9784376807227479 0.3597532703594424
893 0.5294883258404555 0.7394394765533358 -0.2114648232292601
894 0.4853947841120783 -0.9276669801753482 -0.02025270090601296
895 0.385983492872691 -0.8792220488061349 -0.2989720091989166
896 0.3345435670859793 -0.9971422826974278 -0.4098985453654414
897 0.2783655002508403 -0.8814868332245768 -0.2429373844117644
898 0.3501645434144015 0.1575836855420669 -0.359072863319977
899 0.2311221666560429 0.1620751043630362 -0.2699718182886135
900 0.3466019760810575 0.2421510366091382 -0.2184524524595794
901 0.3447302425775655 0.06984048247538284 -0.2573797506842684
902 0.2347222276224227 0.06596666505519748 -0.162467682161448
903 0.266821103359174 0.3997531840059337 -0.3057067887581655
904 0.2270214225070764 0.5069954152380822 -0.3628756509069717
905 0.2801566200561157 0.4787079762464075 -0.2606969809416121
906 0.4050846394041724 0.4507344312598548 -0.2590032654059528
907 0.4801771538201449 0.009365650296212016 -0.1692182276592669
908 0.3489143178367302 -0.02334844658717445 -0.1347252436063632
909 0.2340164547581937 -0.02064503175954491 -0.04503722287573848
910 0.3500980358313117 -0.1107870451207907 -0.01018444019564346
911 0.2809039513462238 -0.4026374851737647 0.4477313974415218
912 0.2311792115458089 -0.104458711706569 0.07494843530613794
913 0.2289362630703992 -0.3071985681554112 0.370265526940199
914 0.2767597667005597 0.03178999496852467 0.08470856217688562
915 0.2833735574549775 -0.04175441049049047 0.1900226469311214
916 0.3852835547830756 0.0225280947770802 0.1421951564720357
917 0.2252304316868623 -0.1775847833378631 0.1821058954178666
918 0.3590127706705776 -0.1693884254575493 0.3728867692537897
919 0.4843726141103967 -0.01228048205401013 0.1711554924141083
920 0.5002040875140205 0.8648067002994521 0.2396930089954906
921 0.4808739793294417 -0.8418418995178776 0.1042198232115725
922 0.3643429151437034 -0.8561137958955186 0.1002177562731512
923 0.2278194855266159 0.6082879077589142 -0.291178430572634
924 0.3169533740508537 0.6056331987923164 -0.3958251799411829
925 0.2943833641903797 0.9795866558641466 0.1019325344948669
926 0.4907671727152005 0.07059262310347426 0.0520643134427337
927 0.500858243278076 -0.698204207756688 -0.007915375483946444
928 0.3077821464460799 -1.012977151327348 -0.1365162731068386
929 0.3921445146266451 -0.7064716289927496 -0.05116909778714108
930 0.2285939871128473 -0.9266211865211686 -0.1098049434699628
931 0.3741998709883831 -0.6316101728034104 0.05721354949358057
932 0.2647929805992665 -0.7022431084812056 0.0155528620661037
933 0.2795962328892851 -0.6258105490348872 0.1053967037246327
934 0.2349812352545683 -0.7493881600588174 0.144669306645704
935 0.387516900796223 -0.7044602137660916 0.3162146064707114
936 0.3009448974847814 -0.6412006726239057 0.3521143445624728
937 0.2589498540025729 -0.7958710357247143 -0.1085922458059308
938 0.2366708244336915 -0.8344219369596637 0.03175786273457949
939 0.4730185775365842 -0.6205352929409572 0.08493158443175934
940 0.3755955526387736 -0.7925372950906869 0.1986866919143076
941 0.3025905169609019 -0.546905501552936 0.4293748536813219
942 0.217021740840699 -0.509084160710025 0.3201190917008119
943 0.2297128451150558 -0.591901802239763 0.205504326078437
944 0.4887020380525416 0.6981607601491534 0.01533424241191368
945 0.3872633478852141 0.7188751646810336 0.06897999339456072
946 0.3158722756721461 -0.5135107376121154 0.2179567751217504
947 0.3421196591086429 -0.1826627543410365 0.1106420475459614
948 0.338612010164385 -0.254243858855267 0.2382212120865331
949 0.453459317983833 -0.3133655985927991 0.3015756624246219
950 0.2874256814353999 -0.392108993611009 0.3026267984105782
951 0.4047912791385849 -0.4037755222935282 0.2859880330381659
952 0.4786770970115231 0.1901874758345366 -0.3800843958797707
953 0.4862453631830768 -0.1639774544046432 0.08318238712211992
954 0.4616105862346212 -0.2116709145080679 0.4033258731606353
955 0.2767914863068814 0.1175839680804941 -0.03507772202223795
956 0.3781965126681351 0.09736847298306779 0.03440658380738313
957 0.3410620454184548 -0.9409104627931817 -0.02754564541663339
958 0.4350574305612128 0.7118904713326654 -0.3035946470007574
959 0.3346253944325455 0.5733698676968407 -0.1432425963466587
960 0.4110071968617676 0.5073022980752674 -0.2106508948783306
961 0.5373961731934906 0.5620804303957537 -0.1971538148677007
962 0.4696849781979442 0.2252344158431868 -0.1890203729966721
963 0.3753394160421855 0.3611536760473066 -0.3018623161372825
964 0.3588257844204606 0.1787937187609011 -0.1009430068989705
965 0.2290577573530214 0.1763360220032194 -0.1718975341394786
966 0.3141018796823998 0.7072582368518707 -0.2878524267445328
967 0.2707458907181106 0.7637300220636156 -0.1785473699622434
968 0.3753210159676241 0.6527181674327769 -0.02764770670687233
969 0.5334424714443787 -0.4594342261534003 0.2793149829912208
970 0.3784100118074195 -0.5709056731092564 0.1370540945242983
971 0.4214467637974426 -0.5454788803164805 0.4567589137388425
972 0.3710168014876051 -0.07417912091527647 0.2685943571995844
973 0.4196795650040377 0.5637256341134528 -0.4471852983693461
974 0.3100739235318373 0.4943793900651216 -0.4553615811514606
975 0.4379444958404057 1.003403801862566 0.4220773131179386
976 0.2294140835533782 0.2689994928131663 -0.2661396449312985
977 0.4717295187495615 0.2920147478555708 -0.2887856348228484
978 0.3266551556548855 1.010334173833861 0.4151380817444223
979 0.2886207191165643 -0.7247590908631516 0.2482734428845913
980 0.2744864859390916 -0.1251280677656881 0.2849227639363064
981 0.4577375314863319 0.9077181268042773 0.3253587295467193
982 0.5155672611732126 -0.9848531836812027 -0.1153316117621552
983 0.5143099263948424 0.9803408715252856 0.108698042721757
984 0.2852534302058897 1.035973566102928 0.175935673118546
985 0.3026808638592889 -0.8082914885430758 0.1433613767037082
986 0.4231589888112165 0.7955823213493564 0.1769967049340367
987 0.3327116581158021 -0.9444269800072148 -0.3638632067050396
988 0.552566152869322 0.2679441421280833 -0.3793208538795111
989 0.5505859100098478 -0.2851927891925251 0.3902661021498309
990 0.4384013526866883 -1.1 -0.3343810902865271
991 0.3315082381934693 -1.1 -0.3410899334708185
992 0.4384013828859969 1.1 0.3343810769813395
993 0.3315082553851423 1.1 0.3410899230807009
994 -1.1 0.44030621267073 -0.7783099340627093
995 -1.1 0.4919225003259569 0.1237913894225172
996 -1.1 0.1472803758861669 0.2751429371125705
997 -1.1 0.9938873267154782 -0.2975350216054455
998 -1.1 0.1843320067219478 0.1602277492292318
999 -1.1 -0.9804946271471146 0.1342472142227554
1000 -1.1 -0.4043687080503383 -0.1041434236834887
1001 -1.1 -0.1419582282675231 -0.4050986963433149
1002 -1.1 -0.5831930566104581 0.4861418678679835
1003 -1.1 0.06552537783517387 0.1897021656460839
1004 -1.1 -0.2936011564107011 0.4786994685014377
1005 -1.1 0.1047935802403868 0.0664198892359068
1006 -1.1 0.7492095978442685 -0.7601341804021245
1007 -1.1 0.1482270278137556 -0.7732344879398545
1008 -1.1 0.9935726811434402 -0.006483836890413985
1009 -1.1 -0.5943347953818114 -0.1686363654708766
1010 -1.1 -0.9755897261823319 -0.5526639742942072
1011 -1.1 0.6538026638801708 0.2745777383380478
1012 -1.1 -0.01905099328275628 0.08774124475358513
1013 -1.1 -0.09107903543161444 -0.2838382753857671
1014 -1.1 -0.01084075057483092 -0.3888867083233857
1015 -1.1 -0.6985038425440719 -0.2448720116373602
1016 -1.1 0.03490231068063077 -0.2642575636562233
1017 -1.1 0.1204940844756475 -0.372376999634232
1018 -1.1 0.1723333713779132 -0.2485882838828826
1019 -1.1 0.2547432081591836 -0.3562095196303141
1020 -1.1 0.307396363656431 -0.2310028830943215
1021 -1.1 0.3901471004540134 -0.3396758682894857
1022 -1.1 0.443757354917679 -0.2181414624035133
1023 -1.1 0.5266808846983309 -0.323160262558369
1024 -1.1 0.5803301525777087 -0.2013082348966044
1025 -1.1 -0.724823330125738 -0.761301585502743
1026 -1.1 -0.1840468875775514 -0.5271934534320903
1027 -1.1 -0.7153879055922224 -0.1176295970807925
1028 -1.1 -0.05889694011270907 0.2170298438751911
1029 -1.1 0.9714044553638379 -0.544801606444598
1030 -1.1 -0.1465477768240019 0.1113199165766104
1031 -1.1 0.9862921733696344 0.2621852930245988
1032 -1.1 -0.5019323796833887 -0.5531168436980385
1033 -1.1 -0.631479852639389 -0.515549534899618
1034 -1.1 0.6634487893221299 -0.3059230451055387
1035 -1.1 0.6102928038800215 -0.4321633228680374
1036 -1.1 -0.608135998032887 -0.03600284725443492
1037 -1.1 0.2289777589200177 0.03941225660222447
1038 -1.1 0.3422289201680291 -0.4583061507783029
1039 -1.1 0.7161482727700761 -0.1788814689732124
1040 -1.1 -0.8914997319413138 0.4895928599146248
1041 -1.1 -0.7255200051724844 0.02199668638494889
1042 -1.1 -0.618730878192091 0.1004648954309072
1043 -1.1 -0.7377730497808436 0.159648915565786
1044 -1.1 -0.9672503643137685 -0.2858082278225945
1045 -1.1 -0.1023601672329428 -0.01294375873400888
1046 -1.1 0.06868787365139895 -0.4912584663148977
1047 -1.1 -0.1887674837791007 0.2364372100103657
1048 -1.1 -0.2774607982626767 0.1344930077153416
1049 -1.1 0.7476599896105496 -0.4148503161061913
1050 -1.1 -0.8451064011167794 -0.06326405886272879
1051 -1.1 0.008658881865118095 0.4599606915242384
1052 -1.1 -0.2864628704712193 -0.7860909010401035
1053 -1.1 0.6939718662679186 0.3877851985313353
1054 -1.1 -0.3217111941746146 0.2595861333765576
1055 -1.1 0.6371619166708951 -0.0748517988221703
1056 -1.1 -0.6055123366070168 0.2541010188679022
1057 -1.1 0.8855063847993019 0.4753548458094917
1058 -1.1 0.6959313168776962 -0.538320765379662
1059 -1.1 0.5627355251112356 -0.5556149372618536
1060 -1.1 0.7650457706375065 -0.0555693934143543
1061 -1.1 0.6901999018156193 0.05360991000697712
1062 -1.1 0.08772783045955834 -0.1435635794915354
1063 -1.1 -0.7436411274478182 0.3017376617519213
1064 -1.1 0.7736727589269603 0.2941178957511622
1065 -1.1 0.8077276502175834 0.06284275877278211
1066 -1.1 0.3774269652461113 -0.1174587761723691
1067 -1.1 -0.4068440052857029 0.1555517347631835
1068 -1.1 -0.206373111270447 -0.1776392175898464
1069 -1.1 -0.3741231666592355 -0.5998933042897875
1070 -1.1 -0.4726886367924339 -0.6760300271432471
1071 -1.1 -0.4563933289929705 0.2688270331724331
1072 -1.1 0.8521700855815488 -0.1598505814169388
1073 -1.1 -0.09652402328632359 0.3498677744309001
1074 -1.1 -0.6704635089770555 -0.3901572310363385
1075 -1.1 -0.7595091865304604 -0.4957439762657564
1076 -1.1 -0.821492048722984 -0.3677365411195413
1077 -1.1 -0.8377133572923456 -0.2131145038156058
1078 -1.1 -0.9724360304471267 -0.1440567831277111
1079 -1.1 -0.7272185751952708 -0.6167014487851969
1080 -1.1 0.3668879496476918 0.0847163761029629
1081 -1.1 0.4381254096119318 0.0009836050404792296
1082 -1.1 -0.8628430414806001 0.2175457915904405
1083 -1.1 -0.07432780354338497 -0.1474585329873146
1084 -1.1 0.8273142323429101 -0.529065902768848
1085 -1.1 0.1413217213925007 0.4800688463711248
1086 -1.1 -0.9724784630788951 -0.423387189166506
1087 -1.1 0.8903292810447943 -0.3920889138010627
1088 -1.1 0.8809418324547229 -0.6594785172611515
1089 -1.1 -0.1437402420529108 0.4786725128167987
1090 -1.1 -0.3533510498127169 0.01795020313251461
1091 -1.1 -0.4393377660435654 0.4899202539893593
1092 -1.1 -0.7420394869817566 0.4565038816526085
1093 -1.1 0.2341942351537107 -0.1076805246617695
1094 -1.1 0.293715201980471 -0.7745899151635833
1095 -1.1 0.2204228219823776 -0.6484594136507622
1096 -1.1 0.07736201801391696 -0.6535433038826413
1097 -1.1 0.003988917772176803 -0.7734024556555441
1098 -1.1 -0.06459761257295815 -0.6459828521004338
1099 -1.1 -0.1432293684595169 -0.7775113308886564
1100 -1.1 0.3667533584628233 -0.6526402130126309
1101 -1.1 -0.8786386520870618 -0.7911751556700527
1102 -1.1 -0.853786566559456 -0.5903491829332387
1103 -1.1 0.5879533777625596 -0.775175408126403
1104 -1.1 0.9928721628289536 0.1269765621443487
1105 -1.1 0.03255434919941425 0.3106812758795284
1106 -1.1 0.7933202853108259 -0.2835950746153336
1107 -1.1 -0.8560471974429481 0.07733677343931034
1108 -1.1 0.4787640478995234 -0.444711699757703
1109 -1.1 -0.2342245231504321 0.00768591490358983
1110 -1.1 -0.570872712122294 -0.7769233725365473
1111 -1.1 0.02367142111500753 -0.03224358525721716
1112 -1.1 0.7332848973014623 0.1739802675370742
1113 -1.1 0.8710911815199653 0.1868815385788606
1114 -1.1 0.2042375926676603 -0.4688270538230173
1115 -1.1 0.9727162976638666 -0.1518002164524296
1116 -1.1 -0.06288090405065638 -0.5085730865500389
1117 -1.1 0.9903653670842529 0.3948077862356812
1118 -1.1 -0.9658472979894817 -0.6892524773336681
1119 -1.1 -0.9756807093589948 -0.003047051478970886
1120 -1.1 -0.2449450152043052 -0.6517089615277678
1121 -1.1 -0.230118849255575 0.3601724004577388
1122 -1.1 -0.9842285086616442 0.2679818451239931
1123 -1.1 0.6113337246354935 0.4853485779514134
1124 -1.1 -0.9867683198715056 0.3989090909090919
1125 -1.1 -0.4893505809009107 0.03085324676000489
1126 -1.1 0.6122142205948176 0.1528643923600276
1127 -1.1 -0.8685033693974398 0.3553785218237798
1128 -1.1 0.8928693845556173 -0.7875486021054048
1129 -1.1 0.6565388788480822 -0.6640571453478983
1130 -1.1 -0.604835914426419 -0.6499371354275651
1131 -1.1 0.9963318630553943 -0.6955545878382396
1132 -1.1 -0.6382961537911293 0.3735800238544024
1133 -1.1 -0.3731562208929031 0.3751545203906762
1134 -1.1 0.1358729651777364 -0.03553110871447807
1135 -1.1 1.011124212624822 -0.4154669265520393
1136 -1.1 0.7489683922943418 0.4925580118337741
1137 -1.1 0.8889932849677651 0.3301644343654252
1138 -1.1 0.5115125136175909 -0.6698180475217372
1139 -1.1 0.561547852473248 0.02345867077244801
1140 -1.1 -0.4289450121747147 -0.7899077511995872
1141 -1.1 -0.5225366715144493 0.173116755587528
1142 -1.1 0.5063916085829288 -0.09788633274695513
1143 -1.1 0.436682536455109 -0.5589798803991272
1144 -1.1 0.761987171673536 -0.6302113022319369
1145 -1.1 0.289744567889723 0.1501389957362845
1146 -1.1 -0.5129432042045976 -0.1002970893427576
1147 -1.1 0.8805512858803983 -0.04999764015945507
1148 -1.1 -0.5130405107302269 0.3859648410478614
1149 -1.1 -0.2949101809077469 -0.5333909182192457
1150 -1.1 -0.8705386392542855 -0.4912053008536021
1151 -1.1 0.7982225374512577 0.3959960772582377
1152 -1.1 0.3265878387589973 -0.01683404680508638
1153 -1.1 1.003225771035714 0.5074844878294024
1154 -1.1 0.1246750488515258 0.3740719027822285
1155 -1.1 -0.9971453102022452 -0.7999689511169042
1156 -1.1 0.293030771529744 -0.5664836945058311
1157 -1.1 1.008506916188869 -0.8092751834432743
1158 -1.1 -1.006320277029231 0.5127549356192888
1159 -1.1 -0.81254069734751 -0.6930128883327074
1160 -1.1 0.1460760835873725 -0.5680705518987909
1161 -1.1 -0.284893519480284 -0.09240271863943661
1162 -1.1 -0.1800116167433563 -0.07973307013419118
1163 -1.1 0.2413390724138269 0.5035125736979295
1164 -1.1 0.009908813415220541 -0.5754706519953924
1165 -1.1 0.8975362661983186 -0.2549745789241893
1166 -1.1 -0.3614329402603818 -0.7007261890400986
1167 -1.1 0.913329195924804 0.05950193362130196
1168 -0.3695051387895696 -1.1 0.1065408800910549
1169 0.141355555753029 -1.1 -0.3538410037797394
1170 -0.5907666170824356 -1.1 -0.7758819876809249
1171 -0.9729914645361145 -1.1 -0.2875432585744299
1172 0.2458162741651637 -1.1 -0.1529046758492291
1173 0.9651986337850831 -1.1 0.1193395461085925
1174 0.4404804518474339 -1.1 0.4831592326017869
1175 -0.284880642561004 -1.1 -0.7830213592565498
1176 0.1477470582971823 -1.1 0.4833303607964753
1177 -0.9981451218560121 -1.1 -0.01248632823061036
1178 -0.1784322001125604 -1.1 0.1984106455048332
1179 0.6420001519126401 -1.1 -0.4365061648671946
1180 0.6128347252539628 -1.1 -0.1960956219975064
1181 0.5326835047275063 -1.1 -0.1027841778746764
1182 -0.501247694605609 -1.1 0.08938919555281366
1183 -0.4216706657012667 -1.1 -0.01598343309856987
1184 -0.5561871750068148 -1.1 -0.02980140116808194
1185 -0.4765337387311888 -1.1 -0.1388993412893598
1186 -0.3409322352298374 -1.1 -0.1243746746248692
1187 -0.3960957794707118 -1.1 -0.2489224188576843
1188 -0.5323232037435975 -1.1 -0.263931612191696
1189 -0.9887889149349851 -1.1 -0.5640446904588704
1190 0.7314771494071572 -1.1 0.478700803303561
1191 -2.664535259100376e-15 -1.1 -0.7729829407782828
1192 -0.985011709507097 -1.1 0.2578319130634373
1193 -0.260667431150317 -1.1 -0.2337715044851466
1194 -0.4513262652379915 -1.1 -0.3747329788913755
1195 -0.5884808724337021 -1.1 -0.3895194917193934
1196 0.6490620841537724 -1.1 -0.06784560959600361
1197 0.562199729994117 -1.1 0.02820462427577874
1198 0.9815907084280187 -1.1 -0.2847272727272722
1199 -0.2054937061536257 -1.1 -0.1173406454287989
1200 0.2658577788062251 -1.1 -0.5393787989972905
1201 0.9671605948691244 -1.1 -0.5624686432705764
1202 0.5754771202006974 -1.1 -0.5511798026469955
1203 -0.6350014537838822 -1.1 0.07401379101374017
1204 -0.6727879567425051 -1.1 0.3707423930151948
1205 -0.6901329183974214 -1.1 -0.04430401348481461
1206 0.6906795108401904 -1.1 0.05945915513762745
1207 0.5913293967119206 -1.1 0.152721436061804
1208 0.4660866483310415 -1.1 0.1248745402328771
1209 0.7207299521858372 -1.1 0.2135254283205908
1210 -0.09403307619313939 -1.1 0.2902237824837913
1211 -0.05385183800045379 -1.1 0.163820585681148
1212 -0.1266913228737775 -1.1 -0.2197817280688383
1213 -0.1802306004332874 -1.1 -0.3420855444835132
1214 -0.07461694062940172 -1.1 -0.1051417572623593
1215 0.78165639077556 -1.1 -0.04417115423147033
1216 0.704805020581571 -1.1 -0.5577558724980628
1217 -0.6684342653190906 -1.1 -0.2784622406606921
1218 -0.725821480545667 -1.1 -0.4047371096766754
1219 -0.5024213944585656 -1.1 -0.5065692630353158
1220 -0.368339251531826 -1.1 -0.4867190463333731
1221 0.02371983455849502 -1.1 0.2606362341067764
1222 0.07357639622815704 -1.1 0.1299244192285388
1223 0.1662289490697522 -1.1 0.2365274827348455
1224 0.2004993258221655 -1.1 0.1028927386348756
1225 0.7712764985675729 -1.1 -0.4423300315636814
1226 0.9947141159074331 -1.1 0.3953281252392772
1227 0.4351144967511598 -1.1 -0.7910981860960978
1228 -0.7662616146692012 -1.1 0.06512104468495539
1229 -0.8834331385892247 -1.1 0.4737543473776457
1230 0.8748204191732363 -1.1 -0.770510563579577
1231 -0.8754952621914436 -1.1 -0.7689090098364664
1232 0.1160107901547489 -1.1 0.008264242137407951
1233 0.4888446419815951 -1.1 0.2505415780328567
1234 0.003629009144953788 -1.1 -0.205053813616523
1235 0.6417163254704379 -1.1 -0.6655780995437779
1236 -0.4240562883148764 -1.1 -0.6147757107288814
1237 0.3685121833086178 -1.1 0.2149903498609166
1238 -0.1535299119031737 -1.1 0.07658369088399131
1239 -0.7134252385225083 -1.1 0.1743634752207092
1240 0.3546791934360272 -1.1 -0.08192232195311722
1241 0.710476006230917 -1.1 -0.2915363788214451
1242 -0.2855272994715552 -1.1 -0.5852197600116276
1243 -0.124536606331938 -1.1 0.4193146859494253
1244 0.3860230569600793 -1.1 -0.5997928059734075
1245 0.2695526715564402 -1.1 -0.6661113204979497
1246 0.1617527521966879 -1.1 -0.6065138671465803
1247 -0.8157550499424084 -1.1 -0.05917842077307978
1248 -0.8107489762016137 -1.1 -0.2894979073886893
1249 -0.8619876930878161 -1.1 -0.4141204256407713
1250 -0.7735311708978152 -1.1 -0.5430624114050828
1251 -0.860467588586284 -1.1 0.1862549352425548
1252 -0.7685471487705958 -1.1 0.2878074296052887
1253 0.1516653693641903 -1.1 -0.7581710523889256
1254 0.8587800553637206 -1.1 -0.3306189308976335
1255 0.8091806896377882 -1.1 -0.1914744096737726
1256 0.8341121376989626 -1.1 -0.5652752533620355
1257 -0.8775981868434712 -1.1 -0.1728256604028152
1258 0.293736046468714 -1.1 0.4817281538782389
1259 -0.140391499979073 -1.1 -0.7788807729664116
1260 -0.07582258453777069 -1.1 -0.6596847386814868
1261 -0.4376523546282244 -1.1 -0.7596293492771586
1262 0.5865953863749875 -1.1 0.483318386976023
1263 0.6601858955737816 -1.1 0.3611596657444632
1264 0.7934586070156922 -1.1 0.3469402381386556
1265 0.8668971551519049 -1.1 0.2266770405306598
1266 -0.9883016149210877 -1.1 0.1232531530876971
1267 -0.7267193509171879 -1.1 -0.7770722253534346
1268 -0.6635173272276236 -1.1 -0.6502926131265079
1269 -0.2702250882611504 -1.1 0.0008007113311383485
1270 0.7190921722311918 -1.1 -0.7805334594116724
1271 -0.742280277093692 -1.1 0.4909226117271258
1272 -0.05347851715843266 -1.1 -0.3238142716598794
1273 -0.09916911486146129 -1.1 -0.4491389841087082
1274 0.9819288686402028 -1.1 -0.4152325261751609
1275 -0.02800531960926111 -1.1 0.02140890280053076
1276 0.222392467517555 -1.1 0.3697801020349715
1277 0.9860629379529344 -1.1 -0.1483604691124811
1278 0.988190842705404 -1.1 -0.01894002909502268
1279 0.004394309145083319 -1.1 0.4795199963460993
1280 -0.3150057457875652 -1.1 -0.3587958716403995
1281 0.8187786970857034 -1.1 0.09886092366615651
1282 -0.6115190298449193 -1.1 -0.1536949285540978
1283 -0.2335907873705265 -1.1 -0.4633395965519055
1284 -0.7456980710914876 -1.1 -0.1663271952106982
1285 0.3684626163835762 -1.1 0.3565616227351592
1286 -0.6319514950545677 -1.1 -0.5257630581117752
1287 0.03711708503150724 -1.1 -0.4265267588850263
1288 0.8800006272880658 -1.1 0.4702584101988546
1289 0.1243709419811909 -1.1 -0.2119861122783568
1290 -0.9936219292981837 -1.1 0.3938181532112396
1291 0.9853316527849558 -1.1 -0.6945878811264601
1292 -0.9888956586128594 -1.1 -0.6926432154797703
1293 -0.8798300165427124 -1.1 -0.6264801785061771
1294 0.3356157559694866 -1.1 0.07970243853362036
1295 0.2335561637926986 -1.1 -0.02388367697399507
1296 -0.9888801909317336 -1.1 -0.4275621904339949
1297 0.1565399926686402 -1.1 -0.4786895850895122
1298 0.9922963008009487 -1.1 0.2621818181818193
1299 0.4912661424338851 -1.1 -0.6606615104050189
1300 0.4440700173128307 -1.1 -0.004320595943293037
1301 0.0846899644389898 -1.1 0.3705048830675955
1302 -0.02808432071544664 -1.1 -0.5494931279284757
1303 -0.1532727121374637 -1.1 -0.5580783727338112
1304 0.5733935304779507 -1.1 -0.7836978851200254
1305 -0.8910701904255107 -1.1 0.03616682847679431
1306 0.04331401300155546 -1.1 -0.09391124384557126
1307 0.5181508258551093 -1.1 0.3733215933829802
1308 -0.9999191936038582 -1.1 -0.145984612509633
1309 0.2977874228978465 -1.1 -0.7918372087532132
1310 -0.5389235153453049 -1.1 -0.6547803220443107
1311 -0.6178134100658073 -1.1 0.4944367526312011
1312 -0.2554037627638283 -1.1 0.1189843763371711
1313 0.7759271065661393 -1.1 -0.667841370357775
1314 0.8932944214329623 -1.1 -0.1001751721031159
1315 0.04592649450143083 -1.1 -0.6555211687174192
1316 -0.5778895568459638 -1.1 0.173199631742493
1317 -0.214303491393681 -1.1 -0.6747023218693277
1318 0.8826516310279167 -1.1 -0.4631850770538176
1319 -0.8897255716103463 -1.1 0.3316460070630217
1320 0.05377859414358466 -1.1 -0.2971175162294971
1321 0.1526136366190716 -1.1 -0.09488429336194881
1322 -0.2005455514544414 -1.1 0.5085347785250111
1323 -1.003394816179122 -1.1 0.5071144690499328
1324 0.9966876560165558 -1.1 -0.7994780277439574
1325 0.7127909879783847 -1.1 -0.1557139907892047
1326 0.4661581146334266 -1.1 -0.5314995112210246
1327 0.2677448728100498 -1.1 0.1827132011251874
1328 1.001300914951866 -1.1 0.506649418605715
1329 -0.7757725633235094 -1.1 -0.6713962911356093
1330 0.9055788510573488 -1.1 0.3356823310718181
1331 -0.9992369239730244 -1.1 -0.8022126148249211
1332 -0.7960193145526897 -1.1 0.3934783746266398
1333 0.6048876182893426 -1.1 0.261940414018104
1334 -0.02551058770821846 -1.1 0.3700764740363688
1335 0.8843093285154406 -1.1 -0.6596101618065039
1336 0.4357353226850131 -1.1 -0.1402593480379263
1337 -0.1469397461162597 -1.1 -0.02967761721943984
1338 -0.8848778441205023 -1.1 -0.5206660740857687
1339 0.9071651277504449 -1.1 -0.2164404966368868
1340 -0.5228515323565425 -1.1 0.4953593633407659
1341 -0.6597324771143369 -1.1 0.257570594378891
1342 -0.339861270024581 -1.1 -0.6833802295568332
1343 -0.9169837219434694 -1.1 -0.07825842617989276
1344 0.2842514483789871 -1.1 0.2787841267008059
1345 0.07738684500336901 -1.1 -0.5412002942617141
1346 0.888486691500797 -1.1 0.01458414691567811
1347 0.3710905591765055 -1.1 -0.700484228787127
1348 -0.2949905867106632 -1.1 0.5324315730028092
1349 -0.9707859753416932 0.0006876198733816175 -0.9
1350 0.9707859753416908 0.0006876198733873906 -0.9
1351 -2.664535259100376e-15 0.9729829407782828 -0.9
1352 -1.77635683940025e-15 -0.9729829407782844 -0.9
1353 -0.9691208591024524 -0.4312421398676879 -0.9
1354 -0.9557715042132148 0.4252323979885773 -0.9
1355 0.4399999999999977 -0.9729829407782826 -0.9
1356 0.9665574282442022 0.4342775433241877 -0.9
1357 -0.4399999999999995 -0.9729829407782844 -0.9
1358 0.4442463468509752 0.9576383532104749 -0.9
1359 -0.4357536531490253 0.9713465612543799 -0.9
1360 0.9691208591024507 -0.4312421398676776 -0.9
1361 0.7333333333333325 -0.972982940778282 -0.9
1362 0.9724290772266921 0.7438658173284398 -0.9
1363 -0.9729829407782822 0.7333333333333325 -0.9
1364 -0.9678511598984374 -0.7472518052735103 -0.9
1365 0.7321346240834603 0.9736750158863767 -0.9
1366 -0.7321346240834541 -0.9736750158863793 -0.9
1367 -0.732822790002713 0.9788359998349581 -0.9
1368 0.9685432350065364 -0.7460530960236306 -0.9
1369 0.5866666666666651 -0.9729829407782823 -0.9
1370 0.5133333333333308 -0.8459658815565646 -0.9
1371 0.3666666666666638 -0.845965881556565 -0.9
1372 0.4399999999999962 -0.718948822334847 -0.9
1373 0.2933333333333294 -0.7189488223348482 -0.9
1374 0.3666666666666611 -0.5919317631131301 -0.9
1375 0.2199999999999949 -0.5919317631131317 -0.9
1376 0.2933333333333266 -0.4649147038914136 -0.9
1377 0.1466666666666603 -0.464914703891415 -0.9
1378 0.2199999999999929 -0.3378976446696965 -0.9
1379 0.07333333333332548 -0.3378976446696984 -0.9
1380 0.146666666666659 -0.2108805854479794 -0.9
1381 -9.103828801926284e-15 -0.2108805854479818 -0.9
1382 0.07333333333332237 -0.0838635262262637 -0.9
1383 -0.07333333333334413 -0.08386352622626547 -0.9
1384 -1.332267629550188e-14 0.04315353299545288 -0.9
1385 0.146666666666655 0.04315353299545466 -0.9
1386 -0.1466666666666792 0.04315353299545044 -0.9
1387 -0.1466666666666748 -0.2108805854479838 -0.9
1388 -0.07333333333334813 0.170170592217169 -0.9
1389 -0.2200000000000145 0.1701705922171668 -0.9
1390 -0.1466666666666833 0.2971876514388854 -0.9
1391 -0.2933333333333497 0.2971876514388829 -0.9
1392 0.3666666666666627 -0.3378976446696949 -0.9
1393 -0.3666666666666804 0.1701705922171639 -0.9
1394 -1.643130076445232e-14 0.2971876514388874 -0.9
1395 -5.551115123125783e-15 -0.4649147038914168 -0.9
1396 -0.2200000000000185 0.4242047106606017 -0.9
1397 -0.3666666666666847 0.4242047106605997 -0.9
1398 0.5133333333333305 -0.5919317631131278 -0.9
1399 -0.2933333333333533 0.5512217698823181 -0.9
1400 -0.44000000000002 0.5512217698823161 -0.9
1401 -0.1466666666666872 0.5512217698823203 -0.9
1402 -0.5133333333333512 0.4242047106605973 -0.9
1403 -0.5829569370472195 0.5533635832767341 -0.9
1404 -0.2200000000000224 0.6782388291040367 -0.9
1405 -0.0733333333333559 0.6709099618904941 -0.9
1406 -0.6600000000000177 0.4242047106605951 -0.9
1407 -2.087219286295294e-14 0.5500002920133988 -0.9
1408 0.07757968018429473 0.6922448430478094 -0.9
1409 0.1473743911418099 0.5533525258947991 -0.9
1410 0.2199999999999769 0.6782388291040442 -0.9
1411 0.2934512874125061 0.5515768958844065 -0.9
1412 0.3617322543536996 0.675437782357327 -0.9
1413 0.4342431856348781 0.5479538820111571 -0.9
1414 0.3657268566189971 0.4237192503490954 -0.9
1415 0.5122172292645233 0.423579152630166 -0.9
1416 0.4396573476472438 0.2970024817152346 -0.9
1417 0.5864235405963958 0.2970525301465468 -0.9
1418 0.5132357035961546 0.1701172103811774 -0.9
1419 0.5812976865019932 0.5659491597461577 -0.9
1420 0.6599432073654163 0.1701391750291237 -0.9
1421 0.5866409296047006 0.04313939982478732 -0.9
1422 0.4399794388668035 0.04314228049434754 -0.9
1423 0.5133256169674698 -0.08386775717155381 -0.9
1424 0.6599944244286906 -0.0838665869122468 -0.9
1425 0.5866644513438048 -0.2108818007198539 -0.9
1426 0.7333320348509704 -0.2108812981076118 -0.9
1427 0.6599994143657995 -0.3378979659916069 -0.9
1428 0.293119589599919 0.297075879766362 -0.9
1429 -0.5866666666666815 0.2971876514388783 -0.9
1430 -0.7333333333333478 0.2928623660861764 -0.9
1431 -0.6600000000000122 0.1694497113250426 -0.9
1432 0.1466666666666636 -0.7189488223348492 -0.9
1433 -0.5127150450634443 0.6785957980031032 -0.9
1434 -0.6555689340656584 0.6807971062140321 -0.9
1435 0.7332833468825135 0.2971598950254994 -0.9
1436 0.3666619537501528 -0.08386610680066076 -0.9
1437 0.8031830914003817 0.1721616982457186 -0.9
1438 -0.8032008879146337 0.1713305328051318 -0.9
1439 -0.7292899247892906 0.04522767790686166 -0.9
1440 -0.585992765242668 0.04337907699866039 -0.9
1441 -0.6592137816719967 -0.08348024474050231 -0.9
1442 -0.5130899800413377 -0.08376205531144088 -0.9
1443 -0.586495071396669 -0.2107997933812239 -0.9
1444 -0.7331736977336688 -0.2108032398559041 -0.9
1445 -0.659985629647819 -0.3378907839146924 -0.9
1446 -0.5133023390629714 -0.3378830358660764 -0.9
1447 -0.5866591058962419 -0.4649111256316514 -0.9
1448 -0.4399935741598686 -0.4649116727141891 -0.9
1449 -0.5133333333333306 -0.5919317631131421 -0.9
1450 -0.366665595693309 -0.5919312579169337 -0.9
1451 -0.6599987398715931 -0.5919311667365157 -0.9
1452 -0.29333208386442 -0.4649141144958477 -0.9
1453 -0.2199996132596208 -0.5919315806811738 -0.9
1454 -0.2933330903810396 -0.7189487077301593 -0.9
1455 -0.1466665617178865 -0.7189487728287427 -0.9
1456 -0.5866664566452622 -0.7189487229387539 -0.9
1457 -0.2199999420164869 -0.8459658542047681 -0.9
1458 -0.7290788235029284 -0.716492505442119 -0.9
1459 -0.1466666666666908 0.8052558883257552 -0.9
1460 0.2948390437101287 0.7988510141193597 -0.9
1461 -0.5866666666666907 0.805255888325749 -0.9
1462 -0.8009613430028389 -0.5905076024884723 -0.9
1463 -0.2883792620072118 0.8023956539120185 -0.9
1464 0.8301230269746158 -0.348386460167996 -0.9
1465 0.7333333333333403 -0.4649147038913999 -0.9
1466 0.8663637889064904 -0.2154672584184442 -0.9
1467 -0.8300984381410057 -0.3483742829782079 -0.9
1468 -0.8663272037163118 -0.2154492113301564 -0.9
1469 -0.7315246320912663 0.7987565037279287 -0.9
1470 -0.8158915920566157 0.6725048759475016 -0.9
1471 0.4399999999999744 0.8052558883257657 -0.9
1472 -0.8800000000000143 0.2971876514388727 -0.9
1473 0.8775353876066756 0.2985512954677574 -0.9
1474 0.8079233055550312 0.4272327780528546 -0.9
1475 0.872350681657172 0.5365450919587442 -0.9
1476 -0.2235689877233147 0.9338445969183167 -0.9
1477 0.9589854629927816 0.1590323747173785 -0.9
1478 -0.9593400928367268 0.1587188305074503 -0.9
1479 0.5133328665071555 -0.3378979007686586 -0.9
1480 0.4399974814280956 -0.210881965929733 -0.9
1481 0.2933291209917073 0.04315122748287137 -0.9
1482 0.2199996127803399 -0.083863738207683 -0.9
1483 0.5866666666666629 -0.7189488223348458 -0.9
1484 0.6599999999999946 -0.5919317631131272 -0.9
1485 0.7290790685279012 -0.7164926214042262 -0.9
1486 0.8009615938617365 -0.590507721211581 -0.9
1487 0.2199453541288665 0.4245194856656931 -0.9
1488 0.1466219350658982 0.2972214853276487 -0.9
1489 0.6592909558657598 -0.8455565147347937 -0.9
1490 0.8288366279039718 -0.8330124964244427 -0.9
1491 0.8810151276264779 -0.9758348187763266 -0.9
1492 -0.0733333333333519 0.4240011310157834 -0.9
1493 -0.5864668817916858 -0.9730982866296345 -0.9
1494 0.1466666666666643 -0.9729829407782836 -0.9
1495 0.1466666666666634 0.9803118079918254 -0.9
1496 0.07333333333332637 0.8459658815565645 -0.9
1497 0.2933333333333303 0.9729829407782824 -0.9
1498 0.5866666666666673 0.9729829407782793 -0.9
1499 0.6647542864511686 0.8489414618216458 -0.9
1500 0.829162263197784 0.8323517425541289 -0.9
1501 0.7333333333333427 0.7189488223348477 -0.9
1502 0.5866666666666756 0.7189488223348424 -0.9
1503 -0.4343509807994583 0.8200090980309107 -0.9
1504 -0.4399997460088224 -0.7189487024686882 -0.9
1505 -0.962201416663772 0.5875983460899206 -0.9
1506 -0.8503212270433671 0.5295322537638458 -0.9
1507 -0.58646029040931 0.9769102863948511 -0.9
1508 0.9498571297859462 -0.5891681232328987 -0.9
1509 -0.9497582260763751 -0.5893393504510156 -0.9
1510 -0.9583215199280518 0.8806846574102483 -0.9
1511 -0.3647964368672517 0.680280486469117 -0.9
1512 -0.7333333333333329 -0.4649147038914287 -0.9
1513 -0.4399256761946104 -0.2108477734837833 -0.9
1514 -0.3666137204837754 -0.08384114574643031 -0.9
1515 -0.3666478344358695 -0.3378891377795975 -0.9
1516 -0.07333333333333991 -0.3378976446697006 -0.9
1517 0.07343472450053068 0.4243804285593682 -0.9
1518 -0.9733263532148444 -0.8871642710800276 -0.9
1519 -0.293333323669414 -0.9729829362196514 -0.9
1520 0.4399999221956352 -0.4649147465745717 -0.9
1521 0.0733333333333297 -0.5919317631131326 -0.9
1522 0.9729829407782824 0.8799999999999992 -0.9
1523 -0.8286453412820896 -0.07697192722025847 -0.9
1524 0.3665535334503021 0.1701099453428605 -0.9
1525 0.2933320635486503 -0.2108812809542413 -0.9
1526 0.07332587806652713 0.1701762311986306 -0.9
1527 0.2933333333333308 -0.9729829407782834 -0.9
1528 -0.4400000000000157 0.2971876514388803 -0.9
1529 0.6589154878953138 0.4269377163784156 -0.9
1530 -0.4398382998501921 0.04321176556176054 -0.9
1531 0.2199999999999969 -0.845965881556566 -0.9
1532 0.219936120640168 0.1701480503523045 -0.9
1533 -0.5132970810090617 0.1701516285768991 -0.9
1534 0.07333333333333192 -0.8459658815565668 -0.9
1535 -0.2932975589445586 0.04316696850314061 -0.9
1536 0.7292722744922635 0.04547825045487741 -0.9
1537 0.8287821862488245 -0.07700505221507092 -0.9
1538 -0.2199852132380621 -0.08385755689501218 -0.9
1539 -0.2933065185031662 -0.2108689740037518 -0.9
1540 -0.2199921839116902 -0.3378941933813835 -0.9
1541 0.5866664782892093 -0.464914807242082 -0.9
1542 -0.07333325138514235 -0.591931724456789 -0.9
1543 -0.1466650776257032 -0.464913993596052 -0.9
1544 3.114949409521728e-08 -0.7189488076411082 -0.9
1545 -0.1466666553920953 -0.9729829354598789 -0.9
1546 -0.07333329910727415 -0.8459658654115583 -0.9
1547 -0.3666666421720531 -0.845965869999695 -0.9
1548 -0.5132999544363026 -0.845985067395271 -0.9
1549 -0.6590522345210454 -0.8456942466414549 -0.9
1550 -0.8269607644126979 -0.8359464075002139 -0.9
1551 0.7354877311773795 0.5608690453633134 -0.9
1552 0.8787679717957819 0.9790219340581157 -0.9
1553 -0.8748716991540901 0.9911963112816831 -0.9
1554 -0.8785467710400054 -0.9803027597755114 -0.9
1555 0.9781133902600785 -0.8812228031249338 -0.9
1556 0.9759703480895894 -0.29067273025103 -0.9
1557 -0.9759630654677121 -0.2906691321226939 -0.9
1558 -0.8568348043249518 0.7960608065281345 -0.9
1559 -0.9761634682820511 -0.1414386938721064 -0.9
1560 0.9761849817080983 -0.141445214135369 -0.9
1561 0.8582017980951882 0.0600709782152582 -0.9
1562 -0.8582524444328868 0.05979854677451324 -0.9
1563 -0.7156284239275086 0.5586157063935859 -0.9
1564 -0.8066666666666827 0.3982529985443966 -0.9
1565 0.9883164709003629 0.5910814179443393 -0.9
1566 0.8551799262487889 0.663943656247302 -0.9
1567 -0.8566544399312011 -0.4848756159353625 -0.9
1568 0.8566791886116178 -0.4848438296743107 -0.9
1569 1.002188459112988 0.2933333333333303 -0.9
1570 -1.002188459113006 0.2933333333333301 -0.9
1571 0.8554555310172183 -0.6950468116593558 -0.9
1572 -0.8549220633786556 -0.6959075342310661 -0.9
1573 -0.1174120057881251 0.9760580063165678 -0.9
1574 0.4807879586314441 0.6627091069550499 -0.9
1575 0.5444667933270924 0.8607534932942016 -0.9
1576 -0.03814906782430327 0.8723090804043321 -0.9
1577 0.1769334637821083 0.783061230907472 -0.9
1578 -0.335077243402469 0.9089104108350328 -0.9
1579 -0.9926325482232313 0.9926325482232303 -0.9
1580 0.9926325482232308 -0.992632548223231 -0.9
1581 0.9926325482232303 0.9926325482232303 -0.9
1582 -0.9926325482232315 -0.9926325482232315 -0.9
1583 -0.660000000000025 0.8891194145520049 -0.9
1584 -0.5204431273961095 0.8900067623132615 -0.9
1585 0.3593304208608072 0.8880297752617159 -0.9
1586 0.6594259674427521 0.6394785004021075 -0.9
1587 -0.3162133101882958 1.002820313801545 -0.9
1588 0.2214842238633599 0.8856611536903676 -0.9
1589 -0.01094245452110698 0.7694737289222964 -0.9
1590 -0.8054533367705435 0.8950246622216613 -0.9
1591 -0.9729829407782837 -1.77635683940025e-15 0.604
1592 0.9729829407782828 -2.664535259100376e-15 0.604
1593 0.0006876198733887229 0.9707859753416921 0.604
1594 0.0006876198733825056 -0.9707859753416925 0.604
1595 -0.9729829407782836 -0.4399999999999968 0.604
1596 0.4238448519569751 -0.9582577068735046 0.604
1597 0.4342775433241906 0.966557428244208 0.604
1598 -0.9729829407782822 0.4399999999999979 0.604
1599 -0.4312421398676852 -0.9691208591024512 0.604
1600 0.9576383532104757 0.4442463468509779 0.604
1601 -0.4312421398676748 0.9691208591024512 0.604
1602 0.9713465612543803 -0.4357536531490237 0.604
1603 0.7333333333333325 -0.9729829407782822 0.604
1604 -0.7472518052735089 -0.9678511598984378 0.604
1605 -0.9729829407782824 0.7333333333333325 0.604
1606 0.74386581732844 0.972429077226693 0.604
1607 0.9736750158863772 0.7321346240834599 0.604
1608 -0.9736750158863781 -0.7321346240834544 0.604
1609 -0.7460530960236281 0.9685432350065386 0.604
1610 0.9788359998349594 -0.7328227900027119 0.604
1611 -0.9729829407782821 0.5866666666666647 0.604
1612 -0.8459658815565632 0.5133333333333343 0.604
1613 -0.8459658815565647 0.3666666666666645 0.604
1614 -0.7189488223348453 0.4400000000000002 0.604
1615 -0.7189488223348477 0.2933333333333301 0.604
1616 -0.5919317631131297 0.3666666666666625 0.604
1617 -0.5919317631131309 0.2199999999999958 0.604
1618 -0.4649147038914129 0.2933333333333281 0.604
1619 -0.4649147038914139 0.1466666666666616 0.604
1620 -0.3378976446696961 0.2199999999999938 0.604
1621 -0.3378976446696969 0.07333333333332748 0.604
1622 -0.2108805854479784 0.1466666666666612 0.604
1623 -0.2108805854479798 -6.217248937900877e-15 0.604
1624 -0.08386352622626125 0.0733333333333277 0.604
1625 -0.08386352622626303 -0.07333333333334036 0.604
1626 0.04315353299545466 -7.993605777301127e-15 0.604
1627 0.04315353299545777 0.1466666666666603 0.604
1628 0.04315353299545333 -0.1466666666666741 0.604
1629 -0.2108805854479809 -0.1466666666666724 0.604
1630 0.1701705922171715 -0.07333333333334235 0.604
1631 0.1701705922171706 -0.2200000000000085 0.604
1632 0.2971876514388883 -0.1466666666666762 0.604
1633 0.2971876514388869 -0.293333333333343 0.604
1634 -0.3378976446696924 0.366666666666664 0.604
1635 0.170170592217169 -0.3666666666666747 0.604
1636 -0.4649147038914145 -4.218847493575595e-15 0.604
1637 0.2971876514388894 -9.769962616701378e-15 0.604
1638 0.4242047106606053 -0.220000000000011 0.604
1639 0.4242047106606037 -0.3666666666666776 0.604
1640 -0.5919317631131236 0.5133333333333372 0.604
1641 0.5512217698823214 -0.2933333333333458 0.604
1642 0.5512217698823201 -0.4400000000000119 0.604
1643 0.5512217698823241 -0.1466666666666793 0.604
1644 0.4242047106606019 -0.5133333333333439 0.604
1645 0.5524862064738822 -0.5844765982471415 0.604
1646 0.67823882910404 -0.2200000000000149 0.604
1647 0.6709099618904977 -0.07333333333334857 0.604
1648 0.4242047106606006 -0.6600000000000104 0.604
1649 0.5500002920134024 -1.265654248072678e-14 0.604
1650 0.6922448430478132 0.07757968018430206 0.604
1651 0.553352525894804 0.1473743911418184 0.604
1652 0.6782388291040495 0.2199999999999842 0.604
1653 0.5515768958844125 0.293451287412515 0.604
1654 0.6754377823573323 0.3617322543537065 0.604
1655 0.5479538820111631 0.4342431856348852 0.604
1656 0.4237192503491016 0.3657268566190062 0.604
1657 0.4235791526301727 0.5122172292645313 0.604
1658 0.297002481715241 0.4396573476472527 0.604
1659 0.2970525301465536 0.586423540596404 0.604
1660 0.1701172103811839 0.5132357035961634 0.604
1661 0.5659491597461623 0.5812976865019979 0.604
1662 0.1701391750291306 0.6599432073654259 0.604
1663 0.04313939982479331 0.5866409296047095 0.604
1664 0.04314228049435354 0.4399794388668119 0.604
1665 -0.0838677571715476 0.5133256169674776 0.604
1666 -0.08386658691224169 0.659994424428699 0.604
1667 -0.2108818007198481 0.5866644513438097 0.604
1668 -0.2108812981076087 0.733332034850976 0.604
1669 -0.3378979659916034 0.6599994143658012 0.604
1670 0.2970758797663684 0.2931195895999268 0.604
1671 0.2971876514388838 -0.5866666666666757 0.604
1672 0.2925523628165529 -0.7333333333333418 0.604
1673 0.1693980441134437 -0.660000000000007 0.604
1674 -0.7189488223348487 0.1466666666666641 0.604
1675 0.6784495685359635 -0.5129683219300903 0.604
1676 0.6797491283661805 -0.6573840849433438 0.604
1677 0.2971598950255068 0.7332833468825219 0.604
1678 -0.08386610680065587 0.366661953750159 0.604
1679 0.1721616982457259 0.8031830914003908 0.604
1680 0.1712702543915996 -0.8032008879146292 0.604
1681 0.04520902030267693 -0.7292899247892868 0.604
1682 0.04336735619603371 -0.5859927652426634 0.604
1683 -0.08348530780830044 -0.6592137816719931 0.604
1684 -0.08376485262317512 -0.5130899800413338 0.604
1685 -0.2108011034444756 -0.5864950713966659 0.604
1686 -0.2108043020444084 -0.7331736977336656 0.604
1687 -0.3378908868341197 -0.6599856296478164 0.604
1688 -0.3378832713631862 -0.5133023390629685 0.604
1689 -0.4649111820344038 -0.5866591058962394 0.604
1690 -0.4649117213641625 -0.4399935741598661 0.604
1691 -0.5919317631131366 -0.5133333333333285 0.604
1692 -0.5919312660252584 -0.3666655956933071 0.604
1693 -0.5919311761369696 -0.6599987398715909 0.604
1694 -0.4649141239555608 -0.2933320838644178 0.604
1695 -0.7189487245054917 -0.5866664566452592 0.604
1696 -0.591931583609177 -0.2199996132596191 0.604
1697 -0.7189487095695454 -0.2933330903810385 0.604
1698 -0.7189487736233064 -0.1466665617178855 0.604
1699 -0.8459658546437597 -0.2199999420164844 0.604
1700 -0.7164925072699811 -0.7290788235029273 0.604
1701 0.8052558883257592 -0.1466666666666847 0.604
1702 0.7988510141193648 0.2948390437101351 0.604
1703 0.8052558883257541 -0.5866666666666803 0.604
1704 -0.5905076043598554 -0.8009613430028375 0.604
1705 0.8023956539120209 -0.2883792620072054 0.604
1706 -0.3483864601679922 0.8301230269746176 0.604
1707 -0.4649147038913972 0.7333333333333407 0.604
1708 -0.2154672584184421 0.8663637889064943 0.604
1709 -0.3483744494221945 -0.8300984381410033 0.604
1710 -0.2154494570566524 -0.8663272037163096 0.604
1711 0.7986673899653618 -0.7316789816556869 0.604
1712 0.6681749868233191 -0.8236516888216894 0.604
1713 0.8052558883257712 0.439999999999982 0.604
1714 0.2971876514388803 -0.8800000000000084 0.604
1715 0.2985512954677632 0.8775353876066834 0.604
1716 0.4272327780528602 0.8079233055550388 0.604
1717 0.5365450919587478 0.8723506816571773 0.604
1718 0.9338445969183189 -0.2235689877233107 0.604
1719 0.1587102193055188 -0.9593400928367246 0.604
1720 0.1590323747173819 0.9589854629927856 0.604
1721 -0.4649147574450565 0.5866665690609707 0.604
1722 -0.5919317720387264 0.6599999837323924 0.604
1723 -0.5909170895209419 0.8016706352847123 0.604
1724 -0.7163235106264582 0.7282463939196475 0.604
1725 0.0431512274828767 0.2933291209917142 0.604
1726 -0.718511271871047 0.5858188407197849 0.604
1727 -0.3378979096942634 0.5133328502395402 0.604
1728 0.4243562570178683 0.07345128741251705 0.604
1729 -0.845965858276882 -0.3666666165106943 0.604
1730 -0.08386373820767901 0.219999612780347 0.604
1731 0.1701515793529917 0.2199636739874902 0.604
1732 0.4240263887419959 -0.07331367432014546 0.604
1733 0.9729829407782797 0.5866666666666671 0.604
1734 0.8489414618216464 0.6647542864511689 0.604
1735 0.8323517425541294 0.8291622631977835 0.604
1736 0.7189488223348481 0.7333333333333423 0.604
1737 0.7189488223348424 0.5866666666666753 0.604
1738 0.9803118079918263 0.1466666666666641 0.604
1739 0.8459658815565649 0.07333333333333081 0.604
1740 -0.9729829407782826 0.1466666666666638 0.604
1741 -0.5919317631131316 0.07333333333333059 0.604
1742 -0.2108819674173311 0.4399974787168293 0.604
1743 -0.5892266044199441 0.9499584214178016 0.604
1744 0.9769102863948516 -0.586460290409309 0.604
1745 0.04547825045488363 0.7292722744922724 0.604
1746 -0.07700505221506648 0.8287821862488298 0.604
1747 -0.5893393507183537 -0.9497582260763743 0.604
1748 -0.9730982866296325 -0.5864668817916837 0.604
1749 -0.9758067667251447 0.8793785191721371 0.604
1750 -0.8334502224231355 0.8287301834322773 0.604
1751 0.5861819629968585 -0.9707332185577001 0.604
1752 0.5266806340270953 -0.8559004407471388 0.604
1753 0.8806846574102489 -0.9583215199280516 0.604
1754 -0.0769755027326835 -0.8286453412820877 0.604
1755 -0.2108484972957971 -0.4399256761946071 0.604
1756 -0.08384173260038574 -0.3666137204837717 0.604
1757 -0.8871642710800267 -0.973326353214845 0.604
1758 0.9729829407782797 0.2933333333333328 0.604
1759 0.1701067765321691 0.366547479114893 0.604
1760 -0.4649147038914226 -0.7333333333333303 0.604
1761 -0.7189487005078135 -0.4399997376494922 0.604
1762 -0.3378976446696977 -0.07333333333333791 0.604
1763 -0.4649147569877798 0.4399999032167503 0.604
1764 -0.3378893073493976 -0.3666478344358665 0.604
1765 0.8799999999999986 0.9729829407782811 0.604
1766 0.4269377163784218 0.6589154878953218 0.604
1767 -0.8433694613389614 0.6626881252341732 0.604
1768 0.2971876514388854 -0.4400000000000097 0.604
1769 -0.8459658815565655 0.2199999999999975 0.604
1770 -0.2108812812021722 0.2933320630967755 0.604
1771 -0.9729829407782826 0.293333333333331 0.604
1772 0.1700774713999778 -0.5132210164293394 0.604
1773 0.04319372793084542 -0.4398195803661872 0.604
1774 -0.8459658815565664 0.07333333333333147 0.604
1775 0.1701674234064763 0.07332727899790759 0.604
1776 0.2971905836072011 0.1466436383329706 0.604
1777 0.4245452320866261 0.2199611750864587 0.604
1778 0.04316386442233133 -0.2932944390305536 0.604
1779 -0.0838581720508047 -0.2199846932523916 0.604
1780 0.6777972466070694 -0.3657801528784475 0.604
1781 -0.2108693232356774 -0.2933064318388853 0.604
1782 0.8199251248931823 -0.4342605183820845 0.604
1783 -0.3378942814249548 -0.2199921694676412 0.604
1784 -0.9729829362928162 -0.1466666570027473 0.604
1785 -0.4649140167773226 -0.1466650888763924 0.604
1786 -0.5919316105582004 -0.07333298842009506 0.604
1787 -0.9729829374572218 -0.2933333261781181 0.604
1788 -0.7189487887904372 7.497700238445759e-08 0.604
1789 -0.8459850653757783 -0.5132999487661862 0.604
1790 -0.845965868026302 -0.07333330386033099 0.604
1791 -0.8456942468706383 -0.6590522335760256 0.604
1792 -0.8359464077940763 -0.826960764277695 0.604
1793 0.5608690453633183 0.7354877311773853 0.604
1794 -0.8812715738329709 0.9779058839593602 0.604
1795 -0.9803027598104948 -0.8785467710239339 0.604
1796 0.991196311281684 -0.8748716991540905 0.604
1797 0.9790219340581161 0.8787679717957813 0.604
1798 -0.2906727302510294 0.9759703480895907 0.604
1799 -0.2906691811906073 -0.9759630654677108 0.604
1800 0.5588083894316989 -0.7201929228161241 0.604
1801 0.7951770059507859 -0.8584176935908514 0.604
1802 -0.1414391546229197 -0.9761634682820506 0.604
1803 -0.1414452141353675 0.9761849817081001 0.604
1804 0.06007097821526264 0.8582017980951941 0.604
1805 0.05978032222809904 -0.8582524444328842 0.604
1806 0.5910814179443402 0.9883164709003665 0.604
1807 0.6639436562473038 0.8551799262487911 0.604
1808 0.4026803213001167 -0.8052646641924497 0.604
1809 -0.4848756496519023 -0.8566544399311993 0.604
1810 -0.4849373995735902 0.8568412552225848 0.604
1811 0.2933333333333303 1.002188459112993 0.604
1812 0.2933333333333303 -1.002188459113002 0.604
1813 -0.6959075350831551 -0.8549220633516544 0.604
1814 -0.6951941046028216 0.8554297738121956 0.604
1815 0.9760580063165691 -0.1174120057881222 0.604
1816 0.8723090804043334 -0.03814906782429928 0.604
1817 0.6627091069550541 0.4807879586314496 0.604
1818 0.8607534932942031 0.5444667933270941 0.604
1819 0.9088936162074885 -0.3350591509189917 0.604
1820 0.7830612309074767 0.1769334637821138 0.604
1821 0.9926325482232312 0.9926325482232312 0.604
1822 -0.9926325482232313 0.9926325482232303 0.604
1823 0.9926325482232308 -0.9926325482232317 0.604
1824 -0.9926325482232315 -0.9926325482232315 0.604
1825 0.8891194145520229 -0.6600000000000035 0.604
1826 0.8900023905339109 -0.5204384177742121 0.604
1827 0.8880297752617161 0.359330420860811 0.604
1828 0.6394785004021095 0.6594259674427536 0.604
1829 1.002816954876038 -0.3162096916915993 0.604
1830 0.8856611536903722 0.2214842238633588 0.604
1831 0.7694737289222986 -0.0109424545211001 0.604
1832 0.8950246622216653 -0.8054533367705466 0.604
1833 0.4373899373611949 1.1 0.1250145579611156
1834 0.301440714074829 1.1 -0.7690796045405734
1835 0.9830738686860143 1.1 -0.4236800353240582
1836 -0.5578182741208881 1.1 -0.1486326697968289
1837 -0.2943569215951163 1.1 0.4832350455361804
1838 -0.182016074081553 1.1 -0.1978503731118517
1839 -0.090439099002527 1.1 -0.2894979270800198
1840 0.5866666666666651 1.1 -0.7729829407782821
1841 -0.5866666666666674 1.1 0.4769829407782827
1842 -0.2666166184948808 1.1 -0.1088800875463507
1843 0.9711331135750347 1.1 -0.1315909793557059
1844 -0.06177950720185121 1.1 -0.1714150364401105
1845 0.0349664326995236 1.1 -0.2616932632270964
1846 -0.9834542157032069 1.1 0.1254406241124738
1847 0.6215670380099723 1.1 0.1983761126205293
1848 -0.002037819486182535 1.1 -0.3842676643631118
1849 0.1309713154294134 1.1 -0.3541195218416361
1850 -0.9848157926014482 1.1 -0.5587374469325946
1851 0.2371085068551664 1.1 0.1485800110275938
1852 0.1263003659731052 1.1 0.2134639390751339
1853 -0.6762941483917912 1.1 -0.2085895640815103
1854 0.1668533908605723 1.1 -0.2026501739680546
1855 0.2626415726936961 1.1 -0.3165505046456029
1856 0.7105341991649772 1.1 0.2915525518240633
1857 -0.6698154841907167 1.1 -0.07517078769651875
1858 -0.5489910183792561 1.1 -0.01341318151064719
1859 -0.6630924479690425 1.1 0.06074509383573101
1860 0.7456903922455076 1.1 0.1588904049076184
1861 -0.5465879974594139 1.1 0.1231129640993521
1862 -0.5351611529151243 1.1 -0.5331747501241382
1863 0.6597137366483738 1.1 0.07201863668028141
1864 -0.01137189453650755 1.1 -0.7624332102000835
1865 -0.6559028098715149 1.1 -0.4780993988302726
1866 0.2984279666623311 1.1 -0.189219453796785
1867 0.3943914954235783 1.1 -0.2856830106739793
1868 0.3600589667756002 1.1 -0.4154072382982421
1869 0.4914191392128666 1.1 -0.3826192407691822
1870 0.5271767110100256 1.1 -0.2504459691803366
1871 0.6236535908337166 1.1 -0.3475607007366922
1872 -0.3307679315498712 1.1 -0.5555642558987054
1873 0.6531374418287541 1.1 -0.2131021971958537
1874 -0.9815907084280185 1.1 -0.2847272727272721
1875 0.07997816572593597 1.1 -0.4845922149968961
1876 0.1303878799551299 1.1 0.07719188497572949
1877 0.01203738535968246 1.1 0.1393247832503287
1878 0.009762251668287369 1.1 0.2779936486895743
1879 -0.1077301841786535 1.1 0.2030524368898975
1880 -0.656858829935945 1.1 0.1982780947574284
1881 0.8828434152911768 1.1 -0.7688321372855835
1882 -0.8785548012420327 1.1 0.4738395631083597
1883 -0.7235336997574262 1.1 -0.7711618370452089
1884 -0.1936593380760425 1.1 -0.5339728722415178
1885 0.5882006842170022 1.1 -0.4806954663710293
1886 0.9815907084280191 1.1 0.3989090909090919
1887 0.7824776572911882 1.1 0.03466594972569181
1888 -0.7870257618497443 1.1 -0.137606576271435
1889 0.7201974259966999 1.1 -0.4445774755498583
1890 -0.1045974961248428 1.1 0.04950406114904715
1891 -0.2240734481253912 1.1 0.133355435129847
1892 -0.5310251401436006 1.1 0.2627190459721126
1893 0.8759982039862493 1.1 0.1307472472435199
1894 -0.446832962530661 1.1 -0.7807037479282485
1895 -0.2466163449920618 1.1 -0.6568956536921104
1896 0.6909318036375278 1.1 -0.5738215977385956
1897 -0.4283835331450826 1.1 0.06527890442147011
1898 -0.1129900681941302 1.1 0.339358716097138
1899 0.5628041201383942 1.1 -0.11821967845357
1900 0.820943041514542 1.1 -0.5439554986742263
1901 0.2373284686315515 1.1 0.01739941555120395
1902 -0.7831973004427741 1.1 -0.276529511201891
1903 -0.7741729117066044 1.1 0.1302398781250965
1904 -0.7712431387859409 1.1 0.2617368257374934
1905 0.006598996158539983 1.1 0.4112876389895342
1906 0.7170634694702507 1.1 0.5032550599475448
1907 -0.6489001905129028 1.1 -0.635059864279556
1908 -0.7615605425658887 1.1 -0.5562719714852915
1909 0.1381952031038125 1.1 -0.05655700129766061
1910 -0.1034292062411668 1.1 -0.6431437626614829
1911 0.9106143486802423 1.1 0.00874060074314853
1912 0.8299286629051028 1.1 -0.09561151562748516
1913 0.8591279991849508 1.1 -0.2362902164756632
1914 0.5454146860732028 1.1 -0.6391726550285155
1915 -0.7712497509898357 1.1 -0.4197323915275751
1916 -0.5853292616288258 1.1 -0.7737550919368961
1917 0.1326533914560335 1.1 0.350707006449522
1918 -0.1603423830402243 1.1 -0.7739202096445116
1919 0.03079975772760246 1.1 -0.6195420160377497
1920 0.1434650160366677 1.1 -0.7383859088593151
1921 0.2523775879782886 1.1 -0.6270007487053757
1922 0.3882917708268154 1.1 -0.6502499239694339
1923 -0.727447504001235 1.1 0.4794306181341635
1924 0.7330478091060324 1.1 -0.7785324691414744
1925 -0.8741600656734463 1.1 -0.7672935211081443
1926 0.03121658559013385 1.1 -0.0002574005553651615
1927 -0.4402930675015242 1.1 0.4834504260205746
1928 -0.378721341816693 1.1 0.3297212242152897
1929 -0.9856407902899186 1.1 -0.4244560396958185
1930 0.4327992837738406 1.1 -0.1543620550290594
1931 -0.9875690613091985 1.1 -0.1432563101988239
1932 -0.989459412798517 1.1 -0.008267847346787427
1933 -0.1308768352740367 1.1 0.4782004880998999
1934 0.4616064387440721 1.1 -0.002673088298140391
1935 -0.9851226664997745 1.1 0.2618075597081931
1936 -0.1470314748034142 1.1 -0.07127347394030692
1937 0.9870923135667877 1.1 -0.5585023530190141
1938 0.6898035683214159 1.1 -0.07419425396664825
1939 -0.7766399675824673 1.1 -0.005173055909341362
1940 -0.2318811251131954 1.1 0.2635560093243628
1941 -0.3396251709650333 1.1 0.1762401637374976
1942 0.9642468633590329 1.1 0.2482958888523993
1943 0.8621600457582621 1.1 0.3305454545454553
1944 -0.05280424385292126 1.1 -0.5116208887649407
1945 0.4506395303131574 1.1 -0.518186064459933
1946 0.22315472440089 1.1 -0.4745874702372355
1947 -0.6530242042679194 1.1 0.3487120729228291
1948 0.7533709450100301 1.1 -0.3113396637211476
1949 -0.448047714088331 1.1 -0.08140752631370629
1950 0.8698072494843729 1.1 0.474995163064967
1951 0.9770809342268261 1.1 -0.2942338894995348
1952 -0.6704233051322419 1.1 -0.3424446423398801
1953 0.1378783670321355 1.1 0.487156102272874
1954 0.8491506239149578 1.1 -0.4043875603872371
1955 -0.9839956601476957 1.1 -0.6907435923408598
1956 -0.8740334657134026 1.1 -0.623014587254628
1957 -0.9839956601476959 1.1 0.3947435923408612
1958 0.9954603613116828 1.1 -0.6914937561972064
1959 0.4513562921218268 1.1 -0.7769823588977646
1960 -0.8754411770553954 1.1 -0.4907972255848714
1961 -0.5077370991424091 1.1 -0.659010925040357
1962 -0.3073035191382718 1.1 -0.7810486313133922
1963 0.3423700358220079 1.1 -0.05854784809597746
1964 -0.8785908401124056 1.1 -0.3532854165152224
1965 0.3349045160589506 1.1 -0.537086289134044
1966 0.9958579184573999 1.1 0.1105370249483747
1967 -0.2348825268352124 1.1 0.009534455915769402
1968 0.7887186135118633 1.1 -0.6655988846893186
1969 -0.1410874606487846 1.1 -0.4132155333691106
1970 0.04826056388288325 1.1 -0.1315822707330514
1971 -0.8811405128936307 1.1 0.3278920544951774
1972 -0.8834098954382487 1.1 0.1938181818181833
1973 -0.8846030127206865 1.1 0.05816381576768082
1974 0.643111310718125 1.1 0.4086034195049376
1975 -0.8816228094660393 1.1 -0.06862726587360546
1976 -0.3869275326989046 1.1 -0.6652946933196743
1977 0.541138080503536 1.1 0.1024251170374789
1978 -0.5134112350939549 1.1 0.3804303808223489
1979 -0.8829646862845231 1.1 -0.2079614300324498
1980 -0.227562761700227 1.1 0.3801276379865791
1981 0.242217133059162 1.1 -0.09287924807948933
1982 0.5794199068110868 1.1 -0.006527679911311979
1983 -0.7739060556758011 1.1 -0.6696143917870456
1984 -0.3145876894957121 1.1 0.07189287941589961
1985 0.278361988174086 1.1 0.5120782773664091
1986 0.3403421878796595 1.1 0.07859225254649238
1987 0.8316104814790592 1.1 0.2280512474505433
1988 0.1456035274298384 1.1 -0.5834702008496999
1989 -0.3459737684078414 1.1 -0.02494456212508633
1990 0.7628527367067828 1.1 -0.1890491295992262
1991 0.659851301547429 1.1 -0.6883482092037329
1992 1.018262449748693 1.1 -0.01127272727272621
1993 -0.9966876560165558 1.1 -0.7994780277439574
1994 -1.003176758944613 1.1 0.50877117654439
1995 -0.4473888040856704 1.1 0.1898914850655457
1996 0.9988303298865584 1.1 0.5057764633669214
1997 -0.7839351568635797 1.1 0.3806037155193326
1998 0.7629555228987195 1.1 0.3951302563226408
1999 1.004301565411748 1.1 -0.8040034072007654
2000 -0.4363148311563307 1.1 -0.573334497532241
2001 -2.664535259100376e-15 1.1 0.5221110247598576
2002 0.8988528041983437 1.1 -0.6225278824105744
2003 0.5835973937833812 1.1 0.5127243338561022
2004 -0.04919495183655531 1.1 -0.06692951193841412
2005 -0.3623198952159209 1.1 -0.1404401053627877
2006 0.9066909739761733 1.1 -0.4898181818181815
2007 0.4586605437810307 1.1 0.5209796134874093
2008 1.1 -0.4344079690567173 -0.7759866391363549
2009 1.1 -0.4919224497021013 0.1237911752122945
2010 1.1 -0.1472805960550141 0.2751429909915678
2011 1.1 -0.99389502302434 -0.2975270464003508
2012 1.1 -0.1843323219241271 0.1602279571859054
2013 1.1 0.9804946171586195 0.1342471622552325
2014 1.1 0.4043687248539296 -0.1041434507073354
2015 1.1 0.1419582305113156 -0.4050987211446661
2016 1.1 0.5828757806883371 0.4860892547563193
2017 1.1 -0.065525767376857 0.1897022420803415
2018 1.1 0.2936011287399434 0.4786994589000192
2019 1.1 -0.1047939780770033 0.06642001765701278
2020 1.1 -0.7489452219347983 -0.7601698112521682
2021 1.1 -0.1478283501470035 -0.7734792421473488
2022 1.1 -0.9934003972714311 -0.006792675426103845
2023 1.1 0.5943348163355764 -0.168636408730519
2024 1.1 0.9756741714964279 -0.552517668016311
2025 1.1 -0.6538028887378009 0.2745776282650251
2026 1.1 0.01905044857836891 0.08774125378566433
2027 1.1 0.09107902587332162 -0.283838304515175
2028 1.1 0.01084076030541214 -0.3888867427537644
2029 1.1 0.6985038180815346 -0.2448720436065746
2030 1.1 -0.03490228955714714 -0.2642576260859154
2031 1.1 -0.1204940539469916 -0.3723770471661882
2032 1.1 -0.1723333444628328 -0.2485883578457172
2033 1.1 -0.2547431584149144 -0.3562095825660806
2034 1.1 -0.3073963187387391 -0.2310029694842567
2035 1.1 -0.3901470340449602 -0.3396759477781229
2036 1.1 -0.4437572938794352 -0.2181415536445427
2037 1.1 -0.5266808077894441 -0.3231603567695616
2038 1.1 -0.5803300822723974 -0.2013083365507007
2039 1.1 0.7250148051530898 -0.7612276026280174
2040 1.1 0.1840646296678086 -0.5272542823467478
2041 1.1 0.7153878933138766 -0.11762965745487
2042 1.1 0.0588964980940998 0.2170297694937261
2043 1.1 -0.9714044332577494 -0.5448016527351649
2044 1.1 0.1465471735384227 0.1113197671820082
2045 1.1 -0.986192247828461 0.2620119181163055
2046 1.1 0.501932390551268 -0.5531168337539902
2047 1.1 0.6314798498674712 -0.5155495198767805
2048 1.1 -0.6634412203771889 -0.3058660325319854
2049 1.1 -0.6100826106055672 -0.4326466993772594
2050 1.1 0.6081359435438034 -0.03600292245632852
2051 1.1 -0.2289781997499823 0.03941261940199636
2052 1.1 -0.3407250444101912 -0.4578464143003376
2053 1.1 -0.7161394656331188 -0.1788149474314853
2054 1.1 0.8911824644218731 0.4895403124559511
2055 1.1 0.7255199921726347 0.02199658421176931
2056 1.1 0.6187307375129449 0.1004647949697522
2057 1.1 0.7377730306534267 0.1596487879419076
2058 1.1 0.9672503340394019 -0.2858082280857075
2059 1.1 0.1023594326443114 -0.01294379007127555
2060 1.1 -0.06869026961465741 -0.4912769520496026
2061 1.1 0.1887670390382286 0.2364369866494133
2062 1.1 0.2774601658328737 0.1344926913124139
2063 1.1 -0.7476161430136267 -0.4148643334829294
2064 1.1 0.8451063699589509 -0.06326412091519007
2065 1.1 -0.008658994149002508 0.4599606602968483
2066 1.1 0.2871561578157102 -0.7866446731181961
2067 1.1 -0.6939720314369707 0.3877852180206433
2068 1.1 0.3217107168524895 0.2595858272467632
2069 1.1 -0.6371603829315724 -0.07484085478084268
2070 1.1 0.6055121865600435 0.2541007944193293
2071 1.1 -0.8855064648856479 0.4753548730274663
2072 1.1 -0.6957764282784688 -0.5384761126452358
2073 1.1 -0.5592734520655357 -0.5506442474301516
2074 1.1 -0.7650440164049952 -0.05555656353038907
2075 1.1 -0.6901994583435413 0.0536136736829147
2076 1.1 -0.08772791846782457 -0.1435636196579958
2077 1.1 0.7434144928913253 0.3017000168837419
2078 1.1 -0.7736731225010212 0.2941178902268232
2079 1.1 -0.807655328044718 0.06271005195651724
2080 1.1 -0.3774268876579651 -0.1174588745431949
2081 1.1 0.4068434657015414 0.1555514428427393
2082 1.1 0.2063730806501793 -0.1776392070645308
2083 1.1 0.3741231821578137 -0.599893307449076
2084 1.1 0.4726886467572102 -0.6760300225203308
2085 1.1 0.4563929884494429 0.2688267935184779
2086 1.1 -0.8521700093388819 -0.1598507170490745
2087 1.1 0.09652378564502517 0.3498677100048916
2088 1.1 0.6704634917382311 -0.3901572157979908
2089 1.1 0.7595091686236921 -0.4957439458954327
2090 1.1 0.8214919877413991 -0.3677364954728858
2091 1.1 0.8377133069470473 -0.2131145118705345
2092 1.1 0.9724360084144443 -0.1440568007504709
2093 1.1 0.7272992012695223 -0.6167207018040107
2094 1.1 -0.3668879228177643 0.08471642017176462
2095 1.1 -0.4381253726231686 0.0009834623565573297
2096 1.1 0.8628430422938151 0.217545641696009
2097 1.1 0.07432788530576184 -0.1474586420414682
2098 1.1 -0.827263885224931 -0.5291287296034931
2099 1.1 -0.1413217069700882 0.4800688546979112
2100 1.1 0.9724925146426551 -0.4233627926823484
2101 1.1 -0.8903171101767688 -0.3920429617219435
2102 1.1 -0.8809418844315234 -0.6594785995303909
2103 1.1 0.1437402291321304 0.4786725202766121
2104 1.1 0.353350666079383 0.01795006273385003
2105 1.1 0.4392848000378695 0.4899113959471165
2106 1.1 0.7419164659606561 0.4564834523923714
2107 1.1 -0.2341943083721725 -0.107680533465115
2108 1.1 -0.2920502147726838 -0.7745693777221796
2109 1.1 -0.219993624472929 -0.648691658251049
2110 1.1 -0.07708946966270069 -0.6538512665478862
2111 1.1 -0.003522039549212819 -0.7730780592170298
2112 1.1 0.06492443389721725 -0.6466493311044301
2113 1.1 0.1434574865830611 -0.7776687513328795
2114 1.1 -0.3604556949288025 -0.659557512712815
2115 1.1 0.8787274646640009 -0.7909663139603164
2116 1.1 0.8539472437971174 -0.5902133071192956
2117 1.1 -0.5834988030557061 -0.7771529559508908
2118 1.1 -0.9927547675774473 0.1267607576922897
2119 1.1 -0.03255461133923876 0.3106812494734102
2120 1.1 -0.7933159342250258 -0.2835611898008104
2121 1.1 0.8560471819631186 0.07733668525972215
2122 1.1 -0.4765648319676774 -0.4434884650552796
2123 1.1 0.234223757256568 0.007685699812762681
2124 1.1 0.5708955131066644 -0.7769145625733701
2125 1.1 -0.02367170063129898 -0.0322435987342552
2126 1.1 -0.7332730749182477 0.1739586776215666
2127 1.1 -0.8709863307836739 0.1866878051113808
2128 1.1 -0.2038266369829812 -0.4687431155751018
2129 1.1 -0.9726993956114486 -0.1518363768599429
2130 1.1 0.06288091505754734 -0.5085731191626019
2131 1.1 -0.990353502310497 0.3947871492141944
2132 1.1 0.9756806962491886 -0.003047088116026497
2133 1.1 0.2451258716893085 -0.6519144635248868
2134 1.1 0.2301187149055393 0.3601722361472294
2135 1.1 0.9842285036861775 0.2679818056124065
2136 1.1 0.9660092909239095 -0.6889208385981157
2137 1.1 -0.6113337784064612 0.4853485787008606
2138 1.1 0.9867683198715058 0.3989090909090919
2139 1.1 0.4893503789066271 0.03085313520377486
2140 1.1 -0.6122122007344738 0.1528612579531273
2141 1.1 0.8683922148542256 0.3553600533249287
2142 1.1 -0.8928379223584173 -0.7875528664963493
2143 1.1 -0.6457633668711695 -0.6568543453403899
2144 1.1 0.6048850677842041 -0.6499265405260833
2145 1.1 -0.9963305298229336 -0.6955547784404641
2146 1.1 0.6382008544334947 0.3735640941075337
2147 1.1 0.3731496593189199 0.3751533063367029
2148 1.1 -0.1358732210596565 -0.03553102295967137
2149 1.1 -1.011123313291772 -0.4154561503533099
2150 1.1 -0.748968486778856 0.492558048488026
2151 1.1 -0.8889934663230405 0.3301644310752546
2152 1.1 -0.5026465548113828 -0.6628588042078079
2153 1.1 -0.5615471612125793 0.02346052814039978
2154 1.1 0.4290643618400392 -0.789998577574181
2155 1.1 0.5225363160987397 0.173116638702897
2156 1.1 -0.506391196762853 -0.09788427150372081
2157 1.1 -0.7597381573481782 -0.6288215196743356
2158 1.1 -0.4271069224466648 -0.5568525544307443
2159 1.1 -0.2897447369021967 0.1501391643636135
2160 1.1 0.512943174448401 -0.1002971464629089
2161 1.1 -0.8805210636985654 -0.05005314476119194
2162 1.1 0.51302000184137 0.3859610715632543
2163 1.1 0.2985093583428937 -0.5248886920896896
2164 1.1 0.8705385945787039 -0.4912052736100957
2165 1.1 -0.7982227143851073 0.395996092167643
2166 1.1 -0.3265879318191379 -0.01683404945376077
2167 1.1 -1.003224087508942 0.5074815435717578
2168 1.1 -0.1246752065625254 0.3740718178503956
2169 1.1 0.9966876560165554 -0.7994780277439574
2170 1.1 -0.2896938893094725 -0.5645390946373146
2171 1.1 -1.008500357102937 -0.8092760744419081
2172 1.1 1.006256823525342 0.5127444261275543
2173 1.1 0.8127924826013961 -0.6931150843552085
2174 1.1 -0.1448671192998051 -0.5670955076676534
2175 1.1 0.2848931979957592 -0.09240280984676741
2176 1.1 0.1800110268690029 -0.07973321446811632
2177 1.1 -0.2413390878546596 0.5035125538309365
2178 1.1 -0.009908825756089534 -0.5754709589449658
2179 1.1 -0.8975458265710864 -0.2549535121438584
2180 1.1 0.3616316440520166 -0.7008962088373342
2181 1.1 -0.9143623082927814 0.05709090909091041
2182 -1.1 -0.5866666666666674 0.719
2183 -1.1 -0.4400000000000013 0.719
2184 -1.1 -0.2933333333333351 0.719
2185 -1.1 -0.1466666666666689 0.719
2186 -1.1 0.1466666666666643 0.719
2187 -1.1 -2.442490654175344e-15 0.719
2188 -1.1 -0.7333333333333339 0.719
2189 -1.1 -0.8738888888888894 0.7207894524959743
2190 -1.1 0.8738888888888883 0.7207894524959741
2191 -1.1 0.4399999999999986 0.719
2192 -1.1 0.2933333333333312 0.719
2193 -1.1 0.5866666666666647 0.719
2194 -1.1 0.7333333333333334 0.719
2195 -1.1 0.9899999999999993 0.7297367149758451
2196 -1.1 -0.9900000000000002 0.7297367149758455
2197 1.1 -0.5866666666666674 0.719
2198 1.1 -0.4400000000000013 0.719
2199 1.1 -0.2933333333333351 0.719
2200 1.1 -0.1466666666666689 0.719
2201 1.1 -2.664535259100376e-15 0.719
2202 1.1 0.1466666666666643 0.719
2203 1.1 -0.7333333333333339 0.719
2204 1.1 -0.8738888888888894 0.7207894524959743
2205 1.1 0.8738888888888883 0.7207894524959741
2206 1.1 0.4399999999999986 0.719
2207 1.1 0.2933333333333312 0.719
2208 1.1 0.5866666666666647 0.719
2209 1.1 0.7333333333333334 0.719
2210 1.1 0.9899999999999993 0.7297367149758451
2211 1.1 -0.9900000000000002 0.7297367149758455
2212 -0.5866666666666676 -1.1 0.719
2213 -0.4400000000000013 -1.1 0.719
2214 -0.2933333333333351 -1.1 0.719
2215 -0.1466666666666688 -1.1 0.719
2216 -2.664535259100376e-15 -1.1 0.719
2217 0.1466666666666641 -1.1 0.719
2218 -0.8738888888888894 -1.1 0.7172105475040257
2219 -0.7333333333333339 -1.1 0.719
2220 0.8738888888888885 -1.1 0.7172105475040258
2221 0.4399999999999984 -1.1 0.719
2222 0.2933333333333312 -1.1 0.719
2223 0.5866666666666647 -1.1 0.719
2224 0.7333333333333334 -1.1 0.719
2225 0.9899999999999998 -1.1 0.7082632850241548
2226 -0.9900000000000002 -1.1 0.7082632850241545
2227 -0.5866666666666676 1.1 0.719
2228 -0.4400000000000012 1.1 0.719
2229 -0.293333333333335 1.1 0.719
2230 -0.1466666666666689 1.1 0.719
2231 -2.664535259100376e-15 1.1 0.719
2232 0.1466666666666643 1.1 0.719
2233 -0.8738888888888894 1.1 0.7172105475040257
2234 -0.7333333333333339 1.1 0.719
2235 0.8738888888888885 1.1 0.7172105475040258
2236 0.4399999999999982 1.1 0.719
2237 0.2933333333333312 1.1 0.719
2238 0.5866666666666647 1.1 0.719
2239 0.7333333333333334 1.1 0.719
2240 0.9899999999999998 1.1 0.7082632850241548
2241 -0.9900000000000002 1.1 0.7082632850241545
2242 -0.9707859753416931 0.0006876198733820615 0.834
2243 0.9707859753416908 0.0006876198733865024 0.834
2244 -2.664535259100376e-15 0.9729829407782828 0.834
2245 -2.442490654175344e-15 -0.9729829407782842 0.834
2246 -0.9691208591024526 -0.4312421398676863 0.834
2247 -0.9599318481317198 0.4313900694113515 0.834
2248 0.4399999999999977 -0.9729829407782826 0.834
2249 0.9665574282442049 0.4342775433241868 0.834
2250 -0.4400000000000007 -0.9729829407782847 0.834
2251 0.4399999999999984 0.9729829407782824 0.834
2252 -0.4357536531490238 0.9713465612543808 0.834
2253 0.9691208591024485 -0.4312421398676775 0.834
2254 -0.9678511598984401 -0.7472518052735093 0.834
2255 0.9596242641782502 0.7112751242914352 0.834
2256 0.7321346240834585 -0.9736750158863771 0.834
2257 -0.9729829407782822 0.7333333333333325 0.834
2258 0.7328227900027093 0.9788359998349585 0.834
2259 -0.7321346240834572 -0.9736750158863793 0.834
2260 0.9678511598984416 -0.7472518052735052 0.834
2261 -0.7328227900027117 0.9788359998349589 0.834
2262 0.5864668817916863 -0.9730982866296314 0.834
2263 0.5133000358541675 -0.8459851058651224 0.834
2264 0.366661117086803 -0.8459690856079918 0.834
2265 0.4399935254901584 -0.7189525603948442 0.834
2266 0.2933313293183795 -0.7189499793534191 0.834
2267 0.366665253579197 -0.5919325789595579 0.834
2268 0.2199994304829258 -0.5919320919239648 0.834
2269 0.2933330028992385 -0.4649148946676234 0.834
2270 0.1466665166748005 -0.4649147904892557 0.834
2271 0.2199999199290004 -0.3378976908987054 0.834
2272 0.07333329498951668 -0.3378976668075068 0.834
2273 0.1466666469308571 -0.2108805968424499 0.834
2274 -9.67994440159714e-09 -0.2108805910366951 0.834
2275 0.07333332843069984 -0.08386352905679439 0.834
2276 -0.07333333576377044 -0.0838635276294728 0.834
2277 -1.222186796212554e-09 0.04315353228982977 0.834
2278 0.1466666656458555 0.0431535324060961 0.834
2279 -0.1466666672754455 0.04315353264397981 0.834
2280 -0.1466666686850693 -0.2108805866133039 0.834
2281 -0.07333333363850314 0.1701705920409871 0.834
2282 -0.2200000001523335 0.1701705921292263 0.834
2283 -0.1466666667429266 0.2971876513948652 0.834
2284 -0.2933333333714411 0.2971876514168916 0.834
2285 0.3666665982491464 -0.3378976841705639 0.834
2286 -0.3666666666984145 0.1701705921988439 0.834
2287 -3.13892838388341e-08 -0.4649147220140251 0.834
2288 -6.358069626344331e-11 0.2971876514021872 0.834
2289 -0.2200000000190714 0.4242047106496007 0.834
2290 -0.366666666676206 0.4242047106551023 0.834
2291 0.5133320187337786 -0.5919325220975302 0.834
2292 -0.2933333333381127 0.5512217698795694 0.834
2293 -0.440000000002397 0.5512217698809427 0.834
2294 -0.146666666670653 0.5512217698800295 0.834
2295 -0.5133333333353314 0.4242047106594542 0.834
2296 -0.5866666666674097 0.5512217698818964 0.834
2297 -0.2200000000003963 0.6782388291038197 0.834
2298 -0.07333333333407599 0.6709099618900773 0.834
2299 -0.6600000000004653 0.4242047106603368 0.834
2300 -7.986944439153376e-13 0.5500002920129476 0.834
2301 0.07757968018408312 0.6922448430476862 0.834
2302 0.1473743911416481 0.5533525258947047 0.834
2303 0.2199999999999815 0.6782388291040453 0.834
2304 0.2934512874124831 0.5515768958843921 0.834
2305 0.3666863256798418 0.6782980167710597 0.834
2306 0.4400229355153769 0.5512908221605115 0.834
2307 0.3666901482657454 0.4242754070406531 0.834
2308 0.5133333333333185 0.424204710660615 0.834
2309 0.4400039135998364 0.297199434168903 0.834
2310 0.5866673189332956 0.2971896152272329 0.834
2311 0.5133340943110714 0.1701728833035703 0.834
2312 0.5865062367922351 0.5511384473931864 0.834
2313 0.6599999999999895 0.1701705922171823 0.834
2314 0.5866667934962828 0.04315391484319497 0.834
2315 0.440000147967887 0.04315397848448188 0.834
2316 0.5133333791329118 -0.08386338833679674 0.834
2317 0.6600000287715284 -0.08386343960338838 0.834
2318 0.5866666790951807 -0.2108805480292512 0.834
2319 0.7333333402000037 -0.2108805647743721 0.834
2320 0.6600000032158611 -0.3378976349876346 0.834
2321 0.2933378991998108 0.2972013979572343 0.834
2322 0.1466662377446599 -0.7189490699730836 0.834
2323 -0.5866666666670847 0.2971876514386467 0.834
2324 -0.7333333333333821 0.2971876514388574 0.834
2325 -0.6600000000000841 0.1701705922171195 0.834
2326 -0.5133333333338687 0.6782388291037353 0.834
2327 -0.6600000000002251 0.678238829103913 0.834
2328 0.7333334420444282 0.2971879787369556 0.834
2329 0.3666666666666598 -0.08386352622625637 0.834
2330 0.803200906033132 0.1721716150623025 0.834
2331 -0.8032008879146504 0.172171560512594 0.834
2332 -0.7292899247893048 0.04548799600678688 0.834
2333 -0.5859927652426817 0.0435426101639953 0.834
2334 -0.6592137816720016 -0.08340960286295718 0.834
2335 -0.5130899800413414 -0.08372302613762717 0.834
2336 -0.5864950713966715 -0.2107815148726626 0.834
2337 -0.7331736977336706 -0.2107884197915504 0.834
2338 -0.6600000000000035 -0.3378976446697072 0.834
2339 -0.513304734121671 -0.3378811329071513 0.834
2340 -0.5866619001313912 -0.4649119519309981 0.834
2341 -0.4399944390421788 -0.4649114932709254 0.834
2342 -0.5133328852781359 -0.591931504428351 0.834
2343 -0.3666656651644978 -0.5919311848955912 0.834
2344 -0.6599991309015881 -0.5919312613389394 0.834
2345 -0.2933322395900049 -0.4649140724184131 0.834
2346 -0.2199996507924185 -0.5919315614980446 0.834
2347 -0.2933331082150412 -0.7189486923627479 0.834
2348 -0.1466665709456887 -0.7189487670703198 0.834
2349 -0.5866664471410649 -0.7189486955916915 0.834
2350 -0.219999946526789 -0.8459658506837963 0.834
2351 -0.7290788870905655 -0.7164925166513441 0.834
2352 -0.1466666666666849 0.8052558883257568 0.834
2353 0.2958625924294094 0.7965322816488514 0.834
2354 -0.5866666666666861 0.8052558883257519 0.834
2355 -0.8009614187724452 -0.5905076201237449 0.834
2356 -0.288379262007269 0.8023956539119839 0.834
2357 0.8301232975744837 -0.3483863081198237 0.834
2358 0.7333333333333292 -0.4649147038914043 0.834
2359 0.8663641040962708 -0.215467081342164 0.834
2360 -0.8301004910484613 -0.3483731459340146 0.834
2361 -0.8663276142978031 -0.2154460199084455 0.834
2362 -0.7323105405325496 0.8004580846340308 0.834
2363 -0.8276669564300421 0.6707033534381313 0.834
2364 0.4399999999999771 0.8052558883257694 0.834
2365 -0.8764424214154631 0.2980763195956477 0.834
2366 0.8775467059057886 0.2985576288890965 0.834
2367 0.8079335411318702 0.4272385142416533 0.834
2368 0.8780259624056233 0.5632151331989257 0.834
2369 -0.2235689877233111 0.9338445969183171 0.834
2370 0.958989624840191 0.1590346961799389 0.834
2371 -0.9588318673246502 0.1589659299166275 0.834
2372 0.5866664481027151 -0.4649148287751315 0.834
2373 0.2933333578245056 0.04315360714540173 0.834
2374 0.5133333333333157 0.6782388291040558 0.834
2375 0.6591922260021814 0.6784862107813852 0.834
2376 0.5866666666666516 0.8052558883257719 0.834
2377 0.7315180498281415 0.7987416826678744 0.834
2378 -0.2200000008429415 -0.08386352671293373 0.834
2379 -0.2933333338102289 -0.2108805857233169 0.834
2380 0.6599997444727455 -0.5919319104244788 0.834
2381 0.8016705954080958 -0.5909171125852409 0.834
2382 0.7282463473969316 -0.7163235375348042 0.834
2383 0.0734512874017601 0.4243562570116572 0.834
2384 -0.434439307695239 0.819958102473854 0.834
2385 0.6589135370765953 -0.845666108301224 0.834
2386 0.8267729664145553 -0.8348947821676989 0.834
2387 0.8293633696377836 -0.07733657503521929 0.834
2388 -0.2933333336059702 0.04315353283804857 0.834
2389 0.2933333231156179 -0.2108805913471734 0.834
2390 0.4399999999999895 -0.2108805854479763 0.834
2391 -0.8034543010964068 0.4234031074614168 0.834
2392 -0.07331367434921177 0.4240263887252147 0.834
2393 0.1466870866452137 0.2972152002443389 0.834
2394 -0.4399996842997899 -0.7189486400652537 0.834
2395 -0.5864668817916876 -0.9730982866296343 0.834
2396 0.1466666666666645 -0.9729829407782833 0.834
2397 0.1466666666666634 0.9803118079918254 0.834
2398 0.07333333333332637 0.8459658815565645 0.834
2399 0.2933333333333303 0.9770808688763957 0.834
2400 0.5866666666666673 0.9729829407782793 0.834
2401 -0.971313635594133 0.5889709365047735 0.834
2402 0.9498595478485541 -0.5893978518934021 0.834
2403 -0.5864602904093089 0.976910286394852 0.834
2404 -0.9497582369006055 -0.5893393529703385 0.834
2405 -0.9583215199280515 0.8806846574102483 0.834
2406 -0.973326353214847 -0.8871642710800274 0.834
2407 0.9748678705714191 -0.8827138203308916 0.834
2408 -0.7333333333333352 -0.4649147038914253 0.834
2409 0.07333313669662722 -0.591931876641386 0.834
2410 0.4399997155524991 -0.4649148680063449 0.834
2411 0.9564131375566154 0.8775334846899776 0.834
2412 0.2199999981023657 -0.08386351732019603 0.834
2413 -0.07333334690524329 -0.3378976525054422 0.834
2414 -0.733333333333348 0.5512217698823154 0.834
2415 -0.8286453999365915 -0.0769220741540384 0.834
2416 0.6600202818010961 0.4246020081548183 0.834
2417 0.7333333333333265 0.04315353299546398 0.834
2418 0.3666682354838497 0.1701753155461274 0.834
2419 -0.3649142060628806 0.6802124923923176 0.834
2420 0.07333673622779724 0.1701751834334351 0.834
2421 0.2933324084033542 -0.972983474786854 0.834
2422 0.2201653500111103 0.4246629473388299 0.834
2423 -0.219999820387315 -0.3378975409702666 0.834
2424 0.2199985154255317 -0.8459667386760332 0.834
2425 -0.07333329718290638 -0.5919317422416743 0.834
2426 0.0733330144172526 -0.8459660656828507 0.834
2427 -0.440000000013637 0.2971876514310172 0.834
2428 -0.5132210164369855 0.1702354384075115 0.834
2429 0.2200049968378388 0.170179039455439 0.834
2430 0.585630868170729 -0.7184652907696674 0.834
2431 -0.1466663977078622 -0.4649145486079778 0.834
2432 0.513333267168498 -0.3378976781695423 0.834
2433 -1.354338983183823e-07 -0.7189489005276472 0.834
2434 -0.3666607611585676 -0.3378942351230103 0.834
2435 -0.4399250911991928 -0.2108373368316733 0.834
2436 -0.3666136232499475 -0.08383290159534251 0.834
2437 -0.2933333244211325 -0.972982935632823 0.834
2438 -0.4398195642125569 0.04325770764590464 0.834
2439 -0.07333338419263269 -0.8459659109201976 0.834
2440 -0.3666666153738163 -0.845965851942629 0.834
2441 -0.1466666647456492 -0.9729829396691836 0.834
2442 -0.5132999381010597 -0.845985049427344 0.834
2443 -0.6590522408124146 -0.8456942409571607 0.834
2444 -0.8269607743954148 -0.8359464082894887 0.834
2445 0.7324407025748578 0.5541759571067046 0.834
2446 0.8041958790354302 0.6854267957854983 0.834
2447 0.8745536354255159 0.9906711158283055 0.834
2448 -0.8748716991540898 0.9911963112816831 0.834
2449 -0.8785467722284248 -0.9803027598694726 0.834
2450 0.8787079281064853 -0.9796477507181713 0.834
2451 0.9759704178264519 -0.2906726910695485 0.834
2452 -0.9759633587402057 -0.2906686168291333 0.834
2453 0.8514409334737956 0.7936003499312902 0.834
2454 -0.8593470588878938 0.7960408182074807 0.834
2455 -0.9761635590568712 -0.1414323177076424 0.834
2456 0.9762542160313838 -0.1414846553927974 0.834
2457 0.8591346418372248 0.05954217781517457 0.834
2458 -0.858150811061378 0.06007820643107031 0.834
2459 -0.857684870364062 0.5383381237799945 0.834
2460 0.9992310199044132 0.5866666666666644 0.834
2461 -0.8566548678314599 -0.4848753925574419 0.834
2462 0.8568215266533823 -0.4849716232715098 0.834
2463 1.002188459112991 0.2933333333333301 0.834
2464 -1.002188459113004 0.2933333333333301 0.834
2465 0.8548801233933154 -0.6957570178909303 0.834
2466 -0.8549220954114942 -0.695907540661685 0.834
2467 -0.1174120057881221 0.9760580063165687 0.834
2468 -0.03814906782430061 0.8723090804043327 0.834
2469 -0.3350949087816355 0.9089002117236156 0.834
2470 0.177079685027691 0.7827299834116679 0.834
2471 -0.9926325482232313 0.9926325482232303 0.834
2472 0.9926325482232303 0.9926325482232303 0.834
2473 0.9926325482232303 -0.9926325482232303 0.834
2474 -0.9926325482232315 -0.9926325482232315 0.834
2475 -0.6600000000000037 0.8891194145520245 0.834
2476 -0.5204477258392454 0.8900041074008778 0.834
2477 0.5133333333333259 0.889119414552028 0.834
2478 0.3669677689400044 0.8886663183266714 0.834
2479 0.6599999999999855 0.8891194145520185 0.834
2480 -0.316216843264128 1.002818273979263 0.834
2481 0.2220191557173479 0.8857877627280724 0.834
2482 -0.01094245452119891 0.7694737289222426 0.834
2483 -0.8054533367705434 0.895024662221662 0.834
2484 0.8054533367705412 0.8950246622216669 0.834
2485 0.76623997734979 -0.5069946465271319 -0.0226065588396178
2486 -0.769035077445132 -0.4680416078154127 0.04110441307489233
2487 0.8350939886415759 -0.2672750489429705 0.0713437233363213
2488 -0.4289698590309378 -0.3006804267181636 0.3536333630433601
2489 1.01099821660349 -0.3124104903138358 0.2430257831484954
2490 -0.7318558002772763 -0.3589930792032805 0.1085829669453669
2491 -1.010116090129746 -0.3560839490661007 -0.2518649473835553
2492 -0.5305078626536216 -0.4722669224978452 0.3241114316446936
2493 0.9933804455190227 -0.4816909071024316 0.2652245330807462
2494 -0.01933117534602779 -0.4777227564527621 0.01522969695266099
2495 -0.1518181022706501 -0.3594393388169376 0.2117599566915811
2496 0.6249760106573318 -0.2938037099054753 -0.2237022070484708
2497 0.1336481980052086 -0.4594493433400015 -0.1991816584621736
2498 -0.8081132495042679 -0.3196122475927569 -0.019148648138133
2499 0.4643909231513771 -0.4782713306134493 -0.3554650919561619
2500 -0.01905348956239813 -0.3137463078068444 0.0202047100660188
2501 -0.1670385918167485 -0.4779940972857062 0.2259044869337098
2502 -0.9159134961538364 -0.4633998228424266 -0.1272277618765927
2503 -1.010221515203366 -0.4561544309520943 -0.2837250963777279
2504 -0.2178963039004215 -0.3319115365537674 0.2990150594462485
2505 -0.3959565583157999 -0.5073809448248737 0.3524523024378559
2506 1.029842129374502 -0.3590192986381463 0.3475866940255468
2507 0.3195332678160101 -0.2938649778918442 -0.3332726787686569
2508 1.028900474732295 -0.2905378817057417 0.3198664594275483
2509 0.8717306186830504 -0.5258897859475292 0.1261816662646654
2510 0.6853719207157328 -0.4664419332859471 -0.1656832001292769
2511 0.9283169699069239 -0.2775686349747984 0.1786889291556952
2512 -0.5457334481997205 -0.3311886329511684 0.3172276126216861
2513 -0.6259342282802367 -0.4745801181285717 0.2289893892568211
2514 0.8020937980044774 -0.3361912082917957 0.0002950740926721719
2515 -0.9193923843638594 -0.3567132063455697 -0.1712882438385326
2516 -0.0892782965479956 -0.4447721881795763 0.1408388895455112
2517 0.6817826640375029 -0.2990253556947243 -0.1410025352005737
2518 0.355407244512279 -0.4715607300335041 -0.3723303980137088
2519 -0.3069636535435183 -0.3463094357240277 0.3621121457494623
2520 -0.0912868275785826 -0.3349823180770417 0.1047347252860631
2521 0.2264856912784675 -0.4633298931214441 -0.3086276003967311
2522 -0.8405317695517429 -0.4598555826170225 -0.0529255201566079
2523 0.05860898479853725 -0.476685321729746 -0.1044941923534887
2524 -1.037985924277883 -0.3096879114833083 -0.318837970640246
2525 -0.2944372702231779 -0.465292453354683 0.3505899229299493
2526 0.5785241325055203 -0.4695282745342576 -0.2613790324332167
2527 -0.2392459671193836 -0.5001624719178515 0.2897164332747768
2528 0.2334221886144541 -0.3486086972107895 -0.2940540250749617
2529 -0.6388898308398647 -0.3371400995202731 0.2171999575081481
2530 -0.7078621170225518 -0.4856854028598546 0.1260932665425282
2531 0.07705685424850547 -0.3401732290399553 -0.1074804153010118
2532 0.5914410620136029 -0.3468300540666805 -0.2794200267307024
2533 1.038599227046588 -0.4485589768887054 0.3614400694591761
2534 0.425861359837805 -0.3550940885455674 -0.3659439789940521
2535 0.1515049844960724 -0.3533472369842086 -0.1991172411434753
2536 0.7429890707144112 -0.3188499059815245 -0.07306555051405603
2537 0.5151164670707197 -0.3293546838629717 -0.3443509632988259
2538 1.031418865533897 -0.5121537376624429 0.3291455690886316
2539 -1.026007554522312 -0.3670985108929655 -0.3563833981014041
2540 0.7693290646780804 -0.4070001798863307 -0.02144674345935735
2541 -1.024841397497467 0.3041981698320514 0.2711920761532401
2542 1.018941912767262 0.4038380494523175 -0.2687451719355166
2543 -0.7773929563457529 0.3366094917605273 -0.02378324702167088
2544 0.4448455137673034 0.498372633133031 0.3495651691552468
2545 -1.045351839689063 0.5355871180670551 0.3240736978182945
2546 -0.835191229329876 0.5009880618826067 0.04990185072877537
2547 0.5996713842464682 0.3434818896122294 0.2736794196857483
2548 -0.9902302078981524 0.4984085927621112 0.2252886080413628
2549 -0.926955892501627 0.2697002718581147 0.172224681224368
2550 -0.6548701775607068 0.3400077958389163 -0.2137600260876468
2551 0.8324369753313218 0.2994002377929214 -0.03098544856976137
2552 0.7324831073763501 0.4523176459289437 0.09152972558955179
2553 0.9407815710028533 0.2708557928876233 -0.1628112610095094
2554 -0.03448157678175676 0.3241127171512845 -0.0650616832282802
2555 0.1025519874365485 0.4831477302424077 0.135010315106337
2556 0.1059968989265906 0.2896492794573517 0.1100844480437849
2557 -0.05456625217741636 0.4871945672290579 -0.05302798866761134
2558 -1.05123972231764 0.3847332497854975 0.3973506935568601
2559 -0.1389324788282452 0.4709582759016362 -0.2043886782940164
2560 0.8180929832457284 0.4908872170332493 -0.03423504205418831
2561 -0.363608427096914 0.2985110720089772 -0.3791958002665948
2562 -0.3837751874307018 0.5201501764088976 -0.3481568166125719
2563 -0.1826734440315909 0.3015985208438686 -0.2631500454510936
2564 -0.6110549007084254 0.4672778516646977 -0.2533043427069177
2565 0.2427273736457915 0.3249408003313287 0.3254222645397158
2566 0.2545822584390739 0.5101045006178255 0.3040623644692514
2567 -0.7121239656272957 0.3555880606708901 -0.1268407403161807
2568 0.4988752045668757 0.3158450957160878 0.3219971737074123
2569 1.028860124333538 0.4840842272584703 -0.3099793517118989
2570 -0.7677371696956637 0.4806504382376477 -0.0640601729782502
2571 1.015842312112862 0.3141135413133022 -0.2708188752829214
2572 0.6896193733984222 0.3618670402372574 0.1675529998382528
2573 -0.8401075059389871 0.3038286406312166 0.06434445680467725
2574 0.6195025481347272 0.4918653357228582 0.2125609328262653
2575 0.941197418317672 0.473353800880347 -0.1957346730303173
2576 -0.2523856083155162 0.4743758659616568 -0.3202796797521194
2577 -1.033425080303811 0.3185844162920938 0.3491511709496926
2578 -0.5559239023129851 0.2983997464349187 -0.3145659611345459
2579 0.3179628917850758 0.4888731887867028 0.3608896299469925
2580 -0.2684468050457994 0.3066228712073806 -0.3509134142280024
2581 -1.043885371346511 0.4650545904293444 0.3834051438881236
2582 0.1766481311563351 0.4889728214073547 0.2378783303039889
2583 -0.5045255964402897 0.5176062620020858 -0.3295327071383196
2584 1.050210082252758 0.3372636053850503 -0.3739610172501923
2585 -0.905086429852606 0.48908348278951 0.1350272560979763
2586 0.02698893613897438 0.5120767138882476 0.06589046051707589
2587 -0.7043693350183944 0.4594717293793418 -0.1314373289483564
2588 -0.455095858830363 0.32050573507904 -0.3797418498143337
2589 0.1766183042173196 0.3045904985610989 0.2220227034183967
2590 -0.1188253485494183 0.3152533199146006 -0.1536630651047063
2591 0.536212055346441 0.4531644336749849 0.3225545437906666
2592 0.7593748777558493 0.2805644216991684 0.09626534058645388
2593 0.3606250797865128 0.2904039816837771 0.3567526643415744
2594 1.059458875964612 0.4321177106085373 -0.3955977033023461
2595 -0.4644758882054992 0.6798032593644004 0.1512367397640524
2596 -0.3014766240007674 0.1984232339956986 0.2640223238659188
2597 -0.4795076964596237 -0.9311841337720544 0.1764852784376158
2598 -0.3066910248681373 0.7686537528370376 0.08673999466485709
2599 -0.2789039043628089 0.5860658944251488 0.2802389124171263
2600 -0.5202575450857827 -0.8524875408643158 0.06678609371605797
2601 -0.5047484854598709 -1.024189903906077 0.2876326214503409
2602 -0.4737806365371657 -0.6900414130204812 -0.1588031057540255
2603 -0.4732672154511538 1.015829875473499 -0.257781050339975
2604 -0.4735403143514398 -0.1485005945526068 -0.223746642704948
2605 -0.3350845217351263 -0.9507217729546625 0.1951591883251995
2606 -0.5127345892223553 -0.4612379488194907 -0.3421154707462674
2607 -0.4814308653098393 0.8342548832716081 -0.0413547177745276
2608 -0.3298035920506123 0.8992816979959504 -0.1374347230019498
2609 -0.2838414687828217 -1.036270622642098 0.2852830770222478
2610 -0.4804311998454438 -0.001623859507767624 0.0001884530746925021
2611 -0.4785367742281206 0.1583765753337425 0.2308351034083567
2612 -0.4842849687009371 -0.5853867241851024 -0.2790011069793119
2613 -0.2896693577119793 -0.2955553249373724 -0.3417472319568613
2614 -0.4662919831823865 0.2656944977076415 0.3473496315333541
2615 -0.3254989275438071 -0.7665023612810273 -0.03511504334566364
2616 -0.3348555353128029 1.009990116003765 -0.2604068199334456
2617 -0.4420226648252882 -1.043210720424716 0.3747813559443355
2618 -0.4312282069698082 1.031743631261851 -0.3503926187540355
2619 -0.3397455963546854 -0.03419214905199834 -0.04312332587240491
2620 -0.4890003357869912 0.4823421559773712 0.345635268079016
2621 -0.4950246896663505 0.6225249554646983 0.2476411734521417
2622 -0.2936600671168116 0.8284405045962445 -0.02971695588280234
2623 -0.3009167464889474 0.6853518456915558 0.1735963533706885
2624 -0.2831298903678706 0.447228667727787 0.3528089001928886
2625 -0.4973126185061264 -0.7657661976170658 -0.05556458314284713
2626 -0.3261956473833235 -1.044660489030067 0.3750420812715013
2627 -0.4991198894509539 0.8865612216771865 -0.1190326460133448
2628 -0.4708541648292413 0.7589875062297901 0.04738950482357723
2629 -0.507474118441112 1.055040727003169 -0.3319192778906824
2630 -0.459485962706251 0.07421436066588222 0.1057002518030432
2631 -0.4595405529789761 0.364113696734938 0.3936639063018829
2632 -0.3382499294283704 -0.6903374492495291 -0.1453060118689926
2633 -0.3427321505595442 1.033123151303138 -0.3551966326660474
2634 -0.5087362106960195 -0.2291712129199593 -0.3069572908663215
2635 -0.5004426340788837 -0.3635457575419459 -0.3866816215286563
2636 -0.3649301606531732 0.02719105583792385 0.05494286640147879
2637 -0.3036897644514654 -0.440826792491796 -0.3914249234473977
2638 -0.4831921263849049 -0.06572878503110098 -0.1252551935282077
2639 -0.4728794555194865 0.939271422450861 -0.1846187175445062
2640 -0.3632985026799591 -0.5267969511345161 -0.3352918060690531
2641 -0.3353131704563765 0.3498612838243547 0.3720587844106109
2642 -0.4878778171354196 -0.2847784395847864 -0.3482266616813245
2643 -0.3658406851680862 0.1128072937754714 0.1783544257557194
2644 -0.3435096919744458 -0.8686580305421652 0.0978330453071945
2645 -0.313608457393886 -0.1032960001724303 -0.1717032211046925
2646 -0.3664523034265409 -0.6264230001772638 -0.2461055625206088
2647 -0.277186782242474 0.2701264256019478 0.3413819916809935
2648 -0.3308137555729211 -0.1941458032459916 -0.2729234152026875
2649 -0.3834309966116033 -0.3712138173846664 -0.373873037929652
2650 0.4837639898464373 -0.1690609576117255 0.233767312116729
2651 0.2926848724901325 1.012365088876183 0.2728819485412267
2652 0.2971379011341926 0.7597920060744954 -0.03191870139274199
2653 0.3434266589141798 0.006725769050113141 -0.01016671869917415
2654 0.3169365984278744 0.4181303381091805 -0.3663817028681491
2655 0.4658943918872148 -0.916660026700985 -0.1601542154934371
2656 0.3072214906627924 -0.7779851418483177 0.02988323938935011
2657 0.3173232393781185 0.07805924621296213 -0.1243141985009855
2658 0.3629379378430656 0.9324584933986398 0.1986771033034555
2659 0.3609597550238166 -0.3258893159136422 0.3616005367244411
2660 0.4985086169942378 0.2962113616880877 -0.3541035620022684
2661 0.4566626333393424 -0.4276806603403061 0.3652300441142883
2662 0.2919906192659366 0.1644823846746095 -0.2265781129431085
2663 0.478509389091499 0.8735293864772005 0.1010237696515466
2664 0.4644065718746161 -0.6781027160020175 0.1726295640835881
2665 0.3172361491098958 -1.037228531729333 -0.3206498150248308
2666 0.2857324960237826 0.6049058685784141 -0.2359886904358043
2667 0.5197266099417651 0.449439175341024 -0.3615845245364162
2668 0.3075959662701654 -0.1298220186952786 0.1812263787184364
2669 0.2872102050840655 -0.61341591476583 0.2156413435244506
2670 0.4101327233346405 1.045437120370301 0.3945579840925066
2671 0.2956186076638955 -0.9097360174056801 -0.1789282864848563
2672 0.4739788526925975 0.03531894759605919 -0.03706361983151676
2673 0.4519654789063066 -1.006105145288694 -0.255182444791837
2674 0.5130270611051773 0.6657006620275023 -0.1856562347918538
2675 0.325137999258044 0.846924478414223 0.07650896721157741
2676 0.295851650412533 0.5251804618697987 -0.3138226125837072
2677 0.3041435401496818 -0.0550811183224059 0.07440746315780228
2678 0.4538761802250817 -1.029461915562239 -0.3519142401717115
2679 0.4929367368033787 -0.8447335545748269 -0.09584503556507397
2680 0.308567767381979 -0.9957355791322511 -0.2587052876275901
2681 0.4516699111880863 -0.611287724197915 0.2644915866544232
2682 0.3073235800120686 1.047571821537689 0.3704802663580771
2683 0.3093750992565888 0.7047361890755035 -0.1346668431428936
2684 0.452427072386126 -0.721293095191967 0.08323972358562319
2685 0.484896006763418 1.004680552457792 0.2567875718830474
2686 0.4667166002897487 -0.3343360932414485 0.3844153822322557
2687 0.2969964435274211 -0.4801569624066331 0.3488845028878768
2688 0.368382186142094 -1.048700512473141 -0.3914022710072957
2689 0.5236675110259911 0.5618900901985485 -0.2706655286635598
2690 0.3003752136332071 -0.8581657745866801 -0.0816145858404365
2691 0.4155944676914888 -0.2000184647845688 0.2913625059152659
2692 0.503047031039348 0.7744162469747891 -0.01439023605926338
2693 0.3091662798195265 -0.7125886082250207 0.1268326315841118
2694 0.4568173573885856 -0.5290230887282427 0.3216815267460856
2695 0.5013350193227757 -0.778686777455778 0.009072654916384896
2696 0.3243878085798736 0.2719941293732543 -0.3323423442167868
2697 0.4359952650869506 0.1099058673733769 -0.1668035315813952
2698 0.4356324804947066 0.1984464711590399 -0.2834650145616069
2699 0.5075972442605958 0.9555041518388825 0.1789066353017413
2700 0.4909798883919533 1.042750366477065 0.3552897492232925
2701 0.3007751723984252 -0.2030925831803569 0.2865626760617566
2702 0.5008603364733277 -0.2616786491231439 0.3207576109397796
2703 0.4891827879604099 -0.06645892703122665 0.1241468800191281
2704 0.392390731966931 0.0617355175434551 -0.0799809832412238
2705 0.6012017304878966 1.043536602401678 0.7589384660954138
2706 0.1261996751308082 -1.000339451973349 0.7103566255497207
2707 -0.1574458314221672 -1.039959728082118 0.7262863565822
2708 -1.01268479259744 -0.5180953128860778 0.719772728432145
2709 -0.4834861232857469 -1.031875725181298 0.7443369495058523
2710 0.4962022621551337 -1.021213013294689 0.7148946310147453
2711 -1.025081408702094 -0.2057346622230783 0.7150621554096753
2712 -1.03245917136724 0.1322868447647462 0.7316154755821401
2713 -1.037069099682485 0.5472753565042385 0.7208423533911134
2714 0.3041346114898885 1.000257423765465 0.7194601989786926
2715 -0.7065284548382781 1.00406696389755 0.7468242889302205
2716 1.014062632390338 -0.7162078661514248 0.7102856890273346
2717 1.014128282190316 0.6327971286721544 0.7172077989015287
2718 -0.3904587693491227 1.027806039792832 0.7299540485995967
2719 0.8484820249459125 -1.034348327021796 0.7141711605827028
2720 1.035656269405226 0.1730367316912984 0.7368552920727304
2721 0.02131980691402597 1.041214822231828 0.7502359447487227
2722 1.014914497447073 -0.2509659222617832 0.715176710585984
2723 1.050571418917729 0.853296123131752 0.7742776797077575
2724 1.025984219444114 -0.3891815930088571 0.7138805003594664
2725 0.8454170210915445 1.039623933873535 0.7133709244163592
2726 -0.7017364224877505 -1.03677294313071 0.7350958086971175
2727 -0.1829194780039883 1.030671801051626 0.6952719784667764
2728 -1.037387606787968 -0.7333022989839147 0.7138627624090692
2729 -1.008091137164904 0.9085078261254721 0.6993579442097267
2730 -1.038544461287011 0.4074996748519309 0.7304666005293305
2731 1.042007386878635 -0.9089269927844146 0.7225184428225564
2732 -0.9315151245876262 1.021822907425154 0.7041633934960667
2733 -0.9789214368345299 -1.023402038294455 0.7210933842465771
2734 1.036821588322479 1.01980308226661 0.6989978903462128
2735 -0.5872499494119795 -1.034668214534976 0.7608008380467105
2736 -0.3505024225834679 -1.015473615641201 0.7459286499168724
2737 0.7211130571739521 1.031160022577903 0.7074656327475123
2738 1.039363961900023 0.02169436336260897 0.7113215091131226
2739 -1.024245373221119 -0.3508442606412607 0.7145210779423974
2740 -0.8450252927651973 1.057659116174749 0.7735532932224192
2741 -0.289809931368194 1.017743844603862 0.7207012303391692
2742 -1.037424121561437 0.7251315035828658 0.7044954891215304
2743 -0.06538048476518832 1.036814874453001 0.6795780752073699
2744 -1.042101330411117 0.2879630897021351 0.6717517032349797
2745 0.61088803554537 -1.043280125272579 0.7809030644059685
2746 1.022478055780649 0.4944631858959779 0.7152018451068642
2747 1.036197351865709 -0.5442675159043454 0.7195337913673113
2748 -0.5528003722091371 1.008059389446725 0.727562605043767
2749 0.9805024088814388 0.2580493295221392 0.7009013102193264
2750 0.6614612976399711 -1.015743515165073 0.6959758760201428
2751 -1.022054154026722 -0.05743251096955597 0.7184654514247105
2752 1.016489930993135 0.9338384216516264 0.6973678724795326
2753 1.037056639876878 -0.1101112982620672 0.7242034565395572
2754 -0.8237052793201226 -1.033997750974745 0.6734213292400093
2755 -1.010034644991872 -0.9056755295480701 0.7251612633357535
2756 1.030537816772337 -1.033561362835706 0.718753433340572
2757 0.4784716989347154 1.036333280022758 0.7078814262874343
2758 -0.8031804656605186 1.024459894084488 0.6895064638329431
2759 -0.5479439376458501 -1.047114146209837 0.6610052287079212
2760 0.1615889226484227 1.033277958953098 0.7136025727649887
2761 0.9895122878865323 0.3621637584481397 0.7125448130379402
2762 1.035507487238414 0.8185235402546731 0.6889235392972264
2763 -0.2919587567097621 -1.049574505413058 0.6590800455554009
2764 -1.04730540007765 0.912270574507382 0.7788099989456299
2765 -0.01983481017581722 -1.033669859720047 0.6736937057540877
2766 -0.305109391224765 1.057340729140573 0.7815557421075816
2767 -0.1099364284326249 1.054098886993537 0.7710740932697645
2768 0.9537050944471455 1.021390146976656 0.7371971303301632
2769 -1.040720100824607 -0.9813992904662706 0.7801248590188308
2770 0.3183831843697026 -1.018946661686256 0.7157363832218392
2771 0.7110357433840919 -1.049989025726653 0.7740280135548842
2772 -0.401244900326073 -1.04618468703612 0.663359830931149
2773 -0.2214091876793368 1.04105199855887 0.7744949305022906
2774 1.027597402905415 0.7453492606261019 0.7625859939343869
2775 1.051566515258751 0.948374501945737 0.7706521195173801
2776 -1.015004854053643 1.019671857369379 0.6905740452434416
2777 0.9693046617688422 1.049263257571143 0.6558658853681728
2778 -1.048967371347404 -0.9607703102610988 0.6660479869487258
2779 -0.001818724585269133 -1.04931049714336 0.7788745441859437
2780 -1.059771694136062 0.2896333250927085 0.781337414022762
2781 -1.052232071365123 -0.8701623447179905 0.656646003291308
2782 0.6083624504766593 1.056791378289933 0.6636854469088243
2783 -1.049915421431868 0.7977790779216883 0.7808163327834569
2784 1.036669106716864 0.4083283097206543 0.7800676655322285
2785 -0.8496031032024134 -1.054283386616075 0.7692913882513593
2786 -1.05079564053078 -0.1400008815516061 0.7806863941348062
2787 1.050262084262002 0.7283473869322663 0.6606247941235013
2788 1.042776662260693 1.04558880494103 0.7763804927432583
2789 -1.04868924400112 1.030956124944614 0.773592096228211
2790 1.048781532140564 0.311675590889486 0.7698840934342848
2791 -0.9512957225371707 1.055822626362776 0.7685144685458621
2792 0.7776424220690571 0.01303445020388502 -0.5425005997416903
2793 0.02136731183832943 -0.7755391959468017 -0.5662096010375689
2794 -0.02017946198031403 -0.01218368200635008 -0.4958404875165354
2795 0.8164966789872852 -0.7562612879347752 -0.5875512111398941
2796 -0.7608642454363559 0.7450114856930086 -0.5638510946189178
2797 0.03703308805107623 0.7022860174994029 -0.5648914317147701
2798 -0.796365240235562 -0.0199858424247262 -0.4947263492325945
2799 0.7444057377891936 0.7509197317536177 -0.5762040839848556
2800 -0.7584094439545601 -0.7725150271382065 -0.6014308711956048
2801 -0.05263471935277624 -0.2228987723571949 -0.5953647052279819
2802 0.0342621176813209 0.3387098476014228 -0.6040404345624927
2803 0.370514691106136 -0.77317161777063 -0.6164643391059889
2804 -0.8216110137943619 -0.8159881696271347 0.2736485677339229
2805 -0.3544680756031032 -0.8354274396974161 -0.644603505893517
2806 0.8277547079715425 -0.2572615735256107 -0.6202036159155291
2807 0.291970785128959 -0.01728937199333771 -0.6118550729464256
2808 0.3441961936460996 0.7975657372379593 -0.6233338852679052
2809 0.8508981559329188 -0.8135866432246446 0.3698256125412682
2810 -0.830008379659807 0.4379116486240548 -0.6529113443121813
2811 -0.2633202070484336 0.8020949252799288 -0.5989527471947537
2812 0.01998666710014092 -0.8007571622444861 0.317586790481023
2813 -0.7759042559424137 -0.2847332169491787 -0.6277467014358523
2814 -0.7814544608325065 0.8440156080334835 -0.2327133526451528
2815 -0.3474589039589383 0.05635038322383984 -0.6150978425726149
2816 -0.02606491893960951 0.824985124477765 0.3303767079288621
2817 -0.825727165617571 0.8247839224900297 0.2656112852346952
2818 0.8259190208567 -0.8122162323266213 -0.2427573056929828
2819 0.8107961334742149 0.8350739178443859 0.3059871524521521
2820 0.8000500399440307 0.3592106337061817 -0.5852570942757404
2821 -0.8289275803840959 0.01898916849713993 0.3181643703682275
2822 0.8750459919314387 -0.001475895892576687 0.3298466158084957
2823 0.8159028664070138 -0.8417889348534939 0.02495571372433037
2824 0.7277664562168688 0.7573829353565575 -0.3398621652616771
2825 -0.03304232798303607 -0.01697124666741724 0.3584435122076136
2826 -0.08586515963964339 -0.7886525209438121 -0.2432371659313035
2827 -0.9351580878676438 -0.7704389134975463 -0.1024857527487501
2828 -0.9050334143927613 0.7889108238602286 -0.04050723384988571
2829 -0.0008957017563756865 0.8400422471994611 -0.2675962663290563
2830 0.8281240331678982 -0.5071000893339558 -0.5000665446362128
2831 0.07542053960219747 -0.4823766835169223 -0.629990451530012
2832 -0.5390108246059964 0.8224855513129072 -0.6764146325296195
2833 0.8810146880540705 0.833688885879722 0.05474840152251997
2834 -0.8181118252039147 0.04984800694316712 -0.2459712687064234
2835 -0.5627553502169503 0.2071228434323854 -0.6398350142569614
2836 0.5769220173736849 -0.1373006075788389 -0.6523629269281239
2837 -0.8267625099656258 -0.5645961641884015 -0.6834031397551907
2838 -0.8271406813818357 0.2918682564757141 -0.4364741449874224
2839 -0.1153877525895678 0.5150749903743198 -0.6402655090335091
2840 0.142062174936363 -0.2695024371702133 -0.6447059142176043
2841 0.1913214021126511 0.5374543123849445 -0.6614757544053315
2842 0.4718482012948547 0.1310519933924517 -0.6529308607886285
2843 -0.6258601611835529 -0.1298488227464411 -0.6518957928797546
2844 0.553969526421894 -0.652842357034956 -0.7197301875510665
2845 -0.917085264975353 -0.00979595594828319 0.1235603130182635
2846 -0.2216543659627325 0.2501337632783482 -0.7113198374835284
2847 0.9009078389285362 -0.02487669066827216 -0.3758529929765314
2848 -0.5748054979089734 0.5889275479141405 -0.5761335907739032
2849 0.6569325690934996 0.563623660297794 -0.7088879724479287
2850 -0.2017477644463661 -0.5937669890797558 -0.6695210283559359
2851 0.04078450265752761 0.02353053263627046 -0.275780357956398
2852 -0.5447311947890042 -0.6798835221249859 -0.6656325781501451
2853 -0.1269683761173843 -0.9299967732092583 -0.5032169261612968
2854 0.9056382543452334 -0.008920774174772349 0.1199628170088039
2855 0.5206485808443408 0.7903932500030191 -0.4609378190218582
2856 -0.7345474345158419 -0.8306306288943333 -0.3414705788285257
2857 0.4593091444715866 -0.3788833419496244 0.05552385329689009
2858 0.2605806022545081 0.2383878501741641 -0.6990115175531562
2859 0.04645927209011161 0.903794535036863 -0.06030912956025825
2860 -0.8077964990059644 0.6296217990094976 0.3642066629599245
2861 -0.9730668358448259 -0.5860438873438515 0.4768834864251339
2862 0.6871862604383278 -0.4603033686333144 -0.7345510316714634
2863 -0.3346728639443111 -0.236782506896819 -0.6615704231215997
2864 -0.06057761026161147 -0.2838479027509831 -0.3511068666544235
2865 -0.652484519530022 0.8588346341708205 0.3999628490246557
2866 0.9135652707492141 0.6106939498095139 -0.5900042089295163
2867 0.1932978089535175 0.8905439609336518 -0.3741098931631676
2868 -0.1250485106315865 -0.9499952491216943 -0.7286878852697499
2869 -0.5425994686753005 -0.4044847586689838 -0.7077552539209698
2870 -0.9448087620712668 -0.206367856842089 0.4390742410723151
2871 0.3636469609737986 0.6237105831339799 -0.7274108964481275
2872 -0.394925278207122 0.5563771897536037 -0.7384661962704399
2873 -0.8753607740741761 0.1067786162408164 -0.7387321354135392
2874 -0.1014615442088821 0.927457548965988 -0.6839776725116193
2875 0.5220621303469249 -0.9188920189286539 -0.5616114269444865
2876 0.3355052035086063 -0.5109876939715133 -0.7188727829719385
2877 -0.9018834913289384 0.5746569049317887 -0.3676309655250493
2878 0.8022380083390444 0.2134149944204865 -0.4190542166827252
2879 -0.5575004483183762 -0.9056472369327589 -0.5861573722920648
2880 -0.1664844494425313 -0.05815564516306049 -0.686815260495782
2881 -0.3692188101267029 0.3586379577440685 0.008760788500546516
2882 0.5520666368872473 0.3787233636073465 -0.6184059989837014
2883 0.8164852631533691 0.005132172446503323 -0.1176580398869611
2884 0.2523077108585493 -0.7543465309647102 -0.4096170583759398
2885 0.02380386759788293 0.5249539678135176 -0.45504873449808
2886 -0.4602319898914857 0.3663968940285769 -0.6862097589390025
2887 0.4364854982891589 -0.2867177919622134 -0.6197759310040901
2888 0.003890472994993155 -0.9058053612030167 0.06813094894841247
2889 -0.5548517877325023 0.01480925815396819 -0.4914208423587705
2890 0.8783886118630052 -0.2985010393751474 -0.3817047015631514
2891 -0.3954513168516288 -0.5243184200928054 -0.7528925979239559
2892 0.9115750060554579 0.6578909188533875 0.3634393300575051
2893 0.9352950685848331 -0.6461879558796479 -0.7368205319933202
2894 0.9148177346483652 0.3116627628979091 0.4107820734693958
2895 -0.7401988277467693 -0.9568660000728194 0.4314470657645723
2896 0.8985574706801388 0.936919620784416 -0.4592449601235181
2897 -0.04425594177781144 0.9023626378119097 -0.4393646416813325
2898 -0.7229047880445487 0.2106661607150436 0.4247596755758983
2899 0.9547666784430362 -0.6172048342742025 -0.3639460786228729
2900 0.9705559955851895 0.9507938588528853 -0.7618880006846011
2901 0.1316940208066781 -0.9278312427044322 -0.7357037451447505
2902 0.7883119420541225 0.5828262419753814 -0.4078628821458212
2903 -0.3647635754001155 -0.8936440963575499 -0.3993915272965088
2904 0.6137662922639627 0.9078324937115652 -0.7207411462650685
2905 -0.928390280584958 -0.9636358767983132 -0.7100963238639424
2906 -0.9746223505581582 0.9770325826579682 -0.7032847176745779
2907 -0.397299077175864 -0.4499062630456545 0.05724858831375626
2908 0.7279467383160455 -0.6055653056698028 0.4352917542568358
2909 0.91742247215655 0.1997505507281075 -0.7032034053633585
2910 0.1816231048864427 -0.01593949149189577 -0.4080979437725601
2911 -0.9732602626137329 0.9104367979321558 0.4713075046732734
2912 -0.2111401137896396 0.1295146262715463 -0.5263601990052219
2913 -0.9366332361561082 -0.1822427188175861 -0.4515718338531979
2914 -0.9211890315289741 -0.1302330060086259 -0.6696875205593882
2915 0.2192329815971242 -0.9247063320705794 0.2899827565348781
2916 -0.8085976362965951 -0.894427260892693 0.1091723780426795
2917 0.1214557094745748 0.09581455509362098 -0.7447386949674698
2918 -0.1019050329592571 0.8947818377703128 0.1412473296044282
2919 -0.2551545576707413 -0.0853416473060058 0.3708043352811453
2920 0.1254697102255023 0.8312412909505239 -0.7318946188066986
2921 0.9293026221200533 -0.9557710713058729 -0.6134807279983207
2922 -0.9416803527991773 -0.9222730060845655 -0.4899131047502707
2923 0.5661136890195653 -0.9602834801040028 0.4701035645327693
2924 -0.2082383953218461 0.9294895346178971 0.4426054302888587
2925 0.08759616170752114 -0.966942932370058 -0.489980133650908
2926 0.6564735626066912 0.7574970238727636 0.4497378834532408
2927 -0.9844445730155301 0.9714275139606402 -0.522572078430309
2928 0.6656228362911198 0.9179321549385082 -0.1470991761249567
2929 -0.01559924176543944 0.01246450507961232 -0.04662413333774335
2930 0.2058276920211098 0.7431203043338083 0.3798224317394316
2931 0.1822363986543551 0.05467143542524611 0.3610896503460001
2932 0.7252545538674114 -0.2374874934140771 0.4341616662363929
2933 0.9076594349114355 -0.1060225540549196 -0.7219912474041246
2934 0.9614009021070339 -0.9677681518189977 -0.1665349857337825
2935 -0.9376305762038918 -0.3954561472986557 0.4323566585166314
2936 0.6679447259655393 0.01967303965057873 -0.3838324854295982
2937 0.4806702699913501 0.02788907312034816 -0.4743355195725807
2938 -0.9259629582579701 0.6442685181513738 -0.7371759542579756
2939 -0.1812046678902182 -0.9263085263513577 -0.2519759499736265
2940 0.9460416514753002 0.3739617694746264 -0.7490260759144292
2941 -0.7934184825268894 0.278453859311084 -0.7139682083159017
2942 0.04690521628118258 -0.13313494866661 -0.6797713751846534
2943 0.7013078258963381 -0.9083585562832948 0.1718500071947785
2944 0.9619442928181462 0.6486338138023017 -0.4352633977231992
2945 0.8966998288347239 -0.7016592930511196 -0.08804330690879844
2946 -0.08211598086067508 0.5585178455299767 0.4307023992065267
2947 -0.9390894298915072 -0.7140234476386981 0.08519205677259968
2948 -0.6614761080210186 0.9403251100515625 -0.3567845050939436
2949 -0.5900562933095892 0.7392072376703942 -0.4279212687335113
2950 -0.967226739021118 0.4161055036301184 -0.4055214542440253
2951 0.660287673116125 0.1872169988308831 -0.660729513968373
2952 -0.7424846371321842 0.008375455323857835 -0.05405567874409382
2953 -0.5319996855696295 0.01705579949813574 0.421566067167616
2954 0.3609639956142038 0.4391317172945923 -0.06135390850913787
2955 0.06146831556709445 0.1946999132155662 -0.4189234184369691
2956 0.9587247599836506 -0.4336202476437083 -0.761268020129212
2957 -0.9437505789818426 -0.7155675671539709 -0.3050328814419286
2958 0.6245230443990331 -0.7449360114501472 -0.3857660700979292
2959 -0.9486261832267825 0.09700183191169105 -0.4061613441486534
2960 0.6669287901647687 0.9649353207138144 -0.3852165440451205
2961 -0.1613747453913667 -0.4221424938845959 -0.698981630321205
2962 -0.3889511170882936 0.9444412399371923 -0.5840676752507699
2963 0.1588871011609252 -0.6723436701847753 -0.7246577602286699
2964 -0.9699195181371455 -0.9702556203124534 0.420163339249173
2965 0.785600782846704 -0.9399877038412989 -0.7440949195885541
2966 1.001789631550094 0.1458539534470587 -0.3835719439228336
2967 0.3784152332582965 0.7591046068709775 0.3935918019541413
2968 -0.9262989857904366 0.6979312864353202 -0.1976437095966401
2969 0.521300617145411 0.7140117342235324 -0.6407324667675098
2970 -0.6746525675097986 -0.9428752610916876 -0.7296953506457788
2971 0.376042502597142 0.9165400644154326 -0.3524285694591651
2972 0.4027044025102524 -0.8981172285279839 0.4073256688534794
2973 -0.6705170572232995 -0.7315279525547991 0.4343797632067043
2974 0.7585110032959244 -0.1922492216702134 -0.4548887526717352
2975 0.644729618741973 0.03686755895335538 0.2828409649955368
2976 -0.2165324564547166 -0.7655491293550434 0.4480233878922887
2977 0.9322916285558736 0.9591130730908713 0.4465821813195233
2978 0.4203650809494399 -0.9231071917679536 -0.7551916540669903
2979 0.9203178410538509 -0.4546032471873633 -0.2735302541027841
2980 0.7650265823467209 0.172479167235029 0.4221270417273372
2981 -0.5161865395716141 -0.7727503001860888 0.4155273522725423
2982 0.9574333570383787 -0.7383565595305704 0.1699645830656024
2983 0.1195970570767509 -0.6538971655395277 0.4439659058558985
2984 0.6774182532345089 0.9728233846536797 0.4221424348368249
2985 -0.6534123138229143 -0.1717781976537588 -0.461172443642283
2986 -0.7074366034743139 0.004580001747024246 -0.704173264673558
2987 -0.7250634467184708 0.9470616652378377 0.07281997671466341
2988 -0.06684948309839885 -0.9359625726082216 -0.09981925705044176
2989 -0.1233831301966818 -0.3926677070006641 -0.494058521856119
2990 -0.6579954526524118 -0.7621680227371574 0.1690236519024565
2991 -0.9598118262550447 0.2885497246128411 -0.2551910512374103
2992 0.01413364439407507 0.1902024067869011 0.4248555780456668
2993 -0.0484307763570545 0.3812022688039513 0.4133147041633808
2994 0.9527609253300934 -0.1610305069437541 -0.557642880395351
2995 -0.3830739962326947 0.9338763548152273 0.4335170602322429
2996 -0.9249364125567858 0.0882038567374966 -0.06510691514542777
2997 0.07653682926076891 -0.5653073518465288 -0.4643718343424661
2998 -0.9341474971302522 -0.2878893755289627 -0.7595710562738626
2999 0.5891178739105102 0.1722066863635215 -0.5086761433821371
3000 -0.9281710431796891 0.92250062467572 0.1262154544193945
3001 -0.3920895976891947 0.2051233490147826 -0.7569739954452501
3002 -0.962355661259136 0.130007132001598 0.408513854641416
3003 0.9558211322944743 -0.6916496267260268 0.441087129898015
3004 0.2296979406591909 0.691085070577993 -0.5587064681084433
3005 -0.6845693515616281 -0.4559116554391396 -0.5448679845712167
3006 -0.8016971869887231 -0.5780767801915929 -0.4149356644326291
3007 0.3831330904643862 0.3982482202237821 -0.7587301175886897
3008 -0.1552476537371893 0.709968204347183 -0.7231184132741473
3009 0.02290915022623115 0.7094474972605648 0.1895711225179771
3010 -0.6681165200497552 0.9229948928695723 -0.7485645205986273
3011 -0.7569566268638092 -0.9718720412842989 0.246864332156403
3012 0.1226396039088729 0.01514601928439828 0.2071653962327621
3013 -0.48263040506087 -0.9600179312137879 -0.7397974542130938
3014 0.8948010227104902 0.9356479128279487 -0.1537262575964959
3015 -0.1651644888408489 0.6283691430527504 -0.4915187106807599
3016 0.7199537690549785 -0.9475301509758174 -0.4151251575848462
3017 -0.9586844894079533 0.9390807164651117 -0.1981401838640686
3018 -0.3488054121664948 -0.001815765426826904 -0.399785797325785
3019 -0.9613344363534513 -0.6875210947632313 -0.4952653854402303
3020 -0.737763321023084 -0.9113554334403552 -0.1243165856458154
3021 0.9015254725951594 0.146526744501175 0.2320594831510013
3022 -0.00459615382190167 -0.2486805623065395 0.4163092223311946
3023 -0.7110408868341086 -0.1389691495270037 0.4542797608503266
3024 0.3617377079152784 0.06213549018196442 0.4080030675491023
3025 0.1136140353484367 0.9657645328433345 0.4328517109845836
3026 -0.9559795866249883 -0.1158581654662997 0.25008951417838
3027 -0.7550617691805966 -0.6679656710906197 -0.2128752914511735
3028 0.9551373338134369 -0.9704554097704986 -0.4255188272416716
3029 -0.3541856485697885 0.2590771212743134 -0.1281538223941879
3030 -0.9521809944706067 -0.7314183600973712 -0.7134706635369303
3031 -0.7087805975580851 0.1383249065062539 -0.3392885923347156
3032 -0.7214171025104489 0.5411636353701484 -0.5149466179391547
3033 0.9604204500491521 -0.1333854241846034 -0.05815214622359535
3034 0.6852754719892561 -0.7690992175838336 -0.1163169257939587
3035 0.9453965160009585 0.9450832320659589 0.2241533397821241
3036 -0.7705639889865871 0.360777695808654 0.4286651681152518
3037 -0.05997489013553402 -0.7171402018428187 -0.4104917766538314
3038 -0.9701875546395216 0.7273794016381626 0.1166535540853175
3039 0.7090691774719294 0.7431654661934498 0.1457492179103609
3040 0.06582854455709336 0.9192472533676271 -0.5599273227888575
3041 0.08135450309426735 -0.1828994248340153 -0.479432999828356
3042 -0.7836153868883655 -0.3423191394015758 -0.4359752209571502
3043 -0.02611395812990053 -0.6571458665180819 -0.7609301751361361
3044 -0.9664733941147079 0.6508006028628922 0.4366895518962131
3045 0.2388158160467457 -0.9740909562136434 -0.4944824846305504
3046 0.4306097413362767 -0.02525605786927944 -0.7035380272039979
3047 -0.7204437954182776 -0.7023966882947842 -0.7696508495100435
3048 0.1137511387041804 0.9472142909811299 -0.2305210399153683
3049 -0.94697032774889 -0.9356135564983468 0.2012640946371714
3050 0.7020163825467164 -0.4097131697197883 0.4454257188631154
3051 -0.9770866370290522 0.2994900070091364 -0.7700456861580297
3052 0.9657201647207508 0.2963789894233894 -0.5245261553706637
3053 -0.081263030653315 0.1163471299327496 -0.7699103127726444
3054 0.9307361750538115 0.6981376336614571 0.1945421720058365
3055 -0.7726143273368213 0.6462127780485734 0.1788061155921494
3056 -0.2116718585644237 -0.05689609263532275 -0.5073727039061494
3057 -0.3805656558921905 -0.6772475053502375 -0.7443686836968491
3058 0.6776524019588231 -0.04053451331721959 -0.7506963840041615
3059 -0.515959893719279 -0.9393110668897002 -0.2859604325178957
3060 -0.5173359469772582 0.04275946143444606 -0.7430376755475926
3061 -0.9331546404595378 -0.9668560012032872 -0.02176572606444356
3062 0.6659992587110676 -0.5451733835670757 -0.533582989849916
3063 0.04571416015660072 0.4505108718476179 -0.7517417389565993
3064 -0.05961534579645224 -0.938774877234909 0.4540224308537946
3065 0.1839651519433114 0.1499205432587172 -0.539049239122143
3066 0.9324457627863172 -0.9501042113893193 0.2324627439787688
3067 0.9522779732683726 -0.9589449023538504 0.4418934541653759
3068 -0.7424512615374556 0.9895974899042244 -0.2072351629550043
3069 0.4583675432951108 -0.5320987257907428 -0.08933941772890854
3070 -0.9651324110084865 0.5635081900054002 -0.5509445053110449
3071 0.5846765624254392 -0.3257864944378213 -0.7543894904319267
3072 0.9181628637228351 0.7497377774991183 -0.7423423540000283
3073 -0.7224994067842497 0.6675558453290711 -0.3281875265637552
3074 0.009128840407458335 0.6832590469681686 -0.08101066255326575
3075 -0.4376127486765831 0.6749963443856183 -0.5641708510163774
3076 -0.2993288533525197 0.3846467659328056 -0.7721820120711862
3077 0.184211606164776 -0.3942607568498023 -0.75366959711492
3078 -0.7032602864948443 0.7502899634799304 -0.1299000768216761
3079 -0.2514075521039217 0.9302895847888346 -0.7572599472598617
3080 0.4637693790472647 0.9396555998052242 -0.7412241661198163
3081 -0.5993707719896595 -0.7125302403743579 -0.4655088588682702
3082 0.06490884600142559 0.3701703920714655 -0.3512762463762493
3083 0.01328042499996768 -0.3661988913854288 -0.7374117380075997
3084 0.9797947542195728 -0.7451517757456335 -0.5407508562766585
3085 -0.9380623579223568 -0.5657294983581233 0.2467993332452251
3086 0.01395010005064053 0.6073819921678186 -0.7679364195979482
3087 -0.8030303753940167 -0.1530309462920346 -0.3191683586856643
3088 -0.6690107098176254 0.4303581631359471 -0.7180174475451815
3089 -0.2208455146977907 0.3765493410315259 0.1133430257141232
3090 0.7507926900388857 -0.6101929796624074 -0.7564216725650457
3091 -0.1247727740476547 -0.7262146027355444 0.1541150444105955
3092 -0.6962632020952676 0.7344083392995142 -0.7605150030989856
3093 0.09002948423520828 -0.09076490439913297 -0.1556339908257165
3094 -0.2078119243531946 0.01270702645707789 -0.3202442232557254
3095 0.501049207719107 0.3768922908125137 -0.1407141637844456
3096 -0.2597400436186032 0.816694634174715 -0.4233351680334275
3097 0.5295221819703343 0.9347420581068906 -0.2921859787362247
3098 0.3755170386871217 0.520864397576542 0.1057431606852404
3099 0.9467897379630801 -0.2502742813830096 -0.7487134744483719
3100 0.798068130272293 0.148614022564544 -0.2602041122932328
3101 -0.7368731306520179 -0.05967132671368538 0.180665604714167
3102 0.1441039071605314 0.6923341016035952 -0.387658757990205
3103 -0.2948114633113901 -0.9835502687305918 -0.7808173615281669
3104 0.4485116226473366 -0.7608513352986764 -0.4137997445428929
3105 -0.7437345913625253 -0.4062301998080682 -0.7737696721574731
3106 -0.984678444919507 0.1065512908519678 0.2407799189102152
3107 -0.7407308011696965 0.1072212180381318 0.07885955265921975
3108 -0.51905819573453 0.2786877631746205 0.02658874119629553
3109 0.9425618504000031 -0.1745125751832635 -0.2215909886500173
3110 -0.9277056469207141 -0.12087579245338 -0.1368308819664856
3111 0.06435134023513375 -0.1627165086998472 0.2546262261387117
3112 0.9445131625985245 -0.1524781569970989 0.424570933375004
3113 -0.9368175854726718 -0.04379824898485823 0.4377755774244186
3114 -0.1577900808563599 0.09005449511516082 0.455900816703962
3115 0.7506288077848647 0.9598498124267207 0.1578257646200194
3116 0.3764546428830979 -0.6680415886006101 -0.7582891057408667
3117 0.9364265188917936 0.08838175759915388 0.4638035864219113
3118 0.2031194982531665 0.6978306081109016 -0.7490938254162364
3119 0.9586058615734061 0.1283798385632278 0.04459403168258542
3120 0.07836196846974744 -0.3369870973205203 -0.489299348910513
3121 0.9469230283050657 0.5107880487087441 0.2954837410592901
3122 0.1118691882861089 -0.9268131814001619 0.4530375515311901
3123 -0.6581738475469683 0.3673182924361077 -0.5733886925645063
3124 0.7828003324880577 -0.9650104957239241 -0.1007645557206853
3125 0.3298024270184857 -0.1017643879172937 -0.440667229939989
3126 0.7415369384063869 0.4147876884373656 -0.3894560805088813
3127 -0.7532391349658566 -0.7400540960873442 0.03097273433294151
3128 -0.9613380965330753 0.4920114194885515 -0.2186368386623362
3129 0.2934118784043199 0.9373263080961811 -0.2382293774739228
3130 -0.3522758543607812 0.7610820045416933 -0.7486624976192933
3131 0.7692734834824611 -0.1710913473137705 0.2547920714240782
3132 0.3154106944781598 0.07637687627289973 -0.7588845478673529
3133 -0.9512226509505826 -0.4046786932628917 0.2433197007393841
3134 -0.3405953373900338 0.5486053927392944 -0.08105367585226329
3135 -0.8518411170026596 -0.7845215773613035 0.4654002521291923
3136 0.2778205030285214 -0.1370508044926065 -0.748275656936994
3137 0.05613825504207108 0.9628595280367739 0.2418027951572064
3138 0.7937117030177632 0.9682190320558428 -0.610289013750566
3139 0.08603871985500632 -0.4190753228302603 0.4164343792332065
3140 0.7616364824164895 -0.6908328193383005 0.08808689430889079
3141 0.5740938054484408 -0.823331341496126 -0.7496025171461361
3142 -0.02366423485217179 -0.963085798759871 0.2545111322867353
3143 0.3659556202599512 0.286459617877364 0.08895351694877186
3144 -0.7017261635151939 0.05795416511183723 0.4701866880324979
3145 0.09485541708920585 -0.08801286207310836 0.4679310406577781
3146 0.2345073427155823 -0.5754434820066555 -0.583186313046932
3147 0.662835862508193 0.7128088087834131 -0.772198538713819
3148 0.2714409570290112 0.9294542130297223 -0.7471671802250777
3149 0.07473816400102326 0.2500318966604002 -0.7700014884259131
3150 -0.7468743434976707 -0.9668053472705096 -0.5531435967153591
3151 -0.2763097916828698 -0.4611618064737893 -0.05688862283302062
3152 0.5198406522800095 0.5587276343258955 -0.7691137916829638
3153 -0.3704295422213645 -0.8503630383012883 0.4456411148800097
3154 0.9511164074985168 0.7589936517590834 -0.1700961404222329
3155 0.813338807893554 0.5489296873931433 -0.748974038373196
3156 0.9707210115815142 0.7973271185153213 -0.5633089450848421
3157 0.934409301344326 -0.8118843486211805 -0.734025852369771
3158 0.2162486339077934 -0.9773073630311064 0.09662814921532034
3159 -0.008297638385710219 -0.9695824397888114 -0.6340267967136377
3160 -0.2182466687721265 0.9777619568221421 -0.5076028449544163
3161 -0.9599135345641986 0.9650109666661761 0.3096862954731779
3162 0.7501736169572636 0.09632694026925581 0.05035639759563064
3163 -0.4591980021917377 -0.2747763097921837 -0.7554241470410824
3164 -0.6322407441703435 -0.2490091305473344 -0.7707817815078708
3165 -0.9623031488433499 -0.327465169654505 -0.5704547540522261
3166 0.5322855191705365 -0.9511561423953955 0.2794666676704863
3167 -0.9063311324061262 -0.9540016833597501 -0.247198621260832
3168 0.62246950274377 -0.2718801199405194 -0.5716165950602691
3169 0.4988473297728067 -0.5188737086937849 -0.7734831283014438
3170 0.04361514588424226 -0.6838586975980174 0.2020309842690435
3171 0.4307932520617682 -0.6029160765923935 -0.588841684435869
3172 -0.515614386496967 -0.3757174593243586 -0.1530392265511897
3173 0.9811273572713534 -0.6691025113653674 0.04019197727362294
3174 -0.9291522789440179 -0.1254424481486288 0.02061780580761292
3175 0.1450428291952095 -0.731491854903109 -0.2613021105380351
3176 -0.06308876277366895 -0.5142586247272514 0.4573884419519385
3177 -0.3621826262008288 0.9728551468034887 0.2682748684118066
3178 0.974398552271501 -0.3418322661658651 -0.5633299291933457
3179 -0.2690612383372329 0.07237214965134788 -0.7738968534195926
3180 0.09619683770521376 0.5220208523643846 -0.2766091000595913
3181 -0.1286621547794174 0.3061686385294805 -0.5173096155463224
3182 -0.00702259092263248 -0.8205891402511909 -0.7632322364405598
3183 0.217546887856459 -0.3563926346779886 0.168479370106484
3184 0.09393878893943454 -0.6855618768845676 0.05505279746303893
3185 0.9702443993918195 -0.9556926516302858 0.04295561767639151
3186 -0.4901616783327729 0.7830396472229265 0.4451809953131877
3187 -0.4179147088789548 0.7694304100614044 -0.4306170309407995
3188 -0.1176418945591097 0.725509577526299 0.4650287846583099
3189 0.7077900001482987 0.3340740617246694 -0.7629203395425476
3190 0.9629013932623436 -0.9576861039117818 -0.7696227581828141
3191 0.4196068995920155 0.9641879258427943 -0.5309215005411027
3192 -0.7582523715383207 0.9782142867329766 0.261932184697275
3193 -0.5380851940414684 0.9176636113724019 0.2746116101209233
3194 0.2772302715770476 0.9215934683294501 0.4769983851898127
3195 -0.09914778277654356 0.9774781805719225 -0.3160243051574649
3196 -0.2611320863384303 -0.7274385609680267 -0.5060122172167166
3197 0.7970073655443424 0.4437753365621023 0.4323865347637769
3198 -0.007300531319939308 -0.6442462978206407 -0.2435316079105529
3199 -0.2044099593361719 -0.7935487550037696 -0.3644472053156919
3200 -0.2103747838853338 -0.2345663234522193 -0.535656156381592
3201 -0.04776817103219395 0.1690931979969221 0.2693740797076499
3202 0.9655823550327547 0.04089699527762453 -0.2267509074071913
3203 0.6528922427624366 -0.7761245993282524 0.3145059112912425
3204 0.5133229703686839 0.7234594592671372 0.2924368942671834
3205 0.2690072562078543 -0.7609975527985019 0.4458990382511438
3206 -0.9710548957525621 0.9667668173001617 -0.3528655729941385
3207 -0.4396387914914612 0.9781520512252458 -0.7864135004487337
3208 0.9692090237209633 0.3606240961535426 0.2275479560638237
3209 -0.7248250974324513 0.5623267422205249 -0.7667717835929012
3210 -0.6263402903060086 -0.5580029193771049 -0.7679553663644944
3211 -0.7243653493066565 0.1849417844100321 -0.5234570014575203
3212 0.3981156922001536 0.2093115881351191 -0.7858826103572288
3213 0.3607564059901099 0.1230739991391871 -0.5367845030920826
3214 -0.3297141445483222 -0.0681822001678081 -0.7706847537274291
3215 -0.9726621023080604 0.360765206440034 -0.5860979359193682
3216 -0.1909809034559926 -0.2475363509102252 -0.7535881791796193
3217 -0.7651722752706175 -0.5157495125178145 0.4583360030194217
3218 -0.7390813890534441 0.4891144512667603 0.3162777949641726
3219 -0.1218719213788229 0.7706859265945579 -0.0854733659822743
3220 0.7457865852636026 -0.9761896854141627 0.4829318984882494
3221 0.9627603654347473 0.6637784412813715 0.02259334472669949
3222 -0.9740848448311555 0.7764596415377339 -0.6160824646135103
3223 0.2088060041580191 0.3784351237832282 -0.5598428997646665
3224 -0.5610911525661776 -0.9526875795086526 0.4855482480685752
3225 0.05348420732737454 -0.9647849873160874 -0.2131454835844415
3226 0.4732425129230035 0.06083415093559526 0.3296411704151158
3227 -0.2226759810703621 -0.7640989959014318 -0.7487236734394359
3228 -0.9773368905817534 -0.01869353319197277 -0.5630477736262074
3229 -0.4276005408587941 -0.7058617486618943 -0.5153881609660473
3230 -0.03825736131811501 -0.9709090716609089 -0.3680049426364559
3231 0.6058013870928041 -0.1322000472122938 0.4317324548657603
3232 0.6074482407998766 -0.7153546948436275 -0.2281508371713142
3233 -0.8677062840923748 0.4939813264620436 0.4776428528033366
3234 0.9867463049178951 -0.08398493283678428 0.2516850185121845
3235 0.2306839331783622 0.7064568153470733 0.2290999164402331
3236 0.7519157802439131 0.6948675183625613 -0.1809896767076819
3237 0.7161615601028587 -0.1916109103011051 -0.7647047932699101
3238 -0.1321588211529389 -0.9836841966800738 0.05120995357969119
3239 0.8422325199966709 0.8128489634941506 0.4874134250534506
3240 -0.4052647057317829 -0.07213352782297945 0.3138501723275202
3241 -0.9386223576450765 0.7767339144444643 -0.409228624098335
3242 0.07296212201666584 -0.130837125537535 -0.3199313902612434
3243 0.1924729324162957 0.385603541186184 -0.7661128457219423
3244 0.6044196676415503 -0.4058098280517256 0.1585952010989062
3245 -0.5464639086569678 -0.2714240791367767 -0.5595877302542874
3246 -0.4261442579286521 0.1456771708594573 -0.4969599200452106
3247 -0.2625902898292429 -0.9743335173711728 -0.5744140346163494
3248 -0.7867526693949811 0.9670204720852096 0.461674520737392
3249 0.6890585448227849 0.9537184953525734 0.01340702613335856
3250 0.7812139433721487 -0.1008226500816831 0.04266261031383696
3251 -0.3328709458139497 -0.9514421717071472 -0.2187845410610446
3252 -0.07611415131110814 0.6111292107887895 0.262356848616681
3253 -0.53592422260379 -0.6967049799809988 0.2363940375097784
3254 -0.9672285676592699 0.4775380756460058 -0.7725119646547173
3255 0.4265303505005638 0.7611824293436341 -0.7809760335356341
3256 -0.986416065581716 -0.09396210049204523 -0.3300688840604593
3257 -0.5352213412621455 0.499606354707643 -0.7760474127332849
3258 -0.04806022473680649 0.9567562653466377 0.4467410532654439
3259 -0.148912997665583 0.0693225536417261 -0.1983321178979186
3260 -0.1764834918052849 -0.5664770492591793 -0.4984011796356981
3261 -0.7008745058181512 -0.4671600040579592 -0.3042397079461686
3262 -0.06967776797149358 0.2766269552056553 -0.765499396575486
3263 -0.8064674876950738 0.1554845734269089 0.2461985128872942
3264 0.2751342506897653 -0.1029166504878717 0.4709853444563772
3265 -0.5785040540983901 0.9445469394398505 -0.5101961339261467
3266 -0.9748574254256649 0.736169584419279 0.2863269284292418
3267 0.632739017432275 -0.05242536664712318 -0.2008677355001214
3268 -0.7075174057096772 -0.1239465239872121 0.05455545113576096
3269 -0.7874575126642245 0.9598584305979602 -0.5638568529809108
3270 -0.3776423822480233 0.01484330212885603 0.4663881496843502
3271 -0.04645420451525536 0.6449737194642782 -0.3771536967974532
3272 0.7182731864289055 -0.7669243191194728 0.4847161619921616
3273 0.2936275076166607 -0.4961329052886088 0.0004367431512029271
3274 -0.7767357758132926 -0.6450742459489455 0.2845910879836887
3275 -0.3229886335137914 -0.3955078395459649 -0.6107688405373458
3276 -0.5947546355569486 0.3595749877837561 0.1738701117743557
3277 -0.3999971570536413 0.3924343080429853 0.1612120081768287
3278 0.4950216585135594 0.5417581230468367 -0.6011524831963307
3279 0.2338104185296747 0.9605979262504201 -0.5592334564649123
3280 0.5176309662386962 -0.4387465539784123 -0.6244462690015622
3281 -0.04459434734035639 -0.4615377473551018 -0.3354397152772
3282 -0.1370020046851634 0.9588466974782975 -0.002794408868017442
3283 0.06045232990011468 0.1960326960045225 -0.2346466169677128
3284 0.01217982227304436 -0.7697304493995314 -0.06942337261064833
3285 -0.660877994327277 -0.6009238462314013 -0.5677110196154087
3286 0.7931216419306081 -0.7230364242045932 -0.400917981574225
3287 -0.1631914770391889 -0.07317024709400342 0.2311989687212586
3288 -0.005439110904490157 -0.02987016806668294 0.1272442064881799
3289 0.5395765801676374 0.8647470121554446 0.4488208885514511
3290 0.7728962126997703 -0.3331642630764399 -0.7748261752193014
3291 0.09198671354403913 0.9766268324777873 0.08588505096907528
3292 -0.5459662207263771 0.4683432319408045 0.0603086668795525
3293 0.1202109959583369 0.1050740192289989 0.046227934234679
3294 0.5904297250916259 0.007656856751434931 -0.589413470549672
3295 0.9788161827843799 0.8131434136671449 0.368925164160467
3296 -0.547271541102572 -0.7884102692213537 -0.7732552755435026
3297 -0.7893369908623973 -0.3141992667852322 0.4467570396508358
3298 0.4288161228305876 -0.1433417399207159 -0.5698079634292393
3299 -0.9646658207423054 -0.467311565737729 -0.7333107363894097
3300 -0.2767372502480145 0.4533212686262261 -0.5923311901463408
3301 0.3377835542372239 0.7717056760540787 -0.4390781290837974
3302 -0.02031260252396938 0.1469308432441605 -0.6088949252687511
3303 -0.2127193559521708 -0.9854174891907654 -0.1051246151443059
3304 -0.4170359991152504 -0.9868488168815704 -0.5659840916513206
3305 0.9070003324275815 -0.5354898217747134 0.4734606827701608
3306 -0.1103764045955559 -0.666879331513442 0.338623265954126
3307 -0.1083423379833355 -0.1430035787145069 0.4586168616515031
3308 -0.150078396404124 0.7582421349250026 0.2773571589645933
3309 0.08135885058578864 0.4861126315691203 0.4562382327866591
3310 0.5903721850343338 0.6248221407434887 -0.4958711465867352
3311 0.720324775362519 0.5899057903457299 0.4821839222650022
3312 -0.9661978162606603 0.6309094503098922 -0.04537631460515126
3313 -0.3517499232340089 0.1711280758690033 -0.2292249418521093
3314 -0.4049192175045945 -0.1226804782048328 -0.5611065789815392
3315 0.2828131166205468 -0.3733340607160153 -0.6054015096280008
3316 0.942559933478316 0.9293910410716681 -0.3197258592746207
3317 0.2780074035999025 -0.7988585515356312 -0.7755971941265064
3318 0.9672664121587492 -0.558692800751052 -0.1663786146862807
3319 -0.3243386317408692 -0.3052626635110379 0.1004246813976456
3320 -0.3801255008699025 -0.1646654067742033 0.167580563027546
3321 -0.3762507847423655 -0.5749719698998654 0.157678178714118
3322 1.011758239409161 -0.6597179885506894 0.275634603243354
3323 0.0261378811065899 0.9833048232127233 -0.7657769023306091
3324 -0.3336635370416429 0.2801522909330469 -0.5853658030964629
3325 0.09665291087036798 0.6475998337115448 0.4810507549183866
3326 0.2697428456134398 -0.3039405911994465 -0.002350212395144725
3327 0.4371512651086273 -0.2260777071030441 -0.1143554711079811
3328 0.3864828503462717 -0.3789727428625455 -0.1652996984074629
3329 0.8071588501080255 -0.6596317510143149 0.2571756354972451
3330 0.6562887183533773 -0.9625499132299848 0.01175629976974594
3331 0.3843716045088155 -0.9573854373421788 -0.5445927650301134
3332 -0.1419034924288999 0.2719696976274517 0.4700953352475783
3333 0.4323938476362868 0.2798733133391368 -0.6016128956991741
3334 -0.728777242402854 0.1348418585170474 -0.7774782931908568
3335 0.7881116630197976 0.9815691926699589 -0.3022807623145874
3336 0.7667854530596945 -0.03043983644286975 0.4720117880597046
3337 -0.5727673463598316 -0.08944735056668879 0.2892152929586833
3338 -0.6829571987229991 0.07668110965176719 -0.1827117272926387
3339 0.4864446826466182 -0.7586093331540874 0.4556074670062088
3340 0.9918843438799932 -0.7933410986907161 -0.3745088227189516
3341 -0.7102937613418429 -0.2830925559626449 -0.2818114041077819
3342 -0.2983989856268089 0.7378183112315927 0.4655083752394533
3343 0.1685196697307153 0.540007742752345 -0.4750912898550985
3344 -0.8005235502472904 0.9541548461407023 -0.07237330227171127
3345 0.145109883991915 -0.9146702269343011 -0.3479654380079778
3346 -0.3125613717973896 0.9827010628555207 0.1209585761963948
3347 -0.5313418736160171 -0.504244711293345 -0.01506258503039911
3348 -0.6431700600436661 -0.8332882254014677 0.2978889807396034
3349 0.671846390294253 -0.8758926364086413 -0.262294349518122
3350 0.2559903156774926 0.1118168753443258 0.2208899662541506
3351 0.9833091997556828 -0.5647916654340028 -0.5455218981037352
3352 0.144122891459685 -0.05899784034339155 -0.5974636242720239
3353 -0.7818234943554523 0.7630337863996975 0.4647675928595854
3354 0.1222459453097551 0.765095527980385 0.09648567478762821
3355 0.2840834441219804 -0.9925244883100914 0.4662953061556049
3356 0.3820596654944285 0.6583855958950174 0.2015155287132118
3357 -0.2344602089100806 0.5644783324202257 -0.7605587650133702
3358 -0.9779367380564191 -0.7480007292995614 0.3127152205694492
3359 0.5744551806188243 -0.9738279296577 -0.7471593325801085
3360 -0.5633609355027188 0.7252335621424155 -0.2344309942196961
3361 -0.9643083471105759 0.1275538074287663 -0.1987525978022163
3362 0.6455578908589451 0.8598387736497903 0.2774033142973204
3363 0.6569221427851033 0.3142268014493821 -0.4758869147217508
3364 -0.9925681495894111 0.9823263898973696 -0.01135915482794692
3365 -0.6738951163201018 0.7691614280241473 0.2462173292831573
3366 0.126448013965291 0.1171034286977281 -0.09622818633665778
3367 0.7592031045860904 -0.1360318880955362 -0.2958631161592832
3368 0.9664733415365634 -0.3380773581309184 -0.1506233886844718
3369 0.2604839499056585 0.6571469753292215 0.4740026449545398
3370 0.2338828653579174 0.3029742504358122 -0.1105642112733276
3371 -0.5978807940665094 0.3091420239921885 -0.7821499663780203
3372 0.9856817974640355 0.5702294483411011 -0.7836174856347683
3373 -0.9815436109473177 0.1544133983054713 -0.5884846226196321
3374 0.1595796125862557 -0.04502318125721064 -0.7853954776223229
3375 0.5344829679551437 0.2620310730065478 -0.7696887075517584
3376 0.6836332316888279 -0.9818354099602468 -0.5675418837733459
3377 -0.07068924919346041 0.71987442084871 0.05696779410918606
3378 -0.1050706332982991 0.1529128394860913 -0.3685770579705724
3379 0.9958837316098499 -0.1252011941099934 0.08339585516288371
3380 -0.1277444882252912 -0.7858313041004961 -0.6147717153772018
3381 -0.6291072852495317 -0.04780760335232474 -0.3380789212062191
3382 0.9802613696865753 0.01851773773243898 -0.5658681984982312
3383 0.2155127812110048 -0.06884682715676527 -0.2448462750614344
3384 -0.1718222411645772 -0.3147814124381796 -0.1561683980652668
3385 0.1822645251417584 -0.8049428015277739 -0.602824628728086
3386 -0.6991822314872518 -0.1221044240409938 -0.1565033894761077
3387 0.1159745681544697 -0.861811445753817 0.17253774420447
3388 0.9836236479030626 0.01114382661495542 -0.7850111334931736
3389 -0.3342546855099389 -0.5918120266952888 -0.5798504750369934
3390 0.893174979682849 -0.3336982921672091 0.486808194618712
3391 -0.8997611343438805 0.2556119681702403 0.4443145052816264
3392 -0.7257699962819577 0.7588008249264599 0.04868172105727348
3393 0.5588034478175544 0.0737786380290102 -0.7737353351433425
3394 0.05855593741209919 0.662619113580548 0.333246287268738
3395 -0.007002622700111316 -0.7558865677673103 0.477552361909622
3396 -0.5734856760396416 0.9672906074298936 0.4850796229350875
3397 -0.06442467544369694 -0.1792135048004604 -0.7856901944237437
3398 0.8649206361804379 0.4553220648159871 -0.4475719179059653
3399 0.8074054319205317 -0.6479196576497398 -0.2012472386737658
3400 -0.1387661211458869 0.7617119651987381 -0.2585916691538816
3401 -0.6110099904377673 0.6549851987681177 0.450080486461085
3402 0.7735944562755106 -0.9769235647304348 0.3095489654303257
3403 -0.4947795016551927 0.06828423708608053 -0.2977464204520407
3404 -0.6822417701796237 -0.9607506389198135 0.02630730701777134
3405 -0.9742887573985174 -0.5094607244133191 -0.5451225724133486
3406 0.698930122803456 0.5049462590677659 -0.545052315547448
3407 -0.4327658491760714 -0.7028535425122119 0.2944158975973029
3408 -0.2268962799124692 -0.9785707399294046 0.4796696087967533
3409 0.4206755983582367 0.9651083891064135 -0.176185841903985
3410 -0.3100142839103739 -0.3835405356873414 -0.7879211060328909
3411 -0.5994902746267436 -0.5900845786491448 0.4616277220055454
3412 -0.5359366601676082 -0.9571804980124304 -0.1397248851765301
3413 0.5800360580686394 -0.1317586681883341 -0.4350585041883182
3414 0.9962480802598725 0.04486341065649976 -0.06066902346707051
3415 0.750309638138047 0.9715186428135 -0.7845744082100167
3416 -0.7982835560439548 -0.1837357853725848 -0.782035496886315
3417 0.8184646264845309 0.1739334884543628 -0.5677233102756828
3418 -0.2312013610048185 -0.9944528677593442 -0.3872560191082269
3419 0.9865970544573693 0.9918447690149883 -0.5658582581779656
3420 -0.9948859734223052 0.2669087523180673 -0.4280350701248367
3421 -0.08254504340814781 0.9682320220495453 -0.160284732161342
3422 0.3352004374529484 0.4945998349794039 -0.6099713571366829
3423 -0.7743922444482182 -0.1695669003949164 0.2873892406511612
3424 -0.4694457828843052 0.4868915794673415 -0.6000426966288591
3425 0.1297139552477127 0.2812583440834514 0.4851731508463872
3426 0.2657960336825399 0.5356024913248751 -0.7915493508552615
3427 -0.05512747598856711 -0.5096273763010575 -0.7778112549820982
3428 0.7423644090753199 -0.3859899051839221 -0.5570003471511276
3429 0.07232467068035194 0.9922309959176632 -0.4002698989381817
3430 -0.4655499339451293 -0.3012804316197499 0.01397708303960571
3431 -0.481301943757556 -0.5413514020756071 -0.6051923904558821
3432 -0.06698113690566347 -0.1349304601376262 -0.1923886423583526
3433 -0.1473124788788139 -0.1319362242290698 -0.3738895513982998
3434 0.9404957593498163 0.9817444311861684 0.02962765612176952
3435 0.1640653177195784 -0.7434427666624732 0.2914546703361756
3436 0.4019883790184606 0.6585963174462529 -0.52327453356362
3437 -0.2849838335210969 -0.7165516250337507 0.2809281453642273
3438 -0.3812408442744887 0.4094318568394389 -0.1555185453866338
3439 0.5068925316005707 -0.1748365792271049 -0.7733497262018003
3440 0.4501336293765224 -0.04958019348585531 -0.3158653735722001
3441 0.2158812356417215 0.9752177199655476 -0.1107580039828211
3442 0.1326079545779689 -0.5233279348329635 -0.7776185876563382
3443 0.4420745389254633 -0.06179567393355789 0.4591875375146279
3444 0.9663707480471327 -0.8362554021792913 -0.05383351221345446
3445 -0.676515027344209 0.4836970256820248 0.4750324130186661
3446 -0.1033506084335806 0.7983595570990696 -0.5575345632561055
3447 0.0894606432409147 -0.242959994194366 -0.7839919032993842
3448 -0.04641576773991873 -0.5968847055469689 -0.6014778049296193
3449 -0.1743670731502832 0.5217727228139173 0.1226802215618228
3450 0.7268595783194836 -0.1305554172609503 -0.6056073480155395
3451 -0.1682616548695034 0.9623580354086939 0.2729407857429118
3452 0.7972170031545392 0.9897352172567719 0.3218291758523296
3453 -0.9313566955155452 -0.2656560851813622 0.2713846837032066
3454 0.7781840898813557 0.3070488056343798 0.4923626697631377
3455 0.9588582375408511 0.539720474144846 0.4801090161844557
3456 0.8845849208126968 -0.9707120894138808 -0.2798532367962725
3457 0.06732055405760062 0.8000234354115411 0.4561648016037074
3458 0.1516646454949037 0.8559476505653233 0.3039865787367332
3459 -1.002454091376314 -0.008165184985218388 -0.7648638789206801
3460 -0.005327357039122547 -0.01257095103357019 -0.747990664940933
3461 0.267987999396494 -0.9554693984024164 -0.7371173641591796
3462 0.5342673251381607 0.6595408677776597 0.483945838745915
3463 -0.6757713870838888 0.0573131025009295 0.2824740801137516
3464 -0.117998509696023 0.4688377823161248 -0.4721146243182343
3465 -0.8172881348346185 0.4461098852540045 -0.4531783887567118
3466 0.2490890370630165 -0.2244683614570024 -0.5556815969702577
3467 -0.5708802662148135 0.975889281503642 0.1072723294029295
3468 -0.1172783036964813 0.4191328494849999 0.2417091025550624
3469 0.05986928103772302 0.07337383162211898 0.4893450855898639
3470 -0.8776552279795459 0.8153769035429349 -0.7669624861451529
3471 0.5907252597118127 0.9774571339354465 -0.5373423468294236
3472 0.8003508012167776 0.08118383407688837 -0.7639887075902499
3473 -0.9786603308940001 -0.2436608213664515 0.07476807582050291
3474 -0.4969910416926983 -0.7919048490885172 -0.3788859406715983
3475 1.00308965526251 -0.8102048865498155 0.3625035732222464
3476 -0.1311740199599188 0.4302742942902484 -0.7598040139916243
3477 -0.1515809430171773 -0.868759914633039 0.3201728380381197
3478 0.985768822926322 -0.1589670547823559 -0.3887388727482766
3479 0.03772928144052924 0.5558138225654723 -0.6063677880825697
3480 0.2602355966704578 0.1675789556535691 0.4729518537094096
3481 -0.3029485717215773 0.6182831869698238 -0.5719896328925677
3482 -0.988915228275523 0.1159117969280626 0.07644310458894286
3483 0.03899633217317922 -0.5719779649656005 0.2973382515791018
3484 0.09195782090479984 0.6969494255146331 -0.2204711549131566
3485 0.4183546506939032 0.1530114335881577 0.2135820385145332
3486 0.5025865209036658 0.1422272621333829 0.4782917374588467
3487 -0.5373827498783974 -0.1358908262687942 0.4706479168127799
3488 0.6174445321857406 -0.7343065255120542 -0.5592378250310246
3489 -0.5934451252372511 -0.9648040236248789 -0.4270095746654614
3490 0.9382959000092186 0.6673837782879863 -0.2945103988003227
3491 0.7277837212585497 0.551819239784516 -0.2656964626029853
3492 -0.179531625356731 -0.140220704814772 0.09764140425253992
3493 0.7279473916772536 0.6812771685652735 0.3178645166515428
3494 0.3617939087280088 -0.9732373110135666 0.2259705635097723
3495 0.9721575301501347 0.2797857142734811 0.1069086217837615
3496 -0.2189553928957167 -0.5830711800509757 -0.8011740522735354
3497 0.7250793328228755 0.7043741914032482 -0.01154270192374853
3498 -0.8376988401863715 -0.02880907877036468 -0.7990290443271121
3499 0.4347927351418109 -0.3715159869455135 -0.7769002314857256
3500 0.09652753797716061 -0.9579193620106262 -0.03272752386284996
3501 0.721800228274885 0.3055766465400078 -0.3048933176481157
3502 0.6328596319921734 0.2945718154660703 -0.1833964228667907
3503 -0.9929464287861807 0.2308839409505785 -0.04951727942352149
3504 -0.8129278183703794 0.9857490551498641 -0.3443144896497836
3505 0.9821028980170626 0.445223097153778 -0.5896567415382249
3506 0.6264393047508333 0.1569043055644175 -0.3659404040213688
3507 -0.4680786286318352 -0.1251870192379174 -0.7818011986612028
3508 -0.0209028100045787 0.7788026505781803 -0.783460990744007
3509 0.9857888745619761 -0.4069236858981658 -0.4020760913290093
3510 0.7410987327631094 -0.7644240958446985 -0.7694959267198409
3511 -0.5199532691575157 0.669496357922427 -0.7778094573753127
3512 -0.8208586987609988 -0.8305244099842346 -0.7876142581533878
3513 0.2936570273296695 -0.2952723021200379 -0.7695391707028112
3514 -0.3797123134331251 -0.6661150169499888 0.4765516750769954
3515 0.9843296925906579 -0.7890359721145337 -0.2227927794618658
3516 -0.7927187789392132 -0.9918549323852763 -0.4112211619895982
3517 0.374028593403796 1.027644194577208 0.5265358399991592
3518 0.5249737519813926 1.017455588136684 0.5093935738101958
3519 -0.3737955664734288 1.037209007008686 -0.503357699912516
3520 -1.043571874022904 -0.2107750451991888 -0.411367125958047
3521 -1.028975796076952 -0.2557728420226707 0.5313106500266537
3522 -0.1452544603847162 -1.009639045529853 0.3557328953629226
3523 0.6874783528494962 1.013919328204547 0.2637405822181568
3524 0.5692072726362938 1.027055244125885 -0.8249785848137201
3525 1.04111748309135 -1.041814193927278 -0.1786360111930261
3526 -0.6203397376474717 -1.029418813898565 -0.8276489510589983
3527 -1.042289923314304 1.033547757524233 0.4206370873509879
3528 -1.013642619173158 1.016651152063754 0.1842678156350751
3529 -0.8642284327080534 0.9863660059591369 -0.800741921952366
3530 0.0466871865289684 -0.9989681878610976 -0.7959797448615644
3531 1.03305874554691 -0.2612802687884685 -0.8330841266837498
3532 -0.1832200384903162 1.037375303968907 -0.1880124858063644
3533 -1.039538813978412 1.032234296188512 -0.1774130717739506
3534 1.007391182790189 0.2269265817790823 0.5103737134619291
3535 -1.019975689505059 0.507759281001699 0.5049706162450452
3536 -1.03110958343447 -0.2758519309089528 -0.4761571364242934
3537 -1.014123467028773 0.05264597783000576 0.5198096547324541
3538 0.4838014472913655 -1.035168168432223 -0.8370901639952605
3539 1.012287695394865 0.5428565629605057 -0.5148912616028788
3540 -1.037644095505759 0.1496687481203475 0.3208240501925939
3541 0.3552101066449511 1.008831471474409 -0.8117987581851779
3542 0.004765668039699846 -1.025067085283902 0.5344345782279344
3543 -0.9079924975844973 -1.04218048682576 -0.8313068170144591
3544 0.9281371382355236 1.035826716480224 -0.8364688907580629
3545 -1.00671393125385 0.9033252408817684 -0.8203874324168682
3546 1.025676271043429 -0.7931532976327005 -0.824521542533258
3547 -1.02250964895377 -0.6222514271312334 -0.8060060354599885
3548 1.040883147649994 -1.04153568518644 0.4297768203623497
3549 -0.915300095990633 1.027923588119191 0.5419707857666411
3550 1.022091058596758 -0.5497304751244303 0.4853508635999984
3551 1.020161984091768 1.012629461172091 -0.08505392209553128
3552 -1.025282487556707 -0.347492262385417 -0.8224704992424214
3553 -1.042611444255659 -1.042137825139834 0.01868998863140231
3554 1.030449212246286 0.3943937622916582 -0.8356564201585703
3555 0.8735854521565116 -1.030719674196963 -0.830783844182085
3556 1.035914714343517 -1.040214852182202 -0.7211523470314587
3557 1.018519682629285 0.8746316181357048 0.5252689942851355
3558 -1.041460994610544 -0.9207061671309872 0.5370154972910535
3559 1.009705221243908 -0.04285347701067993 0.5230900675785095
3560 1.0176146733147 -0.2594172266979882 0.5042558658680382
3561 1.043748841292906 1.035340383574408 -0.7334651322275287
3562 -1.006971505780966 -1.003404875990281 -0.3720781372604072
3563 -1.036325471325261 1.045970585953044 -0.385166691209976
3564 -0.2586173699555055 1.027249701862521 0.5333127596277127
3565 1.052247415919606 0.6229372426423352 -0.3303819098790158
3566 -0.3467006386925218 -1.038367846084418 0.5286624367931733
3567 -1.044522155637149 0.6370966881036203 0.3208585498988497
3568 1.035645300223343 1.042575527553555 0.4278908610567469
3569 0.04854948009138602 1.010264203824813 0.5268041659899859
3570 1.022783144768382 -1.016556788650721 0.1751879573224418
3571 1.013332631832139 1.031095773579417 0.161314832069092
3572 0.4300673288062596 -1.015565866952901 0.5272734188954356
3573 1.013386716652769 0.2342132411747191 -0.8117946722573532
3574 -1.045876422171639 0.3372506663851588 0.5345991188054217
3575 -1.03254061260218 -0.6264339840821483 -0.3556857946799032
3576 0.894836674924894 1.04104774236924 0.5404320890778178
3577 1.040350367761845 -0.7212205201724955 0.5385366182808302
3578 1.029901209273683 0.7234778379992314 -0.8270012602465477
3579 -1.024438691812871 0.627408192685276 -0.8296649741329895
3580 -0.6148997356692929 -1.044598567971428 0.3862170058554932
3581 -0.7742030931265561 -1.037194670681805 0.5404984894156082
3582 -0.9849301671954513 -0.8836236592594872 -0.8197286349119146
3583 -0.47638889628832 1.031588955544683 -0.5235879004210561
3584 -0.1444659338781681 -1.042516380668127 0.2314990946142471
3585 -1.035305906798637 -0.1568929793037585 -0.2342145621297132
3586 -1.055897014241967 -0.5819237616823761 -0.1803263018242674
3587 0.6777789690177015 -1.023102738419594 -0.2707841025290363
3588 -0.3898858191685518 1.070443539527624 -0.1408230133421254
3589 -0.5585153309321828 1.051771365825223 -0.1755117477842966
3590 0.4424916447283216 1.060901183579447 0.1130367661850737
3591 -1.06723255070037 0.2765539732815835 0.1596958621454225
3592 0.2775352087385446 1.071374274662498 0.1611829627455097
3593 -1.058808885508825 0.5367969237277147 0.1475256364584347
3594 1.056655503865728 0.2049808568765775 -0.2141602690342956
3595 1.029648993974063 -0.1779132890928829 0.2923184598135033
3596 -0.3583653306231619 -1.056096433538741 0.105591296075293
3597 -0.6203892854049804 -1.050816948977347 0.2107076246833759
3598 0.2466949016766884 -1.052009836914576 -0.1537936486633666
3599 1.064743052088009 -0.3312075118410295 0.1320273287915662
3600 0.4136821252548762 -1.070568773418241 -0.1424035863320424
3601 1.054198622315501 -0.4849893105396749 0.1040337759135335
3602 1.050657477543382 0.4242222493341402 -0.08382768855179137
3603 -1.054413774730884 -0.409845690199231 -0.0933514471707365
3604 0.5260343709642143 0.268889512008608 0.03931515412168694
3605 -1.027348161739557 -0.1022241652502486 0.530607973459658
3606 -1.029411776619757 -0.4017247728278791 0.5362204347094612
3607 -1.03507269132767 -1.024387109488152 -0.5205842908996836
3608 0.1930259689091951 -1.031406186094509 -0.8228539197331655
3609 1.008058533705572 1.016006795223737 0.3167580004230643
3610 -1.01579730336059 1.021107007604253 -0.8285962503604775
3611 -1.035399827896825 1.037741925520563 -0.2860090562878324
3612 -1.031307822851801 -1.034399192765056 -0.2483858669466465
3613 -1.03864131328258 1.040279584652432 0.3012900535726904
3614 -0.475877494435851 -1.035911808829293 -0.829204877789488
3615 -1.015928492704424 0.7603492728673942 -0.830673195266598
3616 1.021077172735933 1.029319076917258 0.5370127856409621
3617 -1.03034225423718 -1.032918456127152 0.5387022649771256
3618 -0.1046096914033994 1.030560466898442 0.5343448915634511
3619 0.1695432868019325 1.007358469793213 0.3183959019830223
3620 1.004209721741004 -0.6363660408973718 0.5364488573904311
3621 -0.6582504791226481 1.029261006935646 -0.8313168372869799
3622 1.023864092242329 -0.1417233548317763 -0.8244702404593141
3623 -0.7848573304850462 -1.037888280712896 -0.8298170031366094
3624 -0.1101197255367558 -1.032052457797763 -0.8295950717164284
3625 1.006293390707785 0.3830267126562116 0.5123567902706855
3626 1.042240630958039 1.037385747434225 0.03140603449993448
3627 1.026842317327683 -1.02700636597386 0.5346832736091347
3628 -1.032001418980937 -0.4795321220774199 -0.8336862571945577
3629 -0.2674909283391423 1.036035264784802 -0.833194786664113
3630 0.9757093928566615 0.731567937862743 0.4892451603447479
3631 0.5996635664423599 -1.040789124244366 -0.8368852269046236
3632 -1.02329475126569 -0.1999785516663695 -0.8091708815571125
3633 1.03007417825261 0.0976034247548484 0.5363948926973675
3634 1.019153657317194 1.00735326417578 -0.2336138830513691
3635 0.1949800016850359 -1.02864476619921 -0.3886900575509407
3636 -1.018027278559241 0.2636633372188823 0.4634614715412853
3637 -1.03333161234335 -1.031077158746389 0.1534028922002728
3638 -0.1093975853014763 -1.026324514130512 0.525752695285596
3639 -1.00333702710853 -0.7979267703883883 0.485938714821672
3640 1.020959471842927 -1.018735247789285 -0.07135667507456828
3641 1.031524799428904 1.025242490610818 -0.387582289757134
3642 0.4629844509715952 1.026317499829899 -0.8384893143079238
3643 1.02891007592502 -1.035470409146814 -0.5895035752920916
3644 0.724826784019077 1.034497408485289 0.5330664224556488
3645 -0.6864384108635191 -1.036838324439536 0.3011335472929053
3646 0.188044305845462 1.022785302420657 0.5263966519036569
3647 -0.3994163510990366 1.028540954323685 0.5347416261625836
3648 1.024057148786369 -1.040429331067929 -0.2858171480303682
3649 -0.4664079491177789 -1.039941600337652 0.5145726180919741
3650 1.007598169211662 -0.8656630114470352 0.5188987028294059
3651 -1.035014285930947 0.7037308436641986 0.5398355426647456
3652 0.1991550521146502 1.03040643034817 -0.8213603340286837
3653 0.1217753685228827 -1.025809427743144 0.5400888395929865
3654 1.022709614280943 0.8260674476234015 -0.8109633714804403
3655 -1.034720709012321 1.027831129103435 0.5419853518207394
3656 0.9105739231199337 -1.032704045929375 0.5346763876063778
3657 -0.9097070143943989 -1.036816355403962 0.5289054950922317
3658 -0.6610557991232217 -1.003543448095046 0.533310795135303
3659 -0.1636771270353565 1.02863285189531 -0.8310868396200359
3660 -1.028156259710826 -1.026220584149504 -0.8312859932553868
3661 -1.022564502264923 -0.6263386815110951 -0.2758496490526117
3662 -1.054020420026592 0.1962470057561746 0.2455435407629392
3663 -1.000051180642898 0.1306665847085063 -0.8020706752478858
3664 1.038770747263579 -0.9230915910016551 -0.843045983763418
3665 1.058709746930457 -0.2175354330382743 0.1785600585817793
3666 0.6064200094994066 1.03353684104123 0.1650879937851308
3667 0.5729672186554536 -1.056199356415114 -0.1902801990914341
3668 -0.3084483957365803 1.059566325822633 -0.1266138831074554
3669 1.025321412956443 -1.031095737361815 -0.8358767906833715
3670 -0.241997016740239 -1.05939336979042 0.1692700077428237
3671 1.016833069639244 -1.018494888810344 0.3181678888625973
3672 -0.6524676959078636 1.047930813437133 -0.2770602576421425
3673 -1.065807409898852 0.4211863376874886 0.1191953703536479
3674 -0.5155084941821754 -1.063848512016734 0.1518731809878919
3675 1.066127489073378 0.5814186610872186 -0.2307939829589057
3676 0.4919125957841656 -1.062416216848324 -0.1261001477811278
3677 1.05542921587388 0.3117135453223008 -0.1015994635006023
3678 1.044273362724879 -0.5855781753320297 0.1484521675980927
3679 -1.048820007472094 -0.2271898269601656 -0.1726408713655525
3680 0.3348864764481095 -1.056461777174199 -0.1127955227776571
3681 1.02242861514066 -0.6290646669542985 -0.8303312920889925
3682 -1.033503625282221 -1.031971301831055 0.2634922451965405
3683 0.3456570617775872 -1.024360958853568 -0.8216653030942485
3684 0.6931507387964534 -1.003393216791042 -0.8254632659125711
3685 1.009224851887217 -0.4068268582539379 0.5088576049474979
3686 -1.035841266109278 -1.031737788020708 -0.1059073201776902
3687 0.178731615222092 1.051722099368271 0.2388246769320198
3688 1.028593747438081 -0.1593580759183081 0.5364419261347281
3689 -1.033655934881509 -0.7555926019069702 -0.8257677774340216
3690 0.1683461036134477 -1.045553474612938 -0.2436989967925828
3691 1.04591405858765 0.5221083403456294 -0.1376362963490813
3692 -0.4725830755771099 1.057975636823488 -0.1162608347387305
3693 -1.027996873506697 0.1931869982584914 0.5336496390831257
3694 -1.040687458701725 0.6012560877010017 0.541498200661254
3695 0.2855055047727454 1.043978560683658 0.5548660627095645
3696 -1.040649458928333 0.6298367776225733 0.2163625001057848
$EndNodes
$Elements
17604
1 2 2 4 51 17 2474 304
2 2 2 4 51 335 2474 17
3 2 2 4 51 317 2471 18
4 2 2 4 51 18 2471 349
5 2 2 4 51 320 2473 19
6 2 2 4 51 19 2473 348
7 2 2 4 51 20 2472 333
8 2 2 4 51 362 2472 20
9 2 2 4 51 304 2406 305
10 2 2 4 51 304 2474 2406
11 2 2 4 51 305 2254 306
12 2 2 4 51 305 2406 2254
13 2 2 4 51 306 2404 307
14 2 2 4 51 2254 2404 306
15 2 2 4 51 307 2246 308
16 2 2 4 51 307 2404 2246
17 2 2 4 51 308 2452 309
18 2 2 4 51 2246 2452 308
19 2 2 4 51 309 2455 310
20 2 2 4 51 2452 2455 309
21 2 2 4 51 310 2242 311
22 2 2 4 51 310 2455 2242
23 2 2 4 51 311 2371 312
24 2 2 4 51 2242 2371 311
25 2 2 4 51 312 2464 313
26 2 2 4 51 2371 2464 312
27 2 2 4 51 313 2247 314
28 2 2 4 51 313 2464 2247
29 2 2 4 51 314 2401 315
30 2 2 4 51 2247 2401 314
31 2 2 4 51 315 2257 316
32 2 2 4 51 315 2401 2257
33 2 2 4 51 316 2405 317
34 2 2 4 51 2257 2405 316
35 2 2 4 51 2405 2471 317
36 2 2 4 51 321 2407 320
37 2 2 4 51 2407 2473 320
38 2 2 4 51 322 2260 321
39 2 2 4 51 2260 2407 321
40 2 2 4 51 323 2402 322
41 2 2 4 51 322 2402 2260
42 2 2 4 51 324 2253 323
43 2 2 4 51 2253 2402 323
44 2 2 4 51 325 2451 324
45 2 2 4 51 324 2451 2253
46 2 2 4 51 326 2456 325
47 2 2 4 51 325 2456 2451
48 2 2 4 51 327 2243 326
49 2 2 4 51 2243 2456 326
50 2 2 4 51 328 2370 327
51 2 2 4 51 327 2370 2243
52 2 2 4 51 329 2463 328
53 2 2 4 51 328 2463 2370
54 2 2 4 51 330 2249 329
55 2 2 4 51 2249 2463 329
56 2 2 4 51 331 2460 330
57 2 2 4 51 330 2460 2249
58 2 2 4 51 332 2255 331
59 2 2 4 51 2255 2460 331
60 2 2 4 51 333 2411 332
61 2 2 4 51 332 2411 2255
62 2 2 4 51 333 2472 2411
63 2 2 4 51 336 2449 335
64 2 2 4 51 2449 2474 335
65 2 2 4 51 337 2259 336
66 2 2 4 51 2259 2449 336
67 2 2 4 51 338 2395 337
68 2 2 4 51 337 2395 2259
69 2 2 4 51 339 2250 338
70 2 2 4 51 2250 2395 338
71 2 2 4 51 340 2437 339
72 2 2 4 51 339 2437 2250
73 2 2 4 51 341 2441 340
74 2 2 4 51 340 2441 2437
75 2 2 4 51 342 2245 341
76 2 2 4 51 2245 2441 341
77 2 2 4 51 343 2396 342
78 2 2 4 51 342 2396 2245
79 2 2 4 51 344 2421 343
80 2 2 4 51 343 2421 2396
81 2 2 4 51 345 2248 344
82 2 2 4 51 2248 2421 344
83 2 2 4 51 346 2262 345
84 2 2 4 51 345 2262 2248
85 2 2 4 51 347 2256 346
86 2 2 4 51 2256 2262 346
87 2 2 4 51 348 2450 347
88 2 2 4 51 347 2450 2256
89 2 2 4 51 348 2473 2450
90 2 2 4 51 349 2448 350
91 2 2 4 51 349 2471 2448
92 2 2 4 51 350 2261 351
93 2 2 4 51 350 2448 2261
94 2 2 4 51 351 2403 352
95 2 2 4 51 2261 2403 351
96 2 2 4 51 352 2252 353
97 2 2 4 51 352 2403 2252
98 2 2 4 51 353 2480 354
99 2 2 4 51 2252 2480 353
100 2 2 4 51 354 2467 355
101 2 2 4 51 2369 2467 354
102 2 2 4 51 354 2480 2369
103 2 2 4 51 355 2244 356
104 2 2 4 51 355 2467 2244
105 2 2 4 51 356 2397 357
106 2 2 4 51 2244 2397 356
107 2 2 4 51 357 2399 358
108 2 2 4 51 2397 2399 357
109 2 2 4 51 358 2251 359
110 2 2 4 51 358 2399 2251
111 2 2 4 51 359 2400 360
112 2 2 4 51 2251 2400 359
113 2 2 4 51 360 2258 361
114 2 2 4 51 360 2400 2258
115 2 2 4 51 361 2447 362
116 2 2 4 51 2258 2447 361
117 2 2 4 51 2447 2472 362
118 2 2 4 51 2242 2458 2371
119 2 2 4 51 2242 2455 2415
120 2 2 4 51 2415 2458 2242
121 2 2 4 51 2370 2457 2243
122 2 2 4 51 2387 2456 2243
123 2 2 4 51 2243 2457 2387
124 2 2 4 51 2244 2398 2397
125 2 2 4 51 2244 2468 2398
126 2 2 4 51 2467 2468 2244
127 2 2 4 51 2396 2426 2245
128 2 2 4 51 2426 2439 2245
129 2 2 4 51 2439 2441 2245
130 2 2 4 51 2360 2452 2246
131 2 2 4 51 2246 2461 2360
132 2 2 4 51 2404 2461 2246
133 2 2 4 51 2365 2391 2247
134 2 2 4 51 2247 2464 2365
135 2 2 4 51 2391 2459 2247
136 2 2 4 51 2247 2459 2401
137 2 2 4 51 2262 2263 2248
138 2 2 4 51 2263 2264 2248
139 2 2 4 51 2264 2421 2248
140 2 2 4 51 2249 2367 2366
141 2 2 4 51 2366 2463 2249
142 2 2 4 51 2249 2368 2367
143 2 2 4 51 2249 2460 2368
144 2 2 4 51 2250 2442 2395
145 2 2 4 51 2437 2440 2250
146 2 2 4 51 2440 2442 2250
147 2 2 4 51 2399 2478 2251
148 2 2 4 51 2251 2477 2400
149 2 2 4 51 2251 2478 2477
150 2 2 4 51 2384 2469 2252
151 2 2 4 51 2252 2476 2384
152 2 2 4 51 2403 2476 2252
153 2 2 4 51 2469 2480 2252
154 2 2 4 51 2253 2451 2357
155 2 2 4 51 2357 2462 2253
156 2 2 4 51 2253 2462 2402
157 2 2 4 51 2254 2466 2404
158 2 2 4 51 2406 2444 2254
159 2 2 4 51 2444 2466 2254
160 2 2 4 51 2255 2446 2368
161 2 2 4 51 2368 2460 2255
162 2 2 4 51 2411 2453 2255
163 2 2 4 51 2255 2453 2446
164 2 2 4 51 2256 2385 2262
165 2 2 4 51 2256 2386 2385
166 2 2 4 51 2256 2450 2386
167 2 2 4 51 2257 2401 2363
168 2 2 4 51 2363 2454 2257
169 2 2 4 51 2257 2454 2405
170 2 2 4 51 2400 2479 2258
171 2 2 4 51 2258 2484 2447
172 2 2 4 51 2479 2484 2258
173 2 2 4 51 2395 2443 2259
174 2 2 4 51 2443 2444 2259
175 2 2 4 51 2444 2449 2259
176 2 2 4 51 2386 2407 2260
177 2 2 4 51 2260 2465 2386
178 2 2 4 51 2402 2465 2260
179 2 2 4 51 2261 2475 2403
180 2 2 4 51 2448 2483 2261
181 2 2 4 51 2261 2483 2475
182 2 2 4 51 2262 2385 2263
183 2 2 4 51 2263 2265 2264
184 2 2 4 51 2263 2430 2265
185 2 2 4 51 2385 2430 2263
186 2 2 4 51 2265 2266 2264
187 2 2 4 51 2266 2424 2264
188 2 2 4 51 2264 2424 2421
189 2 2 4 51 2265 2267 2266
190 2 2 4 51 2265 2291 2267
191 2 2 4 51 2265 2430 2291
192 2 2 4 51 2267 2268 2266
193 2 2 4 51 2268 2322 2266
194 2 2 4 51 2322 2424 2266
195 2 2 4 51 2267 2269 2268
196 2 2 4 51 2267 2410 2269
197 2 2 4 51 2291 2410 2267
198 2 2 4 51 2269 2270 2268
199 2 2 4 51 2270 2409 2268
200 2 2 4 51 2268 2409 2322
201 2 2 4 51 2269 2271 2270
202 2 2 4 51 2269 2285 2271
203 2 2 4 51 2269 2410 2285
204 2 2 4 51 2271 2272 2270
205 2 2 4 51 2272 2287 2270
206 2 2 4 51 2287 2409 2270
207 2 2 4 51 2271 2273 2272
208 2 2 4 51 2271 2389 2273
209 2 2 4 51 2285 2389 2271
210 2 2 4 51 2273 2274 2272
211 2 2 4 51 2274 2413 2272
212 2 2 4 51 2272 2413 2287
213 2 2 4 51 2273 2275 2274
214 2 2 4 51 2273 2412 2275
215 2 2 4 51 2389 2412 2273
216 2 2 4 51 2275 2276 2274
217 2 2 4 51 2276 2280 2274
218 2 2 4 51 2280 2413 2274
219 2 2 4 51 2275 2277 2276
220 2 2 4 51 2275 2278 2277
221 2 2 4 51 2275 2412 2278
222 2 2 4 51 2277 2279 2276
223 2 2 4 51 2279 2378 2276
224 2 2 4 51 2276 2378 2280
225 2 2 4 51 2278 2420 2277
226 2 2 4 51 2277 2281 2279
227 2 2 4 51 2277 2420 2281
228 2 2 4 51 2278 2412 2373
229 2 2 4 51 2373 2429 2278
230 2 2 4 51 2278 2429 2420
231 2 2 4 51 2281 2282 2279
232 2 2 4 51 2282 2388 2279
233 2 2 4 51 2279 2388 2378
234 2 2 4 51 2378 2379 2280
235 2 2 4 51 2379 2423 2280
236 2 2 4 51 2280 2423 2413
237 2 2 4 51 2281 2283 2282
238 2 2 4 51 2281 2288 2283
239 2 2 4 51 2281 2420 2288
240 2 2 4 51 2283 2284 2282
241 2 2 4 51 2284 2286 2282
242 2 2 4 51 2286 2388 2282
243 2 2 4 51 2283 2289 2284
244 2 2 4 51 2288 2392 2283
245 2 2 4 51 2283 2392 2289
246 2 2 4 51 2284 2427 2286
247 2 2 4 51 2289 2290 2284
248 2 2 4 51 2290 2427 2284
249 2 2 4 51 2285 2390 2389
250 2 2 4 51 2285 2432 2390
251 2 2 4 51 2410 2432 2285
252 2 2 4 51 2286 2438 2388
253 2 2 4 51 2427 2428 2286
254 2 2 4 51 2428 2438 2286
255 2 2 4 51 2287 2425 2409
256 2 2 4 51 2413 2431 2287
257 2 2 4 51 2287 2431 2425
258 2 2 4 51 2383 2392 2288
259 2 2 4 51 2288 2393 2383
260 2 2 4 51 2288 2420 2393
261 2 2 4 51 2289 2292 2290
262 2 2 4 51 2289 2294 2292
263 2 2 4 51 2289 2392 2294
264 2 2 4 51 2292 2293 2290
265 2 2 4 51 2293 2295 2290
266 2 2 4 51 2295 2427 2290
267 2 2 4 51 2291 2380 2372
268 2 2 4 51 2372 2410 2291
269 2 2 4 51 2291 2430 2380
270 2 2 4 51 2292 2419 2293
271 2 2 4 51 2294 2297 2292
272 2 2 4 51 2297 2419 2292
273 2 2 4 51 2293 2296 2295
274 2 2 4 51 2293 2326 2296
275 2 2 4 51 2293 2419 2326
276 2 2 4 51 2294 2298 2297
277 2 2 4 51 2294 2300 2298
278 2 2 4 51 2294 2392 2300
279 2 2 4 51 2296 2299 2295
280 2 2 4 51 2299 2323 2295
281 2 2 4 51 2323 2427 2295
282 2 2 4 51 2296 2414 2299
283 2 2 4 51 2326 2327 2296
284 2 2 4 51 2327 2414 2296
285 2 2 4 51 2298 2352 2297
286 2 2 4 51 2352 2356 2297
287 2 2 4 51 2356 2419 2297
288 2 2 4 51 2300 2301 2298
289 2 2 4 51 2301 2482 2298
290 2 2 4 51 2298 2482 2352
291 2 2 4 51 2299 2324 2323
292 2 2 4 51 2299 2391 2324
293 2 2 4 51 2299 2414 2391
294 2 2 4 51 2300 2302 2301
295 2 2 4 51 2300 2383 2302
296 2 2 4 51 2300 2392 2383
297 2 2 4 51 2302 2303 2301
298 2 2 4 51 2303 2470 2301
299 2 2 4 51 2301 2470 2398
300 2 2 4 51 2398 2482 2301
301 2 2 4 51 2302 2304 2303
302 2 2 4 51 2302 2422 2304
303 2 2 4 51 2383 2422 2302
304 2 2 4 51 2304 2305 2303
305 2 2 4 51 2305 2353 2303
306 2 2 4 51 2353 2470 2303
307 2 2 4 51 2304 2306 2305
308 2 2 4 51 2304 2307 2306
309 2 2 4 51 2304 2422 2307
310 2 2 4 51 2306 2374 2305
311 2 2 4 51 2305 2364 2353
312 2 2 4 51 2305 2374 2364
313 2 2 4 51 2307 2308 2306
314 2 2 4 51 2308 2312 2306
315 2 2 4 51 2312 2374 2306
316 2 2 4 51 2307 2309 2308
317 2 2 4 51 2307 2321 2309
318 2 2 4 51 2307 2422 2321
319 2 2 4 51 2309 2310 2308
320 2 2 4 51 2310 2416 2308
321 2 2 4 51 2308 2416 2312
322 2 2 4 51 2309 2311 2310
323 2 2 4 51 2309 2418 2311
324 2 2 4 51 2321 2418 2309
325 2 2 4 51 2311 2313 2310
326 2 2 4 51 2313 2328 2310
327 2 2 4 51 2328 2416 2310
328 2 2 4 51 2311 2314 2313
329 2 2 4 51 2311 2315 2314
330 2 2 4 51 2311 2418 2315
331 2 2 4 51 2312 2375 2374
332 2 2 4 51 2312 2445 2375
333 2 2 4 51 2416 2445 2312
334 2 2 4 51 2314 2417 2313
335 2 2 4 51 2313 2330 2328
336 2 2 4 51 2313 2417 2330
337 2 2 4 51 2315 2316 2314
338 2 2 4 51 2316 2317 2314
339 2 2 4 51 2317 2417 2314
340 2 2 4 51 2315 2329 2316
341 2 2 4 51 2315 2373 2329
342 2 2 4 51 2315 2418 2373
343 2 2 4 51 2316 2318 2317
344 2 2 4 51 2316 2390 2318
345 2 2 4 51 2329 2390 2316
346 2 2 4 51 2318 2319 2317
347 2 2 4 51 2319 2387 2317
348 2 2 4 51 2387 2417 2317
349 2 2 4 51 2318 2320 2319
350 2 2 4 51 2318 2432 2320
351 2 2 4 51 2390 2432 2318
352 2 2 4 51 2320 2357 2319
353 2 2 4 51 2357 2359 2319
354 2 2 4 51 2359 2387 2319
355 2 2 4 51 2320 2358 2357
356 2 2 4 51 2320 2372 2358
357 2 2 4 51 2320 2432 2372
358 2 2 4 51 2321 2422 2393
359 2 2 4 51 2393 2429 2321
360 2 2 4 51 2321 2429 2418
361 2 2 4 51 2409 2433 2322
362 2 2 4 51 2322 2426 2424
363 2 2 4 51 2322 2433 2426
364 2 2 4 51 2324 2325 2323
365 2 2 4 51 2325 2428 2323
366 2 2 4 51 2323 2428 2427
367 2 2 4 51 2324 2331 2325
368 2 2 4 51 2324 2365 2331
369 2 2 4 51 2324 2391 2365
370 2 2 4 51 2331 2332 2325
371 2 2 4 51 2332 2333 2325
372 2 2 4 51 2333 2428 2325
373 2 2 4 51 2326 2354 2327
374 2 2 4 51 2326 2384 2354
375 2 2 4 51 2326 2419 2384
376 2 2 4 51 2354 2362 2327
377 2 2 4 51 2362 2363 2327
378 2 2 4 51 2363 2414 2327
379 2 2 4 51 2330 2366 2328
380 2 2 4 51 2366 2367 2328
381 2 2 4 51 2367 2416 2328
382 2 2 4 51 2373 2412 2329
383 2 2 4 51 2389 2390 2329
384 2 2 4 51 2329 2412 2389
385 2 2 4 51 2330 2370 2366
386 2 2 4 51 2330 2457 2370
387 2 2 4 51 2417 2457 2330
388 2 2 4 51 2331 2458 2332
389 2 2 4 51 2365 2371 2331
390 2 2 4 51 2371 2458 2331
391 2 2 4 51 2332 2334 2333
392 2 2 4 51 2332 2415 2334
393 2 2 4 51 2332 2458 2415
394 2 2 4 51 2334 2335 2333
395 2 2 4 51 2335 2438 2333
396 2 2 4 51 2333 2438 2428
397 2 2 4 51 2334 2336 2335
398 2 2 4 51 2334 2337 2336
399 2 2 4 51 2334 2415 2337
400 2 2 4 51 2336 2435 2335
401 2 2 4 51 2435 2436 2335
402 2 2 4 51 2436 2438 2335
403 2 2 4 51 2337 2338 2336
404 2 2 4 51 2338 2339 2336
405 2 2 4 51 2339 2435 2336
406 2 2 4 51 2337 2360 2338
407 2 2 4 51 2337 2361 2360
408 2 2 4 51 2337 2415 2361
409 2 2 4 51 2338 2340 2339
410 2 2 4 51 2338 2408 2340
411 2 2 4 51 2360 2408 2338
412 2 2 4 51 2340 2341 2339
413 2 2 4 51 2341 2434 2339
414 2 2 4 51 2434 2435 2339
415 2 2 4 51 2340 2342 2341
416 2 2 4 51 2340 2344 2342
417 2 2 4 51 2340 2408 2344
418 2 2 4 51 2342 2343 2341
419 2 2 4 51 2343 2345 2341
420 2 2 4 51 2345 2434 2341
421 2 2 4 51 2342 2394 2343
422 2 2 4 51 2344 2349 2342
423 2 2 4 51 2349 2394 2342
424 2 2 4 51 2343 2346 2345
425 2 2 4 51 2343 2347 2346
426 2 2 4 51 2343 2394 2347
427 2 2 4 51 2344 2351 2349
428 2 2 4 51 2344 2355 2351
429 2 2 4 51 2344 2408 2355
430 2 2 4 51 2346 2431 2345
431 2 2 4 51 2345 2431 2423
432 2 2 4 51 2423 2434 2345
433 2 2 4 51 2347 2348 2346
434 2 2 4 51 2348 2425 2346
435 2 2 4 51 2425 2431 2346
436 2 2 4 51 2347 2350 2348
437 2 2 4 51 2347 2440 2350
438 2 2 4 51 2394 2440 2347
439 2 2 4 51 2350 2439 2348
440 2 2 4 51 2348 2433 2425
441 2 2 4 51 2348 2439 2433
442 2 2 4 51 2351 2443 2349
443 2 2 4 51 2349 2442 2394
444 2 2 4 51 2349 2443 2442
445 2 2 4 51 2350 2440 2437
446 2 2 4 51 2437 2441 2350
447 2 2 4 51 2350 2441 2439
448 2 2 4 51 2355 2466 2351
449 2 2 4 51 2351 2444 2443
450 2 2 4 51 2351 2466 2444
451 2 2 4 51 2352 2369 2356
452 2 2 4 51 2352 2467 2369
453 2 2 4 51 2352 2468 2467
454 2 2 4 51 2352 2482 2468
455 2 2 4 51 2364 2478 2353
456 2 2 4 51 2353 2481 2470
457 2 2 4 51 2478 2481 2353
458 2 2 4 51 2354 2475 2362
459 2 2 4 51 2384 2476 2354
460 2 2 4 51 2354 2476 2475
461 2 2 4 51 2355 2461 2404
462 2 2 4 51 2404 2466 2355
463 2 2 4 51 2408 2461 2355
464 2 2 4 51 2369 2469 2356
465 2 2 4 51 2384 2419 2356
466 2 2 4 51 2356 2469 2384
467 2 2 4 51 2358 2462 2357
468 2 2 4 51 2357 2451 2359
469 2 2 4 51 2372 2380 2358
470 2 2 4 51 2380 2381 2358
471 2 2 4 51 2381 2462 2358
472 2 2 4 51 2359 2456 2387
473 2 2 4 51 2451 2456 2359
474 2 2 4 51 2361 2452 2360
475 2 2 4 51 2360 2461 2408
476 2 2 4 51 2415 2455 2361
477 2 2 4 51 2361 2455 2452
478 2 2 4 51 2362 2454 2363
479 2 2 4 51 2362 2483 2454
480 2 2 4 51 2475 2483 2362
481 2 2 4 51 2401 2459 2363
482 2 2 4 51 2363 2459 2414
483 2 2 4 51 2374 2376 2364
484 2 2 4 51 2376 2477 2364
485 2 2 4 51 2477 2478 2364
486 2 2 4 51 2365 2464 2371
487 2 2 4 51 2370 2463 2366
488 2 2 4 51 2368 2445 2367
489 2 2 4 51 2367 2445 2416
490 2 2 4 51 2368 2446 2445
491 2 2 4 51 2369 2480 2469
492 2 2 4 51 2372 2432 2410
493 2 2 4 51 2418 2429 2373
494 2 2 4 51 2375 2376 2374
495 2 2 4 51 2375 2377 2376
496 2 2 4 51 2375 2446 2377
497 2 2 4 51 2445 2446 2375
498 2 2 4 51 2377 2479 2376
499 2 2 4 51 2376 2479 2477
500 2 2 4 51 2446 2453 2377
501 2 2 4 51 2453 2484 2377
502 2 2 4 51 2377 2484 2479
503 2 2 4 51 2378 2436 2379
504 2 2 4 51 2388 2436 2378
505 2 2 4 51 2379 2434 2423
506 2 2 4 51 2379 2435 2434
507 2 2 4 51 2379 2436 2435
508 2 2 4 51 2380 2382 2381
509 2 2 4 51 2380 2430 2382
510 2 2 4 51 2382 2465 2381
511 2 2 4 51 2402 2462 2381
512 2 2 4 51 2381 2465 2402
513 2 2 4 51 2385 2386 2382
514 2 2 4 51 2382 2430 2385
515 2 2 4 51 2386 2465 2382
516 2 2 4 51 2393 2422 2383
517 2 2 4 51 2386 2450 2407
518 2 2 4 51 2387 2457 2417
519 2 2 4 51 2388 2438 2436
520 2 2 4 51 2414 2459 2391
521 2 2 4 51 2420 2429 2393
522 2 2 4 51 2394 2442 2440
523 2 2 4 51 2442 2443 2395
524 2 2 4 51 2421 2424 2396
525 2 2 4 51 2424 2426 2396
526 2 2 4 51 2398 2481 2397
527 2 2 4 51 2397 2481 2399
528 2 2 4 51 2468 2482 2398
529 2 2 4 51 2470 2481 2398
530 2 2 4 51 2399 2481 2478
531 2 2 4 51 2477 2479 2400
532 2 2 4 51 2475 2476 2403
533 2 2 4 51 2448 2471 2405
534 2 2 4 51 2405 2483 2448
535 2 2 4 51 2454 2483 2405
536 2 2 4 51 2406 2449 2444
537 2 2 4 51 2406 2474 2449
538 2 2 4 51 2450 2473 2407
539 2 2 4 51 2425 2433 2409
540 2 2 4 51 2411 2472 2447
541 2 2 4 51 2447 2484 2411
542 2 2 4 51 2411 2484 2453
543 2 2 4 51 2423 2431 2413
544 2 2 4 51 2433 2439 2426
545 4 2 2 1 2510 514 508 450
546 4 2 2 1 2489 47 491 2
547 4 2 2 1 430 2520 429 2500
548 4 2 2 1 2510 413 508 514
549 4 2 2 1 2510 514 450 45
550 4 2 2 1 430 2520 2500 36
551 4 2 2 1 430 2500 429 497
552 4 2 2 1 468 411 46 408
553 4 2 2 1 395 2529 448 477
554 4 2 2 1 454 2540 45 2485
555 4 2 2 1 510 2510 514 413
556 4 2 2 1 391 2522 390 388
557 4 2 2 1 2526 508 2510 413
558 4 2 2 1 408 411 46 453
559 4 2 2 1 2516 2495 35 2501
560 4 2 2 1 474 47 2 506
561 4 2 2 1 2514 2540 2536 45
562 4 2 2 1 2516 2495 2520 35
563 4 2 2 1 2489 47 2 474
564 4 2 2 1 468 46 47 408
565 4 2 2 1 2529 448 477 400
566 4 2 2 1 468 47 46 384
567 4 2 2 1 2533 2 2506 518
568 4 2 2 1 433 2500 430 497
569 4 2 2 1 26 2539 2524 517
570 4 2 2 1 429 2495 2516 419
571 4 2 2 1 388 2522 390 386
572 4 2 2 1 2490 30 391 2498
573 4 2 2 1 445 2515 2503 2502
574 4 2 2 1 2493 474 2 506
575 4 2 2 1 2540 450 412 467
576 4 2 2 1 2493 2506 474 406
577 4 2 2 1 47 468 420 384
578 4 2 2 1 2526 42 469 410
579 4 2 2 1 2491 2539 517 2524
580 4 2 2 1 2522 388 2502 386
581 4 2 2 1 408 46 47 453
582 4 2 2 1 510 2510 413 44
583 4 2 2 1 420 468 47 408
584 4 2 2 1 2490 448 2529 400
585 4 2 2 1 2486 30 31 376
586 4 2 2 1 2533 2 518 520
587 4 2 2 1 2516 2520 36 35
588 4 2 2 1 395 2529 477 499
589 4 2 2 1 2490 448 400 397
590 4 2 2 1 418 2525 34 2527
591 4 2 2 1 462 480 33 423
592 4 2 2 1 44 45 2510 379
593 4 2 2 1 2536 2540 2514 467
594 4 2 2 1 47 420 408 474
595 4 2 2 1 409 411 408 2509
596 4 2 2 1 2512 33 32 375
597 4 2 2 1 2525 2519 34 33
598 4 2 2 1 413 2496 2532 427
599 4 2 2 1 474 406 2506 496
600 4 2 2 1 2498 2522 388 29
601 4 2 2 1 2513 2529 448 395
602 4 2 2 1 31 32 2513 447
603 4 2 2 1 2485 2510 45 379
604 4 2 2 1 2525 2519 33 462
605 4 2 2 1 31 2530 2486 376
606 4 2 2 1 2498 2522 29 30
607 4 2 2 1 1 2503 2539 517
608 4 2 2 1 510 2510 44 45
609 4 2 2 1 414 412 409 2485
610 4 2 2 1 2515 29 28 466
611 4 2 2 1 393 480 33 462
612 4 2 2 1 2530 2490 397 448
613 4 2 2 1 46 45 2514 455
614 4 2 2 1 2515 29 2498 388
615 4 2 2 1 395 2513 398 448
616 4 2 2 1 438 512 2534 427
617 4 2 2 1 2486 463 30 376
618 4 2 2 1 33 2519 34 363
619 4 2 2 1 365 2496 380 510
620 4 2 2 1 2526 413 512 452
621 4 2 2 1 27 2503 486 2539
622 4 2 2 1 2534 440 512 438
623 4 2 2 1 2485 2509 414 454
624 4 2 2 1 430 2520 36 2516
625 4 2 2 1 2491 2539 2524 486
626 4 2 2 1 2511 47 384 491
627 4 2 2 1 2513 2529 395 32
628 4 2 2 1 384 2487 369 455
629 4 2 2 1 2494 37 493 36
630 4 2 2 1 2525 2519 462 472
631 4 2 2 1 426 474 2506 496
632 4 2 2 1 2485 2510 379 415
633 4 2 2 1 2493 2533 520 2
634 4 2 2 1 2511 474 2489 490
635 4 2 2 1 2498 29 2515 466
636 4 2 2 1 2533 496 2506 406
637 4 2 2 1 2485 450 415 412
638 4 2 2 1 482 2532 2496 427
639 4 2 2 1 2536 514 467 404
640 4 2 2 1 363 2488 33 2519
641 4 2 2 1 2513 364 32 2492
642 4 2 2 1 2511 474 490 420
643 4 2 2 1 37 432 2494 2523
644 4 2 2 1 374 24 382 2491
645 4 2 2 1 2511 47 491 2489
646 4 2 2 1 384 456 2487 2511
647 4 2 2 1 2487 457 468 500
648 4 2 2 1 2493 406 408 407
649 4 2 2 1 32 2512 2492 33
650 4 2 2 1 2486 443 463 376
651 4 2 2 1 2498 2522 30 391
652 4 2 2 1 2499 2534 440 512
653 4 2 2 1 434 2535 2531 435
654 4 2 2 1 470 443 2486 376
655 4 2 2 1 471 448 398 2513
656 4 2 2 1 2520 36 35 368
657 4 2 2 1 407 2509 487 409
658 4 2 2 1 435 436 2535 381
659 4 2 2 1 434 2535 435 436
660 4 2 2 1 372 424 2498 2490
661 4 2 2 1 35 36 2516 416
662 4 2 2 1 2513 2529 32 31
663 4 2 2 1 24 382 2491 449
664 4 2 2 1 393 2488 33 392
665 4 2 2 1 2513 364 2492 471
666 4 2 2 1 430 432 37 433
667 4 2 2 1 2516 2494 36 430
668 4 2 2 1 378 2493 2509 407
669 4 2 2 1 2532 512 413 427
670 4 2 2 1 30 29 2498 466
671 4 2 2 1 2536 514 404 2517
672 4 2 2 1 433 2531 432 37
673 4 2 2 1 432 2531 433 434
674 4 2 2 1 2516 429 419 430
675 4 2 2 1 33 480 393 392
676 4 2 2 1 396 480 33 392
677 4 2 2 1 423 480 33 505
678 4 2 2 1 432 2531 2523 37
679 4 2 2 1 474 2508 373 426
680 4 2 2 1 2523 2531 432 434
681 4 2 2 1 407 2509 409 408
682 4 2 2 1 2515 382 374 388
683 4 2 2 1 2538 405 2533 406
684 4 2 2 1 2526 44 2510 469
685 4 2 2 1 499 477 488 2529
686 4 2 2 1 505 2492 507 396
687 4 2 2 1 2526 508 413 452
688 4 2 2 1 2515 449 2491 382
689 4 2 2 1 38 2523 37 494
690 4 2 2 1 505 480 33 396
691 4 2 2 1 2526 44 469 43
692 4 2 2 1 505 2492 396 33
693 4 2 2 1 2516 36 2494 478
694 4 2 2 1 2520 35 2495 368
695 4 2 2 1 520 49 50 2533
696 4 2 2 1 514 404 2517 413
697 4 2 2 1 2501 428 2495 34
698 4 2 2 1 2525 33 399 2505
699 4 2 2 1 38 2497 494 401
700 4 2 2 1 2494 431 432 430
701 4 2 2 1 43 2537 2532 481
702 4 2 2 1 2498 2522 391 388
703 4 2 2 1 2535 377 381 39
704 4 2 2 1 430 2520 2516 429
705 4 2 2 1 420 384 2487 2511
706 4 2 2 1 468 2487 420 384
707 4 2 2 1 482 2537 481 2532
708 4 2 2 1 420 490 2511 456
709 4 2 2 1 43 2537 481 42
710 4 2 2 1 2518 476 444 2521
711 4 2 2 1 2501 34 35 502
712 4 2 2 1 382 2515 421 388
713 4 2 2 1 2499 512 452 2526
714 4 2 2 1 482 2537 2532 427
715 4 2 2 1 2523 2531 38 37
716 4 2 2 1 2530 2513 513 498
717 4 2 2 1 424 488 400 2490
718 4 2 2 1 2536 2540 514 45
719 4 2 2 1 2486 2530 470 376
720 4 2 2 1 365 2496 2517 404
721 4 2 2 1 2492 2512 32 395
722 4 2 2 1 471 498 513 2513
723 4 2 2 1 2525 33 34 399
724 4 2 2 1 498 470 2530 376
725 4 2 2 1 374 385 2503 2502
726 4 2 2 1 364 507 422 2492
727 4 2 2 1 502 35 2501 416
728 4 2 2 1 421 466 2498 2515
729 4 2 2 1 2501 428 34 418
730 4 2 2 1 2516 416 36 478
731 4 2 2 1 41 402 483 2518
732 4 2 2 1 2498 424 516 391
733 4 2 2 1 2488 33 375 363
734 4 2 2 1 438 444 2521 2518
735 4 2 2 1 2531 2497 434 2523
736 4 2 2 1 432 431 2494 370
737 4 2 2 1 27 486 2503 28
738 4 2 2 1 377 37 38 2531
739 4 2 2 1 2538 405 49 2533
740 4 2 2 1 407 2509 378 487
741 4 2 2 1 41 2534 479 438
742 4 2 2 1 2499 41 42 483
743 4 2 2 1 469 2510 451 379
744 4 2 2 1 2488 461 2519 363
745 4 2 2 1 440 452 484 2499
746 4 2 2 1 385 445 2503 2502
747 4 2 2 1 2519 472 394 462
748 4 2 2 1 40 2518 41 438
749 4 2 2 1 2522 2502 388 29
750 4 2 2 1 514 2536 510 2517
751 4 2 2 1 495 2500 429 2520
752 4 2 2 1 444 438 2521 437
753 4 2 2 1 365 2496 404 403
754 4 2 2 1 509 2498 466 372
755 4 2 2 1 475 53 490 2489
756 4 2 2 1 380 481 43 2532
757 4 2 2 1 388 421 2498 2515
758 4 2 2 1 2491 2539 486 2503
759 4 2 2 1 2526 2532 512 413
760 4 2 2 1 2501 428 418 419
761 4 2 2 1 369 456 2487 384
762 4 2 2 1 364 2492 471 507
763 4 2 2 1 451 379 2510 415
764 4 2 2 1 2520 492 495 2500
765 4 2 2 1 35 458 2495 368
766 4 2 2 1 2525 2519 472 34
767 4 2 2 1 380 2496 365 482
768 4 2 2 1 2524 24 517 2491
769 4 2 2 1 464 2522 386 390
770 4 2 2 1 2501 35 2516 416
771 4 2 2 1 478 2494 431 370
772 4 2 2 1 386 2522 464 2502
773 4 2 2 1 2533 50 520 518
774 4 2 2 1 1 446 2503 21
775 4 2 2 1 2489 519 53 2508
776 4 2 2 1 469 2510 379 44
777 4 2 2 1 484 483 2518 2499
778 4 2 2 1 30 2522 29 463
779 4 2 2 1 37 2500 2531 377
780 4 2 2 1 2498 421 388 391
781 4 2 2 1 2499 41 483 2518
782 4 2 2 1 2512 425 389 375
783 4 2 2 1 2516 2495 2501 419
784 4 2 2 1 514 2540 2536 467
785 4 2 2 1 418 2525 2527 473
786 4 2 2 1 2527 2525 34 399
787 4 2 2 1 2504 428 34 2495
788 4 2 2 1 2485 414 412 415
789 4 2 2 1 2528 2521 438 437
790 4 2 2 1 2523 434 432 485
791 4 2 2 1 504 26 2524 503
792 4 2 2 1 433 442 435 2531
793 4 2 2 1 2524 24 2491 449
794 4 2 2 1 2505 501 399 2525
795 4 2 2 1 2524 25 26 517
796 4 2 2 1 2504 363 34 2519
797 4 2 2 1 2533 520 49 2538
798 4 2 2 1 385 374 386 2502
799 4 2 2 1 418 2525 473 472
800 4 2 2 1 418 2525 472 34
801 4 2 2 1 459 495 2520 368
802 4 2 2 1 442 2531 2500 377
803 4 2 2 1 514 2540 450 45
804 4 2 2 1 34 428 2504 472
805 4 2 2 1 2516 2501 416 417
806 4 2 2 1 501 2505 399 422
807 4 2 2 1 2487 457 500 369
808 4 2 2 1 2518 476 2521 40
809 4 2 2 1 512 2537 2534 427
810 4 2 2 1 34 418 428 472
811 4 2 2 1 482 380 2496 2532
812 4 2 2 1 2493 2506 406 2533
813 4 2 2 1 34 363 2504 458
814 4 2 2 1 442 495 492 2500
815 4 2 2 1 404 365 2536 2517
816 4 2 2 1 2537 42 2534 383
817 4 2 2 1 481 380 482 2532
818 4 2 2 1 41 42 383 2534
819 4 2 2 1 432 2523 485 370
820 4 2 2 1 471 498 2513 447
821 4 2 2 1 41 383 479 2534
822 4 2 2 1 511 2521 401 2497
823 4 2 2 1 2497 38 39 401
824 4 2 2 1 426 2506 51 496
825 4 2 2 1 2528 2521 437 39
826 4 2 2 1 2538 405 371 49
827 4 2 2 1 2533 51 2506 496
828 4 2 2 1 40 2518 438 2521
829 4 2 2 1 478 2516 417 431
830 4 2 2 1 386 464 385 2502
831 4 2 2 1 2533 496 406 405
832 4 2 2 1 2504 459 428 2495
833 4 2 2 1 378 48 2493 407
834 4 2 2 1 2527 2525 399 501
835 4 2 2 1 402 483 2518 484
836 4 2 2 1 2490 30 2498 372
837 4 2 2 1 365 2536 457 404
838 4 2 2 1 2521 401 2497 39
839 4 2 2 1 2498 466 421 509
840 4 2 2 1 2503 22 21 446
841 4 2 2 1 487 409 2509 414
842 4 2 2 1 367 416 2501 417
843 4 2 2 1 1 446 27 2503
844 4 2 2 1 2539 504 2524 486
845 4 2 2 1 2493 2533 406 2538
846 4 2 2 1 2526 410 469 515
847 4 2 2 1 40 41 479 438
848 4 2 2 1 436 441 438 2507
849 4 2 2 1 2507 40 479 438
850 4 2 2 1 484 2518 402 444
851 4 2 2 1 2526 508 452 451
852 4 2 2 1 385 22 23 2503
853 4 2 2 1 511 2521 2497 437
854 4 2 2 1 520 2493 48 2538
855 4 2 2 1 2507 40 438 2528
856 4 2 2 1 2533 51 496 50
857 4 2 2 1 2531 442 435 377
858 4 2 2 1 461 363 460 2519
859 4 2 2 1 48 49 520 2538
860 4 2 2 1 2534 383 441 2537
861 4 2 2 1 481 441 383 2537
862 4 2 2 1 2538 405 406 371
863 4 2 2 1 2506 51 52 426
864 4 2 2 1 2533 49 50 405
865 4 2 2 1 473 501 2527 367
866 4 2 2 1 2507 40 2528 366
867 4 2 2 1 482 2537 427 441
868 4 2 2 1 26 2539 517 1
869 4 2 2 1 373 2508 52 426
870 4 2 2 1 48 49 2538 371
871 4 2 2 1 52 53 2508 373
872 4 2 2 1 2527 2525 501 473
873 4 2 2 1 2526 452 515 451
874 4 2 2 1 2528 381 439 366
875 4 2 2 1 2539 504 486 27
876 4 2 2 1 427 404 2496 403
877 4 2 2 1 474 506 408 47
878 4 2 2 1 2493 474 506 408
879 4 2 2 1 33 364 2492 32
880 4 2 2 1 512 2537 427 2532
881 4 2 2 1 395 2513 32 2492
882 4 2 2 1 2492 395 398 396
883 4 2 2 1 2497 2523 38 494
884 4 2 2 1 2497 2523 485 434
885 4 2 2 1 2489 373 474 2508
886 4 2 2 1 2489 373 2508 53
887 4 2 2 1 455 2514 384 2487
888 4 2 2 1 455 384 2514 46
889 4 2 2 1 2485 2509 454 411
890 4 2 2 1 453 454 411 46
891 4 2 2 1 412 2485 411 409
892 4 2 2 1 454 2540 2485 411
893 4 2 2 1 2520 492 2500 36
894 4 2 2 1 2520 492 36 368
895 4 2 2 1 503 449 2524 504
896 4 2 2 1 43 2537 42 512
897 4 2 2 1 486 2524 449 504
898 4 2 2 1 42 2499 483 410
899 4 2 2 1 2506 2489 2508 519
900 4 2 2 1 2506 2489 474 2508
901 4 2 2 1 2489 373 53 490
902 4 2 2 1 2489 373 490 474
903 4 2 2 1 2531 2497 2523 38
904 4 2 2 1 482 2537 441 481
905 4 2 2 1 430 37 2500 433
906 4 2 2 1 430 2500 37 36
907 4 2 2 1 2505 364 399 422
908 4 2 2 1 2505 399 364 33
909 4 2 2 1 376 447 2530 498
910 4 2 2 1 376 2530 447 31
911 4 2 2 1 2491 28 2503 486
912 4 2 2 1 2491 28 486 2515
913 4 2 2 1 2491 23 2503 374
914 4 2 2 1 2490 30 372 31
915 4 2 2 1 2534 2537 441 427
916 4 2 2 1 485 401 2497 511
917 4 2 2 1 485 2497 401 494
918 4 2 2 1 510 44 2496 380
919 4 2 2 1 42 383 2537 481
920 4 2 2 1 512 2537 42 2534
921 4 2 2 1 43 2537 512 2532
922 4 2 2 1 42 2499 410 2526
923 4 2 2 1 374 2515 2491 382
924 4 2 2 1 2503 2515 2491 374
925 4 2 2 1 2518 2534 438 440
926 4 2 2 1 2499 2534 512 42
927 4 2 2 1 2493 474 408 406
928 4 2 2 1 2493 2 520 48
929 4 2 2 1 2493 2533 2538 520
930 4 2 2 1 2493 2 48 506
931 4 2 2 1 2529 375 425 2512
932 4 2 2 1 2529 375 2512 32
933 4 2 2 1 506 453 408 47
934 4 2 2 1 506 2509 453 378
935 4 2 2 1 2501 417 473 367
936 4 2 2 1 473 417 2501 418
937 4 2 2 1 2528 39 2535 381
938 4 2 2 1 2496 44 510 413
939 4 2 2 1 2496 44 2532 380
940 4 2 2 1 450 2540 514 467
941 4 2 2 1 27 445 2503 446
942 4 2 2 1 28 2503 27 445
943 4 2 2 1 2503 2515 374 2502
944 4 2 2 1 435 377 2535 2531
945 4 2 2 1 435 2535 377 381
946 4 2 2 1 2532 44 2496 413
947 4 2 2 1 442 433 2500 2531
948 4 2 2 1 2507 383 2534 479
949 4 2 2 1 2507 2534 383 441
950 4 2 2 1 2499 512 2526 42
951 4 2 2 1 2499 2534 42 41
952 4 2 2 1 2528 2521 39 40
953 4 2 2 1 2528 39 381 40
954 4 2 2 1 2528 2521 40 438
955 4 2 2 1 381 2528 40 366
956 4 2 2 1 2524 24 449 25
957 4 2 2 1 2524 24 25 517
958 4 2 2 1 386 388 2502 374
959 4 2 2 1 2532 44 43 380
960 4 2 2 1 2502 2515 374 388
961 4 2 2 1 445 2515 29 28
962 4 2 2 1 385 2503 23 374
963 4 2 2 1 2531 435 433 434
964 4 2 2 1 2526 2532 413 44
965 4 2 2 1 469 2526 515 451
966 4 2 2 1 454 2540 411 46
967 4 2 2 1 454 2485 45 379
968 4 2 2 1 2485 2509 411 409
969 4 2 2 1 379 454 2485 415
970 4 2 2 1 454 414 2485 415
971 4 2 2 1 2485 2509 409 414
972 4 2 2 1 454 2540 46 45
973 4 2 2 1 391 2522 30 2486
974 4 2 2 1 391 2522 2486 390
975 4 2 2 1 470 390 397 2486
976 4 2 2 1 2486 2522 30 463
977 4 2 2 1 470 443 390 2486
978 4 2 2 1 2487 457 369 455
979 4 2 2 1 456 420 500 2487
980 4 2 2 1 468 500 420 2487
981 4 2 2 1 369 456 500 2487
982 4 2 2 1 2487 457 455 2514
983 4 2 2 1 2488 461 363 387
984 4 2 2 1 393 387 2488 392
985 4 2 2 1 485 2523 2497 494
986 4 2 2 1 387 2488 375 363
987 4 2 2 1 2511 474 420 47
988 4 2 2 1 2511 474 47 2489
989 4 2 2 1 475 53 2489 491
990 4 2 2 1 53 2 2489 491
991 4 2 2 1 2511 47 420 384
992 4 2 2 1 2529 400 477 488
993 4 2 2 1 372 2490 31 489
994 4 2 2 1 2529 400 488 2490
995 4 2 2 1 372 424 2490 489
996 4 2 2 1 424 488 2490 489
997 4 2 2 1 2491 23 374 24
998 4 2 2 1 2526 469 2510 451
999 4 2 2 1 2515 449 382 465
1000 4 2 2 1 445 2503 2515 28
1001 4 2 2 1 395 2513 2492 398
1002 4 2 2 1 2513 398 471 2492
1003 4 2 2 1 507 2492 398 396
1004 4 2 2 1 2492 398 471 507
1005 4 2 2 1 2492 2512 396 33
1006 4 2 2 1 396 2512 2492 395
1007 4 2 2 1 2493 2506 2533 2
1008 4 2 2 1 378 506 2509 2493
1009 4 2 2 1 2493 407 48 371
1010 4 2 2 1 2493 407 371 406
1011 4 2 2 1 378 48 506 2493
1012 4 2 2 1 2494 37 36 430
1013 4 2 2 1 2494 36 493 478
1014 4 2 2 1 37 2494 432 430
1015 4 2 2 1 432 2494 2523 370
1016 4 2 2 1 478 493 2494 370
1017 4 2 2 1 2520 2495 459 368
1018 4 2 2 1 429 2495 459 2520
1019 4 2 2 1 2526 2532 44 43
1020 4 2 2 1 428 419 2495 459
1021 4 2 2 1 2495 458 459 368
1022 4 2 2 1 2513 2530 448 31
1023 4 2 2 1 448 2530 2513 513
1024 4 2 2 1 2517 404 2496 413
1025 4 2 2 1 427 404 413 2496
1026 4 2 2 1 2535 2497 437 434
1027 4 2 2 1 437 511 434 2497
1028 4 2 2 1 511 2521 437 444
1029 4 2 2 1 2531 2497 38 2535
1030 4 2 2 1 2521 437 39 2497
1031 4 2 2 1 511 2521 444 401
1032 4 2 2 1 391 2498 421 516
1033 4 2 2 1 2498 424 372 509
1034 4 2 2 1 516 2498 421 509
1035 4 2 2 1 2498 424 509 516
1036 4 2 2 1 2499 452 484 515
1037 4 2 2 1 483 515 2499 484
1038 4 2 2 1 483 515 410 2499
1039 4 2 2 1 2499 410 2526 515
1040 4 2 2 1 2500 433 442 497
1041 4 2 2 1 2520 492 368 495
1042 4 2 2 1 442 495 2500 497
1043 4 2 2 1 2530 2490 448 31
1044 4 2 2 1 397 2530 448 513
1045 4 2 2 1 2526 42 43 469
1046 4 2 2 1 367 416 502 2501
1047 4 2 2 1 2527 2501 473 367
1048 4 2 2 1 473 2501 2527 418
1049 4 2 2 1 2522 445 2502 29
1050 4 2 2 1 2522 445 29 463
1051 4 2 2 1 2503 2515 28 2491
1052 4 2 2 1 2502 464 385 445
1053 4 2 2 1 2502 2515 388 29
1054 4 2 2 1 2502 2515 29 445
1055 4 2 2 1 1 2503 517 21
1056 4 2 2 1 517 22 21 2503
1057 4 2 2 1 1 2503 27 2539
1058 4 2 2 1 517 23 22 2503
1059 4 2 2 1 37 2500 433 2531
1060 4 2 2 1 412 411 2540 467
1061 4 2 2 1 460 472 2519 2504
1062 4 2 2 1 2504 459 2495 458
1063 4 2 2 1 460 363 2504 2519
1064 4 2 2 1 2504 428 460 472
1065 4 2 2 1 2504 363 460 458
1066 4 2 2 1 423 33 2505 505
1067 4 2 2 1 505 501 2505 423
1068 4 2 2 1 501 505 2505 422
1069 4 2 2 1 2492 364 2505 422
1070 4 2 2 1 2492 2505 364 33
1071 4 2 2 1 2506 2489 519 2
1072 4 2 2 1 431 419 2516 417
1073 4 2 2 1 2533 496 405 50
1074 4 2 2 1 419 2501 2516 417
1075 4 2 2 1 2533 51 50 518
1076 4 2 2 1 2533 51 518 2506
1077 4 2 2 1 436 441 2507 439
1078 4 2 2 1 479 2507 439 366
1079 4 2 2 1 2507 2528 439 366
1080 4 2 2 1 439 383 2507 479
1081 4 2 2 1 439 2507 383 441
1082 4 2 2 1 474 2506 2508 426
1083 4 2 2 1 2508 2506 52 426
1084 4 2 2 1 52 53 519 2508
1085 4 2 2 1 2489 519 2 53
1086 4 2 2 1 429 2495 2520 2516
1087 4 2 2 1 2486 391 390 397
1088 4 2 2 1 2530 2490 31 2486
1089 4 2 2 1 396 2512 392 33
1090 4 2 2 1 470 397 2530 2486
1091 4 2 2 1 2509 411 408 453
1092 4 2 2 1 2509 453 414 454
1093 4 2 2 1 2509 378 487 453
1094 4 2 2 1 434 2535 436 437
1095 4 2 2 1 487 2509 453 414
1096 4 2 2 1 453 411 454 2509
1097 4 2 2 1 510 2510 45 514
1098 4 2 2 1 2526 44 413 2510
1099 4 2 2 1 2485 450 45 2510
1100 4 2 2 1 2485 450 2510 415
1101 4 2 2 1 2510 450 508 451
1102 4 2 2 1 451 2510 450 415
1103 4 2 2 1 475 490 2511 2489
1104 4 2 2 1 491 2511 475 384
1105 4 2 2 1 456 475 2511 384
1106 4 2 2 1 2511 490 475 456
1107 4 2 2 1 475 2489 2511 491
1108 4 2 2 1 2540 450 45 2485
1109 4 2 2 1 499 389 395 2512
1110 4 2 2 1 499 425 389 2512
1111 4 2 2 1 2529 375 32 489
1112 4 2 2 1 2529 375 489 425
1113 4 2 2 1 461 2519 460 394
1114 4 2 2 1 460 2519 472 394
1115 4 2 2 1 2513 364 471 447
1116 4 2 2 1 2513 364 447 32
1117 4 2 2 1 2531 2535 38 377
1118 4 2 2 1 468 467 457 2514
1119 4 2 2 1 2514 468 384 2487
1120 4 2 2 1 2514 384 468 46
1121 4 2 2 1 2487 457 2514 468
1122 4 2 2 1 392 2512 396 395
1123 4 2 2 1 2535 2497 38 39
1124 4 2 2 1 424 400 391 2490
1125 4 2 2 1 365 455 457 2536
1126 4 2 2 1 510 2536 365 2517
1127 4 2 2 1 2515 449 465 486
1128 4 2 2 1 2515 486 465 28
1129 4 2 2 1 2514 457 455 2536
1130 4 2 2 1 2515 449 486 2491
1131 4 2 2 1 431 2494 2516 430
1132 4 2 2 1 431 2516 2494 478
1133 4 2 2 1 431 2516 419 430
1134 4 2 2 1 514 510 2536 45
1135 4 2 2 1 478 2516 416 417
1136 4 2 2 1 30 2490 2486 31
1137 4 2 2 1 514 2517 510 413
1138 4 2 2 1 365 2496 510 2517
1139 4 2 2 1 510 2536 45 455
1140 4 2 2 1 510 2536 455 365
1141 4 2 2 1 510 2517 2496 413
1142 4 2 2 1 387 2488 389 375
1143 4 2 2 1 455 45 2514 2536
1144 4 2 2 1 2529 425 489 488
1145 4 2 2 1 485 2497 434 511
1146 4 2 2 1 389 2488 387 392
1147 4 2 2 1 2492 507 422 505
1148 4 2 2 1 2529 395 32 2512
1149 4 2 2 1 2529 395 2512 499
1150 4 2 2 1 505 2492 2505 422
1151 4 2 2 1 505 2505 2492 33
1152 4 2 2 1 2518 2534 440 2499
1153 4 2 2 1 438 444 2518 440
1154 4 2 2 1 2518 2534 2499 41
1155 4 2 2 1 440 484 2518 2499
1156 4 2 2 1 484 440 2518 444
1157 4 2 2 1 2519 394 393 462
1158 4 2 2 1 393 33 2519 462
1159 4 2 2 1 2519 2488 33 393
1160 4 2 2 1 2488 461 387 393
1161 4 2 2 1 461 2519 394 393
1162 4 2 2 1 2488 461 393 2519
1163 4 2 2 1 2512 2529 499 425
1164 4 2 2 1 37 492 2500 377
1165 4 2 2 1 442 2500 492 377
1166 4 2 2 1 2529 425 488 499
1167 4 2 2 1 37 36 2500 492
1168 4 2 2 1 2486 2490 30 391
1169 4 2 2 1 2530 2490 2486 397
1170 4 2 2 1 495 429 2500 497
1171 4 2 2 1 459 495 429 2520
1172 4 2 2 1 2531 2497 2535 434
1173 4 2 2 1 429 2495 419 459
1174 4 2 2 1 2518 476 40 402
1175 4 2 2 1 40 2518 402 41
1176 4 2 2 1 2521 39 40 476
1177 4 2 2 1 2521 401 39 476
1178 4 2 2 1 2521 401 476 444
1179 4 2 2 1 2498 466 372 30
1180 4 2 2 1 2496 403 365 482
1181 4 2 2 1 38 2535 39 377
1182 4 2 2 1 482 2496 403 427
1183 4 2 2 1 2486 2522 443 390
1184 4 2 2 1 2522 445 463 464
1185 4 2 2 1 443 2522 2486 463
1186 4 2 2 1 2522 445 464 2502
1187 4 2 2 1 2535 2497 39 437
1188 4 2 2 1 2523 493 37 494
1189 4 2 2 1 494 2523 493 370
1190 4 2 2 1 2494 37 2523 493
1191 4 2 2 1 2523 2494 493 370
1192 4 2 2 1 2524 25 449 503
1193 4 2 2 1 2539 504 27 1
1194 4 2 2 1 26 2539 1 504
1195 4 2 2 1 26 2539 504 2524
1196 4 2 2 1 2524 25 503 26
1197 4 2 2 1 486 2491 449 2524
1198 4 2 2 1 462 33 2525 423
1199 4 2 2 1 423 33 2525 2505
1200 4 2 2 1 2525 472 462 423
1201 4 2 2 1 2505 501 2525 423
1202 4 2 2 1 472 2525 501 423
1203 4 2 2 1 45 2514 2540 46
1204 4 2 2 1 513 448 471 2513
1205 4 2 2 1 2538 2493 48 371
1206 4 2 2 1 2538 2493 371 406
1207 4 2 2 1 2495 35 34 458
1208 4 2 2 1 2513 2529 31 448
1209 4 2 2 1 2504 2495 34 458
1210 4 2 2 1 2504 459 458 460
1211 4 2 2 1 2525 501 473 472
1212 4 2 2 1 2504 459 460 428
1213 4 2 2 1 2512 2488 33 375
1214 4 2 2 1 385 22 2503 446
1215 4 2 2 1 385 2503 445 446
1216 4 2 2 1 33 2488 2512 392
1217 4 2 2 1 2528 2535 437 436
1218 4 2 2 1 2540 2514 411 46
1219 4 2 2 1 2499 512 440 452
1220 4 2 2 1 512 2526 42 43
1221 4 2 2 1 2499 2526 452 515
1222 4 2 2 1 2506 2 519 518
1223 4 2 2 1 51 519 518 2506
1224 4 2 2 1 519 51 52 2506
1225 4 2 2 1 2506 2489 2 474
1226 4 2 2 1 2508 519 52 2506
1227 4 2 2 1 502 34 399 2527
1228 4 2 2 1 2501 34 502 2527
1229 4 2 2 1 2527 501 502 367
1230 4 2 2 1 502 399 501 2527
1231 4 2 2 1 502 2501 2527 367
1232 4 2 2 1 2501 34 2527 418
1233 4 2 2 1 438 436 2507 2528
1234 4 2 2 1 436 381 439 2528
1235 4 2 2 1 437 438 2528 436
1236 4 2 2 1 2528 381 2535 436
1237 4 2 2 1 2507 436 439 2528
1238 4 2 2 1 464 2522 443 463
1239 4 2 2 1 443 2522 464 390
1240 4 2 2 1 456 420 2487 2511
1241 4 2 2 1 424 391 2498 2490
1242 4 2 2 1 2518 476 402 444
1243 4 2 2 1 2518 2534 41 438
1244 4 2 2 1 397 2490 2486 391
1245 4 2 2 1 2507 40 366 479
1246 4 2 2 1 411 2514 2540 467
1247 4 2 2 1 2490 448 31 2529
1248 4 2 2 1 392 2512 395 389
1249 4 2 2 1 2528 39 437 2535
1250 4 2 2 1 411 2514 468 46
1251 4 2 2 1 2526 2532 43 512
1252 4 2 2 1 400 2490 397 391
1253 4 2 2 1 2526 508 451 2510
1254 4 2 2 1 2491 23 24 517
1255 4 2 2 1 468 2514 411 467
1256 4 2 2 1 412 411 2485 2540
1257 4 2 2 1 467 2536 404 457
1258 4 2 2 1 467 2536 457 2514
1259 4 2 2 1 2509 2493 408 407
1260 4 2 2 1 2491 23 517 2503
1261 4 2 2 1 506 408 453 2509
1262 4 2 2 1 2509 506 408 2493
1263 4 2 2 1 2491 2539 2503 517
1264 4 2 2 1 32 31 2529 489
1265 4 2 2 1 2519 472 34 2504
1266 4 2 2 1 2523 494 485 370
1267 4 2 2 1 2490 2529 31 489
1268 4 2 2 1 2529 2490 488 489
1269 4 2 2 1 382 465 421 2515
1270 4 2 2 1 466 421 465 2515
1271 4 2 2 1 466 28 2515 465
1272 4 2 2 1 2512 2488 389 392
1273 4 2 2 1 2507 438 2534 441
1274 4 2 2 1 2540 450 2485 412
1275 4 2 2 1 470 2530 397 513
1276 4 2 2 1 498 470 513 2530
1277 4 2 2 1 2530 447 2513 498
1278 4 2 2 1 2530 2513 447 31
1279 4 2 2 1 2501 2495 35 34
1280 4 2 2 1 2507 2534 438 479
1281 4 2 2 1 2501 428 419 2495
1282 4 2 2 1 419 418 2501 417
1283 4 2 2 1 438 2534 441 427
1284 4 2 2 1 389 2488 2512 375
1285 4 2 2 1 2493 2506 2 474
1286 4 2 2 2 2548 59 681 636
1287 4 2 2 2 2548 3 590 637
1288 4 2 2 2 628 2568 74 563
1289 4 2 2 2 2541 590 585 650
1290 4 2 2 2 3 590 637 592
1291 4 2 2 2 2568 559 563 639
1292 4 2 2 2 2548 60 3 636
1293 4 2 2 2 650 60 3 590
1294 4 2 2 2 2541 590 650 3
1295 4 2 2 2 592 637 3 682
1296 4 2 2 2 2541 592 3 682
1297 4 2 2 2 683 2548 637 3
1298 4 2 2 2 683 3 637 682
1299 4 2 2 2 2541 682 3 684
1300 4 2 2 2 2548 3 59 636
1301 4 2 2 2 63 62 529 2567
1302 4 2 2 2 54 2541 582 660
1303 4 2 2 2 652 2573 596 601
1304 4 2 2 2 2564 2550 64 665
1305 4 2 2 2 596 2573 652 602
1306 4 2 2 2 2575 84 2542 2569
1307 4 2 2 2 538 2591 2544 74
1308 4 2 2 2 683 2548 3 59
1309 4 2 2 2 2543 586 602 587
1310 4 2 2 2 648 61 60 598
1311 4 2 2 2 61 2543 647 62
1312 4 2 2 2 671 2552 571 572
1313 4 2 2 2 4 685 2594 2584
1314 4 2 2 2 595 2543 587 2567
1315 4 2 2 2 2567 2570 62 587
1316 4 2 2 2 63 64 2550 617
1317 4 2 2 2 2570 2543 587 586
1318 4 2 2 2 2542 79 531 2575
1319 4 2 2 2 2570 2543 586 61
1320 4 2 2 2 2552 571 572 569
1321 4 2 2 2 2585 61 60 603
1322 4 2 2 2 2550 584 594 665
1323 4 2 2 2 650 590 585 589
1324 4 2 2 2 61 62 580 2570
1325 4 2 2 2 2544 2591 538 546
1326 4 2 2 2 2572 562 568 569
1327 4 2 2 2 2544 2591 558 74
1328 4 2 2 2 590 650 60 589
1329 4 2 2 2 589 648 60 598
1330 4 2 2 2 76 77 528 2552
1331 4 2 2 2 2542 531 83 84
1332 4 2 2 2 587 602 2543 596
1333 4 2 2 2 551 2553 573 531
1334 4 2 2 2 2567 2570 587 2587
1335 4 2 2 2 671 2552 607 2560
1336 4 2 2 2 2552 2572 571 569
1337 4 2 2 2 595 2543 2567 597
1338 4 2 2 2 2552 2572 569 562
1339 4 2 2 2 585 566 2577 582
1340 4 2 2 2 2585 61 603 2546
1341 4 2 2 2 628 2568 563 629
1342 4 2 2 2 2546 61 580 2570
1343 4 2 2 2 2580 646 621 655
1344 4 2 2 2 2594 685 86 2569
1345 4 2 2 2 558 627 74 563
1346 4 2 2 2 2578 617 2550 64
1347 4 2 2 2 590 599 2548 637
1348 4 2 2 2 603 61 580 2546
1349 4 2 2 2 2585 598 2546 676
1350 4 2 2 2 2575 80 2569 2542
1351 4 2 2 2 650 648 60 589
1352 4 2 2 2 627 628 74 563
1353 4 2 2 2 551 2571 2553 531
1354 4 2 2 2 74 544 558 2544
1355 4 2 2 2 650 526 648 2549
1356 4 2 2 2 2575 2569 80 553
1357 4 2 2 2 2580 646 655 67
1358 4 2 2 2 2580 567 2561 67
1359 4 2 2 2 2544 74 2579 521
1360 4 2 2 2 627 658 74 565
1361 4 2 2 2 658 73 74 565
1362 4 2 2 2 620 65 2564 654
1363 4 2 2 2 591 59 2548 2545
1364 4 2 2 2 65 66 2588 645
1365 4 2 2 2 80 2569 685 2594
1366 4 2 2 2 70 623 2554 669
1367 4 2 2 2 589 60 590 598
1368 4 2 2 2 544 627 74 558
1369 4 2 2 2 685 80 2594 2584
1370 4 2 2 2 2575 84 2569 536
1371 4 2 2 2 588 2549 585 589
1372 4 2 2 2 580 2546 2570 675
1373 4 2 2 2 2559 624 615 68
1374 4 2 2 2 627 74 658 544
1375 4 2 2 2 2547 568 639 630
1376 4 2 2 2 2579 73 74 658
1377 4 2 2 2 532 2572 575 2592
1378 4 2 2 2 2557 69 70 623
1379 4 2 2 2 2579 73 547 2566
1380 4 2 2 2 2578 665 64 2550
1381 4 2 2 2 86 4 685 2594
1382 4 2 2 2 655 2576 622 615
1383 4 2 2 2 82 2571 2584 578
1384 4 2 2 2 564 2568 663 522
1385 4 2 2 2 2547 559 639 568
1386 4 2 2 2 2563 69 661 68
1387 4 2 2 2 2559 624 68 69
1388 4 2 2 2 2557 69 623 2559
1389 4 2 2 2 2574 2572 562 75
1390 4 2 2 2 2546 580 600 675
1391 4 2 2 2 80 2569 2594 678
1392 4 2 2 2 551 2571 531 83
1393 4 2 2 2 655 2576 615 68
1394 4 2 2 2 567 2561 66 645
1395 4 2 2 2 2554 556 70 530
1396 4 2 2 2 2583 641 525 674
1397 4 2 2 2 2585 2548 599 524
1398 4 2 2 2 580 603 2546 600
1399 4 2 2 2 2578 617 64 535
1400 4 2 2 2 2551 577 78 573
1401 4 2 2 2 528 76 2552 579
1402 4 2 2 2 535 2588 65 2578
1403 4 2 2 2 665 2564 584 593
1404 4 2 2 2 573 643 2553 551
1405 4 2 2 2 615 655 68 624
1406 4 2 2 2 622 646 67 655
1407 4 2 2 2 2574 2572 75 76
1408 4 2 2 2 2547 2591 559 562
1409 4 2 2 2 82 2571 578 605
1410 4 2 2 2 2547 562 559 568
1411 4 2 2 2 2580 68 668 67
1412 4 2 2 2 581 2564 584 2587
1413 4 2 2 2 532 574 2551 2592
1414 4 2 2 2 678 553 2569 677
1415 4 2 2 2 568 2572 570 630
1416 4 2 2 2 2558 566 592 666
1417 4 2 2 2 2563 69 68 624
1418 4 2 2 2 2568 564 75 522
1419 4 2 2 2 599 637 591 2548
1420 4 2 2 2 78 573 577 531
1421 4 2 2 2 2559 545 69 611
1422 4 2 2 2 2552 532 77 571
1423 4 2 2 2 85 2569 685 84
1424 4 2 2 2 577 79 78 531
1425 4 2 2 2 2578 64 65 535
1426 4 2 2 2 2552 532 571 2572
1427 4 2 2 2 534 63 2564 2587
1428 4 2 2 2 538 74 2544 521
1429 4 2 2 2 536 553 2569 2575
1430 4 2 2 2 672 2562 641 622
1431 4 2 2 2 2583 65 641 654
1432 4 2 2 2 2560 77 78 671
1433 4 2 2 2 2547 562 568 2572
1434 4 2 2 2 526 648 2549 2573
1435 4 2 2 2 663 2568 2593 628
1436 4 2 2 2 665 2564 620 64
1437 4 2 2 2 530 548 2556 2554
1438 4 2 2 2 672 641 66 622
1439 4 2 2 2 84 2569 536 673
1440 4 2 2 2 527 680 2586 634
1441 4 2 2 2 533 2556 540 542
1442 4 2 2 2 2581 666 2558 592
1443 4 2 2 2 78 671 573 537
1444 4 2 2 2 2547 629 630 639
1445 4 2 2 2 649 549 2586 2557
1446 4 2 2 2 613 2557 545 649
1447 4 2 2 2 2547 562 2572 75
1448 4 2 2 2 2589 72 73 560
1449 4 2 2 2 2545 550 637 591
1450 4 2 2 2 531 78 573 537
1451 4 2 2 2 68 69 611 2559
1452 4 2 2 2 2593 73 74 564
1453 4 2 2 2 2576 656 622 615
1454 4 2 2 2 565 658 73 2565
1455 4 2 2 2 2559 545 611 612
1456 4 2 2 2 2547 629 2568 522
1457 4 2 2 2 2547 75 522 2568
1458 4 2 2 2 2578 665 2550 618
1459 4 2 2 2 527 2586 71 2555
1460 4 2 2 2 573 577 2553 2551
1461 4 2 2 2 2576 2562 622 656
1462 4 2 2 2 2572 575 640 76
1463 4 2 2 2 551 2571 83 605
1464 4 2 2 2 2557 69 2559 545
1465 4 2 2 2 661 69 2590 626
1466 4 2 2 2 70 2554 626 556
1467 4 2 2 2 578 80 2571 2584
1468 4 2 2 2 537 78 671 2560
1469 4 2 2 2 81 2584 664 578
1470 4 2 2 2 2551 577 643 576
1471 4 2 2 2 2574 608 609 562
1472 4 2 2 2 672 66 67 622
1473 4 2 2 2 2576 611 2559 68
1474 4 2 2 2 531 79 78 2575
1475 4 2 2 2 534 2587 581 2570
1476 4 2 2 2 2554 2590 69 626
1477 4 2 2 2 678 2569 86 677
1478 4 2 2 2 660 526 2549 588
1479 4 2 2 2 56 566 2558 666
1480 4 2 2 2 612 623 2559 2557
1481 4 2 2 2 2554 2590 626 556
1482 4 2 2 2 613 680 2557 649
1483 4 2 2 2 2563 68 661 668
1484 4 2 2 2 591 524 599 2548
1485 4 2 2 2 535 2588 2578 619
1486 4 2 2 2 2563 69 624 2590
1487 4 2 2 2 537 671 607 2560
1488 4 2 2 2 2565 2593 565 631
1489 4 2 2 2 599 2585 524 600
1490 4 2 2 2 2551 577 576 78
1491 4 2 2 2 635 73 658 2565
1492 4 2 2 2 85 2569 84 673
1493 4 2 2 2 537 531 2575 536
1494 4 2 2 2 2565 635 73 662
1495 4 2 2 2 2579 73 2566 521
1496 4 2 2 2 2554 548 556 530
1497 4 2 2 2 2589 73 2565 560
1498 4 2 2 2 2569 85 86 677
1499 4 2 2 2 2585 599 676 600
1500 4 2 2 2 2575 2560 537 552
1501 4 2 2 2 537 531 78 2575
1502 4 2 2 2 567 619 2561 645
1503 4 2 2 2 2557 545 612 613
1504 4 2 2 2 530 71 2556 533
1505 4 2 2 2 2563 668 661 523
1506 4 2 2 2 2560 607 537 552
1507 4 2 2 2 2576 67 622 672
1508 4 2 2 2 85 2569 673 677
1509 4 2 2 2 2593 565 73 2565
1510 4 2 2 2 80 2569 678 553
1511 4 2 2 2 648 526 601 2573
1512 4 2 2 2 82 2571 605 83
1513 4 2 2 2 548 556 557 2554
1514 4 2 2 2 2576 614 656 615
1515 4 2 2 2 82 2571 83 685
1516 4 2 2 2 2580 567 67 668
1517 4 2 2 2 2584 80 664 578
1518 4 2 2 2 2584 81 82 578
1519 4 2 2 2 2576 2562 656 541
1520 4 2 2 2 2593 628 565 663
1521 4 2 2 2 2579 73 521 74
1522 4 2 2 2 617 2550 659 618
1523 4 2 2 2 655 2563 624 657
1524 4 2 2 2 596 2573 2543 601
1525 4 2 2 2 601 597 2543 596
1526 4 2 2 2 571 532 2551 2592
1527 4 2 2 2 535 2588 619 645
1528 4 2 2 2 2593 628 74 565
1529 4 2 2 2 72 73 554 2582
1530 4 2 2 2 2575 537 536 552
1531 4 2 2 2 2578 2588 65 620
1532 4 2 2 2 2592 532 2572 571
1533 4 2 2 2 662 73 72 633
1534 4 2 2 2 2576 611 68 616
1535 4 2 2 2 662 635 73 633
1536 4 2 2 2 607 608 528 2552
1537 4 2 2 2 651 539 2579 521
1538 4 2 2 2 2575 606 2560 552
1539 4 2 2 2 605 2553 643 551
1540 4 2 2 2 618 2578 619 535
1541 4 2 2 2 2575 606 552 610
1542 4 2 2 2 611 612 614 2559
1543 4 2 2 2 532 76 575 2572
1544 4 2 2 2 2549 588 526 652
1545 4 2 2 2 631 2593 565 663
1546 4 2 2 2 2563 657 679 523
1547 4 2 2 2 658 73 635 547
1548 4 2 2 2 2577 566 55 582
1549 4 2 2 2 565 73 74 2593
1550 4 2 2 2 2584 4 685 81
1551 4 2 2 2 2556 540 530 533
1552 4 2 2 2 672 2562 541 641
1553 4 2 2 2 632 527 2555 634
1554 4 2 2 2 550 2545 58 591
1555 4 2 2 2 55 56 566 2577
1556 4 2 2 2 86 4 2594 678
1557 4 2 2 2 541 642 2562 656
1558 4 2 2 2 663 522 2568 629
1559 4 2 2 2 57 56 2558 666
1560 4 2 2 2 2541 55 54 582
1561 4 2 2 2 2580 655 621 679
1562 4 2 2 2 72 543 662 633
1563 4 2 2 2 2592 2572 575 570
1564 4 2 2 2 542 2589 561 560
1565 4 2 2 2 525 653 2583 674
1566 4 2 2 2 2581 58 57 550
1567 4 2 2 2 521 651 2566 2579
1568 4 2 2 2 2582 667 72 2555
1569 4 2 2 2 2570 581 580 675
1570 4 2 2 2 570 2592 2572 571
1571 4 2 2 2 574 2551 643 576
1572 4 2 2 2 614 2576 656 541
1573 4 2 2 2 2555 633 632 634
1574 4 2 2 2 59 58 2545 591
1575 4 2 2 2 2563 668 523 679
1576 4 2 2 2 2584 4 81 664
1577 4 2 2 2 2582 667 2555 632
1578 4 2 2 2 555 632 554 2582
1579 4 2 2 2 2594 4 80 678
1580 4 2 2 2 532 575 574 2592
1581 4 2 2 2 2565 561 560 631
1582 4 2 2 2 2561 679 619 567
1583 4 2 2 2 2563 625 657 523
1584 4 2 2 2 593 583 653 2564
1585 4 2 2 2 561 2565 565 631
1586 4 2 2 2 631 564 2593 663
1587 4 2 2 2 2592 575 574 570
1588 4 2 2 2 2568 564 74 75
1589 4 2 2 2 2547 2591 562 75
1590 4 2 2 2 574 2592 570 571
1591 4 2 2 2 556 557 2590 625
1592 4 2 2 2 2570 2587 581 586
1593 4 2 2 2 633 548 72 543
1594 4 2 2 2 586 2570 2587 587
1595 4 2 2 2 533 2556 72 71
1596 4 2 2 2 2570 2543 61 62
1597 4 2 2 2 684 2541 54 3
1598 4 2 2 2 2541 682 684 2577
1599 4 2 2 2 584 2567 594 587
1600 4 2 2 2 2541 582 588 585
1601 4 2 2 2 588 582 2541 660
1602 4 2 2 2 620 2564 665 593
1603 4 2 2 2 620 2564 65 64
1604 4 2 2 2 73 2582 2566 554
1605 4 2 2 2 2564 65 64 604
1606 4 2 2 2 2542 79 2575 80
1607 4 2 2 2 2543 2573 596 602
1608 4 2 2 2 2543 2573 647 601
1609 4 2 2 2 584 2567 587 2587
1610 4 2 2 2 62 2587 2570 2567
1611 4 2 2 2 62 2587 2567 63
1612 4 2 2 2 2550 2587 2567 584
1613 4 2 2 2 2548 590 2585 599
1614 4 2 2 2 2585 60 598 590
1615 4 2 2 2 2574 2572 76 2552
1616 4 2 2 2 2574 2572 2552 562
1617 4 2 2 2 551 2571 605 2553
1618 4 2 2 2 638 577 531 79
1619 4 2 2 2 2552 532 2572 76
1620 4 2 2 2 685 85 86 2569
1621 4 2 2 2 529 2550 617 63
1622 4 2 2 2 529 2550 63 2567
1623 4 2 2 2 2588 622 620 646
1624 4 2 2 2 65 620 622 654
1625 4 2 2 2 2588 622 646 66
1626 4 2 2 2 2542 79 80 638
1627 4 2 2 2 2571 2542 531 83
1628 4 2 2 2 2550 659 529 617
1629 4 2 2 2 529 2550 2567 595
1630 4 2 2 2 2550 529 659 595
1631 4 2 2 2 61 2543 602 2573
1632 4 2 2 2 70 69 2554 623
1633 4 2 2 2 70 2554 69 626
1634 4 2 2 2 2590 623 624 557
1635 4 2 2 2 2590 623 557 2554
1636 4 2 2 2 573 2551 671 78
1637 4 2 2 2 671 2551 573 571
1638 4 2 2 2 671 2551 77 78
1639 4 2 2 2 655 2576 68 67
1640 4 2 2 2 2576 67 672 616
1641 4 2 2 2 622 641 65 654
1642 4 2 2 2 622 65 641 66
1643 4 2 2 2 558 2591 2544 546
1644 4 2 2 2 586 2587 584 587
1645 4 2 2 2 2591 75 74 538
1646 4 2 2 2 2560 528 77 2552
1647 4 2 2 2 77 528 2560 606
1648 4 2 2 2 671 2552 2560 77
1649 4 2 2 2 678 2594 86 2569
1650 4 2 2 2 646 67 66 622
1651 4 2 2 2 2561 66 67 567
1652 4 2 2 2 586 598 61 602
1653 4 2 2 2 2585 61 2546 598
1654 4 2 2 2 2589 533 542 2556
1655 4 2 2 2 2589 533 2556 72
1656 4 2 2 2 541 674 2562 642
1657 4 2 2 2 541 2562 674 641
1658 4 2 2 2 2574 546 562 609
1659 4 2 2 2 2574 546 609 538
1660 4 2 2 2 2574 2591 538 75
1661 4 2 2 2 2574 2591 75 562
1662 4 2 2 2 2570 534 580 581
1663 4 2 2 2 2570 580 534 62
1664 4 2 2 2 2586 527 649 680
1665 4 2 2 2 649 527 2586 71
1666 4 2 2 2 74 565 628 627
1667 4 2 2 2 2564 2550 665 584
1668 4 2 2 2 2564 63 604 64
1669 4 2 2 2 654 2564 620 593
1670 4 2 2 2 558 2591 563 74
1671 4 2 2 2 563 2591 558 559
1672 4 2 2 2 559 2591 558 546
1673 4 2 2 2 647 2573 648 601
1674 4 2 2 2 2581 666 592 550
1675 4 2 2 2 2542 2569 685 80
1676 4 2 2 2 74 2568 2593 564
1677 4 2 2 2 569 570 2572 571
1678 4 2 2 2 547 651 2566 555
1679 4 2 2 2 548 71 669 549
1680 4 2 2 2 2554 71 669 548
1681 4 2 2 2 548 71 2556 2554
1682 4 2 2 2 557 2590 657 624
1683 4 2 2 2 657 2590 557 625
1684 4 2 2 2 2582 547 2566 555
1685 4 2 2 2 2583 653 2564 593
1686 4 2 2 2 2583 653 593 642
1687 4 2 2 2 525 2583 653 2564
1688 4 2 2 2 2583 653 642 674
1689 4 2 2 2 581 2564 593 584
1690 4 2 2 2 581 2564 2587 534
1691 4 2 2 2 581 2564 534 583
1692 4 2 2 2 581 2564 583 593
1693 4 2 2 2 590 676 2585 599
1694 4 2 2 2 2585 598 676 590
1695 4 2 2 2 2555 72 549 71
1696 4 2 2 2 2555 633 634 549
1697 4 2 2 2 548 549 72 71
1698 4 2 2 2 548 72 549 633
1699 4 2 2 2 571 574 2551 644
1700 4 2 2 2 603 600 2585 2546
1701 4 2 2 2 77 2551 671 571
1702 4 2 2 2 657 2590 2563 624
1703 4 2 2 2 2563 2590 657 625
1704 4 2 2 2 2582 547 555 633
1705 4 2 2 2 73 547 633 635
1706 4 2 2 2 2557 71 669 70
1707 4 2 2 2 2557 71 70 649
1708 4 2 2 2 2557 71 649 549
1709 4 2 2 2 77 2551 532 78
1710 4 2 2 2 532 2551 77 571
1711 4 2 2 2 589 2573 598 602
1712 4 2 2 2 598 2573 589 648
1713 4 2 2 2 637 2581 592 550
1714 4 2 2 2 592 2581 637 682
1715 4 2 2 2 2581 666 550 57
1716 4 2 2 2 598 2573 61 602
1717 4 2 2 2 61 2573 598 648
1718 4 2 2 2 574 571 2551 2592
1719 4 2 2 2 71 530 2556 2554
1720 4 2 2 2 70 2557 623 669
1721 4 2 2 2 2557 71 549 669
1722 4 2 2 2 70 2557 649 545
1723 4 2 2 2 2557 69 545 70
1724 4 2 2 2 54 650 2541 660
1725 4 2 2 2 650 2541 3 54
1726 4 2 2 2 2541 590 3 592
1727 4 2 2 2 2549 2541 588 585
1728 4 2 2 2 588 2541 2549 660
1729 4 2 2 2 2569 2542 685 84
1730 4 2 2 2 685 2542 83 84
1731 4 2 2 2 2586 549 2555 634
1732 4 2 2 2 2571 80 2542 685
1733 4 2 2 2 2571 685 2542 83
1734 4 2 2 2 2543 586 61 602
1735 4 2 2 2 2543 62 587 2567
1736 4 2 2 2 601 597 647 2543
1737 4 2 2 2 2558 2581 592 682
1738 4 2 2 2 2544 544 558 539
1739 4 2 2 2 539 2544 2579 521
1740 4 2 2 2 538 2544 539 521
1741 4 2 2 2 2544 546 539 558
1742 4 2 2 2 539 546 2544 538
1743 4 2 2 2 683 2548 59 2545
1744 4 2 2 2 2581 550 637 2545
1745 4 2 2 2 550 2581 58 2545
1746 4 2 2 2 59 58 683 2545
1747 4 2 2 2 2546 598 61 586
1748 4 2 2 2 2546 598 586 676
1749 4 2 2 2 2546 676 586 675
1750 4 2 2 2 676 2546 600 675
1751 4 2 2 2 2548 60 636 2585
1752 4 2 2 2 2572 568 2547 630
1753 4 2 2 2 2547 2591 75 2568
1754 4 2 2 2 640 629 630 2547
1755 4 2 2 2 640 629 2547 522
1756 4 2 2 2 640 75 522 2547
1757 4 2 2 2 637 591 2548 2545
1758 4 2 2 2 524 636 2548 681
1759 4 2 2 2 2548 59 591 681
1760 4 2 2 2 591 524 2548 681
1761 4 2 2 2 650 2549 648 589
1762 4 2 2 2 549 680 2586 2557
1763 4 2 2 2 2549 648 589 2573
1764 4 2 2 2 589 588 2549 652
1765 4 2 2 2 2550 2587 584 2564
1766 4 2 2 2 2578 617 535 618
1767 4 2 2 2 2578 617 618 2550
1768 4 2 2 2 2550 665 659 618
1769 4 2 2 2 2550 584 2567 594
1770 4 2 2 2 665 595 2550 659
1771 4 2 2 2 665 2550 595 594
1772 4 2 2 2 643 644 573 2551
1773 4 2 2 2 574 644 643 2551
1774 4 2 2 2 2582 2566 554 555
1775 4 2 2 2 2566 651 554 555
1776 4 2 2 2 571 644 2551 573
1777 4 2 2 2 528 2552 608 579
1778 4 2 2 2 562 2552 608 569
1779 4 2 2 2 562 608 2552 2574
1780 4 2 2 2 2552 572 608 569
1781 4 2 2 2 2575 84 536 531
1782 4 2 2 2 2553 577 573 531
1783 4 2 2 2 643 573 2553 2551
1784 4 2 2 2 2553 605 577 638
1785 4 2 2 2 605 577 643 2553
1786 4 2 2 2 638 531 577 2553
1787 4 2 2 2 2554 71 530 70
1788 4 2 2 2 62 2567 647 529
1789 4 2 2 2 2554 71 70 669
1790 4 2 2 2 548 2554 557 669
1791 4 2 2 2 667 2555 527 71
1792 4 2 2 2 667 2555 71 72
1793 4 2 2 2 2582 667 632 554
1794 4 2 2 2 632 527 667 2555
1795 4 2 2 2 2582 667 554 72
1796 4 2 2 2 662 2556 543 72
1797 4 2 2 2 2556 662 540 542
1798 4 2 2 2 2556 662 543 540
1799 4 2 2 2 2589 533 72 560
1800 4 2 2 2 2589 533 560 542
1801 4 2 2 2 680 549 670 2557
1802 4 2 2 2 2543 62 2567 647
1803 4 2 2 2 613 680 670 2557
1804 4 2 2 2 670 669 2557 549
1805 4 2 2 2 2579 547 73 658
1806 4 2 2 2 2581 666 57 2558
1807 4 2 2 2 57 2581 2558 682
1808 4 2 2 2 56 2577 2558 566
1809 4 2 2 2 57 56 682 2558
1810 4 2 2 2 2558 2577 56 682
1811 4 2 2 2 2559 624 69 623
1812 4 2 2 2 2559 624 623 615
1813 4 2 2 2 2559 2576 68 615
1814 4 2 2 2 612 2559 623 615
1815 4 2 2 2 614 2576 2559 615
1816 4 2 2 2 2559 612 614 615
1817 4 2 2 2 61 2543 2573 647
1818 4 2 2 2 2560 77 606 78
1819 4 2 2 2 2575 2560 78 537
1820 4 2 2 2 606 607 2560 552
1821 4 2 2 2 2580 646 67 2561
1822 4 2 2 2 2580 646 2561 621
1823 4 2 2 2 679 621 2580 2561
1824 4 2 2 2 646 621 619 2561
1825 4 2 2 2 621 679 619 2561
1826 4 2 2 2 641 2562 654 622
1827 4 2 2 2 2562 654 622 656
1828 4 2 2 2 2562 642 654 656
1829 4 2 2 2 2583 641 674 2562
1830 4 2 2 2 2583 641 2562 654
1831 4 2 2 2 2580 68 67 655
1832 4 2 2 2 655 657 679 2563
1833 4 2 2 2 671 607 2552 572
1834 4 2 2 2 679 668 2580 2563
1835 4 2 2 2 653 2564 604 525
1836 4 2 2 2 2564 583 653 604
1837 4 2 2 2 2564 65 604 525
1838 4 2 2 2 2583 65 654 2564
1839 4 2 2 2 2564 2550 63 64
1840 4 2 2 2 534 2564 63 604
1841 4 2 2 2 604 534 2564 583
1842 4 2 2 2 564 2593 73 2565
1843 4 2 2 2 73 564 2565 560
1844 4 2 2 2 564 2565 560 631
1845 4 2 2 2 2565 564 2593 631
1846 4 2 2 2 73 521 554 2566
1847 4 2 2 2 2566 554 651 521
1848 4 2 2 2 683 2548 2545 637
1849 4 2 2 2 577 643 2553 2551
1850 4 2 2 2 595 2543 597 596
1851 4 2 2 2 595 529 597 2567
1852 4 2 2 2 595 2543 596 587
1853 4 2 2 2 647 529 2567 597
1854 4 2 2 2 2567 647 597 2543
1855 4 2 2 2 563 2591 2568 74
1856 4 2 2 2 629 2568 563 639
1857 4 2 2 2 2547 629 639 2568
1858 4 2 2 2 2547 559 2568 639
1859 4 2 2 2 2568 2591 563 559
1860 4 2 2 2 2542 79 638 531
1861 4 2 2 2 2575 84 531 2542
1862 4 2 2 2 2587 584 581 586
1863 4 2 2 2 553 2569 677 673
1864 4 2 2 2 2569 553 536 673
1865 4 2 2 2 2550 2587 2564 63
1866 4 2 2 2 2570 2543 62 587
1867 4 2 2 2 2546 61 2570 586
1868 4 2 2 2 2570 2546 586 675
1869 4 2 2 2 586 581 2570 675
1870 4 2 2 2 649 2586 549 71
1871 4 2 2 2 2560 528 607 606
1872 4 2 2 2 607 528 2560 2552
1873 4 2 2 2 2548 60 2585 590
1874 4 2 2 2 2574 546 2591 562
1875 4 2 2 2 2585 636 2548 524
1876 4 2 2 2 2585 636 524 603
1877 4 2 2 2 2549 650 585 589
1878 4 2 2 2 2574 546 538 2591
1879 4 2 2 2 660 526 650 2549
1880 4 2 2 2 650 2541 2549 585
1881 4 2 2 2 2549 2541 650 660
1882 4 2 2 2 546 559 2591 562
1883 4 2 2 2 2553 2571 638 531
1884 4 2 2 2 578 2571 80 638
1885 4 2 2 2 638 2571 605 578
1886 4 2 2 2 2553 2571 605 638
1887 4 2 2 2 638 2542 531 2571
1888 4 2 2 2 2571 80 685 2584
1889 4 2 2 2 2554 623 557 669
1890 4 2 2 2 647 2573 61 648
1891 4 2 2 2 2554 557 2590 556
1892 4 2 2 2 2590 623 2554 69
1893 4 2 2 2 2590 623 69 624
1894 4 2 2 2 556 2590 661 625
1895 4 2 2 2 2572 575 570 630
1896 4 2 2 2 2572 575 630 640
1897 4 2 2 2 640 76 75 2572
1898 4 2 2 2 640 2572 2547 630
1899 4 2 2 2 75 640 2572 2547
1900 4 2 2 2 526 2573 2549 652
1901 4 2 2 2 2573 526 601 652
1902 4 2 2 2 589 2573 602 652
1903 4 2 2 2 2558 2577 592 566
1904 4 2 2 2 2549 2573 589 652
1905 4 2 2 2 2555 633 549 72
1906 4 2 2 2 548 540 530 2556
1907 4 2 2 2 527 2586 2555 634
1908 4 2 2 2 569 2572 570 568
1909 4 2 2 2 623 2557 612 670
1910 4 2 2 2 670 2557 612 613
1911 4 2 2 2 623 669 2557 670
1912 4 2 2 2 556 661 2590 626
1913 4 2 2 2 662 2565 561 2589
1914 4 2 2 2 579 75 76 2574
1915 4 2 2 2 579 608 609 2574
1916 4 2 2 2 2574 2552 76 579
1917 4 2 2 2 579 538 2574 609
1918 4 2 2 2 579 2574 538 75
1919 4 2 2 2 2574 608 2552 579
1920 4 2 2 2 662 2589 2556 72
1921 4 2 2 2 662 2556 2589 542
1922 4 2 2 2 548 543 540 2556
1923 4 2 2 2 2556 72 548 543
1924 4 2 2 2 542 662 561 2589
1925 4 2 2 2 2575 606 610 78
1926 4 2 2 2 662 73 2565 2589
1927 4 2 2 2 610 2575 536 552
1928 4 2 2 2 2575 606 78 2560
1929 4 2 2 2 565 658 2565 561
1930 4 2 2 2 635 2565 658 561
1931 4 2 2 2 561 635 2565 662
1932 4 2 2 2 2589 2565 561 560
1933 4 2 2 2 662 72 73 2589
1934 4 2 2 2 684 2577 55 2541
1935 4 2 2 2 2541 592 682 2577
1936 4 2 2 2 2561 2588 66 645
1937 4 2 2 2 2561 619 2588 645
1938 4 2 2 2 684 55 54 2541
1939 4 2 2 2 646 66 67 2561
1940 4 2 2 2 2576 67 616 68
1941 4 2 2 2 2568 2591 75 74
1942 4 2 2 2 2561 619 646 2588
1943 4 2 2 2 2561 646 66 2588
1944 4 2 2 2 2576 611 616 614
1945 4 2 2 2 2576 611 614 2559
1946 4 2 2 2 2541 592 2577 585
1947 4 2 2 2 585 2577 2541 582
1948 4 2 2 2 56 2577 684 682
1949 4 2 2 2 2541 2577 55 582
1950 4 2 2 2 55 56 2577 684
1951 4 2 2 2 620 64 65 2578
1952 4 2 2 2 2578 2588 620 619
1953 4 2 2 2 535 2588 645 65
1954 4 2 2 2 618 620 619 2578
1955 4 2 2 2 2578 665 618 620
1956 4 2 2 2 2578 665 620 64
1957 4 2 2 2 2552 532 76 77
1958 4 2 2 2 607 608 2552 572
1959 4 2 2 2 620 646 619 2588
1960 4 2 2 2 671 2552 77 571
1961 4 2 2 2 2588 622 66 65
1962 4 2 2 2 2544 74 544 2579
1963 4 2 2 2 544 74 658 2579
1964 4 2 2 2 2579 658 544 547
1965 4 2 2 2 651 539 544 2579
1966 4 2 2 2 544 651 2579 547
1967 4 2 2 2 539 2544 544 2579
1968 4 2 2 2 2563 68 655 624
1969 4 2 2 2 2588 622 65 620
1970 4 2 2 2 661 625 2563 523
1971 4 2 2 2 2563 69 2590 661
1972 4 2 2 2 661 2590 2563 625
1973 4 2 2 2 614 672 2576 541
1974 4 2 2 2 2580 68 655 2563
1975 4 2 2 2 655 679 2580 2563
1976 4 2 2 2 2580 567 668 679
1977 4 2 2 2 2580 567 679 2561
1978 4 2 2 2 683 58 57 2581
1979 4 2 2 2 682 2581 637 683
1980 4 2 2 2 2581 682 57 683
1981 4 2 2 2 683 2581 637 2545
1982 4 2 2 2 2581 683 58 2545
1983 4 2 2 2 72 73 2582 633
1984 4 2 2 2 555 632 2582 633
1985 4 2 2 2 2582 547 633 73
1986 4 2 2 2 2582 547 73 2566
1987 4 2 2 2 2555 2582 632 633
1988 4 2 2 2 2555 2582 633 72
1989 4 2 2 2 2583 65 2564 525
1990 4 2 2 2 654 2583 2564 593
1991 4 2 2 2 654 2583 593 642
1992 4 2 2 2 2583 65 525 641
1993 4 2 2 2 642 654 2583 2562
1994 4 2 2 2 614 672 616 2576
1995 4 2 2 2 2551 78 576 532
1996 4 2 2 2 574 2551 576 532
1997 4 2 2 2 672 2562 2576 541
1998 4 2 2 2 2541 590 592 585
1999 4 2 2 2 592 2577 585 566
2000 4 2 2 2 592 2577 2558 682
2001 4 2 2 2 545 612 2559 2557
2002 4 2 2 2 651 547 2566 2579
2003 4 2 2 2 674 642 2583 2562
2004 4 2 2 2 2580 68 2563 668
2005 4 2 2 2 62 2587 63 534
2006 4 2 2 2 62 2587 534 2570
2007 4 2 2 2 2567 595 594 587
2008 4 2 2 2 2550 2587 63 2567
2009 4 2 2 2 2567 2550 594 595
2010 4 2 2 2 655 2576 67 622
2011 4 2 2 2 2593 2568 74 628
2012 4 2 2 2 2593 2568 663 564
2013 4 2 2 2 663 2568 628 629
2014 4 2 2 2 82 2571 685 2584
2015 4 2 2 2 2547 2591 2568 559
2016 4 2 2 2 2584 4 664 80
2017 4 2 2 2 80 4 2594 2584
2018 4 2 2 2 685 81 82 2584
2019 4 2 2 2 2571 80 638 2542
2020 4 2 2 2 2585 60 636 603
2021 4 2 2 2 2585 603 524 600
2022 4 2 2 2 600 676 2585 2546
2023 4 2 2 2 2548 60 590 3
2024 4 2 2 2 2585 61 598 60
2025 4 2 2 2 2575 80 79 610
2026 4 2 2 2 80 2575 553 610
2027 4 2 2 2 553 610 2575 536
2028 4 2 2 2 2575 79 78 610
2029 4 2 2 2 672 2562 622 2576
2030 4 2 2 2 2556 548 72 71
2031 4 2 2 2 2586 680 549 634
2032 4 2 2 2 2586 549 71 2555
2033 4 2 2 2 680 649 2586 2557
2034 4 2 2 3 709 700 706 2595
2035 4 2 2 3 831 767 91 803
2036 4 2 2 3 2605 91 803 831
2037 4 2 2 3 2597 767 831 734
2038 4 2 2 3 767 838 91 803
2039 4 2 2 3 2602 2632 812 726
2040 4 2 2 3 700 2595 2621 706
2041 4 2 2 3 2615 732 812 726
2042 4 2 2 3 762 761 2598 827
2043 4 2 2 3 2624 781 824 816
2044 4 2 2 3 2602 2632 726 711
2045 4 2 2 3 2625 2615 811 726
2046 4 2 2 3 2605 2597 91 831
2047 4 2 2 3 815 824 687 703
2048 4 2 2 3 2602 2632 711 800
2049 4 2 2 3 2625 2615 821 811
2050 4 2 2 3 2609 91 838 803
2051 4 2 2 3 2605 831 803 765
2052 4 2 2 3 2605 2597 831 796
2053 4 2 2 3 2597 767 734 2601
2054 4 2 2 3 99 2613 100 837
2055 4 2 2 3 795 2595 2628 810
2056 4 2 2 3 811 726 728 2625
2057 4 2 2 3 733 2600 813 747
2058 4 2 2 3 796 2600 813 733
2059 4 2 2 3 2606 793 798 783
2060 4 2 2 3 2620 703 770 824
2061 4 2 2 3 2617 91 839 2601
2062 4 2 2 3 821 728 811 805
2063 4 2 2 3 762 786 723 827
2064 4 2 2 3 2617 91 2601 767
2065 4 2 2 3 2632 800 812 686
2066 4 2 2 3 748 696 91 2597
2067 4 2 2 3 824 703 770 715
2068 4 2 2 3 2625 728 811 821
2069 4 2 2 3 770 2624 824 715
2070 4 2 2 3 2608 749 2616 707
2071 4 2 2 3 796 2600 733 805
2072 4 2 2 3 821 733 728 805
2073 4 2 2 3 696 2597 748 806
2074 4 2 2 3 2597 796 813 734
2075 4 2 2 3 709 810 2628 2595
2076 4 2 2 3 2644 811 805 821
2077 4 2 2 3 687 824 2624 715
2078 4 2 2 3 110 2598 761 2622
2079 4 2 2 3 2605 831 765 796
2080 4 2 2 3 2631 2641 781 770
2081 4 2 2 3 2602 726 727 711
2082 4 2 2 3 696 2597 806 828
2083 4 2 2 3 2646 712 2640 836
2084 4 2 2 3 700 2621 808 706
2085 4 2 2 3 2623 2599 108 694
2086 4 2 2 3 2644 2597 2605 796
2087 4 2 2 3 2644 2597 796 805
2088 4 2 2 3 2628 786 795 723
2089 4 2 2 3 798 2606 2635 740
2090 4 2 2 3 813 2600 2597 747
2091 4 2 2 3 2625 727 2602 726
2092 4 2 2 3 2644 748 759 2605
2093 4 2 2 3 2603 2616 693 749
2094 4 2 2 3 803 767 2626 722
2095 4 2 2 3 100 788 2613 2648
2096 4 2 2 3 736 737 2636 705
2097 4 2 2 3 2611 2643 2630 771
2098 4 2 2 3 796 2600 805 2597
2099 4 2 2 3 2632 711 2646 697
2100 4 2 2 3 2616 114 693 113
2101 4 2 2 3 100 2613 788 837
2102 4 2 2 3 2616 114 113 840
2103 4 2 2 3 717 2603 2618 2629
2104 4 2 2 3 728 2625 733 821
2105 4 2 2 3 2631 2641 770 716
2106 4 2 2 3 787 2632 2615 812
2107 4 2 2 3 101 2648 788 100
2108 4 2 2 3 2639 818 693 764
2109 4 2 2 3 2601 90 91 839
2110 4 2 2 3 798 2635 718 740
2111 4 2 2 3 2605 91 748 92
2112 4 2 2 3 687 107 2599 2624
2113 4 2 2 3 2600 728 733 805
2114 4 2 2 3 687 2599 700 703
2115 4 2 2 3 2623 2599 694 700
2116 4 2 2 3 715 770 2624 716
2117 4 2 2 3 722 2617 767 2626
2118 4 2 2 3 799 106 2647 2641
2119 4 2 2 3 713 2648 2645 101
2120 4 2 2 3 2603 2616 749 2618
2121 4 2 2 3 728 729 2600 2625
2122 4 2 2 3 722 2617 2626 88
2123 4 2 2 3 770 772 2631 716
2124 4 2 2 3 2640 783 798 793
2125 4 2 2 3 708 2608 693 818
2126 4 2 2 3 716 772 2631 774
2127 4 2 2 3 772 2631 822 770
2128 4 2 2 3 91 90 2601 696
2129 4 2 2 3 2608 749 707 708
2130 4 2 2 3 93 92 2609 2605
2131 4 2 2 3 715 687 2599 2624
2132 4 2 2 3 703 808 2620 778
2133 4 2 2 3 712 2640 836 804
2134 4 2 2 3 708 2608 818 723
2135 4 2 2 3 795 2595 810 791
2136 4 2 2 3 2620 822 2631 770
2137 4 2 2 3 693 764 114 2603
2138 4 2 2 3 2627 818 764 801
2139 4 2 2 3 2649 719 718 783
2140 4 2 2 3 2640 783 793 699
2141 4 2 2 3 95 759 2644 701
2142 4 2 2 3 2595 790 791 795
2143 4 2 2 3 2646 711 836 697
2144 4 2 2 3 92 2605 93 759
2145 4 2 2 3 708 2608 723 707
2146 4 2 2 3 2645 785 689 2648
2147 4 2 2 3 700 815 687 703
2148 4 2 2 3 2627 818 801 2607
2149 4 2 2 3 2632 711 697 726
2150 4 2 2 3 2626 832 803 722
2151 4 2 2 3 2639 749 708 768
2152 4 2 2 3 790 2599 700 687
2153 4 2 2 3 2603 115 720 114
2154 4 2 2 3 764 802 2627 801
2155 4 2 2 3 825 2648 713 794
2156 4 2 2 3 2640 718 804 798
2157 4 2 2 3 2639 818 764 2627
2158 4 2 2 3 92 2605 759 748
2159 4 2 2 3 740 798 2606 745
2160 4 2 2 3 2609 91 803 2605
2161 4 2 2 3 2607 2628 762 763
2162 4 2 2 3 750 2618 717 749
2163 4 2 2 3 721 2617 767 766
2164 4 2 2 3 2625 727 726 728
2165 4 2 2 3 2646 712 836 711
2166 4 2 2 3 2627 818 2607 708
2167 4 2 2 3 723 2628 762 2607
2168 4 2 2 3 2614 772 774 2631
2169 4 2 2 3 790 2621 2595 791
2170 4 2 2 3 749 725 724 2633
2171 4 2 2 3 2628 786 723 762
2172 4 2 2 3 700 2621 703 808
2173 4 2 2 3 2603 2629 717 115
2174 4 2 2 3 712 2640 798 793
2175 4 2 2 3 2641 2614 781 780
2176 4 2 2 3 790 2599 687 108
2177 4 2 2 3 764 802 835 2627
2178 4 2 2 3 815 790 700 687
2179 4 2 2 3 2645 737 789 2619
2180 4 2 2 3 733 728 2600 2625
2181 4 2 2 3 2640 2649 718 783
2182 4 2 2 3 707 2608 691 111
2183 4 2 2 3 703 2621 700 815
2184 4 2 2 3 703 2621 2620 808
2185 4 2 2 3 764 720 114 2603
2186 4 2 2 3 2614 780 774 797
2187 4 2 2 3 2620 2621 703 815
2188 4 2 2 3 803 93 2609 2605
2189 4 2 2 3 2622 111 691 2608
2190 4 2 2 3 790 2621 791 815
2191 4 2 2 3 740 2635 718 719
2192 4 2 2 3 2638 755 2604 713
2193 4 2 2 3 2640 2649 783 699
2194 4 2 2 3 2622 761 110 743
2195 4 2 2 3 738 2610 2630 736
2196 4 2 2 3 690 2611 797 773
2197 4 2 2 3 820 779 2611 739
2198 4 2 2 3 2638 755 713 741
2199 4 2 2 3 2596 799 780 797
2200 4 2 2 3 712 744 2612 745
2201 4 2 2 3 790 2621 815 700
2202 4 2 2 3 2610 738 737 736
2203 4 2 2 3 2598 109 110 761
2204 4 2 2 3 2614 780 797 773
2205 4 2 2 3 2606 740 745 826
2206 4 2 2 3 2641 799 716 774
2207 4 2 2 3 780 797 799 774
2208 4 2 2 3 687 107 108 2599
2209 4 2 2 3 2640 2649 699 2637
2210 4 2 2 3 785 2645 817 756
2211 4 2 2 3 2603 841 115 114
2212 4 2 2 3 2640 793 807 699
2213 4 2 2 3 99 98 713 2613
2214 4 2 2 3 737 2619 756 753
2215 4 2 2 3 2614 772 2631 776
2216 4 2 2 3 2631 2620 781 776
2217 4 2 2 3 752 751 2610 738
2218 4 2 2 3 2610 2636 737 753
2219 4 2 2 3 2644 805 796 821
2220 4 2 2 3 2620 2621 809 808
2221 4 2 2 3 2625 731 2602 727
2222 4 2 2 3 2645 737 2619 756
2223 4 2 2 3 695 756 758 2619
2224 4 2 2 3 2638 753 2610 737
2225 4 2 2 3 2644 811 821 2615
2226 4 2 2 3 822 776 2631 772
2227 4 2 2 3 2635 740 742 719
2228 4 2 2 3 773 776 819 2614
2229 4 2 2 3 787 2632 812 686
2230 4 2 2 3 2643 739 736 735
2231 4 2 2 3 5 93 92 2609
2232 4 2 2 3 113 6 2616 840
2233 4 2 2 3 2643 797 735 704
2234 4 2 2 3 725 6 118 2633
2235 4 2 2 3 777 779 2611 820
2236 4 2 2 3 108 109 2623 694
2237 4 2 2 3 118 724 725 2633
2238 4 2 2 3 722 2617 88 766
2239 4 2 2 3 2596 799 797 704
2240 4 2 2 3 773 776 2614 781
2241 4 2 2 3 722 2617 766 767
2242 4 2 2 3 2597 828 747 806
2243 4 2 2 3 2609 92 5 838
2244 4 2 2 3 828 833 696 2597
2245 4 2 2 3 2630 2643 739 736
2246 4 2 2 3 113 6 112 2616
2247 4 2 2 3 741 713 2638 737
2248 4 2 2 3 784 2634 755 826
2249 4 2 2 3 690 2611 773 771
2250 4 2 2 3 2604 755 754 784
2251 4 2 2 3 2636 735 2643 736
2252 4 2 2 3 2638 754 741 751
2253 4 2 2 3 2633 117 724 2618
2254 4 2 2 3 2620 781 776 814
2255 4 2 2 3 2604 2634 755 784
2256 4 2 2 3 2614 780 773 781
2257 4 2 2 3 721 89 90 2601
2258 4 2 2 3 2636 2630 757 753
2259 4 2 2 3 2635 2642 783 719
2260 4 2 2 3 2617 721 89 766
2261 4 2 2 3 2631 2620 770 781
2262 4 2 2 3 753 695 757 2636
2263 4 2 2 3 2626 88 87 722
2264 4 2 2 3 760 2634 785 784
2265 4 2 2 3 690 773 797 780
2266 4 2 2 3 707 111 112 2608
2267 4 2 2 3 729 747 2600 733
2268 4 2 2 3 764 835 720 2639
2269 4 2 2 3 719 760 742 2642
2270 4 2 2 3 5 87 832 2626
2271 4 2 2 3 2610 741 2638 737
2272 4 2 2 3 87 832 2626 722
2273 4 2 2 3 2630 779 738 736
2274 4 2 2 3 740 2606 2635 826
2275 4 2 2 3 2617 89 88 766
2276 4 2 2 3 773 819 2611 2614
2277 4 2 2 3 759 93 94 2605
2278 4 2 2 3 2611 771 777 773
2279 4 2 2 3 2618 116 117 750
2280 4 2 2 3 2634 760 742 784
2281 4 2 2 3 799 105 2596 2647
2282 4 2 2 3 2614 2611 773 797
2283 4 2 2 3 825 755 713 2604
2284 4 2 2 3 2649 719 783 794
2285 4 2 2 3 699 97 807 2640
2286 4 2 2 3 2645 689 785 817
2287 4 2 2 3 2611 777 819 773
2288 4 2 2 3 742 2634 784 826
2289 4 2 2 3 757 695 103 2636
2290 4 2 2 3 783 794 699 2649
2291 4 2 2 3 799 2596 105 704
2292 4 2 2 3 715 2624 106 716
2293 4 2 2 3 95 2615 701 2644
2294 4 2 2 3 116 2618 717 750
2295 4 2 2 3 2596 797 780 690
2296 4 2 2 3 106 107 2624 715
2297 4 2 2 3 2635 2642 719 742
2298 4 2 2 3 2641 799 106 716
2299 4 2 2 3 2636 735 736 705
2300 4 2 2 3 2637 97 710 98
2301 4 2 2 3 742 740 2635 826
2302 4 2 2 3 825 2648 794 760
2303 4 2 2 3 2613 837 99 714
2304 4 2 2 3 825 2648 760 785
2305 4 2 2 3 738 741 2610 737
2306 4 2 2 3 2645 102 758 2619
2307 4 2 2 3 2629 115 116 717
2308 4 2 2 3 730 95 96 2615
2309 4 2 2 3 2642 794 825 783
2310 4 2 2 3 2643 103 104 735
2311 4 2 2 3 719 794 714 788
2312 4 2 2 3 2648 760 785 689
2313 4 2 2 3 2642 794 783 719
2314 4 2 2 3 2613 788 837 714
2315 4 2 2 3 825 2648 785 713
2316 4 2 2 3 719 760 794 788
2317 4 2 2 3 106 105 799 2647
2318 4 2 2 3 2648 760 689 788
2319 4 2 2 3 97 2637 794 98
2320 4 2 2 3 105 2596 104 704
2321 4 2 2 3 687 703 715 2599
2322 4 2 2 3 715 703 687 824
2323 4 2 2 3 824 781 770 2620
2324 4 2 2 3 2596 2647 106 780
2325 4 2 2 3 690 2611 771 2643
2326 4 2 2 3 735 2643 704 104
2327 4 2 2 3 2615 732 821 812
2328 4 2 2 3 2615 726 812 2632
2329 4 2 2 3 106 780 2647 2641
2330 4 2 2 3 2597 91 2601 696
2331 4 2 2 3 2597 831 796 734
2332 4 2 2 3 805 748 2597 806
2333 4 2 2 3 2628 786 762 702
2334 4 2 2 3 762 702 2598 761
2335 4 2 2 3 790 702 786 795
2336 4 2 2 3 796 821 805 733
2337 4 2 2 3 95 2615 2644 692
2338 4 2 2 3 2644 811 2615 701
2339 4 2 2 3 821 2644 2615 692
2340 4 2 2 3 794 714 2637 2649
2341 4 2 2 3 2618 2616 840 114
2342 4 2 2 3 2596 799 2647 780
2343 4 2 2 3 796 2644 821 692
2344 4 2 2 3 2644 811 701 805
2345 4 2 2 3 2632 800 686 807
2346 4 2 2 3 2646 800 2632 807
2347 4 2 2 3 2606 793 783 792
2348 4 2 2 3 2612 798 793 712
2349 4 2 2 3 2612 798 712 745
2350 4 2 2 3 745 798 2606 2612
2351 4 2 2 3 2622 818 2608 723
2352 4 2 2 3 2622 818 723 827
2353 4 2 2 3 2622 111 2608 743
2354 4 2 2 3 2595 790 795 702
2355 4 2 2 3 702 700 2623 694
2356 4 2 2 3 2618 724 749 750
2357 4 2 2 3 2618 724 750 117
2358 4 2 2 3 712 711 2612 744
2359 4 2 2 3 2628 786 702 795
2360 4 2 2 3 702 762 2628 709
2361 4 2 2 3 2611 2630 779 834
2362 4 2 2 3 2630 739 779 736
2363 4 2 2 3 2610 2636 753 2630
2364 4 2 2 3 2611 2630 739 779
2365 4 2 2 3 785 2645 756 713
2366 4 2 2 3 97 807 2646 2632
2367 4 2 2 3 113 2616 830 693
2368 4 2 2 3 2620 703 778 770
2369 4 2 2 3 2595 790 702 700
2370 4 2 2 3 795 2595 702 2628
2371 4 2 2 3 2595 702 709 700
2372 4 2 2 3 790 2621 700 2595
2373 4 2 2 3 2628 762 763 709
2374 4 2 2 3 2643 757 103 2636
2375 4 2 2 3 2643 739 735 797
2376 4 2 2 3 690 2611 2643 797
2377 4 2 2 3 2636 2630 736 2643
2378 4 2 2 3 757 103 104 2643
2379 4 2 2 3 778 809 2620 814
2380 4 2 2 3 778 2620 809 808
2381 4 2 2 3 737 2619 753 2636
2382 4 2 2 3 737 705 2619 2636
2383 4 2 2 3 2607 818 801 762
2384 4 2 2 3 762 723 818 827
2385 4 2 2 3 798 2640 712 804
2386 4 2 2 3 2640 783 718 798
2387 4 2 2 3 2639 818 2627 708
2388 4 2 2 3 2627 764 2639 835
2389 4 2 2 3 2620 822 770 778
2390 4 2 2 3 778 2620 776 814
2391 4 2 2 3 701 730 2615 95
2392 4 2 2 3 701 2615 730 811
2393 4 2 2 3 2649 719 714 718
2394 4 2 2 3 2648 689 2645 101
2395 4 2 2 3 2645 102 2619 789
2396 4 2 2 3 2637 718 714 698
2397 4 2 2 3 698 2637 710 98
2398 4 2 2 3 697 710 2646 97
2399 4 2 2 3 697 2646 710 836
2400 4 2 2 3 2648 760 788 794
2401 4 2 2 3 101 713 2648 100
2402 4 2 2 3 101 788 2648 689
2403 4 2 2 3 697 97 2646 2632
2404 4 2 2 3 2632 97 807 96
2405 4 2 2 3 737 2619 705 789
2406 4 2 2 3 686 2632 807 96
2407 4 2 2 3 2636 735 103 2643
2408 4 2 2 3 698 2637 98 99
2409 4 2 2 3 2636 2630 2643 757
2410 4 2 2 3 2613 98 2637 99
2411 4 2 2 3 782 802 2607 769
2412 4 2 2 3 782 2607 802 763
2413 4 2 2 3 708 782 2607 769
2414 4 2 2 3 708 2607 782 723
2415 4 2 2 3 2608 749 708 693
2416 4 2 2 3 723 2608 691 707
2417 4 2 2 3 2646 2612 800 793
2418 4 2 2 3 793 2612 800 746
2419 4 2 2 3 95 2644 94 692
2420 4 2 2 3 2619 103 758 695
2421 4 2 2 3 2619 103 695 2636
2422 4 2 2 3 2619 103 705 102
2423 4 2 2 3 2619 103 102 758
2424 4 2 2 3 2603 2618 2629 841
2425 4 2 2 3 2646 800 807 793
2426 4 2 2 3 94 2644 95 759
2427 4 2 2 3 794 2613 2648 713
2428 4 2 2 3 2613 788 714 794
2429 4 2 2 3 2648 2613 100 713
2430 4 2 2 3 804 2637 698 718
2431 4 2 2 3 2598 2623 702 786
2432 4 2 2 3 702 694 2598 761
2433 4 2 2 3 2598 2623 786 109
2434 4 2 2 3 109 2598 694 761
2435 4 2 2 3 786 691 2622 110
2436 4 2 2 3 2622 723 2608 691
2437 4 2 2 3 744 2602 711 2612
2438 4 2 2 3 746 2602 744 2612
2439 4 2 2 3 765 2644 94 2605
2440 4 2 2 3 2605 2644 94 759
2441 4 2 2 3 2646 2612 793 712
2442 4 2 2 3 2646 2612 712 711
2443 4 2 2 3 789 2645 101 713
2444 4 2 2 3 785 2645 713 2648
2445 4 2 2 3 2644 2597 805 748
2446 4 2 2 3 2644 805 701 748
2447 4 2 2 3 765 2644 2605 796
2448 4 2 2 3 2644 748 701 759
2449 4 2 2 3 709 2595 706 829
2450 4 2 2 3 2621 829 706 2595
2451 4 2 2 3 2621 829 2595 791
2452 4 2 2 3 2595 829 810 791
2453 4 2 2 3 810 829 2595 709
2454 4 2 2 3 2596 105 757 106
2455 4 2 2 3 2596 797 690 2643
2456 4 2 2 3 2596 105 106 2647
2457 4 2 2 3 707 2616 2608 112
2458 4 2 2 3 2597 2600 806 747
2459 4 2 2 3 2644 2597 748 2605
2460 4 2 2 3 813 828 2597 734
2461 4 2 2 3 813 828 747 2597
2462 4 2 2 3 796 2600 2597 813
2463 4 2 2 3 762 2598 786 827
2464 4 2 2 3 110 786 2598 2622
2465 4 2 2 3 786 109 110 2598
2466 4 2 2 3 762 702 786 2598
2467 4 2 2 3 2598 2623 109 694
2468 4 2 2 3 2598 2623 694 702
2469 4 2 2 3 688 108 2599 694
2470 4 2 2 3 2599 688 700 703
2471 4 2 2 3 688 2599 107 715
2472 4 2 2 3 700 688 2599 694
2473 4 2 2 3 2599 107 108 688
2474 4 2 2 3 2599 703 715 688
2475 4 2 2 3 806 2600 2597 805
2476 4 2 2 3 823 728 2600 805
2477 4 2 2 3 729 823 728 2600
2478 4 2 2 3 729 747 823 2600
2479 4 2 2 3 833 90 2601 721
2480 4 2 2 3 2601 90 833 696
2481 4 2 2 3 734 833 2601 721
2482 4 2 2 3 2597 2601 833 696
2483 4 2 2 3 2602 726 812 732
2484 4 2 2 3 690 771 757 2643
2485 4 2 2 3 2625 727 728 729
2486 4 2 2 3 2602 732 812 800
2487 4 2 2 3 2625 731 727 729
2488 4 2 2 3 2625 731 729 732
2489 4 2 2 3 2639 749 768 2603
2490 4 2 2 3 693 764 2603 2639
2491 4 2 2 3 768 115 720 2603
2492 4 2 2 3 717 2603 768 749
2493 4 2 2 3 764 720 2603 2639
2494 4 2 2 3 768 115 2603 717
2495 4 2 2 3 756 2604 754 785
2496 4 2 2 3 785 2604 754 784
2497 4 2 2 3 785 2634 2604 784
2498 4 2 2 3 825 2604 713 785
2499 4 2 2 3 756 785 713 2604
2500 4 2 2 3 2605 2597 748 91
2501 4 2 2 3 765 2605 93 803
2502 4 2 2 3 2605 93 94 765
2503 4 2 2 3 765 2644 796 692
2504 4 2 2 3 2609 91 92 838
2505 4 2 2 3 765 2644 692 94
2506 4 2 2 3 2606 793 792 2612
2507 4 2 2 3 792 745 2606 2612
2508 4 2 2 3 792 2606 745 826
2509 4 2 2 3 2606 792 783 826
2510 4 2 2 3 801 2607 762 763
2511 4 2 2 3 2607 818 762 723
2512 4 2 2 3 2627 2607 801 802
2513 4 2 2 3 2607 801 802 763
2514 4 2 2 3 2627 2607 802 769
2515 4 2 2 3 2607 818 723 708
2516 4 2 2 3 2608 830 818 743
2517 4 2 2 3 111 830 2608 743
2518 4 2 2 3 2622 111 743 110
2519 4 2 2 3 2622 818 827 743
2520 4 2 2 3 2622 111 110 691
2521 4 2 2 3 2626 832 2609 803
2522 4 2 2 3 93 2609 832 803
2523 4 2 2 3 5 93 2609 832
2524 4 2 2 3 832 2609 5 2626
2525 4 2 2 3 2610 2636 2630 736
2526 4 2 2 3 2610 2636 736 737
2527 4 2 2 3 2640 97 807 2646
2528 4 2 2 3 752 751 753 2610
2529 4 2 2 3 2611 2630 834 771
2530 4 2 2 3 2611 2643 797 739
2531 4 2 2 3 771 777 834 2611
2532 4 2 2 3 777 779 834 2611
2533 4 2 2 3 2612 744 746 745
2534 4 2 2 3 746 2612 792 793
2535 4 2 2 3 746 792 2612 745
2536 4 2 2 3 2608 749 693 2616
2537 4 2 2 3 2608 2616 830 112
2538 4 2 2 3 2613 98 713 794
2539 4 2 2 3 2613 788 794 2648
2540 4 2 2 3 794 98 2637 2613
2541 4 2 2 3 100 2613 99 713
2542 4 2 2 3 2614 772 776 775
2543 4 2 2 3 2614 776 819 775
2544 4 2 2 3 2614 772 775 774
2545 4 2 2 3 797 2614 775 774
2546 4 2 2 3 2614 819 820 775
2547 4 2 2 3 775 820 2614 797
2548 4 2 2 3 787 2632 686 96
2549 4 2 2 3 787 2632 96 2615
2550 4 2 2 3 2615 95 96 787
2551 4 2 2 3 2636 735 705 103
2552 4 2 2 3 2630 2643 757 771
2553 4 2 2 3 2642 825 2634 826
2554 4 2 2 3 749 2616 725 2633
2555 4 2 2 3 2616 6 725 2633
2556 4 2 2 3 2616 6 112 725
2557 4 2 2 3 749 2616 707 725
2558 4 2 2 3 112 707 2616 725
2559 4 2 2 3 2617 91 767 838
2560 4 2 2 3 721 2601 767 2617
2561 4 2 2 3 839 88 838 2617
2562 4 2 2 3 2601 721 89 2617
2563 4 2 2 3 839 89 88 2617
2564 4 2 2 3 717 2618 2603 749
2565 4 2 2 3 117 841 2618 840
2566 4 2 2 3 841 116 117 2618
2567 4 2 2 3 116 2629 717 2618
2568 4 2 2 3 2603 2616 2618 114
2569 4 2 2 3 2619 753 2636 695
2570 4 2 2 3 2645 102 789 101
2571 4 2 2 3 2645 737 756 713
2572 4 2 2 3 2619 753 695 756
2573 4 2 2 3 789 2619 705 102
2574 4 2 2 3 2645 737 713 789
2575 4 2 2 3 703 815 824 2620
2576 4 2 2 3 809 2621 2620 815
2577 4 2 2 3 815 781 2620 814
2578 4 2 2 3 815 2620 781 824
2579 4 2 2 3 2620 809 815 814
2580 4 2 2 3 2646 793 807 2640
2581 4 2 2 3 823 2600 806 805
2582 4 2 2 3 806 2600 823 747
2583 4 2 2 3 2609 91 2605 92
2584 4 2 2 3 2606 793 2612 798
2585 4 2 2 3 2621 829 791 809
2586 4 2 2 3 2621 809 808 706
2587 4 2 2 3 2621 829 809 706
2588 4 2 2 3 2646 2612 711 800
2589 4 2 2 3 809 791 2621 815
2590 4 2 2 3 2622 2598 761 827
2591 4 2 2 3 827 761 2622 743
2592 4 2 2 3 2622 723 691 786
2593 4 2 2 3 2622 723 786 827
2594 4 2 2 3 2622 786 2598 827
2595 4 2 2 3 2622 818 743 2608
2596 4 2 2 3 790 2599 108 2623
2597 4 2 2 3 790 2599 2623 700
2598 4 2 2 3 108 109 790 2623
2599 4 2 2 3 702 700 790 2623
2600 4 2 2 3 702 786 2623 790
2601 4 2 2 3 109 2623 786 790
2602 4 2 2 3 2601 721 767 734
2603 4 2 2 3 2646 800 711 2632
2604 4 2 2 3 2646 712 793 2640
2605 4 2 2 3 756 758 2645 817
2606 4 2 2 3 2645 758 756 2619
2607 4 2 2 3 2624 781 816 2641
2608 4 2 2 3 687 824 816 2624
2609 4 2 2 3 816 107 687 2624
2610 4 2 2 3 2624 770 2641 716
2611 4 2 2 3 2624 2641 106 716
2612 4 2 2 3 106 107 816 2624
2613 4 2 2 3 2625 2615 726 732
2614 4 2 2 3 2625 2615 732 821
2615 4 2 2 3 2625 732 733 821
2616 4 2 2 3 732 729 2625 733
2617 4 2 2 3 726 2602 2625 732
2618 4 2 2 3 2625 731 732 2602
2619 4 2 2 3 803 767 838 2626
2620 4 2 2 3 2626 2617 767 838
2621 4 2 2 3 2626 2617 838 88
2622 4 2 2 3 2645 102 101 758
2623 4 2 2 3 838 88 87 2626
2624 4 2 2 3 2645 689 758 101
2625 4 2 2 3 2602 2632 800 812
2626 4 2 2 3 2602 732 800 731
2627 4 2 2 3 825 760 2642 2634
2628 4 2 2 3 2602 711 2612 800
2629 4 2 2 3 2627 2607 769 708
2630 4 2 2 3 2639 818 708 693
2631 4 2 2 3 2627 802 835 769
2632 4 2 2 3 769 768 2627 708
2633 4 2 2 3 769 2627 768 835
2634 4 2 2 3 758 689 2645 817
2635 4 2 2 3 2638 755 741 754
2636 4 2 2 3 2638 755 754 2604
2637 4 2 2 3 780 799 2647 2641
2638 4 2 2 3 810 795 782 2628
2639 4 2 2 3 2607 782 2628 763
2640 4 2 2 3 723 782 2628 2607
2641 4 2 2 3 782 795 723 2628
2642 4 2 2 3 763 2628 810 782
2643 4 2 2 3 114 2618 2603 841
2644 4 2 2 3 2603 841 2629 115
2645 4 2 2 3 841 115 116 2629
2646 4 2 2 3 2603 2616 114 693
2647 4 2 2 3 116 841 2629 2618
2648 4 2 2 3 738 2610 752 2630
2649 4 2 2 3 757 771 752 2630
2650 4 2 2 3 757 752 753 2630
2651 4 2 2 3 752 779 738 2630
2652 4 2 2 3 779 834 2630 752
2653 4 2 2 3 771 2630 834 752
2654 4 2 2 3 2610 753 752 2630
2655 4 2 2 3 780 799 2641 774
2656 4 2 2 3 693 818 2608 830
2657 4 2 2 3 2641 2614 780 774
2658 4 2 2 3 2608 111 112 830
2659 4 2 2 3 830 2616 2608 693
2660 4 2 2 3 830 2616 113 112
2661 4 2 2 3 2631 2641 716 774
2662 4 2 2 3 2641 2614 774 2631
2663 4 2 2 3 2620 822 778 776
2664 4 2 2 3 2641 2614 2631 781
2665 4 2 2 3 2614 2631 781 776
2666 4 2 2 3 2620 822 776 2631
2667 4 2 2 3 702 709 2628 2595
2668 4 2 2 3 2638 753 737 756
2669 4 2 2 3 751 741 2638 2610
2670 4 2 2 3 738 741 751 2610
2671 4 2 2 3 104 2596 2643 704
2672 4 2 2 3 2615 726 2632 730
2673 4 2 2 3 2615 726 730 811
2674 4 2 2 3 2632 726 697 730
2675 4 2 2 3 730 96 2632 2615
2676 4 2 2 3 2632 97 96 730
2677 4 2 2 3 2632 97 730 697
2678 4 2 2 3 749 2633 724 2618
2679 4 2 2 3 2633 6 118 840
2680 4 2 2 3 2633 117 2618 840
2681 4 2 2 3 2618 2616 749 2633
2682 4 2 2 3 2616 6 2633 840
2683 4 2 2 3 2634 825 755 826
2684 4 2 2 3 2604 825 755 2634
2685 4 2 2 3 760 825 785 2634
2686 4 2 2 3 2642 760 742 2634
2687 4 2 2 3 742 2642 2634 826
2688 4 2 2 3 785 825 2604 2634
2689 4 2 2 3 798 2606 783 2635
2690 4 2 2 3 798 783 718 2635
2691 4 2 2 3 2635 783 718 719
2692 4 2 2 3 2635 2642 742 826
2693 4 2 2 3 2635 2606 783 826
2694 4 2 2 3 2635 2642 826 783
2695 4 2 2 3 2643 2596 104 757
2696 4 2 2 3 2611 819 820 2614
2697 4 2 2 3 2596 797 2643 704
2698 4 2 2 3 2614 820 2611 797
2699 4 2 2 3 820 777 819 2611
2700 4 2 2 3 840 2618 114 841
2701 4 2 2 3 825 2642 783 826
2702 4 2 2 3 104 2596 105 757
2703 4 2 2 3 2619 103 2636 705
2704 4 2 2 3 2624 816 106 2641
2705 4 2 2 3 699 97 2640 2637
2706 4 2 2 3 97 699 794 2637
2707 4 2 2 3 804 2637 718 2640
2708 4 2 2 3 2640 2649 2637 718
2709 4 2 2 3 794 2649 2637 699
2710 4 2 2 3 690 2596 2643 757
2711 4 2 2 3 746 2602 2612 800
2712 4 2 2 3 690 2596 757 106
2713 4 2 2 3 690 2596 106 780
2714 4 2 2 3 95 787 2615 692
2715 4 2 2 3 2642 794 760 825
2716 4 2 2 3 821 2615 787 692
2717 4 2 2 3 2642 794 719 760
2718 4 2 2 3 2615 821 787 812
2719 4 2 2 3 797 2611 739 820
2720 4 2 2 3 2611 2643 739 2630
2721 4 2 2 3 107 715 2599 2624
2722 4 2 2 3 729 733 2600 2625
2723 4 2 2 3 2597 767 2601 91
2724 4 2 2 3 746 2602 800 731
2725 4 2 2 3 746 2602 731 744
2726 4 2 2 3 828 833 2597 734
2727 4 2 2 3 2597 767 91 831
2728 4 2 2 3 734 2601 833 2597
2729 4 2 2 3 2638 713 756 737
2730 4 2 2 3 756 754 2638 751
2731 4 2 2 3 2638 753 756 751
2732 4 2 2 3 2638 713 2604 756
2733 4 2 2 3 754 2604 756 2638
2734 4 2 2 3 2638 753 751 2610
2735 4 2 2 3 2633 117 840 118
2736 4 2 2 3 744 2602 731 727
2737 4 2 2 3 744 2602 727 711
2738 4 2 2 3 2618 2616 2633 840
2739 4 2 2 3 2633 117 118 724
2740 4 2 2 3 2601 89 90 839
2741 4 2 2 3 2617 91 838 839
2742 4 2 2 3 839 2601 89 2617
2743 4 2 2 3 794 2637 714 2613
2744 4 2 2 3 2613 2637 714 99
2745 4 2 2 3 2639 749 2603 693
2746 4 2 2 3 2639 835 720 768
2747 4 2 2 3 2627 768 2639 708
2748 4 2 2 3 2627 2639 768 835
2749 4 2 2 3 2639 749 693 708
2750 4 2 2 3 2639 720 2603 768
2751 4 2 2 3 5 87 2626 838
2752 4 2 2 3 838 2626 2609 803
2753 4 2 2 3 2626 2609 5 838
2754 4 2 2 3 698 714 2637 99
2755 4 2 2 3 810 2628 763 709
2756 4 2 2 3 2640 836 804 710
2757 4 2 2 3 2640 836 710 2646
2758 4 2 2 3 2640 97 2646 710
2759 4 2 2 3 804 2637 2640 710
2760 4 2 2 3 2640 97 710 2637
2761 4 2 2 3 804 2637 710 698
2762 4 2 2 3 2624 781 2641 770
2763 4 2 2 3 781 780 816 2641
2764 4 2 2 3 106 816 780 2641
2765 4 2 2 3 2624 781 770 824
2766 4 2 2 3 2649 719 794 714
2767 4 2 2 3 2637 718 2649 714
2768 4 2 2 4 132 953 2650 133
2769 4 2 2 4 149 981 992 877
2770 4 2 2 4 877 2658 878 875
2771 4 2 2 4 973 906 974 870
2772 4 2 2 4 973 974 906 924
2773 4 2 2 4 900 2697 2698 962
2774 4 2 2 4 2664 935 2681 970
2775 4 2 2 4 2687 2694 946 951
2776 4 2 2 4 911 2687 868 941
2777 4 2 2 4 992 2685 2700 981
2778 4 2 2 4 2661 2687 2694 971
2779 4 2 2 4 2674 966 959 889
2780 4 2 2 4 2693 970 940 931
2781 4 2 2 4 2658 986 878 880
2782 4 2 2 4 863 973 906 924
2783 4 2 2 4 2674 966 889 958
2784 4 2 2 4 868 2687 971 941
2785 4 2 2 4 2664 931 940 970
2786 4 2 2 4 993 149 992 877
2787 4 2 2 4 2693 922 940 985
2788 4 2 2 4 2681 946 970 935
2789 4 2 2 4 2694 946 951 845
2790 4 2 2 4 2665 2673 990 987
2791 4 2 2 4 2665 990 120 991
2792 4 2 2 4 150 2699 983 144
2793 4 2 2 4 863 960 958 966
2794 4 2 2 4 2693 922 985 2656
2795 4 2 2 4 906 870 2654 974
2796 4 2 2 4 866 2681 946 2694
2797 4 2 2 4 924 960 863 966
2798 4 2 2 4 2658 920 878 986
2799 4 2 2 4 936 866 935 946
2800 4 2 2 4 906 960 863 924
2801 4 2 2 4 973 861 906 870
2802 4 2 2 4 2674 966 958 960
2803 4 2 2 4 2664 935 970 940
2804 4 2 2 4 2674 966 960 959
2805 4 2 2 4 842 968 889 959
2806 4 2 2 4 906 855 973 863
2807 4 2 2 4 889 2683 966 959
2808 4 2 2 4 866 936 941 2687
2809 4 2 2 4 895 987 890 2678
2810 4 2 2 4 884 2692 945 968
2811 4 2 2 4 983 143 144 2699
2812 4 2 2 4 2698 962 136 137
2813 4 2 2 4 2665 2673 987 2680
2814 4 2 2 4 2663 986 887 945
2815 4 2 2 4 2693 970 931 933
2816 4 2 2 4 2674 960 961 842
2817 4 2 2 4 2674 959 960 842
2818 4 2 2 4 854 920 2663 2699
2819 4 2 2 4 884 2692 968 856
2820 4 2 2 4 2656 931 922 929
2821 4 2 2 4 866 2681 2694 843
2822 4 2 2 4 2675 986 945 887
2823 4 2 2 4 2694 866 843 971
2824 4 2 2 4 2684 922 940 931
2825 4 2 2 4 871 2698 2696 898
2826 4 2 2 4 855 906 960 863
2827 4 2 2 4 855 861 906 973
2828 4 2 2 4 2666 924 966 960
2829 4 2 2 4 940 935 2669 979
2830 4 2 2 4 2663 854 2699 983
2831 4 2 2 4 992 8 145 2700
2832 4 2 2 4 2675 986 887 2658
2833 4 2 2 4 963 906 861 870
2834 4 2 2 4 2675 882 887 884
2835 4 2 2 4 915 972 2668 916
2836 4 2 2 4 2681 2664 970 845
2837 4 2 2 4 968 842 889 856
2838 4 2 2 4 2658 887 925 854
2839 4 2 2 4 2698 900 962 977
2840 4 2 2 4 2692 848 2663 945
2841 4 2 2 4 856 889 968 884
2842 4 2 2 4 884 2692 856 887
2843 4 2 2 4 2684 922 931 929
2844 4 2 2 4 844 136 2698 2697
2845 4 2 2 4 149 148 984 2651
2846 4 2 2 4 2684 922 929 921
2847 4 2 2 4 2661 2687 971 868
2848 4 2 2 4 2651 860 2658 875
2849 4 2 2 4 2670 981 975 877
2850 4 2 2 4 958 855 960 863
2851 4 2 2 4 894 2695 2679 929
2852 4 2 2 4 2675 881 882 2652
2853 4 2 2 4 942 2687 946 950
2854 4 2 2 4 2704 964 956 853
2855 4 2 2 4 2695 847 927 127
2856 4 2 2 4 2693 933 931 932
2857 4 2 2 4 992 2685 149 150
2858 4 2 2 4 2682 859 2651 877
2859 4 2 2 4 901 2698 2697 844
2860 4 2 2 4 966 2683 889 967
2861 4 2 2 4 921 957 922 929
2862 4 2 2 4 2666 2676 960 905
2863 4 2 2 4 2696 2660 977 2698
2864 4 2 2 4 977 2698 137 962
2865 4 2 2 4 2669 935 970 946
2866 4 2 2 4 2667 861 973 870
2867 4 2 2 4 2679 857 126 2655
2868 4 2 2 4 960 906 905 2676
2869 4 2 2 4 2658 2663 986 887
2870 4 2 2 4 966 2683 2666 959
2871 4 2 2 4 908 910 2653 909
2872 4 2 2 4 974 2654 872 870
2873 4 2 2 4 2696 2660 2698 871
2874 4 2 2 4 946 936 2687 2669
2875 4 2 2 4 2653 2657 908 909
2876 4 2 2 4 2693 970 933 2669
2877 4 2 2 4 2672 2653 916 956
2878 4 2 2 4 2659 2661 2687 951
2879 4 2 2 4 869 867 868 2686
2880 4 2 2 4 2678 890 895 891
2881 4 2 2 4 881 945 968 2652
2882 4 2 2 4 866 2681 843 935
2883 4 2 2 4 861 864 963 870
2884 4 2 2 4 900 2697 962 964
2885 4 2 2 4 2696 2698 900 898
2886 4 2 2 4 957 2656 922 929
2887 4 2 2 4 842 968 2692 856
2888 4 2 2 4 960 855 2674 2689
2889 4 2 2 4 960 861 906 855
2890 4 2 2 4 971 2687 866 941
2891 4 2 2 4 2663 986 945 848
2892 4 2 2 4 900 2698 2696 977
2893 4 2 2 4 2687 2694 971 866
2894 4 2 2 4 2655 928 894 858
2895 4 2 2 4 884 2692 887 945
2896 4 2 2 4 953 2650 133 2703
2897 4 2 2 4 915 912 914 2677
2898 4 2 2 4 2667 864 861 870
2899 4 2 2 4 2696 977 963 900
2900 4 2 2 4 903 904 905 2654
2901 4 2 2 4 2659 2686 2661 949
2902 4 2 2 4 953 972 2650 2703
2903 4 2 2 4 2700 975 2670 981
2904 4 2 2 4 929 2684 2695 927
2905 4 2 2 4 134 2703 2672 851
2906 4 2 2 4 2655 928 858 895
2907 4 2 2 4 955 2653 914 909
2908 4 2 2 4 902 901 2657 908
2909 4 2 2 4 2666 2676 905 923
2910 4 2 2 4 851 2703 2672 916
2911 4 2 2 4 921 940 850 2664
2912 4 2 2 4 873 898 871 2696
2913 4 2 2 4 887 2692 856 888
2914 4 2 2 4 985 922 938 2656
2915 4 2 2 4 2651 860 875 859
2916 4 2 2 4 876 2658 875 880
2917 4 2 2 4 2658 2663 887 854
2918 4 2 2 4 858 2671 897 895
2919 4 2 2 4 123 891 890 2678
2920 4 2 2 4 894 928 957 858
2921 4 2 2 4 881 968 885 2652
2922 4 2 2 4 935 2669 936 946
2923 4 2 2 4 842 2674 889 856
2924 4 2 2 4 947 953 910 916
2925 4 2 2 4 2694 865 2661 971
2926 4 2 2 4 864 138 2667 2660
2927 4 2 2 4 2693 933 932 934
2928 4 2 2 4 126 2655 894 2679
2929 4 2 2 4 2703 852 972 2650
2930 4 2 2 4 864 871 963 870
2931 4 2 2 4 903 872 904 2654
2932 4 2 2 4 876 925 2658 2675
2933 4 2 2 4 883 881 885 2652
2934 4 2 2 4 909 2677 910 2653
2935 4 2 2 4 916 972 953 2703
2936 4 2 2 4 894 2695 929 921
2937 4 2 2 4 2694 865 971 843
2938 4 2 2 4 902 2657 901 2662
2939 4 2 2 4 964 900 901 2662
2940 4 2 2 4 2692 848 945 944
2941 4 2 2 4 864 963 871 2660
2942 4 2 2 4 850 128 921 2664
2943 4 2 2 4 2680 120 121 2665
2944 4 2 2 4 2660 864 963 861
2945 4 2 2 4 2681 843 129 2694
2946 4 2 2 4 871 872 2654 870
2947 4 2 2 4 2695 128 127 927
2948 4 2 2 4 2670 978 146 2682
2949 4 2 2 4 2660 2698 137 977
2950 4 2 2 4 927 2695 128 2684
2951 4 2 2 4 2672 2653 956 2704
2952 4 2 2 4 2666 924 923 966
2953 4 2 2 4 2652 2683 968 885
2954 4 2 2 4 2695 921 128 2684
2955 4 2 2 4 952 844 2698 898
2956 4 2 2 4 2664 2681 129 845
2957 4 2 2 4 921 957 929 894
2958 4 2 2 4 861 864 2667 2660
2959 4 2 2 4 849 2655 982 2673
2960 4 2 2 4 929 2690 937 858
2961 4 2 2 4 2693 970 2669 940
2962 4 2 2 4 2656 2690 937 929
2963 4 2 2 4 907 135 2672 851
2964 4 2 2 4 2673 2655 982 125
2965 4 2 2 4 2696 872 2654 871
2966 4 2 2 4 2696 872 871 873
2967 4 2 2 4 851 2703 916 953
2968 4 2 2 4 2657 902 908 909
2969 4 2 2 4 133 954 852 2650
2970 4 2 2 4 123 891 2678 124
2971 4 2 2 4 928 2680 849 120
2972 4 2 2 4 849 2655 2673 895
2973 4 2 2 4 937 932 2656 929
2974 4 2 2 4 2659 913 948 950
2975 4 2 2 4 912 2668 917 947
2976 4 2 2 4 916 953 910 851
2977 4 2 2 4 933 2693 2669 934
2978 4 2 2 4 2680 895 897 2671
2979 4 2 2 4 2658 875 860 876
2980 4 2 2 4 2662 898 901 899
2981 4 2 2 4 953 846 972 947
2982 4 2 2 4 2670 978 2682 877
2983 4 2 2 4 954 2659 918 949
2984 4 2 2 4 2672 2653 2704 851
2985 4 2 2 4 2690 928 930 2671
2986 4 2 2 4 849 2680 928 895
2987 4 2 2 4 886 885 959 2683
2988 4 2 2 4 952 871 898 2698
2989 4 2 2 4 942 941 936 2687
2990 4 2 2 4 907 2697 136 844
2991 4 2 2 4 2671 2680 928 879
2992 4 2 2 4 2691 972 852 2650
2993 4 2 2 4 129 128 850 2664
2994 4 2 2 4 133 954 2650 132
2995 4 2 2 4 150 144 8 2685
2996 4 2 2 4 897 937 2671 858
2997 4 2 2 4 846 948 972 947
2998 4 2 2 4 902 955 2657 965
2999 4 2 2 4 896 987 874 2665
3000 4 2 2 4 948 2668 972 947
3001 4 2 2 4 949 951 2659 948
3002 4 2 2 4 2695 847 929 927
3003 4 2 2 4 137 138 2660 977
3004 4 2 2 4 149 2685 992 981
3005 4 2 2 4 865 867 131 2686
3006 4 2 2 4 2691 948 949 918
3007 4 2 2 4 2699 143 144 920
3008 4 2 2 4 2690 928 2671 858
3009 4 2 2 4 901 899 902 2662
3010 4 2 2 4 864 871 952 2660
3011 4 2 2 4 121 928 2680 879
3012 4 2 2 4 2700 8 145 892
3013 4 2 2 4 880 876 2675 881
3014 4 2 2 4 2679 127 126 847
3015 4 2 2 4 921 128 127 2695
3016 4 2 2 4 2667 138 139 861
3017 4 2 2 4 842 141 2674 2692
3018 4 2 2 4 976 873 903 2696
3019 4 2 2 4 146 145 975 2670
3020 4 2 2 4 909 2677 2653 914
3021 4 2 2 4 918 869 913 2659
3022 4 2 2 4 125 126 857 2655
3023 4 2 2 4 2659 913 2687 911
3024 4 2 2 4 2661 130 2694 969
3025 4 2 2 4 904 905 2676 923
3026 4 2 2 4 2682 148 2651 859
3027 4 2 2 4 147 146 978 2682
3028 4 2 2 4 2682 859 877 978
3029 4 2 2 4 856 842 2674 2692
3030 4 2 2 4 931 2656 2693 932
3031 4 2 2 4 883 882 881 2652
3032 4 2 2 4 125 7 119 2673
3033 4 2 2 4 890 2688 123 2678
3034 4 2 2 4 2700 975 981 892
3035 4 2 2 4 2661 2687 951 2694
3036 4 2 2 4 2673 7 990 2678
3037 4 2 2 4 2689 140 139 855
3038 4 2 2 4 942 913 911 2687
3039 4 2 2 4 917 2701 913 948
3040 4 2 2 4 896 874 122 2665
3041 4 2 2 4 942 911 941 2687
3042 4 2 2 4 890 2688 2678 987
3043 4 2 2 4 923 905 2666 886
3044 4 2 2 4 948 913 2659 2701
3045 4 2 2 4 2678 7 124 891
3046 4 2 2 4 2691 948 918 972
3047 4 2 2 4 136 135 2672 907
3048 4 2 2 4 2691 972 2650 846
3049 4 2 2 4 2686 867 131 989
3050 4 2 2 4 972 918 2701 948
3051 4 2 2 4 142 143 2663 848
3052 4 2 2 4 917 2668 948 947
3053 4 2 2 4 2703 852 2650 133
3054 4 2 2 4 976 899 2662 965
3055 4 2 2 4 896 122 123 2688
3056 4 2 2 4 937 2690 938 930
3057 4 2 2 4 121 122 874 2665
3058 4 2 2 4 2660 952 137 2698
3059 4 2 2 4 869 867 2686 954
3060 4 2 2 4 2683 886 885 883
3061 4 2 2 4 954 2659 949 2686
3062 4 2 2 4 933 2669 943 934
3063 4 2 2 4 129 969 2694 130
3064 4 2 2 4 2672 135 134 851
3065 4 2 2 4 989 2686 867 954
3066 4 2 2 4 865 131 130 2661
3067 4 2 2 4 136 2672 2697 907
3068 4 2 2 4 2671 879 937 897
3069 4 2 2 4 136 926 2672 135
3070 4 2 2 4 2658 2663 854 920
3071 4 2 2 4 877 2658 875 2651
3072 4 2 2 4 981 2658 878 877
3073 4 2 2 4 877 2658 2651 149
3074 4 2 2 4 981 2658 877 149
3075 4 2 2 4 2685 2658 920 981
3076 4 2 2 4 878 2658 880 875
3077 4 2 2 4 144 920 2685 2699
3078 4 2 2 4 2685 854 2699 920
3079 4 2 2 4 132 2702 989 954
3080 4 2 2 4 2650 2702 2691 846
3081 4 2 2 4 132 2702 846 131
3082 4 2 2 4 132 2702 131 989
3083 4 2 2 4 907 2704 2697 908
3084 4 2 2 4 955 2704 2653 2657
3085 4 2 2 4 2663 848 920 986
3086 4 2 2 4 920 848 2663 143
3087 4 2 2 4 901 2697 907 844
3088 4 2 2 4 907 2704 2672 2697
3089 4 2 2 4 907 2704 851 2672
3090 4 2 2 4 2697 901 907 908
3091 4 2 2 4 849 2680 2673 120
3092 4 2 2 4 849 120 2673 119
3093 4 2 2 4 901 2698 844 898
3094 4 2 2 4 2698 900 898 901
3095 4 2 2 4 890 2688 987 896
3096 4 2 2 4 890 2688 896 123
3097 4 2 2 4 968 2683 884 889
3098 4 2 2 4 968 2683 889 959
3099 4 2 2 4 968 2683 959 885
3100 4 2 2 4 2652 968 2683 884
3101 4 2 2 4 861 855 2689 2667
3102 4 2 2 4 2667 861 855 973
3103 4 2 2 4 868 2661 2686 865
3104 4 2 2 4 865 2686 868 867
3105 4 2 2 4 2659 2661 951 949
3106 4 2 2 4 954 2659 2686 869
3107 4 2 2 4 2659 868 869 911
3108 4 2 2 4 2659 2686 869 868
3109 4 2 2 4 2662 2696 900 898
3110 4 2 2 4 900 2696 2662 976
3111 4 2 2 4 2677 912 2668 915
3112 4 2 2 4 2677 947 912 910
3113 4 2 2 4 916 953 972 947
3114 4 2 2 4 916 972 2703 919
3115 4 2 2 4 2695 847 127 2679
3116 4 2 2 4 2695 847 2679 929
3117 4 2 2 4 858 894 929 957
3118 4 2 2 4 858 929 2679 847
3119 4 2 2 4 861 2689 855 960
3120 4 2 2 4 139 861 2689 2667
3121 4 2 2 4 2679 857 2655 858
3122 4 2 2 4 2679 857 858 847
3123 4 2 2 4 126 894 2655 982
3124 4 2 2 4 2670 978 877 975
3125 4 2 2 4 2670 978 975 146
3126 4 2 2 4 2696 899 2662 976
3127 4 2 2 4 2696 899 976 873
3128 4 2 2 4 2696 976 900 963
3129 4 2 2 4 129 2694 843 130
3130 4 2 2 4 982 119 2673 125
3131 4 2 2 4 2673 119 982 849
3132 4 2 2 4 2673 857 2655 125
3133 4 2 2 4 855 893 2674 140
3134 4 2 2 4 2674 893 855 958
3135 4 2 2 4 2672 2653 851 916
3136 4 2 2 4 851 2653 908 910
3137 4 2 2 4 2685 2658 981 149
3138 4 2 2 4 150 144 2685 2699
3139 4 2 2 4 2691 948 972 846
3140 4 2 2 4 2691 948 846 949
3141 4 2 2 4 923 967 2666 966
3142 4 2 2 4 2666 967 923 886
3143 4 2 2 4 2674 893 141 140
3144 4 2 2 4 2694 951 2661 969
3145 4 2 2 4 868 2661 865 971
3146 4 2 2 4 2686 865 2661 131
3147 4 2 2 4 946 933 2669 943
3148 4 2 2 4 946 2669 933 970
3149 4 2 2 4 963 905 2654 903
3150 4 2 2 4 2666 2683 966 967
3151 4 2 2 4 2680 897 879 2671
3152 4 2 2 4 121 2680 928 120
3153 4 2 2 4 121 2680 874 879
3154 4 2 2 4 851 2703 953 133
3155 4 2 2 4 134 2703 851 133
3156 4 2 2 4 2669 942 946 943
3157 4 2 2 4 942 946 2687 2669
3158 4 2 2 4 888 141 2692 856
3159 4 2 2 4 888 2692 141 142
3160 4 2 2 4 952 136 2698 844
3161 4 2 2 4 952 2698 136 137
3162 4 2 2 4 929 2684 921 2695
3163 4 2 2 4 2684 922 921 940
3164 4 2 2 4 2680 897 895 987
3165 4 2 2 4 2673 2680 849 895
3166 4 2 2 4 2665 2673 2680 120
3167 4 2 2 4 987 2680 2673 895
3168 4 2 2 4 149 2685 854 150
3169 4 2 2 4 2685 2658 854 920
3170 4 2 2 4 2685 2658 149 854
3171 4 2 2 4 2658 920 981 878
3172 4 2 2 4 2696 2660 871 963
3173 4 2 2 4 2673 857 125 891
3174 4 2 2 4 2655 928 895 849
3175 4 2 2 4 858 2655 895 857
3176 4 2 2 4 132 953 846 2650
3177 4 2 2 4 2691 972 918 852
3178 4 2 2 4 2650 2702 846 132
3179 4 2 2 4 2702 949 954 2691
3180 4 2 2 4 877 993 149 2651
3181 4 2 2 4 148 149 993 2651
3182 4 2 2 4 2682 859 978 147
3183 4 2 2 4 2682 148 859 147
3184 4 2 2 4 2682 148 147 993
3185 4 2 2 4 2675 2652 882 884
3186 4 2 2 4 2652 945 968 884
3187 4 2 2 4 2704 2653 908 851
3188 4 2 2 4 883 884 2652 2683
3189 4 2 2 4 883 882 2652 884
3190 4 2 2 4 2702 2686 949 131
3191 4 2 2 4 2653 914 916 956
3192 4 2 2 4 909 2677 914 912
3193 4 2 2 4 909 2677 912 910
3194 4 2 2 4 2702 949 846 131
3195 4 2 2 4 2666 2683 886 959
3196 4 2 2 4 2654 872 904 974
3197 4 2 2 4 886 2683 2666 967
3198 4 2 2 4 2679 857 847 126
3199 4 2 2 4 125 126 2655 982
3200 4 2 2 4 2655 894 2679 858
3201 4 2 2 4 2673 857 891 895
3202 4 2 2 4 2673 857 895 2655
3203 4 2 2 4 2655 928 849 894
3204 4 2 2 4 2702 949 2691 846
3205 4 2 2 4 957 938 922 2656
3206 4 2 2 4 938 2690 937 2656
3207 4 2 2 4 937 932 938 2656
3208 4 2 2 4 955 2704 2657 964
3209 4 2 2 4 2653 955 2657 909
3210 4 2 2 4 2702 2686 954 949
3211 4 2 2 4 955 902 2657 909
3212 4 2 2 4 984 925 854 2658
3213 4 2 2 4 2658 984 925 860
3214 4 2 2 4 880 876 2658 2675
3215 4 2 2 4 925 2658 860 876
3216 4 2 2 4 2675 986 2658 880
3217 4 2 2 4 2659 913 911 869
3218 4 2 2 4 2659 951 950 948
3219 4 2 2 4 2659 2687 868 911
3220 4 2 2 4 2697 853 136 962
3221 4 2 2 4 864 988 138 2660
3222 4 2 2 4 137 138 988 2660
3223 4 2 2 4 952 988 864 2660
3224 4 2 2 4 988 952 137 2660
3225 4 2 2 4 2697 2672 853 2704
3226 4 2 2 4 2694 865 843 130
3227 4 2 2 4 2694 865 130 2661
3228 4 2 2 4 2661 131 130 969
3229 4 2 2 4 949 969 2661 951
3230 4 2 2 4 949 2661 969 131
3231 4 2 2 4 902 2657 2662 965
3232 4 2 2 4 964 900 2662 965
3233 4 2 2 4 2697 853 962 964
3234 4 2 2 4 2662 899 902 965
3235 4 2 2 4 887 2692 888 2663
3236 4 2 2 4 887 2692 2663 945
3237 4 2 2 4 2663 888 142 2692
3238 4 2 2 4 983 888 143 2663
3239 4 2 2 4 142 143 888 2663
3240 4 2 2 4 983 2663 887 888
3241 4 2 2 4 2664 931 970 939
3242 4 2 2 4 2664 939 970 845
3243 4 2 2 4 921 940 2664 2684
3244 4 2 2 4 2664 128 921 2684
3245 4 2 2 4 939 2664 129 845
3246 4 2 2 4 129 128 2664 939
3247 4 2 2 4 2665 990 991 2688
3248 4 2 2 4 2665 120 121 991
3249 4 2 2 4 896 987 2665 2688
3250 4 2 2 4 896 2665 122 2688
3251 4 2 2 4 121 122 2665 991
3252 4 2 2 4 960 959 966 2666
3253 4 2 2 4 959 960 905 2666
3254 4 2 2 4 2666 905 959 886
3255 4 2 2 4 904 2654 2676 905
3256 4 2 2 4 2676 2654 904 974
3257 4 2 2 4 862 2667 973 870
3258 4 2 2 4 862 864 2667 870
3259 4 2 2 4 864 138 862 2667
3260 4 2 2 4 862 138 139 2667
3261 4 2 2 4 862 855 2667 139
3262 4 2 2 4 862 2667 855 973
3263 4 2 2 4 912 980 2668 915
3264 4 2 2 4 912 980 917 2668
3265 4 2 2 4 972 980 915 2668
3266 4 2 2 4 948 2701 972 2668
3267 4 2 2 4 917 2701 948 2668
3268 4 2 2 4 940 2669 935 970
3269 4 2 2 4 2693 979 940 2669
3270 4 2 2 4 2693 979 2669 934
3271 4 2 2 4 2669 979 943 934
3272 4 2 2 4 900 2697 964 901
3273 4 2 2 4 900 2697 901 2698
3274 4 2 2 4 992 981 2670 877
3275 4 2 2 4 2700 975 892 145
3276 4 2 2 4 992 2670 146 993
3277 4 2 2 4 146 145 2670 992
3278 4 2 2 4 2700 975 145 2670
3279 4 2 2 4 877 993 2670 992
3280 4 2 2 4 2671 2690 858 937
3281 4 2 2 4 2671 2690 937 930
3282 4 2 2 4 879 930 928 2671
3283 4 2 2 4 930 879 937 2671
3284 4 2 2 4 853 926 956 2672
3285 4 2 2 4 2703 926 2672 916
3286 4 2 2 4 2703 926 916 919
3287 4 2 2 4 136 962 2698 2697
3288 4 2 2 4 926 135 134 2672
3289 4 2 2 4 916 2672 956 926
3290 4 2 2 4 2673 891 2678 895
3291 4 2 2 4 936 942 2687 2669
3292 4 2 2 4 955 2704 956 2653
3293 4 2 2 4 2673 120 990 119
3294 4 2 2 4 2674 959 842 889
3295 4 2 2 4 855 2674 2689 140
3296 4 2 2 4 960 2674 855 958
3297 4 2 2 4 961 2674 141 140
3298 4 2 2 4 961 141 2674 842
3299 4 2 2 4 866 936 2687 946
3300 4 2 2 4 2687 2694 866 946
3301 4 2 2 4 2651 860 859 148
3302 4 2 2 4 875 2651 859 877
3303 4 2 2 4 2651 860 148 984
3304 4 2 2 4 2675 986 880 945
3305 4 2 2 4 945 2675 887 884
3306 4 2 2 4 945 881 2675 2652
3307 4 2 2 4 2675 880 881 945
3308 4 2 2 4 945 2652 2675 884
3309 4 2 2 4 2696 2654 903 963
3310 4 2 2 4 906 2654 870 963
3311 4 2 2 4 871 2654 963 870
3312 4 2 2 4 2696 872 873 903
3313 4 2 2 4 2696 872 903 2654
3314 4 2 2 4 2654 2696 871 963
3315 4 2 2 4 974 2676 906 924
3316 4 2 2 4 2666 924 960 2676
3317 4 2 2 4 960 906 2676 924
3318 4 2 2 4 904 2676 974 924
3319 4 2 2 4 2666 924 2676 923
3320 4 2 2 4 904 2676 924 923
3321 4 2 2 4 915 2677 914 916
3322 4 2 2 4 2653 2677 910 916
3323 4 2 2 4 916 2677 2668 915
3324 4 2 2 4 916 947 2677 910
3325 4 2 2 4 914 2677 2653 916
3326 4 2 2 4 976 2696 903 963
3327 4 2 2 4 851 2653 910 916
3328 4 2 2 4 2704 2653 2657 908
3329 4 2 2 4 955 956 914 2653
3330 4 2 2 4 2704 2657 2697 908
3331 4 2 2 4 955 2704 964 956
3332 4 2 2 4 2693 922 2656 931
3333 4 2 2 4 932 931 2656 929
3334 4 2 2 4 2685 854 150 2699
3335 4 2 2 4 2693 2656 934 932
3336 4 2 2 4 913 918 2659 2701
3337 4 2 2 4 141 856 2674 2692
3338 4 2 2 4 2658 887 2675 925
3339 4 2 2 4 123 2678 990 124
3340 4 2 2 4 2673 990 7 119
3341 4 2 2 4 990 7 124 2678
3342 4 2 2 4 2673 987 895 2678
3343 4 2 2 4 2697 2657 2704 964
3344 4 2 2 4 977 138 2660 861
3345 4 2 2 4 938 2656 934 985
3346 4 2 2 4 2696 2660 963 977
3347 4 2 2 4 977 2660 963 861
3348 4 2 2 4 2660 871 952 2698
3349 4 2 2 4 2680 897 987 874
3350 4 2 2 4 2694 969 129 845
3351 4 2 2 4 894 127 126 2679
3352 4 2 2 4 894 2695 921 127
3353 4 2 2 4 894 2695 127 2679
3354 4 2 2 4 858 929 894 2679
3355 4 2 2 4 2655 894 849 982
3356 4 2 2 4 987 2680 874 2665
3357 4 2 2 4 874 2680 121 2665
3358 4 2 2 4 895 2680 928 2671
3359 4 2 2 4 2680 897 874 879
3360 4 2 2 4 2664 935 940 850
3361 4 2 2 4 2664 935 850 2681
3362 4 2 2 4 843 850 935 2681
3363 4 2 2 4 850 843 129 2681
3364 4 2 2 4 2664 850 129 2681
3365 4 2 2 4 2670 2682 146 993
3366 4 2 2 4 2670 2682 993 877
3367 4 2 2 4 147 146 2682 993
3368 4 2 2 4 2682 993 877 2651
3369 4 2 2 4 2682 148 993 2651
3370 4 2 2 4 2683 967 883 884
3371 4 2 2 4 2676 2654 906 905
3372 4 2 2 4 967 886 2683 883
3373 4 2 2 4 2683 884 889 967
3374 4 2 2 4 906 2654 2676 974
3375 4 2 2 4 2664 931 939 2684
3376 4 2 2 4 927 2684 128 939
3377 4 2 2 4 929 939 2684 927
3378 4 2 2 4 929 2684 939 931
3379 4 2 2 4 2664 931 2684 940
3380 4 2 2 4 2664 128 2684 939
3381 4 2 2 4 916 2677 947 2668
3382 4 2 2 4 2658 2663 920 986
3383 4 2 2 4 920 2663 2699 143
3384 4 2 2 4 2677 912 947 2668
3385 4 2 2 4 2697 2657 901 908
3386 4 2 2 4 2700 981 2685 892
3387 4 2 2 4 2685 144 8 892
3388 4 2 2 4 2700 2685 8 892
3389 4 2 2 4 920 892 2685 981
3390 4 2 2 4 2685 892 920 144
3391 4 2 2 4 901 2657 2697 964
3392 4 2 2 4 858 928 2671 895
3393 4 2 2 4 2657 964 901 2662
3394 4 2 2 4 2657 955 964 965
3395 4 2 2 4 2703 852 133 919
3396 4 2 2 4 2657 964 2662 965
3397 4 2 2 4 846 972 2650 953
3398 4 2 2 4 2659 2661 868 2687
3399 4 2 2 4 2703 852 919 972
3400 4 2 2 4 2704 964 853 2697
3401 4 2 2 4 949 2686 2661 131
3402 4 2 2 4 2703 926 919 134
3403 4 2 2 4 2702 2686 989 954
3404 4 2 2 4 954 2659 869 918
3405 4 2 2 4 134 2703 133 919
3406 4 2 2 4 2703 926 134 2672
3407 4 2 2 4 2702 2686 131 989
3408 4 2 2 4 918 949 2659 948
3409 4 2 2 4 918 948 2659 2701
3410 4 2 2 4 2659 2686 868 2661
3411 4 2 2 4 917 980 2701 2668
3412 4 2 2 4 2659 913 950 2687
3413 4 2 2 4 942 913 2687 950
3414 4 2 2 4 2701 980 972 2668
3415 4 2 2 4 2687 950 2659 951
3416 4 2 2 4 889 893 2674 958
3417 4 2 2 4 972 918 980 2701
3418 4 2 2 4 2674 893 889 856
3419 4 2 2 4 893 2674 141 856
3420 4 2 2 4 913 980 918 2701
3421 4 2 2 4 991 123 2688 990
3422 4 2 2 4 2688 122 123 991
3423 4 2 2 4 2665 990 2688 987
3424 4 2 2 4 2665 2673 120 990
3425 4 2 2 4 2688 2665 122 991
3426 4 2 2 4 853 2672 956 2704
3427 4 2 2 4 961 140 139 2689
3428 4 2 2 4 861 961 2689 960
3429 4 2 2 4 2689 961 861 139
3430 4 2 2 4 2689 2674 961 140
3431 4 2 2 4 2674 960 2689 961
3432 4 2 2 4 907 2704 908 851
3433 4 2 2 4 917 980 913 2701
3434 4 2 2 4 136 2672 853 2697
3435 4 2 2 4 136 926 853 2672
3436 4 2 2 4 2678 2688 990 987
3437 4 2 2 4 2678 2688 123 990
3438 4 2 2 4 900 898 901 2662
3439 4 2 2 4 976 2662 900 965
3440 4 2 2 4 2696 899 873 898
3441 4 2 2 4 2696 899 898 2662
3442 4 2 2 4 2673 987 2678 990
3443 4 2 2 4 929 957 2690 858
3444 4 2 2 4 2656 957 2690 929
3445 4 2 2 4 2690 957 938 930
3446 4 2 2 4 938 957 2690 2656
3447 4 2 2 4 2690 928 858 957
3448 4 2 2 4 2690 928 957 930
3449 4 2 2 4 918 954 949 2691
3450 4 2 2 4 954 918 852 2691
3451 4 2 2 4 2650 2702 132 954
3452 4 2 2 4 2650 954 852 2691
3453 4 2 2 4 2650 2702 954 2691
3454 4 2 2 4 2699 2663 983 143
3455 4 2 2 4 935 979 936 2669
3456 4 2 2 4 979 942 2669 943
3457 4 2 2 4 979 2669 942 936
3458 4 2 2 4 2663 854 983 887
3459 4 2 2 4 2670 981 992 2700
3460 4 2 2 4 2678 2673 7 891
3461 4 2 2 4 125 7 2673 891
3462 4 2 2 4 2692 944 141 142
3463 4 2 2 4 2692 848 944 142
3464 4 2 2 4 2692 848 142 2663
3465 4 2 2 4 983 2699 150 854
3466 4 2 2 4 906 2654 963 905
3467 4 2 2 4 138 861 2667 2660
3468 4 2 2 4 885 883 2652 2683
3469 4 2 2 4 855 139 2689 2667
3470 4 2 2 4 984 854 149 2658
3471 4 2 2 4 944 141 842 2692
3472 4 2 2 4 2651 860 984 2658
3473 4 2 2 4 842 968 944 2692
3474 4 2 2 4 2658 2651 149 984
3475 4 2 2 4 2687 951 946 950
3476 4 2 2 4 968 945 944 2692
3477 4 2 2 4 8 992 2685 2700
3478 4 2 2 4 8 2685 992 150
3479 4 2 2 4 145 2670 992 2700
3480 4 2 2 4 2668 972 947 916
3481 4 2 2 4 887 925 882 2675
3482 4 2 2 4 882 925 876 2675
3483 4 2 2 4 2675 876 882 881
3484 4 2 2 4 2693 922 931 940
3485 4 2 2 4 934 2656 2693 985
3486 4 2 2 4 934 2656 938 932
3487 4 2 2 4 2693 979 934 985
3488 4 2 2 4 2693 979 985 940
3489 4 2 2 4 2681 946 2694 845
3490 4 2 2 4 866 2681 935 946
3491 4 2 2 4 845 951 2694 969
3492 4 2 2 4 2681 946 845 970
3493 4 2 2 4 2681 2694 129 845
3494 4 2 3 6 1655 2312 2306 2308
3495 4 2 3 6 2410 1644 1642 2291
3496 4 2 3 6 1730 2288 2281 1627
3497 4 2 3 6 1637 1630 2412 2278
3498 4 2 3 6 2342 1691 2340 2341
3499 4 2 3 6 1774 1740 1591 2458
3500 4 2 3 6 1630 1637 1775 2278
3501 4 2 3 6 1627 2288 2281 2420
3502 4 2 3 6 2706 2426 2245 2396
3503 4 2 3 6 1763 2295 2293 1640
3504 4 2 3 6 1752 2263 2248 2262
3505 4 2 3 6 2291 1642 2410 2372
3506 4 2 3 6 1627 1730 2288 1725
3507 4 2 3 6 2412 2373 1637 2278
3508 4 2 3 6 2291 1644 1642 1645
3509 4 2 3 6 1690 2340 1691 2341
3510 4 2 3 6 2296 2293 2295 1640
3511 4 2 3 6 1729 1789 1761 2461
3512 4 2 3 6 1809 2442 2440 2394
3513 4 2 3 6 2439 2350 1710 2441
3514 4 2 3 6 1699 1784 2361 1790
3515 4 2 3 6 2312 2375 1737 1828
3516 4 2 3 6 2293 1721 1763 1640
3517 4 2 3 6 1732 2329 2315 1637
3518 4 2 3 6 2288 1678 2392 1664
3519 4 2 3 6 2438 1619 1636 1741
3520 4 2 3 6 2438 1636 1621 1762
3521 4 2 3 6 1763 2290 2427 1634
3522 4 2 3 6 1632 2412 1631 2389
3523 4 2 3 6 2282 1770 2283 1730
3524 4 2 3 6 1639 2410 2285 1768
3525 4 2 3 6 1627 2277 1626 2278
3526 4 2 3 6 2458 1591 1774 1790
3527 4 2 3 6 1629 1762 2379 2378
3528 4 2 3 6 1779 1781 2413 2280
3529 4 2 3 6 2426 2245 2439 1805
3530 4 2 3 6 1775 1637 2373 2278
3531 4 2 3 6 2420 1627 2288 1725
3532 4 2 3 6 2312 1655 2306 1661
3533 4 2 3 6 1618 1763 2427 1634
3534 4 2 3 6 2412 2273 1631 2389
3535 4 2 3 6 1730 2282 1770 1622
3536 4 2 3 6 2410 2269 2285 1768
3537 4 2 3 6 1625 2279 1623 2378
3538 4 2 3 6 2276 2274 1779 1628
3539 4 2 3 6 1615 2323 2325 1617
3540 4 2 3 6 1641 1643 2390 2318
3541 4 2 3 6 2316 1732 1643 2390
3542 4 2 3 6 2392 1665 1742 2294
3543 4 2 3 6 1688 1764 2341 2345
3544 4 2 3 6 2434 1694 1690 2339
3545 4 2 3 6 1642 2291 1645 2372
3546 4 2 3 6 1769 2324 1615 1613
3547 4 2 3 6 2378 1625 2279 2276
3548 4 2 3 6 2276 1779 1625 1628
3549 4 2 3 6 1628 2275 2273 1630
3550 4 2 3 6 2323 2295 1618 1616
3551 4 2 3 6 1624 2279 2281 1622
3552 4 2 3 6 1778 1635 1631 2272
3553 4 2 3 6 2324 2323 2325 1615
3554 4 2 3 6 1667 2292 1742 2294
3555 4 2 3 6 1635 1772 1768 2270
3556 4 2 3 6 1648 2266 2267 1671
3557 4 2 3 6 1611 1598 1612 2459
3558 4 2 3 6 1728 1732 2315 1637
3559 4 2 3 6 2383 2288 2392 1664
3560 4 2 3 6 2333 2438 1636 1741
3561 4 2 3 6 2267 2269 1644 1671
3562 4 2 3 6 1721 2293 2296 1640
3563 4 2 3 6 2431 2423 1756 1755
3564 4 2 3 6 1785 2436 2435 1783
3565 4 2 3 6 1636 2438 2436 1762
3566 4 2 3 6 1638 1643 2390 1641
3567 4 2 3 6 1634 2284 1770 2289
3568 4 2 3 6 2373 2315 2329 1637
3569 4 2 3 6 2285 2389 1638 1633
3570 4 2 3 6 2288 1678 1664 1725
3571 4 2 3 6 1742 2392 2294 2289
3572 4 2 3 6 1638 1643 1732 2390
3573 4 2 3 6 1762 2436 2379 2378
3574 4 2 3 6 2413 1756 1781 1779
3575 4 2 3 6 2313 2310 1652 1651
3576 4 2 3 6 2245 2439 1802 2441
3577 4 2 3 6 2751 1790 2455 1784
3578 4 2 3 6 2292 1742 2294 2289
3579 4 2 3 6 1626 1775 1627 2278
3580 4 2 3 6 2278 1627 2277 2420
3581 4 2 3 6 1731 1775 2429 2420
3582 4 2 3 6 1614 2414 2299 1640
3583 4 2 3 6 2441 2350 1710 2437
3584 4 2 3 6 2305 2306 2304 1659
3585 4 2 3 6 2361 1784 1699 1787
3586 4 2 3 6 2712 2458 2242 1591
3587 4 2 3 6 1653 1656 2309 2308
3588 4 2 3 6 1651 2310 1652 1653
3589 4 2 3 6 2279 1622 1623 2388
3590 4 2 3 6 1628 2273 2274 1778
3591 4 2 3 6 2706 2426 2396 1680
3592 4 2 3 6 2439 1710 1802 2441
3593 4 2 3 6 2323 1618 2428 1617
3594 4 2 3 6 1784 2455 2361 1790
3595 4 2 3 6 1631 1628 2273 1630
3596 4 2 3 6 1618 2427 2295 2323
3597 4 2 3 6 2279 2282 2281 1622
3598 4 2 3 6 2302 1659 1662 2303
3599 4 2 3 6 2268 1772 2269 1671
3600 4 2 3 6 1770 1742 1634 2289
3601 4 2 3 6 2390 2389 1638 2285
3602 4 2 3 6 1631 2273 1778 2272
3603 4 2 3 6 1772 2269 1768 2270
3604 4 2 3 6 1768 1644 2269 1671
3605 4 2 3 6 1634 2284 2427 1620
3606 4 2 3 6 1633 2389 1631 2271
3607 4 2 3 6 2282 2284 1770 1620
3608 4 2 3 6 1777 2418 2309 2321
3609 4 2 3 6 2285 1633 1768 2271
3610 4 2 3 6 1648 1672 2266 1671
3611 4 2 3 6 2429 2418 1776 2321
3612 4 2 3 6 1659 2302 2304 2303
3613 4 2 3 6 2314 2315 2311 1651
3614 4 2 3 6 1660 1664 2302 1663
3615 4 2 3 6 2433 2425 2409 1682
3616 4 2 3 6 1788 1741 2333 1786
3617 4 2 3 6 2431 2287 1684 1756
3618 4 2 3 6 1684 2287 2425 1682
3619 4 2 3 6 2335 1636 2436 1785
3620 4 2 3 6 1786 1636 2333 2335
3621 4 2 3 6 2306 1657 1655 2308
3622 4 2 3 6 1688 1764 1690 2341
3623 4 2 3 6 1690 2341 2434 2339
3624 4 2 3 6 2373 2418 1728 1776
3625 4 2 3 6 2383 2393 1725 1759
3626 4 2 3 6 1748 2708 1789 1595
3627 4 2 3 6 2250 1809 1747 2442
3628 4 2 3 6 2431 2423 2413 1756
3629 4 2 3 6 1783 1785 2436 1762
3630 4 2 3 6 2379 1783 1762 1629
3631 4 2 3 6 2423 2413 1781 2280
3632 4 2 3 6 2310 2313 2311 1651
3633 4 2 3 6 2441 1710 1799 2437
3634 4 2 3 6 1762 1623 2388 2378
3635 4 2 3 6 2274 2413 1779 1778
3636 4 2 3 6 2711 2361 2452 1787
3637 4 2 3 6 1741 2325 2428 1617
3638 4 2 3 6 2292 2290 1727 2289
3639 4 2 3 6 2412 1631 1630 1632
3640 4 2 3 6 2295 2290 2427 1763
3641 4 2 3 6 2283 2281 2282 1730
3642 4 2 3 6 1639 1644 2410 1768
3643 4 2 3 6 1775 2373 1776 2429
3644 4 2 3 6 1653 1777 2311 2309
3645 4 2 3 6 1731 2420 2393 1725
3646 4 2 3 6 1658 1660 2422 2304
3647 4 2 3 6 2409 1772 2268 1673
3648 4 2 3 6 1764 2341 2345 2434
3649 4 2 3 6 1688 1689 2343 2341
3650 4 2 3 6 1764 1694 1690 2434
3651 4 2 3 6 1690 1692 2340 2339
3652 4 2 3 6 2442 2250 1809 2440
3653 4 2 3 6 1789 1729 1595 2461
3654 4 2 3 6 1688 2346 1685 2345
3655 4 2 3 6 1653 2416 2310 1654
3656 4 2 3 6 1685 1755 1688 2345
3657 4 2 3 6 2458 2242 1591 1790
3658 4 2 3 6 1726 2414 1614 1640
3659 4 2 3 6 2296 2299 2414 1640
3660 4 2 3 6 2418 2311 1728 1777
3661 4 2 3 6 1759 2383 2422 1660
3662 4 2 3 6 1659 1660 2302 1662
3663 4 2 3 6 2321 2309 1656 2307
3664 4 2 3 6 1594 2439 2245 1805
3665 4 2 3 6 1622 2279 2282 2388
3666 4 2 3 6 2273 1628 1631 1778
3667 4 2 3 6 2427 1618 2428 2323
3668 4 2 3 6 1764 1755 2423 2345
3669 4 2 3 6 2435 2434 1694 1783
3670 4 2 3 6 1653 2416 1654 1655
3671 4 2 3 6 1742 2292 1727 2289
3672 4 2 3 6 1616 2299 2295 1640
3673 4 2 3 6 2281 2277 1624 1627
3674 4 2 3 6 1630 1626 2275 2278
3675 4 2 3 6 2305 2353 2364 1716
3676 4 2 3 6 1772 1768 2269 1671
3677 4 2 3 6 2324 1614 1613 2391
3678 4 2 3 6 1629 2379 1781 2280
3679 4 2 3 6 2278 1775 1627 2420
3680 4 2 3 6 2315 2373 1728 1637
3681 4 2 3 6 1664 2383 2288 1725
3682 4 2 3 6 1763 2427 2295 1618
3683 4 2 3 6 1631 2273 2412 1630
3684 4 2 3 6 1730 2281 2282 1622
3685 4 2 3 6 2269 2410 1644 1768
3686 4 2 3 6 2393 2429 1731 2321
3687 4 2 3 6 2739 1729 2246 1595
3688 4 2 3 6 2736 2440 2250 2437
3689 4 2 3 6 2299 1616 1615 1614
3690 4 2 3 6 2427 1618 1634 1620
3691 4 2 3 6 2273 1631 2389 2271
3692 4 2 3 6 1622 2282 1770 1620
3693 4 2 3 6 2275 2276 2277 1626
3694 4 2 3 6 1768 2269 2285 2271
3695 4 2 3 6 1642 2410 2432 1639
3696 4 2 3 6 2385 1752 2263 2430
3697 4 2 3 6 2329 1632 2412 1637
3698 4 2 3 6 2288 2283 1678 1730
3699 4 2 3 6 2423 2413 1756 1781
3700 4 2 3 6 1783 2436 2379 1762
3701 4 2 3 6 2324 1614 2391 2299
3702 4 2 3 6 2306 2305 1766 1659
3703 4 2 3 6 1775 2278 2429 2420
3704 4 2 3 6 1775 1731 1627 2420
3705 4 2 3 6 1691 2344 1693 2342
3706 4 2 3 6 2309 2310 1653 2308
3707 4 2 3 6 2306 1655 1657 1661
3708 4 2 3 6 1781 1756 2423 1755
3709 4 2 3 6 2436 2379 2435 1783
3710 4 2 3 6 2272 1773 1635 2270
3711 4 2 3 6 2341 1764 1690 2434
3712 4 2 3 6 1619 1621 2286 2438
3713 4 2 3 6 2296 1726 1722 1640
3714 4 2 3 6 2305 2353 1716 1677
3715 4 2 3 6 2710 1752 2248 2262
3716 4 2 3 6 2295 1763 1618 1616
3717 4 2 3 6 2275 2412 2273 1630
3718 4 2 3 6 1730 1624 2281 1622
3719 4 2 3 6 1644 2410 2269 2267
3720 4 2 3 6 1653 2416 1655 2308
3721 4 2 3 6 1688 2343 2346 2345
3722 4 2 3 6 1651 2311 2310 1653
3723 4 2 3 6 1694 1696 1692 2339
3724 4 2 3 6 1741 2332 2325 1674
3725 4 2 3 6 1645 2291 2430 2380
3726 4 2 3 6 1598 1611 2401 2459
3727 4 2 3 6 2287 2431 2413 1756
3728 4 2 3 6 1636 2436 1785 1762
3729 4 2 3 6 2293 2290 1763 1727
3730 4 2 3 6 2409 2425 2287 1682
3731 4 2 3 6 1741 1636 2333 1786
3732 4 2 3 6 1789 2708 1748 2404
3733 4 2 3 6 2250 1747 2395 2442
3734 4 2 3 6 2291 2267 1644 1648
3735 4 2 3 6 2315 2373 2418 1728
3736 4 2 3 6 1725 1664 2383 1759
3737 4 2 3 6 1656 1653 1655 2308
3738 4 2 3 6 1828 1661 2374 1793
3739 4 2 3 6 1673 2322 2409 1681
3740 4 2 3 6 1728 2311 2315 1651
3741 4 2 3 6 1664 2302 2383 1660
3742 4 2 3 6 1654 1702 2367 2328
3743 4 2 3 6 2344 2349 2351 1693
3744 4 2 3 6 1659 2305 1677 2303
3745 4 2 3 6 2321 1658 2422 2307
3746 4 2 3 6 2390 2432 1641 2318
3747 4 2 3 6 2267 2265 2266 1648
3748 4 2 3 6 1732 2316 2329 2390
3749 4 2 3 6 1742 1678 1665 2392
3750 4 2 3 6 2304 1660 2302 1659
3751 4 2 3 6 2739 1729 1595 1787
3752 4 2 3 6 2736 2440 2437 1799
3753 4 2 3 6 2413 1756 1779 1778
3754 4 2 3 6 2388 2436 1762 2378
3755 4 2 3 6 1613 1769 2324 2365
3756 4 2 3 6 2428 2333 2325 1741
3757 4 2 3 6 2375 2376 2377 1736
3758 4 2 3 6 1759 2422 2393 2321
3759 4 2 3 6 1727 1667 2292 1742
3760 4 2 3 6 2315 2418 2311 1728
3761 4 2 3 6 1759 1664 2383 1660
3762 4 2 3 6 2307 1657 1658 2304
3763 4 2 3 6 2342 2394 1689 2343
3764 4 2 3 6 1692 1691 2340 1761
3765 4 2 3 6 1673 2409 1772 1682
3766 4 2 3 6 1653 2311 2310 2309
3767 4 2 3 6 2751 1790 1784 1591
3768 4 2 3 6 1802 2439 2245 1594
3769 4 2 3 6 2300 2302 1664 1663
3770 4 2 3 6 2315 2314 1649 1651
3771 4 2 3 6 1661 2312 1737 1828
3772 4 2 3 6 2414 1726 2296 1640
3773 4 2 3 6 2246 1595 1729 2461
3774 4 2 3 6 2250 1599 1809 2440
3775 4 2 3 6 1653 2416 2308 2310
3776 4 2 3 6 1817 2416 2367 2445
3777 4 2 3 6 2335 2435 2336 1785
3778 4 2 3 6 1623 1629 1625 2378
3779 4 2 3 6 2280 2274 1779 2276
3780 4 2 3 6 2331 1615 1674 1769
3781 4 2 3 6 1617 2325 1615 1674
3782 4 2 3 6 2782 2705 2757 1806
3783 4 2 3 6 2705 2251 1806 2400
3784 4 2 3 6 1776 1728 2373 1637
3785 4 2 3 6 2353 1677 2303 2470
3786 4 2 3 6 2383 2393 2288 1725
3787 4 2 3 6 2333 2332 2325 1741
3788 4 2 3 6 1658 1660 2304 1659
3789 4 2 3 6 1689 1688 1690 2341
3790 4 2 3 6 2341 1690 2340 2339
3791 4 2 3 6 2373 1775 2278 2429
3792 4 2 3 6 1722 1721 2296 1640
3793 4 2 3 6 1731 1627 2420 1725
3794 4 2 3 6 1682 1673 2409 1681
3795 4 2 3 6 1816 1831 2457 1739
3796 4 2 3 6 1615 2331 2324 1769
3797 4 2 3 6 1621 1623 1622 2388
3798 4 2 3 6 1778 2273 2274 2272
3799 4 2 3 6 2482 2468 2398 1804
3800 4 2 3 6 2270 1772 2269 2268
3801 4 2 3 6 1618 1619 2428 1617
3802 4 2 3 6 2458 1788 2332 2415
3803 4 2 3 6 2432 1642 1641 2320
3804 4 2 3 6 2363 1724 1767 2454
3805 4 2 3 6 2363 2362 1724 2454
3806 4 2 3 6 2300 2302 2383 1664
3807 4 2 3 6 1728 2315 1649 1651
3808 4 2 3 6 2416 2312 1817 1655
3809 4 2 3 6 2307 1656 1657 2308
3810 4 2 3 6 2287 1684 1756 1773
3811 4 2 3 6 2373 1776 1637 1775
3812 4 2 3 6 2438 1636 2436 2335
3813 4 2 3 6 1654 1652 2328 2310
3814 4 2 3 6 2393 2420 2288 1725
3815 4 2 3 6 2287 1684 1773 1682
3816 4 2 3 6 1623 1624 2279 1625
3817 4 2 3 6 2274 2276 2275 1628
3818 4 2 3 6 1615 1616 2323 1617
3819 4 2 3 6 1636 2438 2333 2335
3820 4 2 3 6 1726 1767 1612 2459
3821 4 2 3 6 1750 1767 1724 2454
3822 4 2 3 6 2296 2295 2299 1640
3823 4 2 3 6 1626 1630 1775 2278
3824 4 2 3 6 2289 2284 1770 2283
3825 4 2 3 6 2290 2284 1634 2289
3826 4 2 3 6 1632 1638 2389 1633
3827 4 2 3 6 1639 2285 1638 1633
3828 4 2 3 6 2281 2277 1627 2420
3829 4 2 3 6 2268 2267 2266 1671
3830 4 2 3 6 1801 1711 1712 2382
3831 4 2 3 6 2345 2423 1764 2434
3832 4 2 3 6 1764 1694 2434 1783
3833 4 2 3 6 2304 2305 1659 2303
3834 4 2 3 6 1789 2708 2461 1595
3835 4 2 3 6 2759 2709 1747 2735
3836 4 2 3 6 2238 2236 275 2757
3837 4 2 3 6 2212 2709 2735 338
3838 4 2 3 6 1820 1739 2330 2417
3839 4 2 3 6 2479 2400 2258 1806
3840 4 2 3 6 2433 2409 2322 1681
3841 4 2 3 6 2453 2446 2377 1736
3842 4 2 3 6 2380 1645 2291 2372
3843 4 2 3 6 2416 2312 1655 2308
3844 4 2 3 6 1674 1741 2332 1788
3845 4 2 3 6 2284 2427 1620 2286
3846 4 2 3 6 1620 2282 2284 2286
3847 4 2 3 6 1635 1633 1631 2271
3848 4 2 3 6 1635 1768 1633 2271
3849 4 2 3 6 2417 1650 1647 2314
3850 4 2 3 6 2292 2293 1669 1727
3851 4 2 3 6 1689 2342 2343 2341
3852 4 2 3 6 2340 1691 1692 1690
3853 4 2 3 6 1722 1721 2326 2296
3854 4 2 3 6 2711 2184 309 2185
3855 4 2 3 6 2711 2361 1787 1784
3856 4 2 3 6 2763 2707 1799 2736
3857 4 2 3 6 2214 2707 2736 340
3858 4 2 3 6 2434 2435 2379 1783
3859 4 2 3 6 2423 1781 1755 1764
3860 4 2 3 6 1752 2263 2262 2385
3861 4 2 3 6 2360 1697 1761 1729
3862 4 2 3 6 1643 2316 2390 2318
3863 4 2 3 6 1665 1667 1742 2294
3864 4 2 3 6 1709 2440 2347 2394
3865 4 2 3 6 2706 2426 1680 1805
3866 4 2 3 6 1621 1623 2388 1762
3867 4 2 3 6 1778 2274 2413 2272
3868 4 2 3 6 1802 1710 1799 2441
3869 4 2 3 6 1741 2428 1619 1617
3870 4 2 3 6 2711 2361 1784 2455
3871 4 2 3 6 1772 2270 2409 2268
3872 4 2 3 6 2712 2458 1591 1740
3873 4 2 3 6 1657 2304 2306 1659
3874 4 2 3 6 2425 2433 1683 1682
3875 4 2 3 6 1786 2333 1788 2334
3876 4 2 3 6 2253 1819 1602 1782
3877 4 2 3 6 2409 2433 1682 1681
3878 4 2 3 6 1716 2364 2477 2478
3879 4 2 3 6 2362 1750 1724 2454
3880 4 2 3 6 2748 2252 1601 2718
3881 4 2 3 6 2747 1602 2253 2724
3882 4 2 3 6 2327 1726 1722 2296
3883 4 2 3 6 2333 2332 1741 1788
3884 4 2 3 6 1601 2469 2252 2384
3885 4 2 3 6 2430 1676 1645 2380
3886 4 2 3 6 2468 2482 1746 1804
3887 4 2 3 6 2432 2410 1642 2372
3888 4 2 3 6 1677 2353 1679 2470
3889 4 2 3 6 1679 1745 2470 2398
3890 4 2 3 6 1816 1831 2387 2457
3891 4 2 3 6 1678 2288 1730 1725
3892 4 2 3 6 2373 2329 2412 1637
3893 4 2 3 6 2315 2316 1732 1649
3894 4 2 3 6 2300 2392 1665 1664
3895 4 2 3 6 1711 1801 2386 2382
3896 4 2 3 6 2716 2465 1832 2260
3897 4 2 3 6 2379 2423 1781 2280
3898 4 2 3 6 1783 2379 1781 1629
3899 4 2 3 6 2304 1657 1658 1659
3900 4 2 3 6 1642 2432 2372 2320
3901 4 2 3 6 2448 349 2740 2791
3902 4 2 3 6 2712 2458 1740 2371
3903 4 2 3 6 2304 2307 1657 2306
3904 4 2 3 6 230 2706 2216 2217
3905 4 2 3 6 2706 1805 1719 1594
3906 4 2 3 6 2247 1598 2401 2459
3907 4 2 3 6 2732 2776 2471 2791
3908 4 2 3 6 1766 2374 2306 1661
3909 4 2 3 6 2461 2708 1789 2404
3910 4 2 3 6 1599 1809 1747 2250
3911 4 2 3 6 2295 1763 1616 1640
3912 4 2 3 6 2290 2284 2427 1634
3913 4 2 3 6 2389 1631 1632 1633
3914 4 2 3 6 2284 1770 2283 2282
3915 4 2 3 6 1730 2281 1624 1627
3916 4 2 3 6 2479 2477 1717 2376
3917 4 2 3 6 2275 2412 1630 2278
3918 4 2 3 6 1633 1639 2285 1768
3919 4 2 3 6 1644 2410 2267 2291
3920 4 2 3 6 2253 2747 2402 1744
3921 4 2 3 6 1828 2375 1737 1736
3922 4 2 3 6 2348 2439 1754 2433
3923 4 2 3 6 1788 1790 1698 2415
3924 4 2 3 6 1645 2380 1675 2372
3925 4 2 3 6 1663 1745 2298 2301
3926 4 2 3 6 1721 2293 1763 1727
3927 4 2 3 6 1622 1624 2279 1623
3928 4 2 3 6 2274 2275 2273 1628
3929 4 2 3 6 1616 1618 2323 1617
3930 4 2 3 6 1692 2340 2338 1761
3931 4 2 3 6 1687 1689 2394 2343
3932 4 2 3 6 2291 1644 1645 1648
3933 4 2 3 6 267 2715 2227 2234
3934 4 2 3 6 1744 2716 2747 2402
3935 4 2 3 6 1689 1691 1693 2342
3936 4 2 3 6 2344 1691 2340 2342
3937 4 2 3 6 1754 1710 1802 2439
3938 4 2 3 6 2293 1721 1669 1727
3939 4 2 3 6 1642 1644 2410 1639
3940 4 2 3 6 1790 2455 2361 2415
3941 4 2 3 6 1632 1630 2412 1637
3942 4 2 3 6 2283 2288 2281 1730
3943 4 2 3 6 2267 2268 2269 1671
3944 4 2 3 6 2789 2791 2471 2776
3945 4 2 3 6 2239 2705 2737 360
3946 4 2 3 6 2329 2316 1732 2315
3947 4 2 3 6 1678 1665 2392 1664
3948 4 2 3 6 1605 2257 2454 2405
3949 4 2 3 6 2374 2312 2306 1661
3950 4 2 3 6 2274 1779 2413 2280
3951 4 2 3 6 1629 1623 1762 2378
3952 4 2 3 6 2287 1773 2272 2270
3953 4 2 3 6 2310 1654 1652 1653
3954 4 2 3 6 1621 1619 1636 2438
3955 4 2 3 6 1617 1741 2325 1674
3956 4 2 3 6 2367 2416 1654 2328
3957 4 2 3 6 1766 1657 2306 1659
3958 4 2 3 6 1739 2457 2370 2330
3959 4 2 3 6 2311 1651 1777 1653
3960 4 2 3 6 1611 2401 2713 1598
3961 4 2 3 6 2302 2422 1660 2304
3962 4 2 3 6 2398 1679 1804 1720
3963 4 2 3 6 1651 1728 2311 1777
3964 4 2 3 6 2477 1717 1597 1806
3965 4 2 3 6 2302 2422 2383 1660
3966 4 2 3 6 1739 1820 1650 2417
3967 4 2 3 6 2310 1652 2328 2313
3968 4 2 3 6 2268 2322 2409 1673
3969 4 2 3 6 1607 2453 2411 1797
3970 4 2 3 6 2707 2245 1802 2441
3971 4 2 3 6 2245 2765 2707 1802
3972 4 2 3 6 1784 2751 2711 2455
3973 4 2 3 6 2751 1790 1591 2242
3974 4 2 3 6 349 2789 2791 2471
3975 4 2 3 6 1756 1684 2431 1755
3976 4 2 3 6 2335 2436 2435 1785
3977 4 2 3 6 2385 1712 1752 2430
3978 4 2 3 6 2314 2313 1650 1651
3979 4 2 3 6 2724 1819 1602 2253
3980 4 2 3 6 1663 2302 1662 2301
3981 4 2 3 6 2290 2295 2293 1763
3982 4 2 3 6 2718 2469 2480 2252
3983 4 2 3 6 1597 2714 2757 274
3984 4 2 3 6 1635 1778 1773 2272
3985 4 2 3 6 2388 2286 1621 2438
3986 4 2 3 6 1772 1635 1773 2270
3987 4 2 3 6 2478 2714 2399 2251
3988 4 2 3 6 2286 2428 1619 2438
3989 4 2 3 6 2303 1662 2301 2470
3990 4 2 3 6 1614 2299 1616 1640
3991 4 2 3 6 1624 2277 1626 1627
3992 4 2 3 6 1626 2277 2275 2278
3993 4 2 3 6 2477 1597 1716 2478
3994 4 2 3 6 2356 1669 2297 2419
3995 4 2 3 6 2343 1688 2341 2345
3996 4 2 3 6 1690 1694 1692 2339
3997 4 2 3 6 1819 1705 2357 2359
3998 4 2 3 6 1641 1642 2432 1639
3999 4 2 3 6 2724 2451 2722 1819
4000 4 2 3 6 1662 1659 1677 2303
4001 4 2 3 6 2262 2750 2745 2710
4002 4 2 3 6 2475 2715 2261 2403
4003 4 2 3 6 2718 2469 2252 1601
4004 4 2 3 6 2791 2471 2732 2448
4005 4 2 3 6 2329 1732 1632 1637
4006 4 2 3 6 1678 2392 2283 2288
4007 4 2 3 6 1825 2716 1744 2402
4008 4 2 3 6 2417 1647 2317 2314
4009 4 2 3 6 2306 2307 1657 2308
4010 4 2 3 6 1707 1721 2419 2326
4011 4 2 3 6 1706 1708 2469 2356
4012 4 2 3 6 1675 2380 2381 2358
4013 4 2 3 6 1738 2738 2720 2243
4014 4 2 3 6 2478 2714 2251 1597
4015 4 2 3 6 1621 1620 1619 2286
4016 4 2 3 6 2271 2272 1635 2270
4017 4 2 3 6 1738 2738 2243 1592
4018 4 2 3 6 2721 272 2760 1593
4019 4 2 3 6 1707 1723 1722 2326
4020 4 2 3 6 2251 1597 2757 1806
4021 4 2 3 6 1745 2301 2470 2398
4022 4 2 3 6 2318 2320 1641 1646
4023 4 2 3 6 2344 2349 1693 2342
4024 4 2 3 6 1693 2344 1691 1695
4025 4 2 3 6 2721 272 1593 2743
4026 4 2 3 6 1705 1819 1718 2359
4027 4 2 3 6 1655 1657 1656 2308
4028 4 2 3 6 1595 2739 2708 2246
4029 4 2 3 6 2739 1729 1787 2452
4030 4 2 3 6 2791 2448 349 2471
4031 4 2 3 6 2736 2250 1599 2709
4032 4 2 3 6 2478 2477 1597 2251
4033 4 2 3 6 1780 1641 1642 2320
4034 4 2 3 6 1705 1780 2320 1646
4035 4 2 3 6 1764 1688 1755 2345
4036 4 2 3 6 2339 2434 1694 2435
4037 4 2 3 6 2355 2344 2351 1695
4038 4 2 3 6 2353 1679 2470 2481
4039 4 2 3 6 2257 1767 1605 2454
4040 4 2 3 6 1669 1667 2297 2292
4041 4 2 3 6 1731 1775 1776 2429
4042 4 2 3 6 2469 1708 2369 2356
4043 4 2 3 6 2280 1629 2379 2378
4044 4 2 3 6 1779 1629 1781 2280
4045 4 2 3 6 2420 2429 1731 2393
4046 4 2 3 6 2257 2363 1767 2454
4047 4 2 3 6 2307 1658 2422 2304
4048 4 2 3 6 1653 1656 1777 2309
4049 4 2 3 6 1611 2742 2713 2401
4050 4 2 3 6 1654 1702 1713 2367
4051 4 2 3 6 2307 2309 1656 2308
4052 4 2 3 6 2458 2242 1790 2415
4053 4 2 3 6 1758 2749 1830 1738
4054 4 2 3 6 1695 2351 2355 1791
4055 4 2 3 6 2374 1766 1716 1793
4056 4 2 3 6 1634 1763 2290 1727
4057 4 2 3 6 2329 2412 1632 2389
4058 4 2 3 6 2410 2285 2432 1639
4059 4 2 3 6 1770 1678 2283 1730
4060 4 2 3 6 1697 2338 2360 1761
4061 4 2 3 6 1597 1716 1717 2477
4062 4 2 3 6 2347 1687 1709 2394
4063 4 2 3 6 2372 1675 1780 2358
4064 4 2 3 6 2346 2347 1686 2348
4065 4 2 3 6 349 2789 2471 18
4066 4 2 3 6 2290 2293 2292 1727
4067 4 2 3 6 1594 1754 2439 1805
4068 4 2 3 6 2431 2423 1755 2345
4069 4 2 3 6 2435 1694 1785 1783
4070 4 2 3 6 2353 2364 1716 2478
4071 4 2 3 6 2267 2291 2265 1648
4072 4 2 3 6 2293 1669 2419 2292
4073 4 2 3 6 2710 1752 2262 1751
4074 4 2 3 6 1820 1739 1830 2330
4075 4 2 3 6 2373 2418 1776 2429
4076 4 2 3 6 1777 1728 2418 1776
4077 4 2 3 6 2313 2314 2311 1651
4078 4 2 3 6 2383 2422 2393 1759
4079 4 2 3 6 1702 1820 1830 2330
4080 4 2 3 6 1662 1660 2302 1663
4081 4 2 3 6 2393 1731 1725 1759
4082 4 2 3 6 2398 2470 1679 2481
4083 4 2 3 6 2755 1792 2406 1757
4084 4 2 3 6 2444 2449 2406 1757
4085 4 2 3 6 2368 1818 2445 1734
4086 4 2 3 6 1628 1626 2275 1630
4087 4 2 3 6 2299 2295 2323 1616
4088 4 2 3 6 1607 1735 2453 1797
4089 4 2 3 6 2277 2279 2281 1624
4090 4 2 3 6 2748 2475 2403 2715
4091 4 2 3 6 2448 2405 1794 2483
4092 4 2 3 6 2461 2708 2246 1595
4093 4 2 3 6 2759 2213 2709 2212
4094 4 2 3 6 1745 2298 1666 1663
4095 4 2 3 6 1702 2366 1827 2367
4096 4 2 3 6 2431 2287 2425 1684
4097 4 2 3 6 2335 1786 1636 1785
4098 4 2 3 6 2418 2311 1777 2309
4099 4 2 3 6 2707 2765 2779 2216
4100 4 2 3 6 1649 1732 2315 1728
4101 4 2 3 6 2392 2300 2383 1664
4102 4 2 3 6 2422 1759 1660 1658
4103 4 2 3 6 2367 1713 1817 2445
4104 4 2 3 6 2375 2445 2312 1737
4105 4 2 3 6 2318 1641 1643 1646
4106 4 2 3 6 2388 1623 2279 2378
4107 4 2 3 6 1628 2274 1779 1778
4108 4 2 3 6 2755 1792 1757 1795
4109 4 2 3 6 1757 2444 2449 1604
4110 4 2 3 6 2428 2325 2323 1617
4111 4 2 3 6 1754 1683 2348 2433
4112 4 2 3 6 2334 1788 1698 2415
4113 4 2 3 6 1612 1767 1611 2459
4114 4 2 3 6 2790 2784 329 2206
4115 4 2 3 6 1737 2445 1818 1734
4116 4 2 3 6 1633 2285 2389 2271
4117 4 2 3 6 1770 2284 1634 1620
4118 4 2 3 6 2416 1817 2312 2445
4119 4 2 3 6 2340 2408 2338 1761
4120 4 2 3 6 1687 1689 1760 2394
4121 4 2 3 6 2293 2326 1721 2296
4122 4 2 3 6 2370 1830 1739 2330
4123 4 2 3 6 329 2784 2790 2463
4124 4 2 3 6 2253 1819 1782 2357
4125 4 2 3 6 2292 1667 2297 2294
4126 4 2 3 6 2711 2361 2455 2452
4127 4 2 3 6 1716 1766 2305 1677
4128 4 2 3 6 2404 1789 2461 2355
4129 4 2 3 6 1809 1704 1747 2442
4130 4 2 3 6 1726 2327 2414 2296
4131 4 2 3 6 1671 2268 1772 1673
4132 4 2 3 6 1706 2469 1601 2384
4133 4 2 3 6 2376 2377 1736 1807
4134 4 2 3 6 1832 1753 1796 2407
4135 4 2 3 6 1679 2398 2481 1720
4136 4 2 3 6 2479 2484 2377 1807
4137 4 2 3 6 1801 1603 2256 2385
4138 4 2 3 6 1810 2476 2354 2384
4139 4 2 3 6 2790 2749 2463 2761
4140 4 2 3 6 2330 1739 2457 2417
4141 4 2 3 6 1675 1642 1645 2372
4142 4 2 3 6 2790 2784 2761 2463
4143 4 2 3 6 2262 1751 1752 2385
4144 4 2 3 6 2456 1816 2387 2243
4145 4 2 3 6 1721 2419 2326 2293
4146 4 2 3 6 1606 2479 2258 1806
4147 4 2 3 6 2749 2463 2720 2790
4148 4 2 3 6 2452 1729 2360 2246
4149 4 2 3 6 1709 1599 1799 2440
4150 4 2 3 6 2761 2367 2249 1600
4151 4 2 3 6 1648 2267 1644 1671
4152 4 2 3 6 1663 2298 2300 2301
4153 4 2 3 6 2314 1650 1647 1649
4154 4 2 3 6 2462 2402 2381 1826
4155 4 2 3 6 2305 2353 1677 2303
4156 4 2 3 6 1675 1780 1642 2372
4157 4 2 3 6 1712 1800 1752 2430
4158 4 2 3 6 2319 1705 2320 1646
4159 4 2 3 6 328 2790 2720 2463
4160 4 2 3 6 1831 2457 1739 2417
4161 4 2 3 6 2297 1668 1669 2356
4162 4 2 3 6 2722 2359 1819 2451
4163 4 2 3 6 2466 2351 2444 1792
4164 4 2 3 6 1603 1801 1712 2385
4165 4 2 3 6 1692 2338 1696 1697
4166 4 2 3 6 2343 2347 1687 2346
4167 4 2 3 6 1679 1745 2398 1804
4168 4 2 3 6 1708 1798 2469 2369
4169 4 2 3 6 2405 2454 1750 2483
4170 4 2 3 6 2234 2740 2715 350
4171 4 2 3 6 1790 2242 2455 2415
4172 4 2 3 6 2439 1802 1754 1594
4173 4 2 3 6 1695 1700 2351 1791
4174 4 2 3 6 1774 2331 1674 1769
4175 4 2 3 6 2328 2416 1654 2310
4176 4 2 3 6 1724 1726 2327 2363
4177 4 2 3 6 1769 2331 2324 2365
4178 4 2 3 6 2357 2451 1819 2359
4179 4 2 3 6 2398 1745 2482 1804
4180 4 2 3 6 2372 1780 1642 2320
4181 4 2 3 6 273 2760 272 1720
4182 4 2 3 6 1665 2300 1664 1663
4183 4 2 3 6 2315 2314 2316 1649
4184 4 2 3 6 2258 2484 2479 1606
4185 4 2 3 6 1600 1818 1713 2367
4186 4 2 3 6 2761 2784 2790 2206
4187 4 2 3 6 2469 1798 1708 1706
4188 4 2 3 6 2463 329 328 2790
4189 4 2 3 6 2424 2426 2322 1680
4190 4 2 3 6 2419 1721 1669 2293
4191 4 2 3 6 2298 2352 2482 1746
4192 4 2 3 6 2408 2360 2338 1761
4193 4 2 3 6 1687 1760 1709 2394
4194 4 2 3 6 1715 2353 1716 2478
4195 4 2 3 6 2712 2458 2371 2242
4196 4 2 3 6 2746 2368 2249 2460
4197 4 2 3 6 2401 1611 1767 2459
4198 4 2 3 6 2382 1676 1712 2430
4199 4 2 3 6 1832 2716 2260 1796
4200 4 2 3 6 1655 2312 1817 1661
4201 4 2 3 6 2366 2749 2761 2463
4202 4 2 3 6 1817 2312 2445 1737
4203 4 2 3 6 1682 2433 1683 1681
4204 4 2 3 6 2264 2266 2265 1808
4205 4 2 3 6 2367 1818 1713 2445
4206 4 2 3 6 2484 2725 2258 2447
4207 4 2 3 6 2739 1729 2452 2246
4208 4 2 3 6 2772 1799 2736 2763
4209 4 2 3 6 2456 1815 1816 2243
4210 4 2 3 6 2333 2332 1788 2334
4211 4 2 3 6 2246 1729 2360 2461
4212 4 2 3 6 1709 1809 1599 2440
4213 4 2 3 6 1782 2462 2253 2357
4214 4 2 3 6 1722 1723 1724 2327
4215 4 2 3 6 1601 1810 1706 2384
4216 4 2 3 6 308 2452 2246 2739
4217 4 2 3 6 2446 2368 2445 1734
4218 4 2 3 6 2716 2465 2260 2402
4219 4 2 3 6 2719 2256 2750 2771
4220 4 2 3 6 2305 2374 2306 1766
4221 4 2 3 6 2469 2741 2718 2480
4222 4 2 3 6 2776 2732 265 2241
4223 4 2 3 6 1647 1831 1650 2417
4224 4 2 3 6 2253 2402 2462 1826
4225 4 2 3 6 2380 2382 1676 2381
4226 4 2 3 6 2245 2765 1802 1594
4227 4 2 3 6 2751 1790 2242 2455
4228 4 2 3 6 2445 2367 1818 2368
4229 4 2 3 6 1757 2406 2444 1792
4230 4 2 3 6 1825 1703 1711 2465
4231 4 2 3 6 267 2715 2758 1609
4232 4 2 3 6 2366 2749 2463 2370
4233 4 2 3 6 1830 1738 2370 1739
4234 4 2 3 6 1672 1714 2424 1680
4235 4 2 3 6 2368 1600 1818 1733
4236 4 2 3 6 2397 2481 2398 1720
4237 4 2 3 6 1677 1766 2305 1659
4238 4 2 3 6 2324 2391 1613 2365
4239 4 2 3 6 1658 1656 1657 2307
4240 4 2 3 6 2405 1750 1794 2483
4241 4 2 3 6 1669 1707 1721 2419
4242 4 2 3 6 1654 1652 1702 2328
4243 4 2 3 6 2484 2725 2447 1765
4244 4 2 3 6 2716 2465 2402 1825
4245 4 2 3 6 1815 1592 1816 2243
4246 4 2 3 6 1605 1611 1767 2401
4247 4 2 3 6 2715 2483 2261 2448
4248 4 2 3 6 2391 2414 2299 1614
4249 4 2 3 6 1806 2479 1717 1807
4250 4 2 3 6 2244 2468 2467 1593
4251 4 2 3 6 1748 2728 2708 177
4252 4 2 3 6 225 2726 2219 2212
4253 4 2 3 6 2750 2385 2262 2256
4254 4 2 3 6 2732 2776 2791 2241
4255 4 2 3 6 1748 2728 177 1608
4256 4 2 3 6 2726 2395 1747 2259
4257 4 2 3 6 1766 2306 1657 1661
4258 4 2 3 6 1604 2444 2259 1813
4259 4 2 3 6 2254 2466 1792 1608
4260 4 2 3 6 1737 2446 2445 1734
4261 4 2 3 6 2758 1794 2448 2732
4262 4 2 3 6 1612 1614 2391 1613
4263 4 2 3 6 2355 2404 1789 1791
4264 4 2 3 6 1704 2443 1747 2442
4265 4 2 3 6 1827 1600 1713 2367
4266 4 2 3 6 1803 2468 2467 2352
4267 4 2 3 6 1743 1814 1723 2475
4268 4 2 3 6 2416 1817 1654 1655
4269 4 2 3 6 2776 265 12 2241
4270 4 2 3 6 1726 2327 2363 2414
4271 4 2 3 6 2466 2355 2351 1791
4272 4 2 3 6 2353 1716 1677 1715
4273 4 2 3 6 1736 1793 2376 1807
4274 4 2 3 6 2717 2368 2746 2460
4275 4 2 3 6 2367 1702 2366 2328
4276 4 2 3 6 2243 2370 2720 1738
4277 4 2 3 6 2376 1717 2479 1807
4278 4 2 3 6 1804 1746 2468 1593
4279 4 2 3 6 283 2724 2722 1829
4280 4 2 3 6 2729 1750 1794 2405
4281 4 2 3 6 2482 2298 1745 2301
4282 4 2 3 6 2385 2256 1801 2386
4283 4 2 3 6 272 2760 1593 1720
4284 4 2 3 6 1830 2749 2370 1738
4285 4 2 3 6 1832 2716 1796 1610
4286 4 2 3 6 2243 1816 2387 2457
4287 4 2 3 6 2484 2725 1765 1606
4288 4 2 3 6 2264 2421 2424 1714
4289 4 2 3 6 1780 2372 2358 2320
4290 4 2 3 6 1827 1713 1702 2367
4291 4 2 3 6 1750 1605 1767 2454
4292 4 2 3 6 2732 2405 2448 2471
4293 4 2 3 6 2457 1831 2387 2417
4294 4 2 3 6 2776 2729 2471 2789
4295 4 2 3 6 1769 1613 1771 2365
4296 4 2 3 6 2337 1698 2334 2336
4297 4 2 3 6 1652 1650 2313 1651
4298 4 2 3 6 2718 2469 1601 1798
4299 4 2 3 6 2724 2451 1819 2253
4300 4 2 3 6 2320 1641 2432 2318
4301 4 2 3 6 1726 1724 1767 2363
4302 4 2 3 6 2417 2313 1650 2314
4303 4 2 3 6 2302 1662 2301 2303
4304 4 2 3 6 2375 2446 1737 1736
4305 4 2 3 6 2419 1669 2297 2292
4306 4 2 3 6 1791 2404 1789 1748
4307 4 2 3 6 2443 2395 1747 2442
4308 4 2 3 6 2731 1753 2407 1796
4309 4 2 3 6 2262 2750 2710 1751
4310 4 2 3 6 1684 2425 1683 1682
4311 4 2 3 6 2334 1786 2333 2335
4312 4 2 3 6 2375 2446 2445 1737
4313 4 2 3 6 1643 1732 2316 1649
4314 4 2 3 6 2255 2453 2411 1607
4315 4 2 3 6 1665 2392 2300 2294
4316 4 2 3 6 1669 1667 2292 1727
4317 4 2 3 6 2353 1679 2481 1715
4318 4 2 3 6 2254 2444 2406 1792
4319 4 2 3 6 1757 2444 1604 1792
4320 4 2 3 6 1679 2353 1677 1715
4321 4 2 3 6 2320 1780 1641 1646
4322 4 2 3 6 1697 1692 2338 1761
4323 4 2 3 6 2394 2347 1687 2343
4324 4 2 3 6 2466 2404 1791 1608
4325 4 2 3 6 2259 2443 1747 1813
4326 4 2 3 6 1711 1832 1825 2465
4327 4 2 3 6 2401 1767 1605 2257
4328 4 2 3 6 1745 1746 2482 1804
4329 4 2 3 6 2199 2724 2722 283
4330 4 2 3 6 1798 2718 2741 269
4331 4 2 3 6 2362 1814 2483 2475
4332 4 2 3 6 1813 1604 2444 1792
4333 4 2 3 6 2254 2466 2444 1792
4334 4 2 3 6 1792 1795 2254 1608
4335 4 2 3 6 2444 2259 2449 1604
4336 4 2 3 6 1702 1830 2366 2330
4337 4 2 3 6 2714 2481 2399 2397
4338 4 2 3 6 2328 1702 2366 2330
4339 4 2 3 6 2758 2483 2448 1794
4340 4 2 3 6 2484 2479 1606 1807
4341 4 2 3 6 2366 2749 2370 1830
4342 4 2 3 6 2372 2380 1675 2358
4343 4 2 3 6 1721 1707 1722 2326
4344 4 2 3 6 1611 2742 2401 1605
4345 4 2 3 6 2407 1796 1832 2260
4346 4 2 3 6 1737 1817 2312 1661
4347 4 2 3 6 2761 2367 1600 1827
4348 4 2 3 6 2453 2255 2446 1734
4349 4 2 3 6 1662 1745 1663 2301
4350 4 2 3 6 2404 2466 2254 1608
4351 4 2 3 6 1604 2259 1747 1813
4352 4 2 3 6 2401 2363 1767 2257
4353 4 2 3 6 2332 2331 2325 1674
4354 4 2 3 6 2724 1819 2722 1829
4355 4 2 3 6 2449 2754 1757 1604
4356 4 2 3 6 2453 2255 1734 1607
4357 4 2 3 6 2433 1683 2348 2425
4358 4 2 3 6 1788 1698 1786 2334
4359 4 2 3 6 2769 2406 2733 2755
4360 4 2 3 6 1673 1680 2322 1681
4361 4 2 3 6 2263 2264 2265 1808
4362 4 2 3 6 2717 1734 2368 2255
4363 4 2 3 6 1668 1666 2297 1667
4364 4 2 3 6 1815 1701 1718 2359
4365 4 2 3 6 1650 1831 1739 2417
4366 4 2 3 6 2444 2443 2259 1813
4367 4 2 3 6 1791 1792 2466 1608
4368 4 2 3 6 1712 2385 2382 2430
4369 4 2 3 6 1800 1676 1645 2430
4370 4 2 3 6 2317 2319 2318 1646
4371 4 2 3 6 2717 2368 2460 2255
4372 4 2 3 6 1748 1791 2404 1608
4373 4 2 3 6 2443 2395 2259 1747
4374 4 2 3 6 1734 1735 2453 1607
4375 4 2 3 6 2338 2340 1692 2339
4376 4 2 3 6 1687 1689 2343 1688
4377 4 2 3 6 2300 2302 1663 2301
4378 4 2 3 6 1649 2314 1650 1651
4379 4 2 3 6 2229 2727 2773 2741
4380 4 2 3 6 2301 1745 2482 2398
4381 4 2 3 6 2733 2406 2474 2449
4382 4 2 3 6 2733 2406 2449 1757
4383 4 2 3 6 1766 2374 1661 1793
4384 4 2 3 6 2253 2451 1819 2357
4385 4 2 3 6 1798 2469 1601 1706
4386 4 2 3 6 2430 2382 1676 2380
4387 4 2 3 6 2446 2375 2377 1736
4388 4 2 3 6 2241 2789 2776 2791
4389 4 2 3 6 2764 2471 2729 2789
4390 4 2 3 6 1695 2355 1789 1791
4391 4 2 3 6 1704 2349 2443 2442
4392 4 2 3 6 2445 1818 1713 1737
4393 4 2 3 6 2750 2385 2256 1603
4394 4 2 3 6 1754 1683 2433 1681
4395 4 2 3 6 2334 2332 1788 2415
4396 4 2 3 6 2717 1734 2255 1607
4397 4 2 3 6 2401 1767 2363 2459
4398 4 2 3 6 2257 1605 2401 2742
4399 4 2 3 6 1751 1712 1752 2385
4400 4 2 3 6 1726 1722 1724 2327
4401 4 2 3 6 2377 2376 2479 1807
4402 4 2 3 6 2445 1713 1817 1737
4403 4 2 3 6 2352 2298 1666 1746
4404 4 2 3 6 1832 1711 2386 2465
4405 4 2 3 6 2320 2357 1705 2319
4406 4 2 3 6 2764 2471 2789 317
4407 4 2 3 6 2726 2449 2259 1604
4408 4 2 3 6 1701 2319 1705 2359
4409 4 2 3 6 1706 1669 1668 2356
4410 4 2 3 6 1668 2352 1708 2356
4411 4 2 3 6 2466 2404 2355 1791
4412 4 2 3 6 2443 1747 1813 1704
4413 4 2 3 6 1603 1712 1751 2385
4414 4 2 3 6 1717 2376 1793 1807
4415 4 2 3 6 1597 1715 1716 2478
4416 4 2 3 6 2471 317 18 2789
4417 4 2 3 6 225 2726 2759 1747
4418 4 2 3 6 1814 1750 2362 2483
4419 4 2 3 6 349 2789 18 2241
4420 4 2 3 6 2419 2384 1707 2326
4421 4 2 3 6 1782 1780 1675 2358
4422 4 2 3 6 2722 2359 2451 2456
4423 4 2 3 6 2469 2741 2480 2369
4424 4 2 3 6 2326 2327 1722 2296
4425 4 2 3 6 1806 1606 2479 1807
4426 4 2 3 6 2366 1827 1830 1702
4427 4 2 3 6 2320 2318 2319 1646
4428 4 2 3 6 2297 1668 1667 1669
4429 4 2 3 6 2380 1676 1645 1675
4430 4 2 3 6 1750 1814 1609 2483
4431 4 2 3 6 2481 2478 2714 2399
4432 4 2 3 6 2727 1798 1803 2369
4433 4 2 3 6 2260 1832 2386 2465
4434 4 2 3 6 2737 2782 276 1806
4435 4 2 3 6 1734 2368 1818 1733
4436 4 2 3 6 2717 1734 1607 1733
4437 4 2 3 6 2749 1827 2366 2761
4438 4 2 3 6 2319 2357 1705 2359
4439 4 2 3 6 276 2782 2737 2239
4440 4 2 3 6 1676 1800 1712 2430
4441 4 2 3 6 2757 359 2251 2705
4442 4 2 3 6 1706 1668 1708 2356
4443 4 2 3 6 2382 2386 1711 2465
4444 4 2 3 6 1715 2481 2353 2478
4445 4 2 3 6 1832 1711 1801 2386
4446 4 2 3 6 2775 2411 2752 2723
4447 4 2 3 6 1705 1782 1819 2357
4448 4 2 3 6 2384 1706 2469 2356
4449 4 2 3 6 1606 1735 2484 1807
4450 4 2 3 6 1814 1750 1724 2362
4451 4 2 3 6 2454 2362 1750 2483
4452 4 2 3 6 2370 2366 1830 2330
4453 4 2 3 6 1698 2334 2415 2337
4454 4 2 3 6 1754 1683 1686 2348
4455 4 2 3 6 2717 1734 1733 2368
4456 4 2 3 6 1720 2481 1679 1715
4457 4 2 3 6 2358 2462 1782 2357
4458 4 2 3 6 1718 1701 1705 2359
4459 4 2 3 6 1707 1706 1810 2384
4460 4 2 3 6 2468 2482 2352 1746
4461 4 2 3 6 2352 2369 1708 2356
4462 4 2 3 6 2387 1701 1831 1816
4463 4 2 3 6 1648 2265 1808 1800
4464 4 2 3 6 2327 2362 1724 2363
4465 4 2 3 6 1676 1712 1711 2382
4466 4 2 3 6 2732 2405 2471 2729
4467 4 2 3 6 2446 1737 1736 1734
4468 4 2 3 6 2775 2734 2472 2788
4469 4 2 3 6 1746 1666 2352 1668
4470 4 2 3 6 2337 2338 2360 1697
4471 4 2 3 6 333 2472 2788 2775
4472 4 2 3 6 1686 1687 1709 2347
4473 4 2 3 6 1803 2743 2727 2467
4474 4 2 3 6 2386 2407 1832 2260
4475 4 2 3 6 2317 2387 2319 1701
4476 4 2 3 6 2319 1705 1646 1701
4477 4 2 3 6 1750 1609 1794 2483
4478 4 2 3 6 1765 1735 2484 1606
4479 4 2 3 6 2732 2405 2729 1794
4480 4 2 3 6 1668 2297 2352 2356
4481 4 2 3 6 1592 1815 2738 2243
4482 4 2 3 6 1821 2768 2777 1765
4483 4 2 3 6 2721 2467 2743 1593
4484 4 2 3 6 1708 1803 1798 2369
4485 4 2 3 6 236 2719 2220 2225
4486 4 2 3 6 1753 2473 2450 2719
4487 4 2 3 6 2255 2368 2446 1734
4488 4 2 3 6 2722 1829 284 283
4489 4 2 3 6 2469 2741 2369 1798
4490 4 2 3 6 1795 2778 2755 2781
4491 4 2 3 6 2753 2243 1815 2456
4492 4 2 3 6 2732 2729 2471 2776
4493 4 2 3 6 1794 2729 1822 1749
4494 4 2 3 6 2731 1753 1796 1823
4495 4 2 3 6 1803 2743 2467 1593
4496 4 2 3 6 2719 2473 2450 348
4497 4 2 3 6 2755 1757 1824 1795
4498 4 2 3 6 362 2788 2472 2768
4499 4 2 3 6 1795 2778 2781 175
4500 4 2 3 6 2352 1708 1746 1668
4501 4 2 3 6 1701 2387 2319 2359
4502 4 2 3 6 2757 359 2705 2238
4503 4 2 3 6 2216 2706 342 2217
4504 4 2 3 6 2706 2245 1594 2765
4505 4 2 3 6 2216 2215 341 2707
4506 4 2 3 6 2707 2245 2441 341
4507 4 2 3 6 1595 2739 1787 179
4508 4 2 3 6 2214 2707 340 2215
4509 4 2 3 6 2736 2213 339 2709
4510 4 2 3 6 2472 2788 20 333
4511 4 2 3 6 1595 2739 179 2708
4512 4 2 3 6 2736 2250 2709 339
4513 4 2 3 6 2770 2221 2710 344
4514 4 2 3 6 2770 2248 344 2710
4515 4 2 3 6 2768 2788 2472 2734
4516 4 2 3 6 2222 2706 343 2770
4517 4 2 3 6 2711 2184 2185 180
4518 4 2 3 6 1784 2711 180 1787
4519 4 2 3 6 2705 2251 2400 359
4520 4 2 3 6 1740 2744 183 2712
4521 4 2 3 6 1740 2744 2712 2464
4522 4 2 3 6 2223 2710 2221 345
4523 4 2 3 6 2708 2182 2183 178
4524 4 2 3 6 2212 2709 338 2213
4525 4 2 3 6 178 1595 2708 1748
4526 4 2 3 6 2759 1599 1747 2709
4527 4 2 3 6 2223 2710 345 2745
4528 4 2 3 6 1611 2742 1605 186
4529 4 2 3 6 2237 2236 358 2714
4530 4 2 3 6 2714 2251 1597 2757
4531 4 2 3 6 2239 2705 360 2238
4532 4 2 3 6 2731 2473 2756 320
4533 4 2 3 6 2227 2234 2715 351
4534 4 2 3 6 1744 2716 1610 281
4535 4 2 3 6 2713 2191 2193 185
4536 4 2 3 6 2712 2187 2186 182
4537 4 2 3 6 1591 1740 182 2712
4538 4 2 3 6 2717 289 2746 1733
4539 4 2 3 6 2748 2475 2715 1743
4540 4 2 3 6 1744 2716 281 2747
4541 4 2 3 6 1601 2748 2718 268
4542 4 2 3 6 347 2719 2220 2224
4543 4 2 3 6 2713 185 1611 1598
4544 4 2 3 6 2228 2748 2718 352
4545 4 2 3 6 1803 2467 2727 2369
4546 4 2 3 6 267 2715 1609 1743
4547 4 2 3 6 225 2726 1747 1604
4548 4 2 3 6 2728 2182 2188 306
4549 4 2 3 6 2756 19 320 2473
4550 4 2 3 6 2760 2237 357 2714
4551 4 2 3 6 2721 2232 2231 356
4552 4 2 3 6 287 2720 2749 1738
4553 4 2 3 6 2760 2237 2714 273
4554 4 2 3 6 2721 2232 356 2760
4555 4 2 3 6 2228 2748 352 2227
4556 4 2 3 6 2747 1602 2724 282
4557 4 2 3 6 1751 2750 234 1603
4558 4 2 3 6 1784 2751 1591 181
4559 4 2 3 6 1784 2751 181 2711
4560 4 2 3 6 2200 2722 2199 325
4561 4 2 3 6 2739 2708 2246 308
4562 4 2 3 6 2762 2774 2787 2209
4563 4 2 3 6 1758 287 2749 1738
4564 4 2 3 6 2205 2723 2209 332
4565 4 2 3 6 2787 2209 291 2762
4566 4 2 3 6 2742 2193 2713 315
4567 4 2 3 6 2747 1602 282 1744
4568 4 2 3 6 2239 361 2725 2235
4569 4 2 3 6 2234 2740 350 2233
4570 4 2 3 6 2219 337 2212 2726
4571 4 2 3 6 2726 2395 2259 337
4572 4 2 3 6 2223 2224 2771 346
4573 4 2 3 6 346 2256 2771 2745
4574 4 2 3 6 1611 2742 186 2713
4575 4 2 3 6 2782 2757 275 1806
4576 4 2 3 6 2191 2713 2193 314
4577 4 2 3 6 1600 2746 289 1733
4578 4 2 3 6 2229 2727 2741 270
4579 4 2 3 6 2762 2752 291 1797
4580 4 2 3 6 2199 2724 283 2198
4581 4 2 3 6 1798 2718 269 1601
4582 4 2 3 6 2719 2256 2771 347
4583 4 2 3 6 305 2728 2755 2189
4584 4 2 3 6 2725 2258 2447 361
4585 4 2 3 6 2717 2209 2787 2774
4586 4 2 3 6 2200 2753 326 2201
4587 4 2 3 6 2717 2209 290 2787
4588 4 2 3 6 1803 2743 1593 271
4589 4 2 3 6 310 2187 2751 2185
4590 4 2 3 6 230 2706 1719 1594
4591 4 2 3 6 2202 2738 327 2720
4592 4 2 3 6 1601 2748 268 1743
4593 4 2 3 6 267 2715 1743 2748
4594 4 2 3 6 2742 2713 2401 315
4595 4 2 3 6 2222 2706 2770 231
4596 4 2 3 6 347 2256 2771 346
4597 4 2 3 6 280 1610 1796 2716
4598 4 2 3 6 2755 2728 305 2254
4599 4 2 3 6 2223 346 2771 2745
4600 4 2 3 6 2730 1598 184 185
4601 4 2 3 6 1771 1598 184 2744
4602 4 2 3 6 2722 2456 2451 325
4603 4 2 3 6 2716 322 2402 2260
4604 4 2 3 6 2728 2182 306 2708
4605 4 2 3 6 225 2726 1604 2754
4606 4 2 3 6 1802 1799 228 2707
4607 4 2 3 6 2716 2204 2731 280
4608 4 2 3 6 1738 2738 1592 286
4609 4 2 3 6 1738 2738 286 2720
4610 4 2 3 6 1758 2761 288 1600
4611 4 2 3 6 316 2783 2194 2190
4612 4 2 3 6 291 290 2209 2787
4613 4 2 3 6 1605 1749 187 2729
4614 4 2 3 6 2199 2724 2198 324
4615 4 2 3 6 2469 2741 1798 2718
4616 4 2 3 6 332 2774 2723 2209
4617 4 2 3 6 2757 1597 275 1806
4618 4 2 3 6 2719 2256 347 2450
4619 4 2 3 6 2719 235 2220 2224
4620 4 2 3 6 2750 2385 1603 1751
4621 4 2 3 6 2710 2223 2221 233
4622 4 2 3 6 2707 2765 229 1802
4623 4 2 3 6 1803 270 1798 2727
4624 4 2 3 6 2772 1799 2763 227
4625 4 2 3 6 2230 354 2229 2773
4626 4 2 3 6 2736 2213 2214 339
4627 4 2 3 6 2784 2761 2746 2206
4628 4 2 3 6 2773 2467 2767 354
4629 4 2 3 6 330 2746 2206 2784
4630 4 2 3 6 2746 330 2249 2784
4631 4 2 3 6 2746 2208 2717 330
4632 4 2 3 6 2753 2243 2456 326
4633 4 2 3 6 1719 2706 231 1812
4634 4 2 3 6 230 2706 1594 2765
4635 4 2 3 6 1803 2743 271 2727
4636 4 2 3 6 2202 2738 2720 286
4637 4 2 3 6 2773 2467 2727 2767
4638 4 2 3 6 354 355 2467 2767
4639 4 2 3 6 2731 2756 1823 279
4640 4 2 3 6 229 2765 2707 2216
4641 4 2 3 6 2203 2716 2204 321
4642 4 2 3 6 2712 2187 311 2186
4643 4 2 3 6 2717 2209 2208 290
4644 4 2 3 6 1733 2717 290 1607
4645 4 2 3 6 2719 235 2750 1603
4646 4 2 3 6 2725 2239 2235 277
4647 4 2 3 6 305 2188 2728 2189
4648 4 2 3 6 308 2708 2246 307
4649 4 2 3 6 330 2746 2460 2717
4650 4 2 3 6 1607 2762 291 1797
4651 4 2 3 6 1596 2710 233 1751
4652 4 2 3 6 1765 2725 277 1606
4653 4 2 3 6 2214 2772 227 2213
4654 4 2 3 6 2736 2213 2772 2214
4655 4 2 3 6 2751 2455 2786 2711
4656 4 2 3 6 2777 2734 2768 1821
4657 4 2 3 6 2755 2728 1795 2781
4658 4 2 3 6 2758 1794 2732 266
4659 4 2 3 6 2722 284 1829 1718
4660 4 2 3 6 354 2766 2229 2773
4661 4 2 3 6 1795 2728 2755 2254
4662 4 2 3 6 1606 2737 276 1806
4663 4 2 3 6 1757 2754 224 1604
4664 4 2 3 6 2758 1794 266 1609
4665 4 2 3 6 2718 2229 353 2766
4666 4 2 3 6 2231 2767 355 2230
4667 4 2 3 6 310 2751 2455 2786
4668 4 2 3 6 2240 2725 2768 362
4669 4 2 3 6 1823 279 1796 2731
4670 4 2 3 6 2765 229 1802 1594
4671 4 2 3 6 1815 285 2738 2753
4672 4 2 3 6 355 2767 2231 2721
4673 4 2 3 6 2733 2449 2474 335
4674 4 2 3 6 1821 2752 292 2734
4675 4 2 3 6 285 1592 1815 2738
4676 4 2 3 6 2773 2467 354 2369
4677 4 2 3 6 2731 2211 279 2204
4678 4 2 3 6 2226 2733 335 2218
4679 4 2 3 6 2768 2752 2734 2472
4680 4 2 3 6 2240 2725 362 2235
4681 4 2 3 6 2728 2189 2188 176
4682 4 2 3 6 283 2724 1829 1602
4683 4 2 3 6 2205 333 2775 2723
4684 4 2 3 6 2211 2204 2731 320
4685 4 2 3 6 2189 2755 304 2196
4686 4 2 3 6 2731 279 280 2204
4687 4 2 3 6 333 2775 2210 2205
4688 4 2 3 6 309 2455 2711 2786
4689 4 2 3 6 309 310 2455 2786
4690 4 2 3 6 2788 2240 2734 2768
4691 4 2 3 6 318 18 2195 2789
4692 4 2 3 6 2772 2763 2736 2214
4693 4 2 3 6 2708 2182 178 177
4694 4 2 3 6 2733 17 303 2226
4695 4 2 3 6 16 2734 2777 1821
4696 4 2 3 6 2713 2730 314 2191
4697 4 2 3 6 2731 2473 1823 2756
4698 4 2 3 6 362 2788 2768 2240
4699 4 2 3 6 2756 2211 19 319
4700 4 2 3 6 2733 2449 2785 2754
4701 4 2 3 6 2211 2756 14 319
4702 4 2 3 6 16 2240 2734 334
4703 4 2 3 6 2726 2449 2754 2785
4704 4 2 3 6 2196 2733 303 10
4705 4 2 3 6 2778 2733 10 1824
4706 4 2 3 6 2752 2210 2734 2775
4707 4 2 3 6 2210 16 292 2734
4708 4 2 3 6 2788 2240 20 334
4709 4 2 3 6 16 2210 334 2734
4710 4 2 3 6 2752 2210 2775 2205
4711 4 2 3 6 2196 17 2733 2769
4712 4 2 3 6 334 2788 2734 2210
4713 4 2 3 6 2733 2406 1757 2755
4714 4 2 3 6 2769 2406 2755 304
4715 4 2 3 6 1757 2733 1824 223
4716 4 2 3 6 1822 1794 265 2732
4717 4 2 3 6 359 360 2705 2238
4718 4 2 3 6 2216 2779 341 342
4719 4 2 3 6 2706 343 342 2217
4720 4 2 3 6 2707 2215 341 340
4721 4 2 3 6 340 339 2736 2214
4722 4 2 3 6 179 178 1595 2708
4723 4 2 3 6 339 2213 338 2709
4724 4 2 3 6 345 2710 2221 344
4725 4 2 3 6 344 2770 2222 343
4726 4 2 3 6 180 179 1787 2739
4727 4 2 3 6 2236 358 2757 359
4728 4 2 3 6 356 355 2231 2721
4729 4 2 3 6 346 2223 345 2745
4730 4 2 3 6 2212 2735 337 338
4731 4 2 3 6 2718 352 353 2228
4732 4 2 3 6 316 2764 2190 317
4733 4 2 3 6 2726 2449 2785 336
4734 4 2 3 6 188 187 1749 2729
4735 4 2 3 6 358 357 2237 2714
4736 4 2 3 6 277 278 2725 1765
4737 4 2 3 6 2755 304 305 2189
4738 4 2 3 6 2768 2725 2777 1765
4739 4 2 3 6 2204 2731 320 321
4740 4 2 3 6 2730 314 2191 313
4741 4 2 3 6 361 360 2239 2737
4742 4 2 3 6 348 2719 2220 347
4743 4 2 3 6 2234 350 2715 351
4744 4 2 3 6 183 182 1740 2712
4745 4 2 3 6 224 223 2754 1757
4746 4 2 3 6 1743 268 267 2748
4747 4 2 3 6 231 230 2706 1719
4748 4 2 3 6 2733 2449 335 2785
4749 4 2 3 6 307 306 2182 2708
4750 4 2 3 6 226 225 2759 1747
4751 4 2 3 6 336 335 2449 2785
4752 4 2 3 6 2257 2742 2401 315
4753 4 2 3 6 312 2186 2712 311
4754 4 2 3 6 336 335 2785 2218
4755 4 2 3 6 1611 186 185 2713
4756 4 2 3 6 329 2784 330 2206
4757 4 2 3 6 233 232 2710 1596
4758 4 2 3 6 275 274 1597 2757
4759 4 2 3 6 2774 2209 332 331
4760 4 2 3 6 1610 280 281 2716
4761 4 2 3 6 351 2748 2227 352
4762 4 2 3 6 2768 2447 2472 362
4763 4 2 3 6 2722 324 2199 325
4764 4 2 3 6 2711 180 181 1784
4765 4 2 3 6 361 362 2725 2235
4766 4 2 3 6 2723 2205 333 332
4767 4 2 3 6 227 228 1799 2763
4768 4 2 3 6 2749 288 1758 2761
4769 4 2 3 6 2233 349 2740 350
4770 4 2 3 6 2232 2760 357 356
4771 4 2 3 6 281 282 1744 2747
4772 4 2 3 6 336 337 2219 2726
4773 4 2 3 6 2753 325 2200 326
4774 4 2 3 6 2247 2713 2730 314
4775 4 2 3 6 266 265 1794 2732
4776 4 2 3 6 347 2771 2224 346
4777 4 2 3 6 309 310 2786 2185
4778 4 2 3 6 2741 269 270 1798
4779 4 2 3 6 1796 279 280 2731
4780 4 2 3 6 315 316 2783 2194
4781 4 2 3 6 2737 276 277 1606
4782 4 2 3 6 321 2203 2716 322
4783 4 2 3 6 292 291 2752 1797
4784 4 2 3 6 2781 175 176 1795
4785 4 2 3 6 187 186 1605 2742
4786 4 2 3 6 2718 268 269 1601
4787 4 2 3 6 323 2724 324 2198
4788 4 2 3 6 283 2199 284 2722
4789 4 2 3 6 267 266 1609 2758
4790 4 2 3 6 306 305 2188 2728
4791 4 2 3 6 1803 271 270 2727
4792 4 2 3 6 2754 225 224 1604
4793 4 2 3 6 1591 182 181 2751
4794 4 2 3 6 1592 285 286 2738
4795 4 2 3 6 326 327 2201 2738
4796 4 2 3 6 315 2193 2713 314
4797 4 2 3 6 2743 271 272 1593
4798 4 2 3 6 226 227 1599 2772
4799 4 2 3 6 310 2751 2187 311
4800 4 2 3 6 349 2789 2241 2791
4801 4 2 3 6 2733 335 17 2226
4802 4 2 3 6 1823 14 279 2756
4803 4 2 3 6 2756 2225 19 348
4804 4 2 3 6 362 2788 2240 20
4805 4 2 3 6 2778 10 175 1824
4806 4 2 3 6 12 188 1822 2776
4807 4 2 3 6 2734 16 292 1821
4808 4 2 3 6 234 235 1603 2750
4809 4 2 3 6 290 289 2717 1733
4810 4 2 3 6 1771 184 183 2744
4811 4 2 3 6 233 234 1751 2750
4812 4 2 3 6 2720 287 286 1738
4813 4 2 3 6 354 355 2767 2230
4814 4 2 3 6 273 2760 1720 2714
4815 4 2 3 6 2724 283 282 1602
4816 4 2 3 6 284 285 1815 2753
4817 4 2 3 6 2782 275 276 1806
4818 4 2 3 6 2728 176 177 1608
4819 4 2 3 6 2229 353 2766 354
4820 4 2 3 6 232 231 2770 1812
4821 4 2 3 6 291 290 2787 1607
4822 4 2 3 6 2790 329 328 2207
4823 4 2 3 6 1811 274 273 2714
4824 4 2 3 6 228 229 1802 2707
4825 4 2 3 6 313 2192 2780 312
4826 4 2 3 6 2717 331 330 2208
4827 4 2 3 6 230 229 2765 1594
4828 4 2 3 6 362 2788 20 2472
4829 4 2 3 6 2769 17 304 2196
4830 4 2 3 6 223 10 2733 1824
4831 4 2 3 6 1822 265 12 2776
4832 4 2 3 6 2777 278 16 1821
4833 4 2 3 6 2760 2237 273 2232
4834 4 2 3 6 2789 317 18 2195
4835 4 2 3 6 2788 2210 20 333
4836 4 2 3 6 2763 2772 227 2214
4837 4 2 3 6 2374 1828 2312 1661
4838 4 2 3 6 2312 1828 2374 2375
4839 4 2 3 6 1783 2434 1781 2379
4840 4 2 3 6 1783 1781 2434 1764
4841 4 2 3 6 2423 1781 2434 2379
4842 4 2 3 6 2423 2434 1781 1764
4843 4 2 3 6 2341 1691 1689 2342
4844 4 2 3 6 2341 1689 1691 1690
4845 4 2 3 6 2438 1762 2388 2436
4846 4 2 3 6 2388 1762 2438 1621
4847 4 2 3 6 2438 1741 2428 1619
4848 4 2 3 6 2428 1741 2438 2333
4849 4 2 3 6 2413 1778 1773 1756
4850 4 2 3 6 1773 1778 2413 2272
4851 4 2 3 6 1773 2287 2413 1756
4852 4 2 3 6 2413 2287 1773 2272
4853 4 2 3 6 2409 1772 1773 2270
4854 4 2 3 6 1773 1772 2409 1682
4855 4 2 3 6 1773 2287 2409 2270
4856 4 2 3 6 2409 2287 1773 1682
4857 4 2 3 6 1631 2272 2271 2273
4858 4 2 3 6 2271 2272 1631 1635
4859 4 2 3 6 1768 2270 2271 1635
4860 4 2 3 6 2271 2270 1768 2269
4861 4 2 3 6 2428 2427 1619 1618
4862 4 2 3 6 2428 1619 2427 2286
4863 4 2 3 6 1620 1619 2427 1618
4864 4 2 3 6 1620 2427 1619 2286
4865 4 2 3 6 1620 2282 1621 1622
4866 4 2 3 6 1620 1621 2282 2286
4867 4 2 3 6 2388 1621 2282 1622
4868 4 2 3 6 2388 2282 1621 2286
4869 4 2 3 6 1727 2289 1634 1742
4870 4 2 3 6 1634 2289 1727 2290
4871 4 2 3 6 1615 2299 2323 1616
4872 4 2 3 6 1615 2323 2299 2324
4873 4 2 3 6 1626 2276 1628 2275
4874 4 2 3 6 1626 1628 2276 1625
4875 4 2 3 6 2394 1809 1709 2440
4876 4 2 3 6 2394 1709 1809 1760
4877 4 2 3 6 2461 1761 2360 2408
4878 4 2 3 6 2461 2360 1761 1729
4879 4 2 3 6 1625 2279 2277 1624
4880 4 2 3 6 2277 2279 1625 2276
4881 4 2 3 6 2277 1626 1625 1624
4882 4 2 3 6 1625 1626 2277 2276
4883 4 2 3 6 2336 1785 1786 2335
4884 4 2 3 6 1786 1785 2336 1696
4885 4 2 3 6 1786 2334 2336 2335
4886 4 2 3 6 1638 2389 2329 1632
4887 4 2 3 6 2329 2389 1638 2390
4888 4 2 3 6 2329 1732 1638 1632
4889 4 2 3 6 1638 1732 2329 2390
4890 4 2 3 6 1641 1638 2432 2390
4891 4 2 3 6 1641 2432 1638 1639
4892 4 2 3 6 2285 2432 1638 2390
4893 4 2 3 6 2285 1638 2432 1639
4894 4 2 3 6 2289 2392 1678 1742
4895 4 2 3 6 1678 2392 2289 2283
4896 4 2 3 6 1678 1770 2289 1742
4897 4 2 3 6 2289 1770 1678 2283
4898 4 2 3 6 1688 2346 1687 1685
4899 4 2 3 6 1688 1687 2346 2343
4900 4 2 3 6 2339 1696 2338 2336
4901 4 2 3 6 2339 2338 1696 1692
4902 4 2 3 6 1793 2375 2376 2374
4903 4 2 3 6 1793 2375 2374 1828
4904 4 2 3 6 1793 2375 1828 1736
4905 4 2 3 6 1793 2375 1736 2376
4906 4 2 3 6 1685 2345 2431 1755
4907 4 2 3 6 2431 2345 1685 2346
4908 4 2 3 6 2431 1684 1685 1755
4909 4 2 3 6 2458 2331 1674 1774
4910 4 2 3 6 1674 2331 2458 2332
4911 4 2 3 6 1674 1788 2458 1774
4912 4 2 3 6 2458 1788 1674 2332
4913 4 2 3 6 2321 1776 1731 1670
4914 4 2 3 6 2321 1731 1776 2429
4915 4 2 3 6 1785 2336 1694 2435
4916 4 2 3 6 1785 1694 2336 1696
4917 4 2 3 6 2339 1694 2336 2435
4918 4 2 3 6 2339 2336 1694 1696
4919 4 2 3 6 2321 1731 1759 1670
4920 4 2 3 6 2321 1759 1731 2393
4921 4 2 3 6 2321 1777 1656 2309
4922 4 2 3 6 2321 1656 1777 1670
4923 4 2 3 6 1656 2321 1658 1670
4924 4 2 3 6 1656 1658 2321 2307
4925 4 2 3 6 1658 2321 1759 1670
4926 4 2 3 6 1759 2321 1658 2422
4927 4 2 3 6 1777 2321 1776 2418
4928 4 2 3 6 1776 2321 1777 1670
4929 4 2 3 6 2276 1629 1779 2280
4930 4 2 3 6 2276 1629 2280 2378
4931 4 2 3 6 2276 1629 2378 1625
4932 4 2 3 6 2276 1629 1625 1779
4933 4 2 3 6 2394 2349 1704 2442
4934 4 2 3 6 1704 1809 2394 2442
4935 4 2 3 6 2394 1809 1704 1760
4936 4 2 3 6 1761 2461 2355 2408
4937 4 2 3 6 2355 2461 1761 1789
4938 4 2 3 6 1761 1695 2355 1789
4939 4 2 3 6 2325 1615 2331 2324
4940 4 2 3 6 2331 1615 2325 1674
4941 4 2 3 6 2433 1681 1805 1754
4942 4 2 3 6 2433 2439 1805 2426
4943 4 2 3 6 1805 2439 2433 1754
4944 4 2 3 6 1790 2458 1788 1774
4945 4 2 3 6 1788 2458 1790 2415
4946 4 2 3 6 2324 1614 2299 1615
4947 4 2 3 6 2324 1614 1615 1613
4948 4 2 3 6 2391 2459 1614 1612
4949 4 2 3 6 2391 1614 2459 2414
4950 4 2 3 6 1726 1614 2459 1612
4951 4 2 3 6 1726 2459 1614 2414
4952 4 2 3 6 2266 1648 1808 1672
4953 4 2 3 6 1808 1648 2266 2265
4954 4 2 3 6 1693 2351 1695 1700
4955 4 2 3 6 1693 1695 2351 2344
4956 4 2 3 6 1677 2470 1662 2303
4957 4 2 3 6 1662 2470 1677 1679
4958 4 2 3 6 1726 2459 2363 1767
4959 4 2 3 6 2363 2459 1726 2414
4960 4 2 3 6 1686 2346 1687 2347
4961 4 2 3 6 1687 2346 1686 1685
4962 4 2 3 6 2397 1593 2398 2244
4963 4 2 3 6 2468 2398 1593 2244
4964 4 2 3 6 2468 1593 2398 1804
4965 4 2 3 6 2243 1816 1739 1592
4966 4 2 3 6 1739 1816 2243 2457
4967 4 2 3 6 1739 1738 2243 1592
4968 4 2 3 6 1801 2382 2385 2386
4969 4 2 3 6 2385 2382 1801 1712
4970 4 2 3 6 2424 1672 2322 2266
4971 4 2 3 6 2424 2322 1672 1680
4972 4 2 3 6 1673 1672 2322 1680
4973 4 2 3 6 1716 2374 2305 1766
4974 4 2 3 6 1716 2305 2374 2364
4975 4 2 3 6 2749 1827 2761 1758
4976 4 2 3 6 2370 2749 2720 1738
4977 4 2 3 6 1696 1698 2337 2336
4978 4 2 3 6 2337 1698 1696 1697
4979 4 2 3 6 2337 2338 1696 2336
4980 4 2 3 6 1696 2338 2337 1697
4981 4 2 3 6 2336 1698 1786 1696
4982 4 2 3 6 2336 1786 1698 2334
4983 4 2 3 6 2459 1598 2391 2247
4984 4 2 3 6 2459 2391 1598 1612
4985 4 2 3 6 1613 1598 2391 1612
4986 4 2 3 6 2351 1693 1704 1700
4987 4 2 3 6 1704 1693 2351 2349
4988 4 2 3 6 2351 2443 1704 2349
4989 4 2 3 6 2478 2714 1597 1715
4990 4 2 3 6 2481 2714 2478 1715
4991 4 2 3 6 2706 2426 1805 2245
4992 4 2 3 6 1680 2706 1805 1719
4993 4 2 3 6 2424 1680 2396 2426
4994 4 2 3 6 2717 2368 1733 2746
4995 4 2 3 6 2458 1740 2331 1774
4996 4 2 3 6 2458 2331 1740 2371
4997 4 2 3 6 1769 2331 1740 1774
4998 4 2 3 6 1675 2381 1676 1703
4999 4 2 3 6 1675 1676 2381 2380
5000 4 2 3 6 2326 1723 2327 2354
5001 4 2 3 6 2326 2327 1723 1722
5002 4 2 3 6 2477 1806 2251 2400
5003 4 2 3 6 2251 1806 2477 1597
5004 4 2 3 6 2248 1752 1808 2263
5005 4 2 3 6 1808 1752 2248 1596
5006 4 2 3 6 1808 2264 2248 2263
5007 4 2 3 6 2417 1820 2313 2330
5008 4 2 3 6 2417 2313 1820 1650
5009 4 2 3 6 1652 1820 2313 1650
5010 4 2 3 6 2430 1752 2265 1800
5011 4 2 3 6 2430 2265 1752 2263
5012 4 2 3 6 1808 2265 1752 1800
5013 4 2 3 6 1808 1752 2265 2263
5014 4 2 3 6 2439 1710 2348 1754
5015 4 2 3 6 2439 2348 1710 2350
5016 4 2 3 6 1686 2348 1710 1754
5017 4 2 3 6 2361 1790 1698 1699
5018 4 2 3 6 1698 1790 2361 2415
5019 4 2 3 6 2361 2337 1698 2415
5020 4 2 3 6 2477 1806 2479 1717
5021 4 2 3 6 2479 1806 2477 2400
5022 4 2 3 6 1720 2398 1593 1804
5023 4 2 3 6 1720 1593 2398 2397
5024 4 2 3 6 1739 2370 2243 1738
5025 4 2 3 6 1739 2243 2370 2457
5026 4 2 3 6 1782 2253 1826 1602
5027 4 2 3 6 1782 1826 2253 2462
5028 4 2 3 6 1601 2384 2476 1810
5029 4 2 3 6 2476 2384 1601 2252
5030 4 2 3 6 2382 2465 1676 2381
5031 4 2 3 6 2382 1676 2465 1711
5032 4 2 3 6 1703 1676 2465 2381
5033 4 2 3 6 1703 2465 1676 1711
5034 4 2 3 6 2253 1826 1744 2402
5035 4 2 3 6 2253 1744 1826 1602
5036 4 2 3 6 2748 2476 2252 2403
5037 4 2 3 6 1745 2470 1662 1679
5038 4 2 3 6 1662 2470 1745 2301
5039 4 2 3 6 2377 1735 1807 2484
5040 4 2 3 6 2377 1735 2484 2453
5041 4 2 3 6 2377 1735 2453 1736
5042 4 2 3 6 2377 1735 1736 1807
5043 4 2 3 6 2354 1707 2384 2326
5044 4 2 3 6 2354 1707 2326 1723
5045 4 2 3 6 2354 1707 1723 1810
5046 4 2 3 6 2354 1707 1810 2384
5047 4 2 3 6 1729 2452 2361 1787
5048 4 2 3 6 2361 2452 1729 2360
5049 4 2 3 6 2361 1699 1729 1787
5050 4 2 3 6 2350 2440 1710 2437
5051 4 2 3 6 1799 1710 2440 2437
5052 4 2 3 6 1799 2440 1710 1709
5053 4 2 3 6 1750 2405 1605 2454
5054 4 2 3 6 2729 1750 2405 1605
5055 4 2 3 6 2354 1743 1723 2475
5056 4 2 3 6 2354 1743 2475 2476
5057 4 2 3 6 2354 1743 2476 1810
5058 4 2 3 6 1765 1797 2484 1735
5059 4 2 3 6 2453 2484 1797 1735
5060 4 2 3 6 2453 1797 2484 2411
5061 4 2 3 6 1826 2381 1782 1703
5062 4 2 3 6 1826 1782 2381 2462
5063 4 2 3 6 1675 1782 2381 1703
5064 4 2 3 6 2746 2368 1733 1600
5065 4 2 3 6 2746 2368 1600 2249
5066 4 2 3 6 2714 2481 2397 1720
5067 4 2 3 6 2714 2481 1720 1715
5068 4 2 3 6 2367 1817 1654 2416
5069 4 2 3 6 2367 1654 1817 1713
5070 4 2 3 6 2298 1746 1745 1666
5071 4 2 3 6 1745 1746 2298 2482
5072 4 2 3 6 1832 2716 1610 1825
5073 4 2 3 6 2453 1736 1734 2446
5074 4 2 3 6 1734 1736 2453 1735
5075 4 2 3 6 1723 2475 2362 2354
5076 4 2 3 6 2362 2475 1723 1814
5077 4 2 3 6 2362 2327 1723 2354
5078 4 2 3 6 2720 2749 2370 2463
5079 4 2 3 6 1600 2761 1827 1758
5080 4 2 3 6 2761 2367 1827 2366
5081 4 2 3 6 2747 323 2198 2724
5082 4 2 3 6 2747 323 2253 2402
5083 4 2 3 6 1703 2402 2381 2465
5084 4 2 3 6 1703 2402 2465 1825
5085 4 2 3 6 1703 2402 1825 1826
5086 4 2 3 6 2183 2708 308 307
5087 4 2 3 6 2183 2708 307 2182
5088 4 2 3 6 2759 2213 2212 226
5089 4 2 3 6 2759 1599 226 1747
5090 4 2 3 6 2477 1716 2376 2364
5091 4 2 3 6 2477 2376 1716 1717
5092 4 2 3 6 2374 2376 1716 2364
5093 4 2 3 6 2748 2475 1743 2476
5094 4 2 3 6 2748 2252 2718 352
5095 4 2 3 6 1791 2351 1792 1700
5096 4 2 3 6 1791 1792 2351 2466
5097 4 2 3 6 2758 2483 1794 1609
5098 4 2 3 6 1814 2715 2475 1743
5099 4 2 3 6 1814 2715 1743 1609
5100 4 2 3 6 1814 2715 1609 2483
5101 4 2 3 6 2368 1600 2367 1818
5102 4 2 3 6 2368 2367 1600 2249
5103 4 2 3 6 1803 2468 2352 1746
5104 4 2 3 6 1803 2468 1746 1593
5105 4 2 3 6 1816 2456 2359 1815
5106 4 2 3 6 2359 2456 1816 2387
5107 4 2 3 6 2359 1701 1816 1815
5108 4 2 3 6 1816 1701 2359 2387
5109 4 2 3 6 2430 1645 2265 2291
5110 4 2 3 6 2430 2265 1645 1800
5111 4 2 3 6 1648 2265 1645 2291
5112 4 2 3 6 1648 1645 2265 1800
5113 4 2 3 6 1808 2266 1714 2264
5114 4 2 3 6 1808 1714 2266 1672
5115 4 2 3 6 2424 1714 2266 2264
5116 4 2 3 6 2424 2266 1714 1672
5117 4 2 3 6 2419 1706 2384 2356
5118 4 2 3 6 2419 1706 2356 1669
5119 4 2 3 6 2419 1706 1669 1707
5120 4 2 3 6 2419 1706 1707 2384
5121 4 2 3 6 2357 1780 2358 2320
5122 4 2 3 6 2357 1780 2320 1705
5123 4 2 3 6 2357 1780 1705 1782
5124 4 2 3 6 2357 1780 1782 2358
5125 4 2 3 6 1647 2417 2387 1831
5126 4 2 3 6 2387 2417 1647 2317
5127 4 2 3 6 2387 1701 1647 1831
5128 4 2 3 6 1647 1701 2387 2317
5129 4 2 3 6 2359 2722 1815 2456
5130 4 2 3 6 2722 2359 1718 1819
5131 4 2 3 6 2722 2753 325 2200
5132 4 2 3 6 2297 1666 2352 2298
5133 4 2 3 6 2352 1666 2297 1668
5134 4 2 3 6 1663 2298 1665 2300
5135 4 2 3 6 1663 1665 2298 1666
5136 4 2 3 6 2294 1665 2298 2300
5137 4 2 3 6 2317 1646 1701 2319
5138 4 2 3 6 1701 1646 2317 1647
5139 4 2 3 6 1803 2352 2369 1708
5140 4 2 3 6 1803 2352 1708 1746
5141 4 2 3 6 1803 2468 1593 2467
5142 4 2 3 6 1803 2352 2467 2369
5143 4 2 3 6 1643 2316 1647 1649
5144 4 2 3 6 2314 2316 1647 2317
5145 4 2 3 6 2314 1647 2316 1649
5146 4 2 3 6 1792 2351 1813 1700
5147 4 2 3 6 1792 1813 2351 2444
5148 4 2 3 6 2443 2351 1813 2444
5149 4 2 3 6 1608 2728 1795 2254
5150 4 2 3 6 2729 1750 1605 1749
5151 4 2 3 6 1771 2464 1598 2744
5152 4 2 3 6 2756 14 2225 236
5153 4 2 3 6 2719 2756 2225 236
5154 4 2 3 6 2206 2790 2207 329
5155 4 2 3 6 2714 2251 2757 358
5156 4 2 3 6 1597 2714 274 1811
5157 4 2 3 6 2757 358 2251 359
5158 4 2 3 6 2729 1750 1749 1794
5159 4 2 3 6 2732 2405 1794 2448
5160 4 2 3 6 1753 2473 2719 1823
5161 4 2 3 6 2731 1753 1823 2473
5162 4 2 3 6 2706 2770 231 1812
5163 4 2 3 6 2411 2768 2472 2752
5164 4 2 3 6 1720 2714 1811 273
5165 4 2 3 6 273 2760 2232 272
5166 4 2 3 6 2195 2764 317 2190
5167 4 2 3 6 318 12 2241 2776
5168 4 2 3 6 236 2719 1753 235
5169 4 2 3 6 2719 1823 236 1753
5170 4 2 3 6 2241 2789 18 318
5171 4 2 3 6 1795 2728 1608 176
5172 4 2 3 6 2726 2449 1604 2754
5173 4 2 3 6 2785 2219 2726 336
5174 4 2 3 6 2777 2725 2768 2240
5175 4 2 3 6 2777 2725 278 1765
5176 4 2 3 6 1801 2719 2450 2256
5177 4 2 3 6 2719 235 1603 1753
5178 4 2 3 6 236 2719 235 2220
5179 4 2 3 6 2740 2791 2732 2448
5180 4 2 3 6 2791 2233 349 2740
5181 4 2 3 6 2241 2789 318 2776
5182 4 2 3 6 2249 2761 2746 2784
5183 4 2 3 6 2729 1749 188 1822
5184 4 2 3 6 2784 2463 2249 2761
5185 4 2 3 6 2411 2752 2723 2762
5186 4 2 3 6 2411 1797 2762 1607
5187 4 2 3 6 2752 1765 1821 1797
5188 4 2 3 6 1821 2752 1797 292
5189 4 2 3 6 2719 2756 348 2225
5190 4 2 3 6 348 2719 2225 2220
5191 4 2 3 6 2717 2255 2460 331
5192 4 2 3 6 2717 2209 331 2208
5193 4 2 3 6 1795 2778 175 1824
5194 4 2 3 6 1795 2778 1824 2755
5195 4 2 3 6 2733 2785 335 2218
5196 4 2 3 6 1757 2733 223 2754
5197 4 2 3 6 2777 1765 278 1821
5198 4 2 3 6 278 2725 2777 2240
5199 4 2 3 6 1685 2431 2425 1684
5200 4 2 3 6 2425 2431 1685 2346
5201 4 2 3 6 2425 1683 1685 1684
5202 4 2 3 6 2394 2342 1693 2349
5203 4 2 3 6 1693 1704 2394 2349
5204 4 2 3 6 2394 1704 1693 1760
5205 4 2 3 6 1761 1691 2344 1695
5206 4 2 3 6 2344 2355 1761 1695
5207 4 2 3 6 1761 2355 2344 2408
5208 4 2 3 6 1805 2433 2322 1681
5209 4 2 3 6 2322 2433 1805 2426
5210 4 2 3 6 2322 1680 1805 1681
5211 4 2 3 6 1805 1680 2322 2426
5212 4 2 3 6 2266 1673 2268 1671
5213 4 2 3 6 2266 1673 1671 1672
5214 4 2 3 6 2266 1673 1672 2322
5215 4 2 3 6 2266 1673 2322 2268
5216 4 2 3 6 2376 1793 1716 1717
5217 4 2 3 6 1716 1793 2376 2374
5218 4 2 3 6 1771 1598 2365 1613
5219 4 2 3 6 2391 2365 1598 1613
5220 4 2 3 6 2391 1598 2365 2247
5221 4 2 3 6 1704 2351 1813 2443
5222 4 2 3 6 1813 2351 1704 1700
5223 4 2 3 6 1680 2396 1714 2424
5224 4 2 3 6 1680 2706 1719 1714
5225 4 2 3 6 2421 1714 2396 2424
5226 4 2 3 6 2331 1740 2365 1769
5227 4 2 3 6 2331 2365 1740 2371
5228 4 2 3 6 1771 2365 1740 1769
5229 4 2 3 6 2248 1808 1714 2264
5230 4 2 3 6 1714 1808 2248 1596
5231 4 2 3 6 1714 2421 2248 2264
5232 4 2 3 6 1702 1820 2328 1652
5233 4 2 3 6 1702 2328 1820 2330
5234 4 2 3 6 2313 2328 1820 1652
5235 4 2 3 6 2313 1820 2328 2330
5236 4 2 3 6 2348 1710 2347 1686
5237 4 2 3 6 2348 2347 1710 2350
5238 4 2 3 6 1709 2347 1710 1686
5239 4 2 3 6 2361 2360 1697 2337
5240 4 2 3 6 1697 1698 2361 2337
5241 4 2 3 6 2361 1698 1697 1699
5242 4 2 3 6 2358 1782 2381 1675
5243 4 2 3 6 2358 2381 1782 2462
5244 4 2 3 6 1729 2361 1697 1699
5245 4 2 3 6 1697 2361 1729 2360
5246 4 2 3 6 2440 1710 2347 2350
5247 4 2 3 6 2440 2347 1710 1709
5248 4 2 3 6 2748 2476 1743 1601
5249 4 2 3 6 2476 1743 1601 1810
5250 4 2 3 6 2354 1743 1810 1723
5251 4 2 3 6 2748 2475 2476 2403
5252 4 2 3 6 2411 2768 2752 1765
5253 4 2 3 6 2752 1765 1797 2411
5254 4 2 3 6 2411 1765 1797 2484
5255 4 2 3 6 2411 1765 2484 2447
5256 4 2 3 6 1724 2362 1723 1814
5257 4 2 3 6 1724 1723 2362 2327
5258 4 2 3 6 2749 1827 1758 1830
5259 4 2 3 6 2761 2367 2366 2249
5260 4 2 3 6 2746 2249 330 2460
5261 4 2 3 6 2784 2463 329 2249
5262 4 2 3 6 1703 2402 1826 2381
5263 4 2 3 6 2716 2465 1825 1832
5264 4 2 3 6 1825 2716 1610 1744
5265 4 2 3 6 1825 2402 1744 1826
5266 4 2 3 6 329 2249 330 2784
5267 4 2 3 6 2749 1827 1830 2366
5268 4 2 3 6 2722 2200 2199 284
5269 4 2 3 6 1815 284 2722 1718
5270 4 2 3 6 1666 2294 1665 2298
5271 4 2 3 6 1666 2294 2298 2297
5272 4 2 3 6 1666 2294 2297 1667
5273 4 2 3 6 1666 2294 1667 1665
5274 4 2 3 6 2317 1643 2318 2316
5275 4 2 3 6 2317 1643 2316 1647
5276 4 2 3 6 2317 1643 1647 1646
5277 4 2 3 6 2317 1643 1646 2318
5278 4 2 3 6 2464 1598 2365 1771
5279 4 2 3 6 2464 2365 1598 2247
5280 4 2 3 6 2386 1801 2450 2256
5281 4 2 3 6 1801 2719 2256 1603
5282 4 2 3 6 1801 2719 1603 1753
5283 4 2 3 6 1689 2394 1693 1760
5284 4 2 3 6 1693 2394 1689 2342
5285 4 2 3 6 2340 1761 2344 2408
5286 4 2 3 6 2344 1761 2340 1691
5287 4 2 3 6 1685 2425 2348 1683
5288 4 2 3 6 2348 2425 1685 2346
5289 4 2 3 6 2348 1686 1685 1683
5290 4 2 3 6 1685 1686 2348 2346
5291 4 2 3 6 2770 2396 1714 2706
5292 4 2 3 6 2770 2396 2706 343
5293 4 2 3 6 2257 2742 315 2783
5294 4 2 3 6 315 316 2257 2783
5295 4 2 3 6 2365 1740 2464 1771
5296 4 2 3 6 2365 2464 1740 2371
5297 4 2 3 6 1740 2744 2464 1771
5298 4 2 3 6 2770 1714 2421 2248
5299 4 2 3 6 2770 1596 1714 2248
5300 4 2 3 6 2770 1596 2248 2710
5301 4 2 3 6 2450 1832 2386 2407
5302 4 2 3 6 2450 1832 2407 1753
5303 4 2 3 6 2450 1832 1753 1801
5304 4 2 3 6 2450 1832 1801 2386
5305 4 2 3 6 2712 2192 312 2780
5306 4 2 3 6 2737 2782 2705 2239
5307 4 2 3 6 1740 2744 1771 183
5308 4 2 3 6 1740 2464 2712 2371
5309 4 2 3 6 2770 2221 344 2222
5310 4 2 3 6 232 1596 2770 2710
5311 4 2 3 6 310 2751 2786 2185
5312 4 2 3 6 2759 2213 2772 2709
5313 4 2 3 6 2757 359 2238 2236
5314 4 2 3 6 2258 2400 2705 1806
5315 4 2 3 6 2705 2251 2757 1806
5316 4 2 3 6 2705 360 2400 2258
5317 4 2 3 6 359 360 2400 2705
5318 4 2 3 6 2706 2779 2216 342
5319 4 2 3 6 2706 1805 1594 2245
5320 4 2 3 6 2706 2245 342 2396
5321 4 2 3 6 2759 2213 226 2772
5322 4 2 3 6 2396 343 342 2706
5323 4 2 3 6 2222 2706 231 2217
5324 4 2 3 6 2706 1714 1812 1719
5325 4 2 3 6 1799 2707 2441 2437
5326 4 2 3 6 2707 2779 341 2216
5327 4 2 3 6 2707 1802 1799 2441
5328 4 2 3 6 2732 2758 266 2233
5329 4 2 3 6 340 2441 2707 2437
5330 4 2 3 6 2441 2707 341 340
5331 4 2 3 6 2708 177 178 1748
5332 4 2 3 6 2739 2183 2708 308
5333 4 2 3 6 2722 2753 284 1815
5334 4 2 3 6 2739 2183 308 2184
5335 4 2 3 6 2770 2248 2421 344
5336 4 2 3 6 179 178 2708 2183
5337 4 2 3 6 2709 1747 2395 2250
5338 4 2 3 6 2736 2213 2709 2772
5339 4 2 3 6 2709 1599 1747 2250
5340 4 2 3 6 2709 2736 2772 1599
5341 4 2 3 6 338 2709 2395 2250
5342 4 2 3 6 339 2709 338 2250
5343 4 2 3 6 2710 1752 1751 1596
5344 4 2 3 6 2710 1752 1596 2248
5345 4 2 3 6 226 227 2772 2213
5346 4 2 3 6 2710 2248 345 2262
5347 4 2 3 6 345 2248 2710 344
5348 4 2 3 6 2770 2221 2222 232
5349 4 2 3 6 232 2770 1596 1812
5350 4 2 3 6 2711 2739 180 1787
5351 4 2 3 6 2770 1714 1812 2706
5352 4 2 3 6 309 2455 2452 2711
5353 4 2 3 6 2711 2739 1787 2452
5354 4 2 3 6 2770 2396 343 2421
5355 4 2 3 6 2185 180 181 2711
5356 4 2 3 6 2712 2751 182 1591
5357 4 2 3 6 2238 275 276 2782
5358 4 2 3 6 2192 183 2712 2186
5359 4 2 3 6 2712 2751 1591 2242
5360 4 2 3 6 183 182 2712 2186
5361 4 2 3 6 2239 2238 276 2782
5362 4 2 3 6 2712 2192 2186 312
5363 4 2 3 6 2238 2757 275 2782
5364 4 2 3 6 2239 2705 2238 2782
5365 4 2 3 6 2742 2193 315 2194
5366 4 2 3 6 2448 2758 2732 2740
5367 4 2 3 6 2713 186 185 2193
5368 4 2 3 6 2714 1715 1720 1811
5369 4 2 3 6 2714 2757 2236 358
5370 4 2 3 6 2714 1715 1811 1597
5371 4 2 3 6 2246 2708 2461 2404
5372 4 2 3 6 2714 2251 358 2399
5373 4 2 3 6 2714 357 2397 2399
5374 4 2 3 6 358 357 2714 2399
5375 4 2 3 6 2715 2748 2227 351
5376 4 2 3 6 1814 2715 2483 2475
5377 4 2 3 6 2715 2483 2475 2261
5378 4 2 3 6 2715 2403 351 2261
5379 4 2 3 6 350 2261 2448 2715
5380 4 2 3 6 2715 350 2261 351
5381 4 2 3 6 2238 2705 2757 2782
5382 4 2 3 6 2716 2731 1796 280
5383 4 2 3 6 2716 322 2203 2197
5384 4 2 3 6 2197 2716 281 2203
5385 4 2 3 6 2716 2204 280 2203
5386 4 2 3 6 2716 280 281 2203
5387 4 2 3 6 2728 2189 176 2781
5388 4 2 3 6 2717 2787 290 1607
5389 4 2 3 6 2746 2208 330 2206
5390 4 2 3 6 2717 2787 1607 2774
5391 4 2 3 6 290 289 2208 2717
5392 4 2 3 6 2189 175 176 2781
5393 4 2 3 6 2755 2728 2781 2189
5394 4 2 3 6 2781 2778 2189 175
5395 4 2 3 6 2718 2229 2228 353
5396 4 2 3 6 2228 2748 2227 268
5397 4 2 3 6 269 2229 2228 2718
5398 4 2 3 6 2228 268 269 2718
5399 4 2 3 6 2781 2778 2755 2189
5400 4 2 3 6 1753 2473 2407 2450
5401 4 2 3 6 2719 2256 1603 2750
5402 4 2 3 6 348 2450 2719 347
5403 4 2 3 6 2719 2771 2224 347
5404 4 2 3 6 1801 2719 1753 2450
5405 4 2 3 6 2719 2756 236 1823
5406 4 2 3 6 2720 327 2202 328
5407 4 2 3 6 2720 327 2370 2243
5408 4 2 3 6 287 2202 2207 2720
5409 4 2 3 6 2202 2738 286 2201
5410 4 2 3 6 2202 287 286 2720
5411 4 2 3 6 328 2207 2202 2720
5412 4 2 3 6 328 2207 2720 2790
5413 4 2 3 6 2721 2397 2244 1593
5414 4 2 3 6 2244 2467 2721 1593
5415 4 2 3 6 356 2721 2397 2244
5416 4 2 3 6 355 2467 2721 2244
5417 4 2 3 6 356 355 2721 2244
5418 4 2 3 6 2722 1819 1718 1829
5419 4 2 3 6 2724 1819 1829 1602
5420 4 2 3 6 2770 1596 1812 1714
5421 4 2 3 6 2724 2451 2253 324
5422 4 2 3 6 2451 324 2722 325
5423 4 2 3 6 2359 1815 2722 1718
5424 4 2 3 6 1822 2732 265 2776
5425 4 2 3 6 2411 2752 2762 1797
5426 4 2 3 6 2746 288 2761 1600
5427 4 2 3 6 2775 2411 2723 333
5428 4 2 3 6 2411 2723 333 332
5429 4 2 3 6 2411 2768 1765 2447
5430 4 2 3 6 2747 1602 1744 2253
5431 4 2 3 6 321 2731 2716 2204
5432 4 2 3 6 2724 2747 282 2198
5433 4 2 3 6 2716 2731 321 2260
5434 4 2 3 6 2198 283 282 2724
5435 4 2 3 6 2725 2737 361 2239
5436 4 2 3 6 2484 2725 1606 2258
5437 4 2 3 6 285 2201 2738 2753
5438 4 2 3 6 2768 2447 362 2725
5439 4 2 3 6 361 362 2447 2725
5440 4 2 3 6 2768 2447 2725 1765
5441 4 2 3 6 2726 2735 337 2212
5442 4 2 3 6 2785 2219 336 2218
5443 4 2 3 6 1747 2726 2259 1604
5444 4 2 3 6 2726 2735 2759 1747
5445 4 2 3 6 336 337 2726 2259
5446 4 2 3 6 2726 2449 336 2259
5447 4 2 3 6 2727 2741 270 1798
5448 4 2 3 6 2743 2230 2727 2767
5449 4 2 3 6 2773 2467 2369 2727
5450 4 2 3 6 2743 2230 2767 2231
5451 4 2 3 6 2727 2741 1798 2369
5452 4 2 3 6 2727 271 270 2230
5453 4 2 3 6 2745 2771 2750 2256
5454 4 2 3 6 2404 2254 2728 1608
5455 4 2 3 6 2254 2728 306 2404
5456 4 2 3 6 2762 2774 2723 2411
5457 4 2 3 6 306 305 2728 2254
5458 4 2 3 6 2190 2764 2729 2195
5459 4 2 3 6 2762 2774 1607 2787
5460 4 2 3 6 188 187 2729 2190
5461 4 2 3 6 1796 2731 2716 2260
5462 4 2 3 6 2195 188 2729 2190
5463 4 2 3 6 2247 2713 314 2401
5464 4 2 3 6 2247 2713 2401 1598
5465 4 2 3 6 2464 2247 2730 313
5466 4 2 3 6 2247 314 2730 313
5467 4 2 3 6 2730 2464 1598 2247
5468 4 2 3 6 2407 2731 1796 2260
5469 4 2 3 6 2407 2731 2260 321
5470 4 2 3 6 1607 2774 2762 2411
5471 4 2 3 6 2731 2407 320 321
5472 4 2 3 6 2731 2473 320 2407
5473 4 2 3 6 2731 1753 2473 2407
5474 4 2 3 6 2740 2758 2732 2233
5475 4 2 3 6 2791 2233 2740 2732
5476 4 2 3 6 2448 2758 2740 2715
5477 4 2 3 6 2241 2732 265 2233
5478 4 2 3 6 266 265 2732 2233
5479 4 2 3 6 2733 2755 1757 1824
5480 4 2 3 6 2755 2733 2196 2778
5481 4 2 3 6 2733 2449 2754 1757
5482 4 2 3 6 2196 2733 17 303
5483 4 2 3 6 2474 335 17 2733
5484 4 2 3 6 2735 2709 1747 2395
5485 4 2 3 6 2735 2709 2395 338
5486 4 2 3 6 2735 2395 337 338
5487 4 2 3 6 2726 2395 337 2735
5488 4 2 3 6 2726 2395 2735 1747
5489 4 2 3 6 2736 2707 1799 2437
5490 4 2 3 6 2736 2707 2437 340
5491 4 2 3 6 2736 2440 1799 1599
5492 4 2 3 6 340 339 2437 2736
5493 4 2 3 6 2736 2250 339 2437
5494 4 2 3 6 2736 2440 1599 2250
5495 4 2 3 6 2737 2705 1806 2258
5496 4 2 3 6 2737 2705 2258 360
5497 4 2 3 6 1606 2258 2737 1806
5498 4 2 3 6 361 360 2737 2258
5499 4 2 3 6 2725 2258 361 2737
5500 4 2 3 6 2725 2258 2737 1606
5501 4 2 3 6 2744 2464 2730 2780
5502 4 2 3 6 2236 2714 2237 274
5503 4 2 3 6 2730 313 2780 2464
5504 4 2 3 6 2714 274 273 2237
5505 4 2 3 6 2760 2237 2232 357
5506 4 2 3 6 2744 2712 2464 2780
5507 4 2 3 6 2202 2738 2201 327
5508 4 2 3 6 2712 2780 312 2464
5509 4 2 3 6 313 2780 2464 312
5510 4 2 3 6 2738 285 286 2201
5511 4 2 3 6 2739 2183 2184 179
5512 4 2 3 6 2739 2183 179 2708
5513 4 2 3 6 309 2184 2739 308
5514 4 2 3 6 180 179 2739 2184
5515 4 2 3 6 2711 2184 180 2739
5516 4 2 3 6 2711 2184 2739 309
5517 4 2 3 6 2758 2483 1609 2715
5518 4 2 3 6 2715 2740 2448 350
5519 4 2 3 6 2740 349 2448 350
5520 4 2 3 6 2791 2233 2732 2241
5521 4 2 3 6 2758 2483 2715 2448
5522 4 2 3 6 2791 2233 2241 349
5523 4 2 3 6 2770 2221 232 2710
5524 4 2 3 6 2222 2706 2217 343
5525 4 2 3 6 231 230 2217 2706
5526 4 2 3 6 232 231 2222 2770
5527 4 2 3 6 2741 2718 2766 2229
5528 4 2 3 6 2741 2718 2229 269
5529 4 2 3 6 2741 2229 2766 2773
5530 4 2 3 6 2229 269 270 2741
5531 4 2 3 6 2229 2727 270 2230
5532 4 2 3 6 2229 2727 2230 2773
5533 4 2 3 6 2742 2193 2194 186
5534 4 2 3 6 2194 2783 2742 2190
5535 4 2 3 6 2742 2193 186 2713
5536 4 2 3 6 2783 2742 315 2194
5537 4 2 3 6 2194 2742 187 2190
5538 4 2 3 6 187 186 2742 2194
5539 4 2 3 6 272 2231 2743 2721
5540 4 2 3 6 2743 2230 2231 271
5541 4 2 3 6 2721 2767 2231 2743
5542 4 2 3 6 2743 2230 271 2727
5543 4 2 3 6 272 2231 2721 2232
5544 4 2 3 6 2231 271 272 2743
5545 4 2 3 6 2733 2785 2218 2754
5546 4 2 3 6 2754 2733 223 2218
5547 4 2 3 6 1680 2706 1714 2396
5548 4 2 3 6 2770 2396 2421 1714
5549 4 2 3 6 2744 2712 2192 183
5550 4 2 3 6 2744 1598 184 2730
5551 4 2 3 6 2744 184 183 2192
5552 4 2 3 6 2744 2464 1598 2730
5553 4 2 3 6 2744 2712 2780 2192
5554 4 2 3 6 2750 2385 1751 2262
5555 4 2 3 6 2262 2750 2256 2745
5556 4 2 3 6 2745 2710 345 2262
5557 4 2 3 6 346 2256 2745 2262
5558 4 2 3 6 346 2745 345 2262
5559 4 2 3 6 2746 2208 2206 289
5560 4 2 3 6 2746 288 1600 289
5561 4 2 3 6 2746 2208 289 2717
5562 4 2 3 6 2742 2783 2729 2190
5563 4 2 3 6 2746 288 289 2206
5564 4 2 3 6 2747 323 322 2197
5565 4 2 3 6 2747 2716 2197 322
5566 4 2 3 6 2747 323 2197 2198
5567 4 2 3 6 2747 2716 281 2197
5568 4 2 3 6 2197 282 2747 2198
5569 4 2 3 6 281 282 2747 2197
5570 4 2 3 6 224 223 2218 2754
5571 4 2 3 6 2228 2748 268 2718
5572 4 2 3 6 2706 2245 2765 2779
5573 4 2 3 6 267 2715 2748 2227
5574 4 2 3 6 2748 268 267 2227
5575 4 2 3 6 287 2720 2207 2749
5576 4 2 3 6 2749 288 2761 2207
5577 4 2 3 6 2788 2240 334 2734
5578 4 2 3 6 2749 2790 2720 2207
5579 4 2 3 6 2748 2252 352 2403
5580 4 2 3 6 2252 353 2480 2718
5581 4 2 3 6 2252 352 353 2718
5582 4 2 3 6 2707 2245 341 2779
5583 4 2 3 6 2706 2245 2779 342
5584 4 2 3 6 2224 2771 2750 2223
5585 4 2 3 6 2224 2750 234 2223
5586 4 2 3 6 2719 235 2224 2750
5587 4 2 3 6 234 235 2750 2224
5588 4 2 3 6 2719 2771 2750 2224
5589 4 2 3 6 2751 2185 2187 181
5590 4 2 3 6 2779 2245 341 342
5591 4 2 3 6 2751 2185 181 2711
5592 4 2 3 6 2751 182 181 2187
5593 4 2 3 6 2712 2187 182 2751
5594 4 2 3 6 344 2421 2770 343
5595 4 2 3 6 2775 2205 2723 2752
5596 4 2 3 6 2762 2205 291 2752
5597 4 2 3 6 2752 2210 2205 292
5598 4 2 3 6 2752 2210 292 2734
5599 4 2 3 6 292 291 2205 2752
5600 4 2 3 6 2762 2205 2752 2723
5601 4 2 3 6 2753 2738 326 2201
5602 4 2 3 6 2778 2755 2733 1824
5603 4 2 3 6 2456 325 2753 326
5604 4 2 3 6 2722 2456 325 2753
5605 4 2 3 6 2722 2456 2753 1815
5606 4 2 3 6 2769 2406 304 2474
5607 4 2 3 6 1748 2728 1608 2404
5608 4 2 3 6 1748 2728 2404 2708
5609 4 2 3 6 2728 2708 306 2404
5610 4 2 3 6 307 306 2708 2404
5611 4 2 3 6 2246 2708 2404 307
5612 4 2 3 6 2769 2406 2474 2733
5613 4 2 3 6 2785 2219 2218 2754
5614 4 2 3 6 225 2726 2754 2219
5615 4 2 3 6 2218 2219 224 2754
5616 4 2 3 6 2219 225 224 2754
5617 4 2 3 6 2707 2765 2245 2779
5618 4 2 3 6 2707 2763 1799 228
5619 4 2 3 6 2707 2214 228 2215
5620 4 2 3 6 2215 229 2707 2216
5621 4 2 3 6 228 229 2707 2215
5622 4 2 3 6 187 2729 2742 1605
5623 4 2 3 6 2742 2729 187 2190
5624 4 2 3 6 321 2716 2260 322
5625 4 2 3 6 2755 2196 2733 2769
5626 4 2 3 6 2242 2371 2712 311
5627 4 2 3 6 312 2712 2371 311
5628 4 2 3 6 312 2712 2464 2371
5629 4 2 3 6 2768 2752 1821 2734
5630 4 2 3 6 2778 2189 175 2196
5631 4 2 3 6 2710 2750 233 1751
5632 4 2 3 6 2196 10 175 2778
5633 4 2 3 6 233 232 2221 2710
5634 4 2 3 6 2196 2733 10 2778
5635 4 2 3 6 2463 2761 2366 2249
5636 4 2 3 6 2725 2737 277 1606
5637 4 2 3 6 2778 2189 2196 2755
5638 4 2 3 6 277 278 2235 2725
5639 4 2 3 6 2723 2774 2762 2209
5640 4 2 3 6 278 2725 2240 2235
5641 4 2 3 6 2199 2724 324 2722
5642 4 2 3 6 2240 278 16 2777
5643 4 2 3 6 308 2452 2739 309
5644 4 2 3 6 2474 17 304 2769
5645 4 2 3 6 2769 17 2733 2474
5646 4 2 3 6 2755 1792 1795 2254
5647 4 2 3 6 2755 2769 304 2196
5648 4 2 3 6 2755 1792 2254 2406
5649 4 2 3 6 2406 305 2254 2755
5650 4 2 3 6 2732 2729 1822 1794
5651 4 2 3 6 2406 304 305 2755
5652 4 2 3 6 16 2734 2240 2777
5653 4 2 3 6 2756 19 2211 320
5654 4 2 3 6 2473 2756 19 348
5655 4 2 3 6 2719 2473 348 2756
5656 4 2 3 6 2719 2473 2756 1823
5657 4 2 3 6 2240 2734 2768 2777
5658 4 2 3 6 2723 2774 332 2411
5659 4 2 3 6 2720 327 328 2370
5660 4 2 3 6 2720 328 2463 2370
5661 4 2 3 6 2729 2764 2789 2195
5662 4 2 3 6 2732 2729 2776 1822
5663 4 2 3 6 2764 2471 317 2405
5664 4 2 3 6 2776 2729 188 1822
5665 4 2 3 6 2195 2729 188 2776
5666 4 2 3 6 2405 2742 2783 2729
5667 4 2 3 6 2405 2742 2729 1605
5668 4 2 3 6 2729 2783 2764 2190
5669 4 2 3 6 2405 2742 1605 2257
5670 4 2 3 6 2776 2729 2789 2195
5671 4 2 3 6 2757 2714 2236 274
5672 4 2 3 6 12 188 2776 2195
5673 4 2 3 6 2195 12 318 2776
5674 4 2 3 6 2195 2789 2776 318
5675 4 2 3 6 275 274 2757 2236
5676 4 2 3 6 267 2715 2234 2758
5677 4 2 3 6 2234 2740 2233 2758
5678 4 2 3 6 2233 2758 266 2234
5679 4 2 3 6 267 266 2758 2234
5680 4 2 3 6 2212 2709 2759 2735
5681 4 2 3 6 225 2726 2212 2759
5682 4 2 3 6 2759 2772 226 1599
5683 4 2 3 6 226 225 2212 2759
5684 4 2 3 6 2759 2772 1599 2709
5685 4 2 3 6 2726 2735 2212 2759
5686 4 2 3 6 2223 2710 2745 2750
5687 4 2 3 6 2731 2211 2756 279
5688 4 2 3 6 2745 2750 2771 2223
5689 4 2 3 6 2756 14 279 2211
5690 4 2 3 6 233 234 2750 2223
5691 4 2 3 6 2710 2223 233 2750
5692 4 2 3 6 2731 320 2756 2211
5693 4 2 3 6 2748 2476 1601 2252
5694 4 2 3 6 351 2403 2748 352
5695 4 2 3 6 2715 2403 2748 351
5696 4 2 3 6 2734 2752 2775 2472
5697 4 2 3 6 2775 2411 333 2472
5698 4 2 3 6 2775 2734 2788 2210
5699 4 2 3 6 333 2788 2210 2775
5700 4 2 3 6 2775 2411 2472 2752
5701 4 2 3 6 2747 323 2402 322
5702 4 2 3 6 2747 2716 322 2402
5703 4 2 3 6 2721 2760 2397 1593
5704 4 2 3 6 2760 2714 2397 1720
5705 4 2 3 6 2760 2397 1593 1720
5706 4 2 3 6 2760 2714 357 2397
5707 4 2 3 6 2721 2760 356 2397
5708 4 2 3 6 2760 2397 357 356
5709 4 2 3 6 309 2786 2711 2185
5710 4 2 3 6 334 2788 2210 20
5711 4 2 3 6 2218 2733 223 2226
5712 4 2 3 6 2411 2768 2447 2472
5713 4 2 3 6 223 10 2226 2733
5714 4 2 3 6 2711 309 2739 2452
5715 4 2 3 6 2206 2790 2761 2207
5716 4 2 3 6 2207 2206 288 2761
5717 4 2 3 6 2749 288 2207 287
5718 4 2 3 6 2749 288 287 1758
5719 4 2 3 6 2207 2749 2790 2761
5720 4 2 3 6 2234 2740 2758 2715
5721 4 2 3 6 303 2733 2226 10
5722 4 2 3 6 1598 2730 2713 185
5723 4 2 3 6 315 2713 2401 314
5724 4 2 3 6 2722 2200 284 2753
5725 4 2 3 6 2762 2205 2723 2209
5726 4 2 3 6 1607 2787 291 2762
5727 4 2 3 6 2762 2205 2209 291
5728 4 2 3 6 2746 288 2206 2761
5729 4 2 3 6 2746 2761 2249 1600
5730 4 2 3 6 2720 327 2243 2738
5731 4 2 3 6 326 327 2738 2243
5732 4 2 3 6 2751 2786 2185 2711
5733 4 2 3 6 284 285 2753 2200
5734 4 2 3 6 2753 2243 326 2738
5735 4 2 3 6 2753 2243 2738 1815
5736 4 2 3 6 2200 285 2753 2201
5737 4 2 3 6 2751 311 2242 2712
5738 4 2 3 6 2751 2242 310 2455
5739 4 2 3 6 310 2242 2751 311
5740 4 2 3 6 2756 2225 14 319
5741 4 2 3 6 2751 311 2712 2187
5742 4 2 3 6 2192 2730 184 2191
5743 4 2 3 6 2730 313 2191 2192
5744 4 2 3 6 2730 313 2192 2780
5745 4 2 3 6 2744 2730 184 2192
5746 4 2 3 6 2744 2780 2730 2192
5747 4 2 3 6 2225 2756 19 319
5748 4 2 3 6 2717 2255 331 2774
5749 4 2 3 6 2724 2451 324 2722
5750 4 2 3 6 323 2253 324 2724
5751 4 2 3 6 2747 323 2724 2253
5752 4 2 3 6 2214 2707 2763 2736
5753 4 2 3 6 2772 1799 227 1599
5754 4 2 3 6 2717 2774 1607 2255
5755 4 2 3 6 2772 1799 1599 2736
5756 4 2 3 6 227 228 2763 2214
5757 4 2 3 6 2707 2214 2763 228
5758 4 2 3 6 2255 2774 332 331
5759 4 2 3 6 2182 2188 177 2728
5760 4 2 3 6 2188 176 177 2728
5761 4 2 3 6 2728 2781 176 1795
5762 4 2 3 6 2411 2255 2774 332
5763 4 2 3 6 2783 2405 2764 316
5764 4 2 3 6 316 2405 2764 317
5765 4 2 3 6 2789 2764 317 2195
5766 4 2 3 6 2764 2471 2405 2729
5767 4 2 3 6 2783 2405 316 2257
5768 4 2 3 6 2405 2742 2257 2783
5769 4 2 3 6 2460 331 330 2717
5770 4 2 3 6 2717 2774 331 2209
5771 4 2 3 6 2774 2255 2411 1607
5772 4 2 3 6 2764 2783 316 2190
5773 4 2 3 6 2247 2713 1598 2730
5774 4 2 3 6 2706 2779 2765 2216
5775 4 2 3 6 230 2706 2765 2216
5776 4 2 3 6 2756 14 236 1823
5777 4 2 3 6 230 229 2216 2765
5778 4 2 3 6 2728 2182 2708 177
5779 4 2 3 6 2727 2773 2741 2369
5780 4 2 3 6 2480 2773 2741 2766
5781 4 2 3 6 2480 2773 2766 354
5782 4 2 3 6 2785 2219 2754 2726
5783 4 2 3 6 2480 2773 354 2369
5784 4 2 3 6 2718 2766 353 2480
5785 4 2 3 6 2773 2767 2230 354
5786 4 2 3 6 2766 353 2480 354
5787 4 2 3 6 2741 2718 2480 2766
5788 4 2 3 6 2480 2773 2369 2741
5789 4 2 3 6 2783 2405 2729 2764
5790 4 2 3 6 2705 2782 2737 1806
5791 4 2 3 6 2239 276 277 2737
5792 4 2 3 6 2773 2767 2727 2230
5793 4 2 3 6 2725 2239 277 2737
5794 4 2 3 6 185 2730 2713 2191
5795 4 2 3 6 2730 185 184 2191
5796 4 2 3 6 355 2467 2767 2721
5797 4 2 3 6 2721 2232 2760 272
5798 4 2 3 6 2743 2727 2467 2767
5799 4 2 3 6 2721 2467 2767 2743
5800 4 2 3 6 2768 2752 1765 1821
5801 4 2 1 7 2830 2862 2956 3090
5802 4 2 1 7 2830 2956 2893 3090
5803 4 2 1 7 2832 3187 2962 3265
5804 4 2 1 7 2904 1575 3147 3255
5805 4 2 1 7 3693 3636 3574 1771
5806 4 2 1 7 572 2155 3054 3121
5807 4 2 1 7 3409 2928 856 3097
5808 4 2 1 7 1473 3573 2940 2909
5809 4 2 1 7 2935 3085 1148 3133
5810 4 2 1 7 2832 2949 3187 3265
5811 4 2 1 7 3630 2106 2892 3295
5812 4 2 1 7 3527 1153 1117 2911
5813 4 2 1 7 3097 2824 2960 2928
5814 4 2 1 7 529 2838 2991 63
5815 4 2 1 7 3402 3166 2943 1333
5816 4 2 1 7 3019 2856 3006 2957
5817 4 2 1 7 2848 3123 3088 3424
5818 4 2 1 7 48 378 3601 3678
5819 4 2 1 7 1143 3070 3215 1138
5820 4 2 1 7 1083 3110 3256 3361
5821 4 2 1 7 2850 3260 2961 3275
5822 4 2 1 7 2798 3087 2834 3256
5823 4 2 1 7 2798 2834 2959 3256
5824 4 2 1 7 3159 3530 2868 3182
5825 4 2 1 7 1332 2964 2895 3011
5826 4 2 1 7 2884 3175 3037 3345
5827 4 2 1 7 2997 3037 2884 3175
5828 4 2 1 7 795 584 3134 3292
5829 4 2 1 7 2884 3037 2925 3345
5830 4 2 1 7 3527 1994 2911 1957
5831 4 2 1 7 2828 1072 3017 2968
5832 4 2 1 7 2828 1072 2968 1060
5833 4 2 1 7 2832 3075 2962 3187
5834 4 2 1 7 1281 2943 2823 3330
5835 4 2 1 7 3324 2835 3246 645
5836 4 2 1 7 3663 3373 2873 3051
5837 4 2 1 7 1263 3166 2923 3402
5838 4 2 1 7 1026 2914 2913 3165
5839 4 2 1 7 757 690 106 3089
5840 4 2 1 7 183 3574 1771 3693
5841 4 2 1 7 2815 2912 2846 3324
5842 4 2 1 7 3693 3636 1771 3391
5843 4 2 1 7 1676 1645 1675 2908
5844 4 2 1 7 885 71 959 2954
5845 4 2 1 7 3624 1352 2868 3530
5846 4 2 1 7 2893 2956 1568 3090
5847 4 2 1 7 1071 1148 3085 3133
5848 4 2 1 7 1696 389 1697 3023
5849 4 2 1 7 1060 1147 1065 2828
5850 4 2 1 7 1903 1972 3000 3192
5851 4 2 1 7 2904 3147 2969 3255
5852 4 2 1 7 3159 3530 3182 2901
5853 4 2 1 7 2157 3084 2893 3157
5854 4 2 1 7 1143 3070 1138 1059
5855 4 2 1 7 2056 671 572 3221
5856 4 2 1 7 1078 2827 3061 3167
5857 4 2 1 7 1102 3019 2922 3030
5858 4 2 1 7 3607 2905 1010 2922
5859 4 2 1 7 3070 3215 1138 3254
5860 4 2 1 7 1281 2823 3124 3330
5861 4 2 1 7 64 2838 63 3465
5862 4 2 1 7 578 2878 638 3052
5863 4 2 1 7 2799 3072 3147 3415
5864 4 2 1 7 2832 2949 3075 3187
5865 4 2 1 7 2935 3085 3133 448
5866 4 2 1 7 63 2950 2838 2991
5867 4 2 1 7 2886 2835 3123 3371
5868 4 2 1 7 1315 3530 3159 2901
5869 4 2 1 7 3663 3373 3051 1007
5870 4 2 1 7 3124 1346 3185 1281
5871 4 2 1 7 1972 3161 3000 3192
5872 4 2 1 7 1448 3163 2869 3410
5873 4 2 1 7 1448 2869 2891 3410
5874 4 2 1 7 3624 1191 3530 2868
5875 4 2 1 7 1102 2922 2905 3030
5876 4 2 1 7 1333 2943 1207 3166
5877 4 2 1 7 1870 1873 1899 3097
5878 4 2 1 7 2828 1072 1060 1147
5879 4 2 1 7 1106 3017 2968 3241
5880 4 2 1 7 473 1685 2976 3306
5881 4 2 1 7 3207 1962 3629 241
5882 4 2 1 7 963 2954 900 3095
5883 4 2 1 7 638 3052 2878 3398
5884 4 2 1 7 3485 2975 629 3226
5885 4 2 1 7 865 1675 1645 2908
5886 4 2 1 7 3019 2856 2957 2922
5887 4 2 1 7 2814 3073 2948 3360
5888 4 2 1 7 572 2155 2056 3054
5889 4 2 1 7 2815 3246 2912 3324
5890 4 2 1 7 2796 2832 3010 3265
5891 4 2 1 7 2797 3004 2920 3040
5892 4 2 1 7 2155 572 2056 671
5893 4 2 1 7 572 3054 2056 3221
5894 4 2 1 7 2967 3235 878 3356
5895 4 2 1 7 2844 3062 2862 3280
5896 4 2 1 7 3020 3061 1247 3404
5897 4 2 1 7 1078 2827 3167 1077
5898 4 2 1 7 1039 1106 1072 2968
5899 4 2 1 7 1619 1741 775 2953
5900 4 2 1 7 724 2962 3096 3187
5901 4 2 1 7 3159 3530 1191 2868
5902 4 2 1 7 1004 2870 3521 2935
5903 4 2 1 7 885 71 649 959
5904 4 2 1 7 3138 3072 3415 2900
5905 4 2 1 7 2879 2970 2800 3296
5906 4 2 1 7 1089 3521 2870 3605
5907 4 2 1 7 2798 2913 3087 3256
5908 4 2 1 7 2912 3246 567 3324
5909 4 2 1 7 989 2932 1780 3050
5910 4 2 1 7 1078 2827 1077 1050
5911 4 2 1 7 2033 2035 2034 3509
5912 4 2 1 7 875 878 2967 3235
5913 4 2 1 7 3163 3245 2869 3275
5914 4 2 1 7 944 142 3039 3497
5915 4 2 1 7 2920 3004 2808 3279
5916 4 2 1 7 1401 3086 3357 3476
5917 4 2 1 7 909 442 2929 3093
5918 4 2 1 7 2884 2997 2793 3037
5919 4 2 1 7 1301 3122 2915 3142
5920 4 2 1 7 1267 2905 1329 2970
5921 4 2 1 7 1147 1065 2828 3364
5922 4 2 1 7 885 667 71 2954
5923 4 2 1 7 2863 3245 3163 3275
5924 4 2 1 7 2968 3017 2814 3241
5925 4 2 1 7 389 3023 1696 3487
5926 4 2 1 7 63 2838 2950 3465
5927 4 2 1 7 1486 2893 1568 3090
5928 4 2 1 7 638 2878 3126 3398
5929 4 2 1 7 1944 2897 2874 3040
5930 4 2 1 7 597 529 2834 3361
5931 4 2 1 7 2881 3292 3134 3438
5932 4 2 1 7 2874 2897 1944 3160
5933 4 2 1 7 1575 2904 3080 3255
5934 4 2 1 7 72 3098 73 3143
5935 4 2 1 7 1095 1007 3051 3373
5936 4 2 1 7 679 3246 2912 3018
5937 4 2 1 7 1060 2828 1065 3038
5938 4 2 1 7 2859 3484 3074 2829
5939 4 2 1 7 3171 3062 2844 3280
5940 4 2 1 7 775 1617 2898 3144
5941 4 2 1 7 2822 3112 2065 3117
5942 4 2 1 7 1174 3572 2923 2972
5943 4 2 1 7 2797 3040 2897 3102
5944 4 2 1 7 2964 3011 1319 3049
5945 4 2 1 7 2884 2925 3037 2793
5946 4 2 1 7 2946 1742 2993 1665
5947 4 2 1 7 1572 2837 3030 3047
5948 4 2 1 7 2946 1742 1665 1667
5949 4 2 1 7 578 2966 2878 3052
5950 4 2 1 7 2834 3256 3110 3361
5951 4 2 1 7 2796 3265 3010 3269
5952 4 2 1 7 2873 2941 1472 3051
5953 4 2 1 7 1039 1072 1060 2968
5954 4 2 1 7 2799 3147 2904 3415
5955 4 2 1 7 787 367 692 3091
5956 4 2 1 7 2809 3650 1832 3067
5957 4 2 1 7 2822 2975 2980 3021
5958 4 2 1 7 183 3574 3693 1163
5959 4 2 1 7 3037 3175 2826 3345
5960 4 2 1 7 525 2949 2848 3032
5961 4 2 1 7 1910 2874 1944 3160
5962 4 2 1 7 2839 3357 3086 3476
5963 4 2 1 7 3211 2959 2838 3373
5964 4 2 1 7 1036 464 1042 2947
5965 4 2 1 7 463 746 3027 3261
5966 4 2 1 7 2878 2847 2792 2966
5967 4 2 1 7 1401 3086 3008 3357
5968 4 2 1 7 2873 3211 2986 3334
5969 4 2 1 7 2798 2986 2873 3211
5970 4 2 1 7 2878 2847 2966 3100
5971 4 2 1 7 1650 2980 2975 3486
5972 4 2 1 7 1774 3113 3002 3144
5973 4 2 1 7 1716 877 2967 3194
5974 4 2 1 7 858 2884 897 3175
5975 4 2 1 7 597 2834 2996 3361
5976 4 2 1 7 2096 3035 3054 3295
5977 4 2 1 7 2878 2847 3100 2936
5978 4 2 1 7 2878 2847 2936 2792
5979 4 2 1 7 1277 3640 218 3525
5980 4 2 1 7 2913 2914 1026 3228
5981 4 2 1 7 508 450 514 3069
5982 4 2 1 7 2856 2800 3006 3081
5983 4 2 1 7 1953 273 272 3646
5984 4 2 1 7 390 1141 3085 3133
5985 4 2 1 7 3650 1610 3577 3003
5986 4 2 1 7 1584 3010 2832 3207
5987 4 2 1 7 1547 3296 2805 3057
5988 4 2 1 7 958 893 2855 3097
5989 4 2 1 7 1473 2909 2940 3189
5990 4 2 1 7 1089 3521 3605 180
5991 4 2 1 7 1091 2861 2935 3606
5992 4 2 1 7 2102 3084 3157 2921
5993 4 2 1 7 1873 2928 1899 3097
5994 4 2 1 7 2815 3056 3018 3314
5995 4 2 1 7 1956 1850 2906 2927
5996 4 2 1 7 1962 241 242 3629
5997 4 2 1 7 2862 2830 3062 3090
5998 4 2 1 7 2832 2848 2796 3092
5999 4 2 1 7 1448 2891 2869 3210
6000 4 2 1 7 1801 2809 3067 3220
6001 4 2 1 7 2810 3215 3070 3254
6002 4 2 1 7 73 3098 74 3143
6003 4 2 1 7 2948 3073 2949 3360
6004 4 2 1 7 1253 3530 2901 3608
6005 4 2 1 7 1741 775 2953 3144
6006 4 2 1 7 3472 3189 2951 2909
6007 4 2 1 7 429 913 3022 3139
6008 4 2 1 7 3646 1953 273 1985
6009 4 2 1 7 2031 2028 2060 3478
6010 4 2 1 7 1448 1449 2891 3210
6011 4 2 1 7 2834 2991 529 3031
6012 4 2 1 7 3211 3373 2873 2798
6013 4 2 1 7 2060 2847 3382 2994
6014 4 2 1 7 842 579 3098 76
6015 4 2 1 7 1584 1461 2832 3010
6016 4 2 1 7 3646 3569 272 1953
6017 4 2 1 7 2828 1072 1147 3017
6018 4 2 1 7 1790 3023 3113 3144
6019 4 2 1 7 134 3250 365 3267
6020 4 2 1 7 2809 3220 1801 3272
6021 4 2 1 7 775 1619 2953 3270
6022 4 2 1 7 1472 2873 1438 2941
6023 4 2 1 7 1832 1801 2809 3067
6024 4 2 1 7 2837 3006 2800 3285
6025 4 2 1 7 2060 2847 2994 3478
6026 4 2 1 7 1870 3097 1899 3409
6027 4 2 1 7 1042 464 390 2947
6028 4 2 1 7 429 3022 419 3139
6029 4 2 1 7 3646 3569 1953 3025
6030 4 2 1 7 408 130 2908 3050
6031 4 2 1 7 1832 2809 1801 3272
6032 4 2 1 7 727 2856 3020 3027
6033 4 2 1 7 1106 1072 2968 3017
6034 4 2 1 7 1686 1685 2976 3514
6035 4 2 1 7 274 3517 3695 1985
6036 4 2 1 7 1971 3192 3248 3161
6037 4 2 1 7 1091 2861 3606 178
6038 4 2 1 7 746 30 3347 3172
6039 4 2 1 7 122 3635 1297 1169
6040 4 2 1 7 2020 2157 2893 3157
6041 4 2 1 7 1438 2941 2873 3334
6042 4 2 1 7 1460 3148 3118 3255
6043 4 2 1 7 2033 2034 2890 3509
6044 4 2 1 7 1756 428 3022 3139
6045 4 2 1 7 2830 2890 44 2979
6046 4 2 1 7 3041 3433 2864 3242
6047 4 2 1 7 2824 2928 893 3236
6048 4 2 1 7 670 613 786 3449
6049 4 2 1 7 3695 1985 3517 3194
6050 4 2 1 7 2033 2890 2034 3109
6051 4 2 1 7 1850 1955 1956 2906
6052 4 2 1 7 1267 1231 1329 2905
6053 4 2 1 7 1189 1293 2905 2922
6054 4 2 1 7 2815 2846 2912 3179
6055 4 2 1 7 1010 2905 3607 152
6056 4 2 1 7 3405 3005 3006 2837
6057 4 2 1 7 2805 1547 3103 3013
6058 4 2 1 7 64 2838 3465 3123
6059 4 2 1 7 3095 3143 76 2954
6060 4 2 1 7 2916 828 2990 3011
6061 4 2 1 7 1281 3124 1215 3330
6062 4 2 1 7 1143 2950 3215 3070
6063 4 2 1 7 902 2851 899 3383
6064 4 2 1 7 905 2954 71 3370
6065 4 2 1 7 2832 2796 2848 2949
6066 4 2 1 7 1572 2837 3047 1462
6067 4 2 1 7 1308 1343 1257 3061
6068 4 2 1 7 2846 3001 2815 3324
6069 4 2 1 7 3545 1157 2906 3610
6070 4 2 1 7 3028 2795 3286 3084
6071 4 2 1 7 1297 3635 122 3045
6072 4 2 1 7 3296 1547 3013 1548
6073 4 2 1 7 529 2838 63 617
6074 4 2 1 7 1147 2828 3017 3364
6075 4 2 1 7 1716 2967 877 3289
6076 4 2 1 7 429 3022 913 3111
6077 4 2 1 7 1078 2827 1050 3061
6078 4 2 1 7 2916 3061 3020 3404
6079 4 2 1 7 3269 3241 2796 2948
6080 4 2 1 7 3623 2905 1267 2970
6081 4 2 1 7 3008 3086 2839 3357
6082 4 2 1 7 3646 147 1953 1985
6083 4 2 1 7 2851 2910 899 3383
6084 4 2 1 7 3002 3113 2821 3144
6085 4 2 1 7 1077 2957 2827 3167
6086 4 2 1 7 3314 3200 2880 3056
6087 4 2 1 7 2877 3073 2796 3241
6088 4 2 1 7 2809 3650 3067 3475
6089 4 2 1 7 1431 2835 1533 3371
6090 4 2 1 7 442 102 2929 3432
6091 4 2 1 7 1500 3147 3072 3415
6092 4 2 1 7 124 1202 1326 2875
6093 4 2 1 7 3695 273 274 1985
6094 4 2 1 7 899 2910 2851 2955
6095 4 2 1 7 3019 2856 2922 2800
6096 4 2 1 7 1162 3110 1045 3174
6097 4 2 1 7 848 579 944 3039
6098 4 2 1 7 2844 2875 2803 3141
6099 4 2 1 7 608 3054 2892 3121
6100 4 2 1 7 461 387 1785 3270
6101 4 2 1 7 819 2898 589 3263
6102 4 2 1 7 2143 3084 3351 2893
6103 4 2 1 7 3405 3005 2837 3165
6104 4 2 1 7 450 412 939 415
6105 4 2 1 7 1076 3562 2922 3167
6106 4 2 1 7 919 3226 2975 3485
6107 4 2 1 7 3585 3110 3256 1083
6108 4 2 1 7 2903 3304 1194 3489
6109 4 2 1 7 661 3082 2955 3181
6110 4 2 1 7 842 579 76 528
6111 4 2 1 7 2799 2896 2960 2824
6112 4 2 1 7 1446 2869 1448 3163
6113 4 2 1 7 1094 1095 1007 3051
6114 4 2 1 7 661 3181 2955 3378
6115 4 2 1 7 1790 1788 3023 3144
6116 4 2 1 7 611 3400 545 3484
6117 4 2 1 7 1463 3008 3079 3130
6118 4 2 1 7 1882 1994 1957 2911
6119 4 2 1 7 3140 2945 414 3173
6120 4 2 1 7 2837 3019 3006 3405
6121 4 2 1 7 775 1617 776 2898
6122 4 2 1 7 1473 3573 2909 1477
6123 4 2 1 7 135 2883 576 3162
6124 4 2 1 7 715 107 2946 2993
6125 4 2 1 7 1564 2810 2941 3088
6126 4 2 1 7 1120 2998 2914 3165
6127 4 2 1 7 1174 2923 1307 2972
6128 4 2 1 7 3646 147 3025 1953
6129 4 2 1 7 847 927 3034 3232
6130 4 2 1 7 139 138 3126 3501
6131 4 2 1 7 35 2907 34 3319
6132 4 2 1 7 2915 3122 2812 3142
6133 4 2 1 7 1616 776 772 1617
6134 4 2 1 7 1035 2877 1108 3070
6135 4 2 1 7 2845 1003 1028 3106
6136 4 2 1 7 830 1842 3668 1989
6137 4 2 1 7 1303 2853 2868 3247
6138 4 2 1 7 1372 1483 1398 2844
6139 4 2 1 7 425 3101 738 3268
6140 4 2 1 7 2034 2035 2979 3509
6141 4 2 1 7 3645 1204 90 3580
6142 4 2 1 7 1636 1741 1619 2953
6143 4 2 1 7 1148 2861 2935 1091
6144 4 2 1 7 1102 1079 3019 3030
6145 4 2 1 7 704 3114 2825 3201
6146 4 2 1 7 2937 3125 898 3213
6147 4 2 1 7 139 3095 138 3502
6148 4 2 1 7 2965 1335 3190 2921
6149 4 2 1 7 1756 428 3139 3176
6150 4 2 1 7 3171 3062 3280 483
6151 4 2 1 7 1674 2898 1617 3144
6152 4 2 1 7 899 2910 2955 3065
6153 4 2 1 7 461 1785 1762 3270
6154 4 2 1 7 1036 464 2947 2827
6155 4 2 1 7 124 2875 1326 3331
6156 4 2 1 7 1174 1262 1307 2923
6157 4 2 1 7 611 3271 3400 3484
6158 4 2 1 7 2832 2796 2949 3265
6159 4 2 1 7 2800 3081 2852 3285
6160 4 2 1 7 1564 2941 2810 3051
6161 4 2 1 7 1567 2837 1462 3105
6162 4 2 1 7 3134 3292 584 3438
6163 4 2 1 7 2799 2944 2896 2824
6164 4 2 1 7 3140 2945 3173 2823
6165 4 2 1 7 1157 1131 1128 2906
6166 4 2 1 7 1204 3580 3645 2895
6167 4 2 1 7 1404 3008 1463 3130
6168 4 2 1 7 2850 3275 2891 3389
6169 4 2 1 7 1816 1739 3117 3336
6170 4 2 1 7 865 1645 843 2908
6171 4 2 1 7 2825 3114 1625 3469
6172 4 2 1 7 1108 1035 1023 2877
6173 4 2 1 7 597 2834 2952 2996
6174 4 2 1 7 2815 3018 2912 3246
6175 4 2 1 7 2844 2803 3116 3141
6176 4 2 1 7 1256 2921 3016 3028
6177 4 2 1 7 905 959 71 2954
6178 4 2 1 7 2982 2079 3185 3444
6179 4 2 1 7 729 733 498 2990
6180 4 2 1 7 3695 3646 273 1985
6181 4 2 1 7 2797 3102 2897 3271
6182 4 2 1 7 2837 2800 3006 3019
6183 4 2 1 7 873 3065 2955 3223
6184 4 2 1 7 1219 1194 3304 3489
6185 4 2 1 7 597 2952 2834 3338
6186 4 2 1 7 1223 1222 3142 3387
6187 4 2 1 7 3559 1816 3117 3112
6188 4 2 1 7 3140 2945 2823 3034
6189 4 2 1 7 2975 3021 2854 3162
6190 4 2 1 7 829 675 3055 3392
6191 4 2 1 7 1231 3623 3543 2905
6192 4 2 1 7 3171 3062 483 3488
6193 4 2 1 7 875 2967 2930 3235
6194 4 2 1 7 3244 457 953 133
6195 4 2 1 7 3695 3646 1985 3194
6196 4 2 1 7 2856 3020 1217 3059
6197 4 2 1 7 2829 3400 3271 3484
6198 4 2 1 7 1060 2968 2828 3312
6199 4 2 1 7 33 34 2907 3319
6200 4 2 1 7 2830 3090 2795 3062
6201 4 2 1 7 385 2957 3027 2827
6202 4 2 1 7 2945 3140 415 3034
6203 4 2 1 7 390 1042 2947 3085
6204 4 2 1 7 2910 898 3125 3213
6205 4 2 1 7 871 2858 3065 3223
6206 4 2 1 7 1502 3147 1575 3255
6207 4 2 1 7 43 2974 2890 3428
6208 4 2 1 7 718 2869 3245 3275
6209 4 2 1 7 409 130 129 3329
6210 4 2 1 7 2899 2048 3318 3515
6211 4 2 1 7 3296 1547 1548 1504
6212 4 2 1 7 2060 2847 3478 2028
6213 4 2 1 7 1292 1189 1293 2905
6214 4 2 1 7 2034 3109 2890 3368
6215 4 2 1 7 1404 3008 3130 3357
6216 4 2 1 7 2060 2847 2028 3382
6217 4 2 1 7 1903 3000 2987 3192
6218 4 2 1 7 1223 3142 2915 3387
6219 4 2 1 7 2026 2854 2042 3119
6220 4 2 1 7 1636 2953 1619 3270
6221 4 2 1 7 927 451 415 3034
6222 4 2 1 7 90 1204 3645 1341
6223 4 2 1 7 3382 2847 2028 2966
6224 4 2 1 7 148 1851 3592 3687
6225 4 2 1 7 2798 2834 3087 3381
6226 4 2 1 7 3645 1252 1341 1204
6227 4 2 1 7 3331 2884 987 3104
6228 4 2 1 7 2827 3127 3027 443
6229 4 2 1 7 1401 1407 3086 3476
6230 4 2 1 7 1093 3361 2991 3503
6231 4 2 1 7 3644 2003 3518 276
6232 4 2 1 7 1067 1141 390 3133
6233 4 2 1 7 2845 1003 3106 3482
6234 4 2 1 7 1971 3192 3161 1972
6235 4 2 1 7 3358 3639 3135 2861
6236 4 2 1 7 786 3134 670 3449
6237 4 2 1 7 1092 1132 2861 3358
6238 4 2 1 7 2877 3032 2796 3073
6239 4 2 1 7 1473 3573 1477 1569
6240 4 2 1 7 1263 3166 3402 1333
6241 4 2 1 7 2814 3068 2948 3504
6242 4 2 1 7 2829 2897 3102 3271
6243 4 2 1 7 2964 3049 1127 3358
6244 4 2 1 7 2850 2961 2891 3275
6245 4 2 1 7 1293 1329 2905 3150
6246 4 2 1 7 3358 3639 2861 1092
6247 4 2 1 7 275 276 3518 2003
6248 4 2 1 7 529 2991 2834 3361
6249 4 2 1 7 2798 3031 2834 3381
6250 4 2 1 7 651 3235 2967 3356
6251 4 2 1 7 1127 3639 2964 3358
6252 4 2 1 7 556 3293 2929 3366
6253 4 2 1 7 1785 3270 387 3487
6254 4 2 1 7 1259 1260 1191 2868
6255 4 2 1 7 3019 2856 2800 3006
6256 4 2 1 7 719 3245 2863 3275
6257 4 2 1 7 2833 3035 2819 3054
6258 4 2 1 7 76 842 528 3095
6259 4 2 1 7 380 2890 43 2974
6260 4 2 1 7 1572 2837 1462 1509
6261 4 2 1 7 1832 3650 3003 1610
6262 4 2 1 7 1343 1247 1257 3061
6263 4 2 1 7 3088 3123 2886 3424
6264 4 2 1 7 2802 3181 3082 3464
6265 4 2 1 7 661 668 3181 3378
6266 4 2 1 7 233 2923 1174 3572
6267 4 2 1 7 1462 1567 1509 2837
6268 4 2 1 7 2825 1625 3114 3307
6269 4 2 1 7 461 1762 1629 2919
6270 4 2 1 7 2955 3082 2802 3181
6271 4 2 1 7 1564 2810 3088 3209
6272 4 2 1 7 2102 3084 2921 2098
6273 4 2 1 7 1971 3192 1972 1904
6274 4 2 1 7 3488 2803 3171 2844
6275 4 2 1 7 899 2955 2851 3283
6276 4 2 1 7 525 674 2848 2949
6277 4 2 1 7 2840 3120 2831 3315
6278 4 2 1 7 3097 2824 2928 893
6279 4 2 1 7 1301 3064 3122 3142
6280 4 2 1 7 498 2990 733 3253
6281 4 2 1 7 130 865 2908 3050
6282 4 2 1 7 2861 1789 2935 1595
6283 4 2 1 7 3217 3085 2861 2935
6284 4 2 1 7 1256 3016 2921 3376
6285 4 2 1 7 1398 1372 2844 3116
6286 4 2 1 7 1832 3650 1610 1796
6287 4 2 1 7 3644 2003 2984 3518
6288 4 2 1 7 1758 3625 3534 2894
6289 4 2 1 7 1132 3085 1148 2861
6290 4 2 1 7 1483 2844 1372 3141
6291 4 2 1 7 3033 3109 2883 3202
6292 4 2 1 7 714 3200 2989 3275
6293 4 2 1 7 1229 3657 2895 2964
6294 4 2 1 7 390 3085 397 3133
6295 4 2 1 7 1564 2810 3209 3254
6296 4 2 1 7 1916 1961 3010 3207
6297 4 2 1 7 1762 1783 461 1629
6298 4 2 1 7 1893 3115 1887 3434
6299 4 2 1 7 2855 2904 2799 2969
6300 4 2 1 7 1026 1120 2914 3165
6301 4 2 1 7 484 2884 3104 858
6302 4 2 1 7 3000 3161 2817 3192
6303 4 2 1 7 1230 3555 2965 3190
6304 4 2 1 7 3296 1547 1504 3057
6305 4 2 1 7 1961 1907 3010 3265
6306 4 2 1 7 1465 1486 1568 3090
6307 4 2 1 7 1564 3051 2810 3254
6308 4 2 1 7 2935 3085 2861 1148
6309 4 2 1 7 905 649 71 959
6310 4 2 1 7 1271 1332 1229 2895
6311 4 2 1 7 1221 1223 1222 3142
6312 4 2 1 7 2804 3049 2964 3358
6313 4 2 1 7 442 2929 102 3492
6314 4 2 1 7 607 572 671 3221
6315 4 2 1 7 1528 3001 1391 3076
6316 4 2 1 7 2817 3192 3161 3248
6317 4 2 1 7 2851 2910 2794 2955
6318 4 2 1 7 1108 2877 2950 3070
6319 4 2 1 7 927 415 127 3034
6320 4 2 1 7 2846 2815 3001 3179
6321 4 2 1 7 1281 3066 2943 3402
6322 4 2 1 7 857 2958 3104 3232
6323 4 2 1 7 2861 2935 1789 3217
6324 4 2 1 7 1528 2886 3001 3076
6325 4 2 1 7 880 878 3235 3356
6326 4 2 1 7 661 668 68 3181
6327 4 2 1 7 835 2814 3360 3078
6328 4 2 1 7 2877 2796 3070 3241
6329 4 2 1 7 72 2954 3098 3143
6330 4 2 1 7 3097 3191 3471 2855
6331 4 2 1 7 1389 3001 3179 2846
6332 4 2 1 7 76 842 2954 3098
6333 4 2 1 7 1449 1450 2891 3057
6334 4 2 1 7 2877 2796 3032 3070
6335 4 2 1 7 515 3104 2958 3232
6336 4 2 1 7 2819 3039 2833 3054
6337 4 2 1 7 2127 2982 2079 3185
6338 4 2 1 7 3037 3175 2997 3198
6339 4 2 1 7 632 3009 3235 3354
6340 4 2 1 7 3527 1994 3655 2911
6341 4 2 1 7 2986 3211 2835 3334
6342 4 2 1 7 1868 3191 2971 3279
6343 4 2 1 7 661 68 3082 3181
6344 4 2 1 7 1652 629 2980 3486
6345 4 2 1 7 478 3284 370 3184
6346 4 2 1 7 2042 2087 3021 3234
6347 4 2 1 7 1813 2895 2973 3224
6348 4 2 1 7 1194 3059 2903 3489
6349 4 2 1 7 461 1785 1783 1762
6350 4 2 1 7 871 3065 873 3223
6351 4 2 1 7 2874 1895 3160 1910
6352 4 2 1 7 3527 1994 198 3655
6353 4 2 1 7 3057 1449 3296 2852
6354 4 2 1 7 2830 2795 3351 3286
6355 4 2 1 7 2804 3011 2964 3049
6356 4 2 1 7 2830 2795 3286 3062
6357 4 2 1 7 2848 2949 674 3075
6358 4 2 1 7 1083 1045 1162 3110
6359 4 2 1 7 2028 2966 2847 3202
6360 4 2 1 7 2862 3169 2844 3280
6361 4 2 1 7 1584 1507 3010 3207
6362 4 2 1 7 1787 2935 2870 3297
6363 4 2 1 7 1229 2895 1332 2964
6364 4 2 1 7 1071 1148 1056 3085
6365 4 2 1 7 2823 2982 3185 3444
6366 4 2 1 7 1313 1256 2921 3376
6367 4 2 1 7 1547 2805 3296 3013
6368 4 2 1 7 746 30 3172 29
6369 4 2 1 7 1372 3116 2978 3141
6370 4 2 1 7 1260 1191 2868 3159
6371 4 2 1 7 1625 3145 2825 3469
6372 4 2 1 7 2866 2820 3398 3406
6373 4 2 1 7 1509 2837 1567 3299
6374 4 2 1 7 2109 2170 2994 3178
6375 4 2 1 7 2874 1895 1910 1918
6376 4 2 1 7 1472 1478 2873 3051
6377 4 2 1 7 2799 2855 2960 3471
6378 4 2 1 7 2792 2936 3294 3413
6379 4 2 1 7 3169 3171 2844 3280
6380 4 2 1 7 1431 3334 2835 3371
6381 4 2 1 7 1994 12 198 3655
6382 4 2 1 7 2799 2960 3138 3471
6383 4 2 1 7 3139 3183 429 913
6384 4 2 1 7 3211 2959 3373 2798
6385 4 2 1 7 2978 3116 2803 3141
6386 4 2 1 7 1023 1108 2877 2950
6387 4 2 1 7 2830 2956 2862 3428
6388 4 2 1 7 1675 2908 865 3050
6389 4 2 1 7 2876 1375 2963 3442
6390 4 2 1 7 3171 3062 3488 2844
6391 4 2 1 7 3057 3296 1449 1504
6392 4 2 1 7 1293 2905 2922 3150
6393 4 2 1 7 1912 3249 3014 3434
6394 4 2 1 7 1253 3530 3608 206
6395 4 2 1 7 412 128 939 415
6396 4 2 1 7 3568 2172 3616 2977
6397 4 2 1 7 3488 2803 2844 2875
6398 4 2 1 7 2109 2994 3099 3178
6399 4 2 1 7 435 909 908 3383
6400 4 2 1 7 2150 2165 2071 3475
6401 4 2 1 7 2875 2978 2803 3141
6402 4 2 1 7 451 3034 927 3232
6403 4 2 1 7 2152 3178 2956 3351
6404 4 2 1 7 1625 2825 3145 3307
6405 4 2 1 7 2861 1132 1092 1002
6406 4 2 1 7 2982 3173 2079 3444
6407 4 2 1 7 3155 2799 2866 3072
6408 4 2 1 7 1036 464 386 1042
6409 4 2 1 7 2874 1895 1918 3079
6410 4 2 1 7 2855 2969 2799 3310
6411 4 2 1 7 2117 2893 2152 2956
6412 4 2 1 7 2872 1400 3257 3511
6413 4 2 1 7 2855 2969 2808 3080
6414 4 2 1 7 3204 3039 848 3362
6415 4 2 1 7 2884 2803 3146 3171
6416 4 2 1 7 2866 2944 2047 3156
6417 4 2 1 7 1389 3001 2846 1391
6418 4 2 1 7 866 1672 3205 3339
6419 4 2 1 7 2107 3033 3109 3368
6420 4 2 1 7 787 416 367 3091
6421 4 2 1 7 463 30 376 3347
6422 4 2 1 7 1186 1185 811 3251
6423 4 2 1 7 2837 3005 2813 3165
6424 4 2 1 7 3488 2803 2875 3104
6425 4 2 1 7 1334 3522 3064 3142
6426 4 2 1 7 730 2988 3303 2939
6427 4 2 1 7 2139 2155 2056 671
6428 4 2 1 7 3488 2803 3104 3171
6429 4 2 1 7 614 3096 707 3400
6430 4 2 1 7 430 497 429 3183
6431 4 2 1 7 2930 2967 651 3235
6432 4 2 1 7 775 1741 1617 3144
6433 4 2 1 7 1374 2876 1375 3116
6434 4 2 1 7 3130 3008 3481 3357
6435 4 2 1 7 953 2857 467 3244
6436 4 2 1 7 3284 3091 3184 478
6437 4 2 1 7 3183 913 942 950
6438 4 2 1 7 1422 3212 3132 3393
6439 4 2 1 7 464 3027 443 2827
6440 4 2 1 7 139 3310 2902 3406
6441 4 2 1 7 2802 2955 3065 3223
6442 4 2 1 7 1739 3336 1650 2980
6443 4 2 1 7 1231 3623 2905 1267
6444 4 2 1 7 1268 2879 1310 2970
6445 4 2 1 7 717 2949 2948 3265
6446 4 2 1 7 455 2883 3033 3109
6447 4 2 1 7 1268 2879 2970 3150
6448 4 2 1 7 1624 1625 3114 3469
6449 4 2 1 7 2913 2914 2813 3165
6450 4 2 1 7 1912 1887 3249 3434
6451 4 2 1 7 3005 3042 2813 3165
6452 4 2 1 7 3233 3391 1613 666
6453 4 2 1 7 2794 3094 2851 3378
6454 4 2 1 7 1223 3158 1222 3387
6455 4 2 1 7 3639 1040 2964 3558
6456 4 2 1 7 738 3101 425 3337
6457 4 2 1 7 2883 3119 643 3162
6458 4 2 1 7 134 135 3250 3267
6459 4 2 1 7 1297 3635 2925 1169
6460 4 2 1 7 450 2857 514 3069
6461 4 2 1 7 2838 2991 2959 3031
6462 4 2 1 7 1106 3206 3017 3241
6463 4 2 1 7 2962 2811 3096 3187
6464 4 2 1 7 2866 2820 3406 3155
6465 4 2 1 7 1533 3001 2835 3060
6466 4 2 1 7 1509 3030 2837 3299
6467 4 2 1 7 900 2954 963 3370
6468 4 2 1 7 1093 1018 2991 3361
6469 4 2 1 7 600 2828 675 3312
6470 4 2 1 7 1943 3609 2977 3035
6471 4 2 1 7 139 2824 2902 3310
6472 4 2 1 7 1329 2970 2905 3150
6473 4 2 1 7 1545 1352 1546 2868
6474 4 2 1 7 1983 3529 1883 3010
6475 4 2 1 7 3012 3201 540 3288
6476 4 2 1 7 1774 3002 2898 3144
6477 4 2 1 7 865 843 130 2908
6478 4 2 1 7 1105 3026 3106 3113
6479 4 2 1 7 2892 2106 2077 3295
6480 4 2 1 7 2874 1895 3079 3160
6481 4 2 1 7 1272 1212 3225 3230
6482 4 2 1 7 2796 2948 3265 3269
6483 4 2 1 7 2924 2995 1980 3177
6484 4 2 1 7 2965 1335 2921 1313
6485 4 2 1 7 2854 3021 2042 3119
6486 4 2 1 7 2076 3109 3033 3202
6487 4 2 1 7 1082 1127 3049 3358
6488 4 2 1 7 589 598 3218 3276
6489 4 2 1 7 1310 2970 2879 3013
6490 4 2 1 7 2928 3236 3014 3497
6491 4 2 1 7 1075 2922 1102 3019
6492 4 2 1 7 3012 3288 540 3293
6493 4 2 1 7 2823 2943 127 3330
6494 4 2 1 7 1683 2976 1685 3306
6495 4 2 1 7 147 978 3517 3194
6496 4 2 1 7 1234 1212 2988 3225
6497 4 2 1 7 453 2069 3173 3318
6498 4 2 1 7 2852 2805 2879 3296
6499 4 2 1 7 3284 3091 478 95
6500 4 2 1 7 2814 835 3344 3078
6501 4 2 1 7 560 533 3143 3350
6502 4 2 1 7 3604 3095 853 3143
6503 4 2 1 7 435 3093 909 3383
6504 4 2 1 7 899 2955 873 3065
6505 4 2 1 7 3535 3233 1598 666
6506 4 2 1 7 2152 2158 3178 3351
6507 4 2 1 7 578 2966 605 3100
6508 4 2 1 7 2825 2992 2931 3201
6509 4 2 1 7 864 2882 2999 3333
6510 4 2 1 7 3039 579 3204 848
6511 4 2 1 7 1752 2923 1596 2972
6512 4 2 1 7 395 1697 3023 3297
6513 4 2 1 7 2846 1391 3001 3076
6514 4 2 1 7 959 649 885 886
6515 4 2 1 7 2802 3082 2885 3464
6516 4 2 1 7 2143 3084 2893 2157
6517 4 2 1 7 1332 3645 3011 2895
6518 4 2 1 7 3440 898 2937 3125
6519 4 2 1 7 1648 1672 866 3339
6520 4 2 1 7 1532 2917 2858 3149
6521 4 2 1 7 3005 3006 2837 3285
6522 4 2 1 7 3324 2835 645 2886
6523 4 2 1 7 96 2988 2826 3284
6524 4 2 1 7 2808 3118 3148 3255
6525 4 2 1 7 1375 1374 1376 2876
6526 4 2 1 7 2939 3225 1212 3230
6527 4 2 1 7 2821 3113 3023 3144
6528 4 2 1 7 484 515 858 3104
6529 4 2 1 7 864 2999 2882 3363
6530 4 2 1 7 3014 3236 3154 3497
6531 4 2 1 7 2858 2917 1532 3132
6532 4 2 1 7 3568 2172 302 3616
6533 4 2 1 7 895 2884 858 3104
6534 4 2 1 7 921 3494 1208 3166
6535 4 2 1 7 3616 302 16 2172
6536 4 2 1 7 450 508 451 3069
6537 4 2 1 7 3211 2959 2798 3031
6538 4 2 1 7 2830 2795 3090 2893
6539 4 2 1 7 2127 3066 2982 3185
6540 4 2 1 7 2867 2971 1855 3129
6541 4 2 1 7 2832 3010 1461 3092
6542 4 2 1 7 3284 3091 95 2888
6543 4 2 1 7 2181 2127 2079 3185
6544 4 2 1 7 1102 1010 2905 2922
6545 4 2 1 7 2121 2833 3221 3054
6546 4 2 1 7 2844 3116 1372 3141
6547 4 2 1 7 128 415 412 3140
6548 4 2 1 7 738 425 736 3337
6549 4 2 1 7 1813 2973 1704 3224
6550 4 2 1 7 68 3082 3181 3464
6551 4 2 1 7 898 2910 899 3065
6552 4 2 1 7 2839 3086 3063 3476
6553 4 2 1 7 2879 2805 2903 3304
6554 4 2 1 7 1950 3576 277 3644
6555 4 2 1 7 1375 2876 1376 3442
6556 4 2 1 7 2020 2102 2157 3157
6557 4 2 1 7 127 3034 415 3140
6558 4 2 1 7 1334 3064 1301 3142
6559 4 2 1 7 1572 2837 1509 3030
6560 4 2 1 7 694 3308 2918 3451
6561 4 2 1 7 1006 2906 3222 3470
6562 4 2 1 7 1500 3072 2900 3415
6563 4 2 1 7 1546 2868 1352 3182
6564 4 2 1 7 1042 464 386 390
6565 4 2 1 7 3440 898 3125 901
6566 4 2 1 7 1371 1370 1372 2978
6567 4 2 1 7 811 3251 1185 3412
6568 4 2 1 7 2882 2999 2951 3363
6569 4 2 1 7 600 675 2828 3392
6570 4 2 1 7 1533 2835 3001 3371
6571 4 2 1 7 848 579 3204 3356
6572 4 2 1 7 2884 2997 3146 3385
6573 4 2 1 7 1217 3059 3020 3412
6574 4 2 1 7 2886 3123 3088 3371
6575 4 2 1 7 2894 2980 570 3021
6576 4 2 1 7 2139 3221 671 2056
6577 4 2 1 7 3525 3640 218 2129
6578 4 2 1 7 2880 3200 2863 3216
6579 4 2 1 7 3524 1498 2904 3080
6580 4 2 1 7 3650 3475 3003 2150
6581 4 2 1 7 1508 2893 3681 2956
6582 4 2 1 7 727 3020 2856 3059
6583 4 2 1 7 2925 3635 1297 3045
6584 4 2 1 7 3314 2880 3200 2863
6585 4 2 1 7 3645 2895 833 3011
6586 4 2 1 7 3299 2813 2998 3165
6587 4 2 1 7 463 29 746 3261
6588 4 2 1 7 2855 3080 2808 3191
6589 4 2 1 7 1060 2828 3038 3312
6590 4 2 1 7 2825 2931 3012 3201
6591 4 2 1 7 2799 2960 2855 2824
6592 4 2 1 7 847 927 127 3034
6593 4 2 1 7 3505 3155 2940 2820
6594 4 2 1 7 2853 2793 2925 3159
6595 4 2 1 7 599 2860 3055 3266
6596 4 2 1 7 450 2857 939 3244
6597 4 2 1 7 2847 3109 2883 3367
6598 4 2 1 7 1706 2924 1708 3342
6599 4 2 1 7 2884 2997 476 3146
6600 4 2 1 7 2798 3373 2873 3228
6601 4 2 1 7 2823 2982 2943 3066
6602 4 2 1 7 3561 1999 2900 1958
6603 4 2 1 7 2962 3075 2811 3187
6604 4 2 1 7 3299 2813 3165 2837
6605 4 2 1 7 389 395 1697 3023
6606 4 2 1 7 2053 3318 2048 3515
6607 4 2 1 7 2959 2991 2834 3031
6608 4 2 1 7 2903 3059 1187 3251
6609 4 2 1 7 2905 2922 2800 3030
6610 4 2 1 7 1314 2934 3124 3185
6611 4 2 1 7 1075 1102 1079 3019
6612 4 2 1 7 1034 1106 2968 3241
6613 4 2 1 7 121 1289 1172 3690
6614 4 2 1 7 1762 2919 461 3270
6615 4 2 1 7 2796 3032 2938 3209
6616 4 2 1 7 1873 2960 2928 3097
6617 4 2 1 7 3583 1961 2962 3265
6618 4 2 1 7 2925 3635 3345 1169
6619 4 2 1 7 958 2855 2971 3097
6620 4 2 1 7 2876 3171 3169 3280
6621 4 2 1 7 1448 2869 1447 3210
6622 4 2 1 7 2157 2143 2020 2893
6623 4 2 1 7 3406 2799 3310 2902
6624 4 2 1 7 1117 1153 1057 2911
6625 4 2 1 7 3074 612 3219 3400
6626 4 2 1 7 2792 2974 2936 3413
6627 4 2 1 7 3201 3287 104 3288
6628 4 2 1 7 2890 2974 2806 3428
6629 4 2 1 7 1733 1607 290 3455
6630 4 2 1 7 978 147 859 3194
6631 4 2 1 7 474 2932 420 3050
6632 4 2 1 7 1893 3035 3115 3434
6633 4 2 1 7 2801 3200 2989 2864
6634 4 2 1 7 776 819 589 3276
6635 4 2 1 7 366 3120 3041 3466
6636 4 2 1 7 1958 1881 1999 2900
6637 4 2 1 7 1800 843 3272 3339
6638 4 2 1 7 455 369 3033 3250
6639 4 2 1 7 443 3027 731 3127
6640 4 2 1 7 3192 1997 1971 3248
6641 4 2 1 7 2823 3173 2982 3444
6642 4 2 1 7 3345 3635 2925 3045
6643 4 2 1 7 3211 3373 2838 2941
6644 4 2 1 7 1423 1424 3058 3439
6645 4 2 1 7 1078 3061 3686 3167
6646 4 2 1 7 390 1141 1042 3085
6647 4 2 1 7 1389 3001 1391 1393
6648 4 2 1 7 3353 3266 2911 2817
6649 4 2 1 7 575 3021 2975 3162
6650 4 2 1 7 33 2907 32 3319
6651 4 2 1 7 2882 2951 2820 3363
6652 4 2 1 7 2922 3019 2800 3030
6653 4 2 1 7 2947 3061 1107 2827
6654 4 2 1 7 3211 2959 3031 2838
6655 4 2 1 7 128 927 939 415
6656 4 2 1 7 2961 3200 3275 2989
6657 4 2 1 7 1370 1372 2978 3141
6658 4 2 1 7 1449 1450 1448 2891
6659 4 2 1 7 3402 3166 2923 3203
6660 4 2 1 7 3331 2884 3104 2803
6661 4 2 1 7 2801 3200 2880 3216
6662 4 2 1 7 2827 3020 2916 3061
6663 4 2 1 7 2941 3211 2873 3334
6664 4 2 1 7 1446 1447 1448 2869
6665 4 2 1 7 3167 3020 2856 2827
6666 4 2 1 7 731 443 463 3027
6667 4 2 1 7 2805 1547 3057 3227
6668 4 2 1 7 2808 3118 2920 3148
6669 4 2 1 7 799 3114 1621 3270
6670 4 2 1 7 1222 2888 3142 3387
6671 4 2 1 7 724 3096 749 3187
6672 4 2 1 7 2899 2979 2037 3509
6673 4 2 1 7 858 444 2884 3175
6674 4 2 1 7 732 498 729 733
6675 4 2 1 7 2938 3032 2796 3070
6676 4 2 1 7 1272 1212 1234 3225
6677 4 2 1 7 2852 2800 3047 3296
6678 4 2 1 7 2846 3181 3262 3476
6679 4 2 1 7 1972 1903 1904 3192
6680 4 2 1 7 76 842 3095 2954
6681 4 2 1 7 1529 3155 2849 3189
6682 4 2 1 7 3052 3382 2040 2966
6683 4 2 1 7 2152 2956 2893 3351
6684 4 2 1 7 2810 3032 2938 3070
6685 4 2 1 7 1313 2921 2965 3376
6686 4 2 1 7 474 3131 2932 3112
6687 4 2 1 7 605 3100 2966 3202
6688 4 2 1 7 3151 3172 800 2907
6689 4 2 1 7 146 3517 2007 274
6690 4 2 1 7 2855 863 3301 3436
6691 4 2 1 7 2922 2957 1076 3167
6692 4 2 1 7 2831 3077 2840 3315
6693 4 2 1 7 1187 2903 1194 3059
6694 4 2 1 7 1529 2849 3152 3189
6695 4 2 1 7 1083 1111 1045 3110
6696 4 2 1 7 1289 1172 3690 1321
6697 4 2 1 7 2809 3650 3475 3003
6698 4 2 1 7 2969 3080 2904 3255
6699 4 2 1 7 944 579 848 3356
6700 4 2 1 7 2833 2064 3434 2121
6701 4 2 1 7 43 3168 2974 3428
6702 4 2 1 7 1222 3158 2888 3387
6703 4 2 1 7 2122 2158 2073 3351
6704 4 2 1 7 2914 2998 2813 3165
6705 4 2 1 7 3453 3297 2870 2935
6706 4 2 1 7 3042 3405 3165 3005
6707 4 2 1 7 3014 3154 2833 3497
6708 4 2 1 7 909 435 442 3093
6709 4 2 1 7 128 412 129 3140
6710 4 2 1 7 2122 2158 3351 3509
6711 4 2 1 7 3063 3086 1407 3476
6712 4 2 1 7 1076 3562 3167 1044
6713 4 2 1 7 1113 3038 3000 3266
6714 4 2 1 7 2833 3014 3249 3434
6715 4 2 1 7 1422 3132 3046 3393
6716 4 2 1 7 2883 3250 135 3267
6717 4 2 1 7 902 3093 2851 3383
6718 4 2 1 7 461 2919 363 3240
6719 4 2 1 7 3624 1259 2868 3103
6720 4 2 1 7 1043 3049 2947 3358
6721 4 2 1 7 2845 1003 3482 1012
6722 4 2 1 7 2156 2069 453 3318
6723 4 2 1 7 2832 2796 3010 3092
6724 4 2 1 7 2823 127 2943 3140
6725 4 2 1 7 966 967 2867 3102
6726 4 2 1 7 2815 2912 2880 3179
6727 4 2 1 7 3477 3522 3142 3064
6728 4 2 1 7 1113 3000 3161 3266
6729 4 2 1 7 3281 3120 2997 2989
6730 4 2 1 7 829 810 675 3392
6731 4 2 1 7 1832 3003 2809 3272
6732 4 2 1 7 3690 1289 1321 3225
6733 4 2 1 7 3344 2814 3017 3068
6734 4 2 1 7 1185 1186 811 805
6735 4 2 1 7 3559 1816 3112 1815
6736 4 2 1 7 1120 3632 2914 2998
6737 4 2 1 7 732 447 498 733
6738 4 2 1 7 1530 3001 3060 3179
6739 4 2 1 7 2798 3373 3228 2959
6740 4 2 1 7 2830 2795 2893 3351
6741 4 2 1 7 1293 2922 1338 3150
6742 4 2 1 7 2093 2866 3156 3072
6743 4 2 1 7 65 2886 2835 3123
6744 4 2 1 7 1130 3547 3299 3030
6745 4 2 1 7 2028 2027 2966 3202
6746 4 2 1 7 63 2877 2950 3128
6747 4 2 1 7 724 3096 2962 3160
6748 4 2 1 7 2156 2080 2036 3368
6749 4 2 1 7 1507 3621 3010 3207
6750 4 2 1 7 2798 2959 2834 3031
6751 4 2 1 7 3544 1999 1881 2900
6752 4 2 1 7 2946 2993 107 3468
6753 4 2 1 7 3627 2167 279 14
6754 4 2 1 7 1389 3001 1393 3179
6755 4 2 1 7 1441 2986 2843 3060
6756 4 2 1 7 64 3211 2838 3123
6757 4 2 1 7 1478 1438 1472 2873
6758 4 2 1 7 901 2910 898 3125
6759 4 2 1 7 3375 3007 2882 1415
6760 4 2 1 7 875 880 878 3235
6761 4 2 1 7 2901 2963 1432 3182
6762 4 2 1 7 425 738 489 3268
6763 4 2 1 7 1251 1319 3011 3049
6764 4 2 1 7 1530 3179 3060 3214
6765 4 2 1 7 1189 1338 1293 2922
6766 4 2 1 7 1466 3099 2933 3237
6767 4 2 1 7 1122 2964 3682 3049
6768 4 2 1 7 3358 3639 2964 3135
6769 4 2 1 7 2915 3142 2812 3387
6770 4 2 1 7 1678 1742 1665 2993
6771 4 2 1 7 617 3031 2838 3211
6772 4 2 1 7 2938 3032 2810 3209
6773 4 2 1 7 43 2890 2830 3428
6774 4 2 1 7 1706 2924 3342 2995
6775 4 2 1 7 989 1641 867 1780
6776 4 2 1 7 3609 2141 2977 3035
6777 4 2 1 7 2851 2794 2910 3242
6778 4 2 1 7 3545 1128 1006 2906
6779 4 2 1 7 3515 3318 3399 2945
6780 4 2 1 7 1813 2973 2895 3135
6781 4 2 1 7 2007 3517 146 3518
6782 4 2 1 7 795 810 584 3292
6783 4 2 1 7 3052 3382 2966 3417
6784 4 2 1 7 1089 3605 2870 3113
6785 4 2 1 7 2802 3065 2858 3223
6786 4 2 1 7 1534 2901 1432 3182
6787 4 2 1 7 2961 3200 2989 2801
6788 4 2 1 7 3581 1271 1229 2895
6789 4 2 1 7 1404 3130 1511 3357
6790 4 2 1 7 2820 2940 2909 3189
6791 4 2 1 7 3005 2837 3210 3285
6792 4 2 1 7 447 498 733 3253
6793 4 2 1 7 921 1207 2943 3166
6794 4 2 1 7 44 2830 43 2890
6795 4 2 1 7 498 729 2990 3127
6796 4 2 1 7 2876 2963 1375 3116
6797 4 2 1 7 2878 3052 2820 3398
6798 4 2 1 7 2965 1335 1313 1230
6799 4 2 1 7 3375 3007 1415 1416
6800 4 2 1 7 2948 2949 2796 3265
6801 4 2 1 7 1268 1286 2879 3150
6802 4 2 1 7 2093 2866 3072 2144
6803 4 2 1 7 3000 3392 3038 2828
6804 4 2 1 7 2007 3517 275 274
6805 4 2 1 7 2883 3109 2847 3202
6806 4 2 1 7 275 3517 2007 3518
6807 4 2 1 7 1034 1106 1039 2968
6808 4 2 1 7 799 1621 774 3270
6809 4 2 1 7 2156 3318 46 3368
6810 4 2 1 7 723 707 691 656
6811 4 2 1 7 656 614 691 3134
6812 4 2 1 7 819 777 589 3276
6813 4 2 1 7 943 3170 431 3184
6814 4 2 1 7 1006 3222 2938 3470
6815 4 2 1 7 2153 453 2156 2069
6816 4 2 1 7 1488 1532 1428 2858
6817 4 2 1 7 3353 3266 2817 2860
6818 4 2 1 7 3385 3331 2884 3045
6819 4 2 1 7 2833 2064 2121 3221
6820 4 2 1 7 3239 3630 2892 3295
6821 4 2 1 7 819 589 777 3263
6822 4 2 1 7 1668 3188 1667 3342
6823 4 2 1 7 2859 3484 2829 3048
6824 4 2 1 7 1441 3060 2843 3507
6825 4 2 1 7 2946 1742 1667 715
6826 4 2 1 7 2905 2970 1366 3512
6827 4 2 1 7 2955 3082 873 3223
6828 4 2 1 7 483 3062 410 3488
6829 4 2 1 7 1613 1771 666 3391
6830 4 2 1 7 1142 61 1066 3128
6831 4 2 1 7 2144 2866 3072 3372
6832 4 2 1 7 645 2835 65 2886
6833 4 2 1 7 2017 2854 3234 2042
6834 4 2 1 7 2880 2912 2815 3056
6835 4 2 1 7 2923 2972 1752 3339
6836 4 2 1 7 3409 2928 3097 1899
6837 4 2 1 7 1148 2861 1091 1002
6838 4 2 1 7 858 929 847 515
6839 4 2 1 7 2885 3223 2802 3479
6840 4 2 1 7 1020 1093 1018 2991
6841 4 2 1 7 929 515 484 3069
6842 4 2 1 7 498 729 376 732
6843 4 2 1 7 2969 3310 2855 3436
6844 4 2 1 7 1901 925 1876 3291
6845 4 2 1 7 112 725 3195 3400
6846 4 2 1 7 1756 428 460 3022
6847 4 2 1 7 2947 3049 1107 3061
6848 4 2 1 7 944 3098 579 3356
6849 4 2 1 7 3005 2837 3105 3210
6850 4 2 1 7 568 570 2894 2980
6851 4 2 1 7 2977 3035 2141 3295
6852 4 2 1 7 2859 3484 3048 883
6853 4 2 1 7 1512 3105 1462 3210
6854 4 2 1 7 127 415 128 3140
6855 4 2 1 7 2811 3079 3008 3130
6856 4 2 1 7 1117 3527 2911 3161
6857 4 2 1 7 2833 2064 3221 3154
6858 4 2 1 7 2848 2832 2949 3075
6859 4 2 1 7 787 478 416 3091
6860 4 2 1 7 607 3054 572 3221
6861 4 2 1 7 2803 2884 3146 3385
6862 4 2 1 7 1075 1150 1102 2922
6863 4 2 1 7 2897 2797 3271 3446
6864 4 2 1 7 129 412 409 3140
6865 4 2 1 7 638 578 605 3100
6866 4 2 1 7 2916 828 3011 3404
6867 4 2 1 7 901 3383 3125 3440
6868 4 2 1 7 642 656 723 3134
6869 4 2 1 7 2070 3054 2155 3121
6870 4 2 1 7 2891 3275 2869 3431
6871 4 2 1 7 63 2950 2877 3465
6872 4 2 1 7 1621 1619 774 3270
6873 4 2 1 7 2887 3168 2836 3298
6874 4 2 1 7 2070 2146 2892 3121
6875 4 2 1 7 1401 1405 3008 3086
6876 4 2 1 7 2848 2949 2796 3032
6877 4 2 1 7 1787 1784 1699 2870
6878 4 2 1 7 1455 1542 1453 3496
6879 4 2 1 7 3020 3127 2916 3404
6880 4 2 1 7 1345 2925 1246 3159
6881 4 2 1 7 1061 3038 1126 524
6882 4 2 1 7 1678 1742 2993 3332
6883 4 2 1 7 2931 2992 542 3201
6884 4 2 1 7 2174 2109 2170 2994
6885 4 2 1 7 1132 3085 2861 3358
6886 4 2 1 7 2800 2856 2922 3150
6887 4 2 1 7 749 3187 2949 3265
6888 4 2 1 7 1280 2903 1187 3251
6889 4 2 1 7 2899 3351 2830 3509
6890 4 2 1 7 457 365 134 3250
6891 4 2 1 7 1432 2963 2901 3317
6892 4 2 1 7 596 777 834 3108
6893 4 2 1 7 1534 1531 1432 2901
6894 4 2 1 7 3241 3017 3504 3206
6895 4 2 1 7 1422 1418 3212 3393
6896 4 2 1 7 691 723 656 3134
6897 4 2 1 7 498 376 729 3127
6898 4 2 1 7 2824 3014 2928 3236
6899 4 2 1 7 2826 3225 3175 3284
6900 4 2 1 7 3580 721 833 2895
6901 4 2 1 7 898 899 873 3065
6902 4 2 1 7 2812 3122 3064 3142
6903 4 2 1 7 921 2943 1207 3330
6904 4 2 1 7 1151 2911 1136 3044
6905 4 2 1 7 2048 2899 3340 3515
6906 4 2 1 7 694 2918 761 3451
6907 4 2 1 7 2884 3104 2803 3171
6908 4 2 1 7 1673 2983 941 3205
6909 4 2 1 7 3132 3212 2842 3393
6910 4 2 1 7 2897 3271 2829 3400
6911 4 2 1 7 3530 1534 2901 1494
6912 4 2 1 7 1270 3555 3684 2965
6913 4 2 1 7 766 3153 3224 1599
6914 4 2 1 7 1461 2832 3092 3511
6915 4 2 1 7 1432 2901 1531 3317
6916 4 2 1 7 3175 3225 2826 3345
6917 4 2 1 7 1208 1294 1237 3494
6918 4 2 1 7 943 432 933 3184
6919 4 2 1 7 1446 1448 1515 3163
6920 4 2 1 7 1906 1998 1950 2984
6921 4 2 1 7 455 3033 2883 3250
6922 4 2 1 7 527 71 649 885
6923 4 2 1 7 2819 3054 3035 3295
6924 4 2 1 7 534 3073 2968 3078
6925 4 2 1 7 1315 3530 2901 1253
6926 4 2 1 7 1422 1524 3132 3212
6927 4 2 1 7 1584 1583 1461 3010
6928 4 2 1 7 1615 1617 1674 2898
6929 4 2 1 7 998 660 1037 3591
6930 4 2 1 7 3644 1950 3576 2977
6931 4 2 1 7 1622 1621 799 3114
6932 4 2 1 7 2156 2036 3318 3368
6933 4 2 1 7 3269 3529 1983 3010
6934 4 2 1 7 574 643 3119 3162
6935 4 2 1 7 275 3517 1597 274
6936 4 2 1 7 2814 3344 835 3068
6937 4 2 1 7 3366 3283 3370 965
6938 4 2 1 7 837 2864 3200 3433
6939 4 2 1 7 1739 1650 3336 1831
6940 4 2 1 7 1866 3409 1963 3441
6941 4 2 1 7 3112 3131 2932 3336
6942 4 2 1 7 2827 3020 2856 3027
6943 4 2 1 7 2947 470 3085 3274
6944 4 2 1 7 1043 1082 3049 3358
6945 4 2 1 7 3047 3210 2837 3285
6946 4 2 1 7 2863 3245 719 3314
6947 4 2 1 7 2876 2963 3146 3442
6948 4 2 1 7 2856 3006 2957 3027
6949 4 2 1 7 2832 1961 3265 2962
6950 4 2 1 7 1208 922 1294 3494
6951 4 2 1 7 967 2867 3048 3129
6952 4 2 1 7 1034 2968 2877 3241
6953 4 2 1 7 2936 2937 3294 3413
6954 4 2 1 7 2848 641 65 3424
6955 4 2 1 7 1484 2862 3090 1465
6956 4 2 1 7 2117 2152 2008 2956
6957 4 2 1 7 1551 3147 1419 2849
6958 4 2 1 7 2892 2077 2106 2146
6959 4 2 1 7 1886 3609 3568 2977
6960 4 2 1 7 529 2838 617 3031
6961 4 2 1 7 2817 3055 3038 3392
6962 4 2 1 7 528 961 77 3095
6963 4 2 1 7 972 915 2931 3350
6964 4 2 1 7 2879 3304 2903 3489
6965 4 2 1 7 731 463 376 3347
6966 4 2 1 7 1551 1419 3147 1586
6967 4 2 1 7 1368 3546 2893 3157
6968 4 2 1 7 776 589 3036 3218
6969 4 2 1 7 3530 1534 1494 1352
6970 4 2 1 7 2895 2964 2804 3011
6971 4 2 1 7 1481 1436 3132 3136
6972 4 2 1 7 3543 1582 3660 2905
6973 4 2 1 7 1268 1286 1310 2879
6974 4 2 1 7 3607 1296 2922 3562
6975 4 2 1 7 515 929 847 3069
6976 4 2 1 7 589 3218 776 3276
6977 4 2 1 7 2815 3246 3060 2889
6978 4 2 1 7 2156 46 2080 3368
6979 4 2 1 7 484 2884 858 444
6980 4 2 1 7 3625 2147 2894 3455
6981 4 2 1 7 2107 3033 2076 3109
6982 4 2 1 7 2854 2975 2822 3021
6983 4 2 1 7 3562 1249 2922 3167
6984 4 2 1 7 641 2848 674 3075
6985 4 2 1 7 3046 3132 1436 3136
6986 4 2 1 7 402 2884 3146 3171
6987 4 2 1 7 2027 605 2966 3202
6988 4 2 1 7 2042 3021 2854 3234
6989 4 2 1 7 2901 2925 1246 3045
6990 4 2 1 7 1105 3026 3113 1073
6991 4 2 1 7 855 2855 3310 3436
6992 4 2 1 7 927 128 127 415
6993 4 2 1 7 1524 1422 1418 3212
6994 4 2 1 7 3564 2924 1798 2995
6995 4 2 1 7 474 3131 3112 490
6996 4 2 1 7 1448 1515 3163 3410
6997 4 2 1 7 3072 1522 2900 3654
6998 4 2 1 7 987 2884 3045 3345
6999 4 2 1 7 1036 2947 1041 2827
7000 4 2 1 7 2817 3055 2860 3266
7001 4 2 1 7 442 3288 2929 3492
7002 4 2 1 7 2820 3155 2940 3189
7003 4 2 1 7 1672 1673 1671 3205
7004 4 2 1 7 2878 2820 3126 3398
7005 4 2 1 7 3543 1582 199 3660
7006 4 2 1 7 2880 2801 3216 3397
7007 4 2 1 7 526 3263 3106 3482
7008 4 2 1 7 1517 1409 3063 3243
7009 4 2 1 7 3536 2913 1026 3520
7010 4 2 1 7 595 596 834 3108
7011 4 2 1 7 3625 2147 3455 2105
7012 4 2 1 7 109 2918 694 3308
7013 4 2 1 7 442 497 912 3288
7014 4 2 1 7 3135 3217 1791 2973
7015 4 2 1 7 1428 1488 2858 3243
7016 4 2 1 7 1277 3640 3525 2934
7017 4 2 1 7 2096 2141 3035 3295
7018 4 2 1 7 1484 2862 1465 1541
7019 4 2 1 7 1752 1751 1596 2923
7020 4 2 1 7 1532 2858 1488 3149
7021 4 2 1 7 910 908 435 909
7022 4 2 1 7 1169 1320 3225 3230
7023 4 2 1 7 2914 2998 1559 3416
7024 4 2 1 7 2947 3049 2804 3358
7025 4 2 1 7 817 3094 3018 3313
7026 4 2 1 7 2833 3115 3035 3434
7027 4 2 1 7 2945 415 3140 414
7028 4 2 1 7 1988 3279 3040 3323
7029 4 2 1 7 850 3166 2943 3203
7030 4 2 1 7 2928 3014 1912 3249
7031 4 2 1 7 2938 1138 3254 3070
7032 4 2 1 7 1314 3640 1277 2934
7033 4 2 1 7 458 2919 3287 3320
7034 4 2 1 7 3155 2799 3072 3147
7035 4 2 1 7 1089 1004 1121 2870
7036 4 2 1 7 1106 1165 3017 3206
7037 4 2 1 7 2070 2892 3054 3121
7038 4 2 1 7 3353 3266 2860 3044
7039 4 2 1 7 1597 3517 275 3518
7040 4 2 1 7 3406 2799 2902 2866
7041 4 2 1 7 3020 731 3027 3127
7042 4 2 1 7 2837 2800 3019 3030
7043 4 2 1 7 2799 2904 2855 3471
7044 4 2 1 7 2948 3068 3672 3504
7045 4 2 1 7 1440 2986 3060 3334
7046 4 2 1 7 2963 3116 2876 3146
7047 4 2 1 7 1260 1317 1303 2868
7048 4 2 1 7 3581 1757 1604 2895
7049 4 2 1 7 1606 3644 2977 2984
7050 4 2 1 7 1568 2893 1508 2956
7051 4 2 1 7 2931 542 3012 3201
7052 4 2 1 7 2824 3154 3014 3236
7053 4 2 1 7 1956 2927 2906 3269
7054 4 2 1 7 736 425 3320 3337
7055 4 2 1 7 1555 3157 3190 3546
7056 4 2 1 7 1943 3035 2977 3452
7057 4 2 1 7 412 450 939 3244
7058 4 2 1 7 1599 1809 3153 3224
7059 4 2 1 7 2128 2994 2170 3178
7060 4 2 1 7 2996 3110 1083 3361
7061 4 2 1 7 3505 2820 3398 2866
7062 4 2 1 7 1036 1042 1041 2947
7063 4 2 1 7 2855 2904 2969 3080
7064 4 2 1 7 2802 3082 2955 3223
7065 4 2 1 7 3671 2131 3067 3548
7066 4 2 1 7 3095 3143 2954 964
7067 4 2 1 7 3472 3189 2909 1437
7068 4 2 1 7 2817 3161 2911 3248
7069 4 2 1 7 2796 2848 3032 3209
7070 4 2 1 7 3671 1226 3548 3067
7071 4 2 1 7 3382 2847 2966 2792
7072 4 2 1 7 2798 2986 3211 2889
7073 4 2 1 7 2945 3173 2069 3318
7074 4 2 1 7 2093 2866 2144 2047
7075 4 2 1 7 2802 3479 2839 3464
7076 4 2 1 7 3425 3469 2931 3480
7077 4 2 1 7 829 810 586 675
7078 4 2 1 7 2835 3211 2986 2889
7079 4 2 1 7 2890 3109 2033 3478
7080 4 2 1 7 1308 3061 1257 3167
7081 4 2 1 7 1673 1772 941 2983
7082 4 2 1 7 1050 1107 3061 2827
7083 4 2 1 7 2037 2899 2048 3318
7084 4 2 1 7 717 749 2949 3265
7085 4 2 1 7 623 624 557 2881
7086 4 2 1 7 1399 1400 1397 2872
7087 4 2 1 7 2870 3026 1073 3113
7088 4 2 1 7 1320 1169 1287 3230
7089 4 2 1 7 2912 3018 2815 3056
7090 4 2 1 7 1774 2898 1674 3144
7091 4 2 1 7 1194 1187 1280 2903
7092 4 2 1 7 1491 1490 2965 3190
7093 4 2 1 7 3284 3091 2888 3184
7094 4 2 1 7 1441 3164 2843 3416
7095 4 2 1 7 600 2828 3038 3392
7096 4 2 1 7 1214 1234 1212 2988
7097 4 2 1 7 2017 2854 2042 2026
7098 4 2 1 7 1456 1504 1449 3296
7099 4 2 1 7 1551 2849 1529 3155
7100 4 2 1 7 382 3174 3110 1162
7101 4 2 1 7 624 557 2881 3029
7102 4 2 1 7 3606 1787 2935 3521
7103 4 2 1 7 731 746 463 3347
7104 4 2 1 7 1132 3085 3358 1056
7105 4 2 1 7 2970 3047 3512 2800
7106 4 2 1 7 733 447 3253 3321
7107 4 2 1 7 3076 3300 2846 3476
7108 4 2 1 7 402 3104 2884 3171
7109 4 2 1 7 1192 2964 1319 3049
7110 4 2 1 7 1083 2996 1111 3110
7111 4 2 1 7 2877 2968 1034 3128
7112 4 2 1 7 1331 1292 1231 2905
7113 4 2 1 7 2071 3650 2167 279
7114 4 2 1 7 2894 3021 2134 3117
7115 4 2 1 7 397 3085 448 3133
7116 4 2 1 7 534 2877 2968 3073
7117 4 2 1 7 2142 3157 3190 2102
7118 4 2 1 7 2854 3119 2883 3162
7119 4 2 1 7 3000 3392 3344 2987
7120 4 2 1 7 453 3173 454 3318
7121 4 2 1 7 1246 2925 2901 3159
7122 4 2 1 7 70 905 71 3370
7123 4 2 1 7 1281 1206 2943 3330
7124 4 2 1 7 1686 1687 1685 3514
7125 4 2 1 7 2834 3110 3087 3386
7126 4 2 1 7 2825 3012 2931 3111
7127 4 2 1 7 394 461 1783 1629
7128 4 2 1 7 2796 3092 2848 3209
7129 4 2 1 7 2876 3077 1376 3442
7130 4 2 1 7 3299 2813 2837 3105
7131 4 2 1 7 1126 3038 1061 1112
7132 4 2 1 7 3679 3110 1083 1162
7133 4 2 1 7 3660 199 9 1582
7134 4 2 1 7 1873 1871 2960 3097
7135 4 2 1 7 913 3022 1631 3145
7136 4 2 1 7 845 2857 951 3244
7137 4 2 1 7 2912 3053 2880 3179
7138 4 2 1 7 2931 2825 3111 3145
7139 4 2 1 7 3155 2799 3147 2849
7140 4 2 1 7 2844 1398 3116 3169
7141 4 2 1 7 3060 3314 2815 2889
7142 4 2 1 7 836 3196 2903 3229
7143 4 2 1 7 3299 2813 3105 2998
7144 4 2 1 7 2934 3640 3525 2129
7145 4 2 1 7 139 861 138 3095
7146 4 2 1 7 667 71 527 885
7147 4 2 1 7 2817 2865 3248 3353
7148 4 2 1 7 3529 1993 2906 1925
7149 4 2 1 7 2822 3131 3112 3336
7150 4 2 1 7 2090 3154 3316 3490
7151 4 2 1 7 2066 2180 2154 2940
7152 4 2 1 7 1223 2915 3158 3387
7153 4 2 1 7 718 3245 719 3275
7154 4 2 1 7 503 2913 3520 3256
7155 4 2 1 7 2878 3052 2966 3417
7156 4 2 1 7 3039 3204 579 609
7157 4 2 1 7 2828 600 3038 3312
7158 4 2 1 7 711 726 3059 3251
7159 4 2 1 7 1983 3529 2906 1925
7160 4 2 1 7 608 2892 3054 3493
7161 4 2 1 7 1731 3469 3425 3480
7162 4 2 1 7 1389 2846 3053 3262
7163 4 2 1 7 1741 1619 775 1617
7164 4 2 1 7 599 3055 2860 3218
7165 4 2 1 7 409 129 130 3244
7166 4 2 1 7 3545 3529 3610 2906
7167 4 2 1 7 2883 3109 365 3367
7168 4 2 1 7 762 3177 1995 3193
7169 4 2 1 7 1484 2862 1541 3169
7170 4 2 1 7 913 3111 3022 3145
7171 4 2 1 7 3163 3245 2863 3314
7172 4 2 1 7 1508 2956 3681 254
7173 4 2 1 7 1397 1399 2872 3076
7174 4 2 1 7 1317 2868 1259 3103
7175 4 2 1 7 1015 1077 2957 2827
7176 4 2 1 7 2931 3425 2992 3469
7177 4 2 1 7 3522 3477 3408 3064
7178 4 2 1 7 955 533 3143 3370
7179 4 2 1 7 1956 1960 1850 2927
7180 4 2 1 7 1791 1695 2973 3217
7181 4 2 1 7 1293 1338 1250 3150
7182 4 2 1 7 1441 1442 3060 3507
7183 4 2 1 7 2792 3413 3294 3450
7184 4 2 1 7 2885 3082 2802 3223
7185 4 2 1 7 2030 3109 2847 3478
7186 4 2 1 7 1573 2874 3659 3079
7187 4 2 1 7 2956 3178 2830 3351
7188 4 2 1 7 2801 3433 2794 3056
7189 4 2 1 7 711 3059 2903 3251
7190 4 2 1 7 2938 1138 3070 1129
7191 4 2 1 7 1567 2837 3105 3299
7192 4 2 1 7 3529 1993 3610 2906
7193 4 2 1 7 3606 1004 3521 2935
7194 4 2 1 7 3046 3132 2842 3393
7195 4 2 1 7 2989 2997 2831 3120
7196 4 2 1 7 1441 2843 2986 3416
7197 4 2 1 7 2817 3248 2911 3353
7198 4 2 1 7 1837 1980 2924 2995
7199 4 2 1 7 1567 1462 1512 3105
7200 4 2 1 7 2090 3156 2944 2896
7201 4 2 1 7 1564 3209 1506 3254
7202 4 2 1 7 2974 2994 2847 3478
7203 4 2 1 7 2042 2119 2087 3234
7204 4 2 1 7 718 2869 3275 3431
7205 4 2 1 7 2921 3157 2102 3190
7206 4 2 1 7 2808 2855 3301 3436
7207 4 2 1 7 641 525 674 2848
7208 4 2 1 7 972 2931 3024 3350
7209 4 2 1 7 2805 3196 2903 3247
7210 4 2 1 7 2903 3196 2853 3247
7211 4 2 1 7 1397 2872 1400 3257
7212 4 2 1 7 1813 1700 2973 3135
7213 4 2 1 7 1873 2928 2960 3335
7214 4 2 1 7 1260 2868 1303 3159
7215 4 2 1 7 641 2848 3075 3424
7216 4 2 1 7 1671 1648 1672 866
7217 4 2 1 7 2004 1970 1926 2859
7218 4 2 1 7 2916 2804 2990 3127
7219 4 2 1 7 946 845 970 2857
7220 4 2 1 7 3331 2884 3045 987
7221 4 2 1 7 3554 2066 2154 2940
7222 4 2 1 7 1774 2898 3002 3391
7223 4 2 1 7 1529 2849 1419 3152
7224 4 2 1 7 3696 3593 524 681
7225 4 2 1 7 1385 1532 2917 3132
7226 4 2 1 7 3239 3630 3295 3557
7227 4 2 1 7 2814 2968 2828 3017
7228 4 2 1 7 1075 1076 1150 2922
7229 4 2 1 7 554 3098 667 3356
7230 4 2 1 7 428 419 3022 3139
7231 4 2 1 7 1528 1533 3001 3371
7232 4 2 1 7 2814 2968 3073 3078
7233 4 2 1 7 1575 2904 1498 3080
7234 4 2 1 7 733 732 447 3321
7235 4 2 1 7 425 488 3101 3268
7236 4 2 1 7 2975 2980 629 3486
7237 4 2 1 7 3001 3246 2815 3324
7238 4 2 1 7 855 863 2855 3436
7239 4 2 1 7 3401 3365 809 2860
7240 4 2 1 7 2796 2949 2948 3073
7241 4 2 1 7 2847 2936 2792 2974
7242 4 2 1 7 3000 3392 2987 2817
7243 4 2 1 7 3135 1757 2964 2895
7244 4 2 1 7 1500 1499 3147 3415
7245 4 2 1 7 1869 3097 2971 3191
7246 4 2 1 7 2890 2994 2974 3478
7247 4 2 1 7 3030 3299 1130 3405
7248 4 2 1 7 3130 3481 3008 2811
7249 4 2 1 7 3095 3143 964 853
7250 4 2 1 7 3525 1198 1277 2934
7251 4 2 1 7 2167 3650 2071 3067
7252 4 2 1 7 1490 3157 2965 3190
7253 4 2 1 7 3453 3297 2935 477
7254 4 2 1 7 524 3055 3038 3266
7255 4 2 1 7 2794 2880 2912 3302
7256 4 2 1 7 2792 2974 3413 3450
7257 4 2 1 7 3006 3027 745 3261
7258 4 2 1 7 1151 2911 3044 3266
7259 4 2 1 7 3585 3256 1013 1083
7260 4 2 1 7 1314 3640 2934 3185
7261 4 2 1 7 753 618 665 3029
7262 4 2 1 7 777 596 834 3107
7263 4 2 1 7 3161 1882 1957 2911
7264 4 2 1 7 1473 3573 1569 2940
7265 4 2 1 7 913 3145 1631 3264
7266 4 2 1 7 2860 2817 3353 3365
7267 4 2 1 7 2878 2820 3052 3417
7268 4 2 1 7 2134 3021 2894 3208
7269 4 2 1 7 2856 3059 1217 3489
7270 4 2 1 7 2859 3048 1970 3441
7271 4 2 1 7 463 746 731 3027
7272 4 2 1 7 2792 2847 2974 2994
7273 4 2 1 7 1127 3639 3358 1092
7274 4 2 1 7 3535 3233 666 550
7275 4 2 1 7 2808 2969 2855 3436
7276 4 2 1 7 1468 1559 2998 3416
7277 4 2 1 7 2128 2994 3178 3478
7278 4 2 1 7 1024 1034 2968 3128
7279 4 2 1 7 127 3034 2823 3330
7280 4 2 1 7 1397 2886 1528 3076
7281 4 2 1 7 2869 3210 2891 3431
7282 4 2 1 7 3529 1993 237 3610
7283 4 2 1 7 1608 1748 1791 2861
7284 4 2 1 7 2900 3072 2173 3156
7285 4 2 1 7 3000 3344 3392 2828
7286 4 2 1 7 2865 706 3401 3365
7287 4 2 1 7 1670 3425 1731 1759
7288 4 2 1 7 3366 3370 3283 530
7289 4 2 1 7 1943 3609 3035 1942
7290 4 2 1 7 1307 2972 2923 3166
7291 4 2 1 7 2847 3109 2030 3202
7292 4 2 1 7 1102 1010 1118 2905
7293 4 2 1 7 2888 2988 95 3284
7294 4 2 1 7 2937 2999 2842 3213
7295 4 2 1 7 1456 3210 3047 3296
7296 4 2 1 7 3000 3392 2817 3038
7297 4 2 1 7 1774 1769 2898 3391
7298 4 2 1 7 1650 2975 2980 3336
7299 4 2 1 7 2135 2096 2141 3035
7300 4 2 1 7 698 714 2989 3275
7301 4 2 1 7 2808 2855 3191 3301
7302 4 2 1 7 968 2954 842 3098
7303 4 2 1 7 3663 3373 1007 3459
7304 4 2 1 7 1925 1955 1993 2906
7305 4 2 1 7 2922 3167 1249 3516
7306 4 2 1 7 1334 1301 1221 3142
7307 4 2 1 7 3161 1882 2911 3248
7308 4 2 1 7 2832 1961 2962 3207
7309 4 2 1 7 1683 1686 1685 2976
7310 4 2 1 7 2888 3158 1222 3500
7311 4 2 1 7 477 3453 3423 400
7312 4 2 1 7 1803 3564 3618 2924
7313 4 2 1 7 2794 3094 3056 3433
7314 4 2 1 7 592 550 666 3233
7315 4 2 1 7 1993 11 237 3610
7316 4 2 1 7 987 3104 890 3331
7317 4 2 1 7 2161 3640 3185 2934
7318 4 2 1 7 2152 2073 2158 3351
7319 4 2 1 7 2965 1335 1230 3190
7320 4 2 1 7 2975 3131 2822 3336
7321 4 2 1 7 3034 3124 2823 3330
7322 4 2 1 7 3024 972 3350 3485
7323 4 2 1 7 1511 3130 2872 3357
7324 4 2 1 7 632 527 3009 3354
7325 4 2 1 7 139 2902 2824 3491
7326 4 2 1 7 2831 2840 3083 3120
7327 4 2 1 7 368 3319 789 3384
7328 4 2 1 7 1539 2863 3163 3410
7329 4 2 1 7 2015 2028 2027 2966
7330 4 2 1 7 2820 2909 2951 3189
7331 4 2 1 7 2903 3196 2805 3229
7332 4 2 1 7 858 515 847 3232
7333 4 2 1 7 2931 2992 2825 3469
7334 4 2 1 7 1129 1059 1138 3070
7335 4 2 1 7 1239 3011 828 3404
7336 4 2 1 7 2916 3020 2827 3127
7337 4 2 1 7 450 939 2857 3069
7338 4 2 1 7 1066 3128 61 2991
7339 4 2 1 7 2795 3286 3084 3351
7340 4 2 1 7 2799 2969 2904 3147
7341 4 2 1 7 1424 1425 3237 3439
7342 4 2 1 7 109 3252 108 3449
7343 4 2 1 7 1127 2964 1122 3049
7344 4 2 1 7 1389 3053 2846 3179
7345 4 2 1 7 905 649 959 886
7346 4 2 1 7 2900 1999 15 3544
7347 4 2 1 7 2890 2974 380 3367
7348 4 2 1 7 2887 3071 2836 3168
7349 4 2 1 7 858 895 897 2884
7350 4 2 1 7 1830 3534 3117 2894
7351 4 2 1 7 135 2883 3162 3250
7352 4 2 1 7 966 2971 2867 3129
7353 4 2 1 7 2846 3053 2912 3179
7354 4 2 1 7 15 250 3544 1999
7355 4 2 1 7 2922 3150 2856 3516
7356 4 2 1 7 2853 2793 3159 3380
7357 4 2 1 7 2941 3123 2835 3371
7358 4 2 1 7 2937 2999 2936 3294
7359 4 2 1 7 1044 3562 3167 3612
7360 4 2 1 7 3669 2171 3664 3190
7361 4 2 1 7 3679 3110 1162 382
7362 4 2 1 7 1613 1598 666 1771
7363 4 2 1 7 2916 2947 2827 3061
7364 4 2 1 7 649 71 70 905
7365 4 2 1 7 941 1671 1673 3205
7366 4 2 1 7 1415 3152 2882 3189
7367 4 2 1 7 1995 3177 762 3346
7368 4 2 1 7 929 858 484 515
7369 4 2 1 7 2053 2945 3318 3515
7370 4 2 1 7 1076 2922 1075 3019
7371 4 2 1 7 1528 3001 2886 3371
7372 4 2 1 7 109 761 694 2918
7373 4 2 1 7 139 3126 2902 3491
7374 4 2 1 7 2017 2854 2026 3379
7375 4 2 1 7 1130 3547 3030 1025
7376 4 2 1 7 1666 2946 1667 3188
7377 4 2 1 7 2802 2839 3479 3063
7378 4 2 1 7 557 657 695 3029
7379 4 2 1 7 2802 3464 2885 3479
7380 4 2 1 7 2026 2854 3119 3414
7381 4 2 1 7 1584 1507 1583 3010
7382 4 2 1 7 2179 3340 3028 3515
7383 4 2 1 7 2948 2949 768 3360
7384 4 2 1 7 1559 3459 2914 3498
7385 4 2 1 7 1421 1423 3058 3393
7386 4 2 1 7 3524 2904 1498 3415
7387 4 2 1 7 1542 3043 3427 3496
7388 4 2 1 7 2959 3228 1046 3373
7389 4 2 1 7 883 3048 2859 3441
7390 4 2 1 7 1544 1432 3043 3182
7391 4 2 1 7 843 3203 2908 3272
7392 4 2 1 7 912 2929 442 3288
7393 4 2 1 7 2865 3353 2817 3365
7394 4 2 1 7 2862 3062 2830 3428
7395 4 2 1 7 1415 3007 2882 3152
7396 4 2 1 7 1906 1950 277 3644
7397 4 2 1 7 2827 2957 2856 3167
7398 4 2 1 7 2906 2927 1088 3222
7399 4 2 1 7 871 3065 2858 3213
7400 4 2 1 7 2872 1397 2886 3257
7401 4 2 1 7 1928 1980 2995 3177
7402 4 2 1 7 3138 3072 2900 3156
7403 4 2 1 7 401 2997 3175 3198
7404 4 2 1 7 1787 2870 1699 3297
7405 4 2 1 7 3632 1099 2914 3459
7406 4 2 1 7 3458 3619 3025 859
7407 4 2 1 7 1121 3026 2870 3453
7408 4 2 1 7 3041 3120 2840 3466
7409 4 2 1 7 2167 3650 3627 279
7410 4 2 1 7 545 649 3180 3484
7411 4 2 1 7 2894 3197 1827 3455
7412 4 2 1 7 2862 1484 2844 3169
7413 4 2 1 7 251 3669 2171 3664
7414 4 2 1 7 912 909 442 2929
7415 4 2 1 7 1141 1071 3085 3133
7416 4 2 1 7 1041 2947 1107 2827
7417 4 2 1 7 1755 3176 1756 1684
7418 4 2 1 7 998 3106 1003 3482
7419 4 2 1 7 412 415 414 3140
7420 4 2 1 7 1483 2844 3141 3510
7421 4 2 1 7 1466 2933 1537 3237
7422 4 2 1 7 1267 1170 3526 2970
7423 4 2 1 7 1303 2868 2853 3159
7424 4 2 1 7 127 2823 3034 3140
7425 4 2 1 7 3096 3195 2897 3160
7426 4 2 1 7 678 553 677 2944
7427 4 2 1 7 2799 2960 2896 3138
7428 4 2 1 7 802 2987 3344 3392
7429 4 2 1 7 1270 3555 2965 1230
7430 4 2 1 7 1554 2905 1366 3512
7431 4 2 1 7 365 3250 2883 3267
7432 4 2 1 7 729 3127 3020 3404
7433 4 2 1 7 3525 2011 2934 2129
7434 4 2 1 7 1089 2870 1073 3113
7435 4 2 1 7 1330 3671 3066 3067
7436 4 2 1 7 1208 1207 921 3166
7437 4 2 1 7 2904 3138 3471 2799
7438 4 2 1 7 3370 3283 530 70
7439 4 2 1 7 2044 2042 3021 3119
7440 4 2 1 7 1368 3681 2893 3546
7441 4 2 1 7 2910 2851 3242 3383
7442 4 2 1 7 2890 2979 2830 3509
7443 4 2 1 7 1114 2959 1046 3373
7444 4 2 1 7 2941 2838 3215 3373
7445 4 2 1 7 2856 2957 2827 3027
7446 4 2 1 7 251 3669 3664 1580
7447 4 2 1 7 2077 2892 3295 3054
7448 4 2 1 7 1076 2957 2922 3019
7449 4 2 1 7 1539 3163 2863 3507
7450 4 2 1 7 2817 2865 3192 3248
7451 4 2 1 7 1723 2865 1814 3396
7452 4 2 1 7 1606 3576 1765 2977
7453 4 2 1 7 1608 2861 1791 3135
7454 4 2 1 7 766 3153 1599 722
7455 4 2 1 7 3696 59 1126 3593
7456 4 2 1 7 786 670 612 613
7457 4 2 1 7 1551 1419 1529 2849
7458 4 2 1 7 2855 2799 2824 3310
7459 4 2 1 7 2107 2148 2076 3033
7460 4 2 1 7 459 3022 2825 3307
7461 4 2 1 7 2794 2912 2880 3056
7462 4 2 1 7 1142 580 3128 3312
7463 4 2 1 7 1102 2905 1159 3030
7464 4 2 1 7 3009 3354 3137 3458
7465 4 2 1 7 1339 1277 1198 2934
7466 4 2 1 7 610 2902 553 3398
7467 4 2 1 7 1488 3149 2858 3243
7468 4 2 1 7 2139 3221 2056 2050
7469 4 2 1 7 1317 1303 2868 3247
7470 4 2 1 7 762 3346 818 1897
7471 4 2 1 7 2792 2936 2999 3294
7472 4 2 1 7 3477 3522 832 93
7473 4 2 1 7 987 3045 874 3345
7474 4 2 1 7 1310 3013 2879 3304
7475 4 2 1 7 557 623 2881 3089
7476 4 2 1 7 3696 1011 3567 3266
7477 4 2 1 7 2806 3099 2994 3178
7478 4 2 1 7 1023 2950 2877 3128
7479 4 2 1 7 1333 1209 2943 3402
7480 4 2 1 7 1313 1230 1270 2965
7481 4 2 1 7 3231 3131 133 2975
7482 4 2 1 7 3042 3405 3005 3006
7483 4 2 1 7 807 686 96 3151
7484 4 2 1 7 2920 3279 3148 3323
7485 4 2 1 7 2081 671 2104 3495
7486 4 2 1 7 1066 61 1152 3503
7487 4 2 1 7 3627 3650 2167 3067
7488 4 2 1 7 3696 59 3593 681
7489 4 2 1 7 946 2857 970 3273
7490 4 2 1 7 643 3119 2883 3414
7491 4 2 1 7 1916 1961 1907 3010
7492 4 2 1 7 2044 2026 2042 3119
7493 4 2 1 7 1167 3000 1065 3364
7494 4 2 1 7 3289 2984 3518 1806
7495 4 2 1 7 1339 2934 1198 3456
7496 4 2 1 7 1401 1407 1405 3086
7497 4 2 1 7 1315 3530 1253 1191
7498 4 2 1 7 835 3344 1857 3068
7499 4 2 1 7 1530 1393 3001 3179
7500 4 2 1 7 581 593 583 782
7501 4 2 1 7 2028 2847 2030 3202
7502 4 2 1 7 848 944 142 3039
7503 4 2 1 7 2834 2991 2959 3361
7504 4 2 1 7 2017 2854 3379 3234
7505 4 2 1 7 623 2881 3089 3134
7506 4 2 1 7 1790 2870 1784 3113
7507 4 2 1 7 744 2856 727 3027
7508 4 2 1 7 1314 3640 3185 1278
7509 4 2 1 7 428 1756 472 3176
7510 4 2 1 7 458 2919 3320 363
7511 4 2 1 7 455 365 2883 3109
7512 4 2 1 7 594 2881 665 3438
7513 4 2 1 7 2963 3043 1432 3182
7514 4 2 1 7 1347 3331 2978 3461
7515 4 2 1 7 1314 3640 1278 1277
7516 4 2 1 7 1670 3425 1759 565
7517 4 2 1 7 1151 3044 1053 3266
7518 4 2 1 7 2893 3090 1571 3510
7519 4 2 1 7 3000 2817 3161 3266
7520 4 2 1 7 2843 3314 3060 2889
7521 4 2 1 7 2854 2883 3119 3414
7522 4 2 1 7 585 2898 589 3036
7523 4 2 1 7 32 3319 2907 3430
7524 4 2 1 7 912 2929 3288 3293
7525 4 2 1 7 3385 3331 3045 3461
7526 4 2 1 7 463 443 464 3027
7527 4 2 1 7 2825 3287 3201 3288
7528 4 2 1 7 1682 3139 2983 3176
7529 4 2 1 7 2825 3022 459 3111
7530 4 2 1 7 2819 3035 2833 3115
7531 4 2 1 7 1026 2914 1098 3228
7532 4 2 1 7 509 3268 372 3386
7533 4 2 1 7 2819 2833 3039 3115
7534 4 2 1 7 2810 2838 3215 2941
7535 4 2 1 7 1746 2924 1803 3258
7536 4 2 1 7 3696 1011 3266 1112
7537 4 2 1 7 574 3021 575 3162
7538 4 2 1 7 3526 2970 1170 3013
7539 4 2 1 7 35 34 458 3319
7540 4 2 1 7 2991 3503 61 1066
7541 4 2 1 7 1293 1250 1329 3150
7542 4 2 1 7 2840 3077 2831 3083
7543 4 2 1 7 2831 2997 40 3120
7544 4 2 1 7 1532 1428 2858 3212
7545 4 2 1 7 2825 3287 459 3307
7546 4 2 1 7 1463 3008 1459 3079
7547 4 2 1 7 2882 3152 3007 3278
7548 4 2 1 7 1214 2988 1212 3303
7549 4 2 1 7 2810 2838 2941 3123
7550 4 2 1 7 3139 3183 913 942
7551 4 2 1 7 3382 2847 2792 2994
7552 4 2 1 7 657 625 557 695
7553 4 2 1 7 1539 1513 3163 3507
7554 4 2 1 7 1441 3416 2986 3498
7555 4 2 1 7 1933 3564 2924 3618
7556 4 2 1 7 853 962 964 3095
7557 4 2 1 7 1239 828 1203 3404
7558 4 2 1 7 3375 3007 1416 3212
7559 4 2 1 7 1125 1141 390 1067
7560 4 2 1 7 26 504 3536 3520
7561 4 2 1 7 1481 3136 3132 3374
7562 4 2 1 7 469 2899 2830 2979
7563 4 2 1 7 798 3285 3005 3431
7564 4 2 1 7 1409 1407 3063 3086
7565 4 2 1 7 3659 2874 1573 3323
7566 4 2 1 7 875 2930 2967 3194
7567 4 2 1 7 3000 3038 2817 3266
7568 4 2 1 7 367 692 3091 3437
7569 4 2 1 7 2871 3007 3278 3422
7570 4 2 1 7 1345 1297 1246 2925
7571 4 2 1 7 3531 1556 2956 3099
7572 4 2 1 7 1500 1501 3072 3147
7573 4 2 1 7 1746 3188 2924 3258
7574 4 2 1 7 590 3036 589 3218
7575 4 2 1 7 2828 2968 2814 3078
7576 4 2 1 7 448 477 2935 3297
7577 4 2 1 7 1126 3038 3696 524
7578 4 2 1 7 937 3175 3225 3284
7579 4 2 1 7 556 3293 3366 530
7580 4 2 1 7 1530 1535 3179 3214
7581 4 2 1 7 3073 2968 3241 2877
7582 4 2 1 7 3545 1157 3610 174
7583 4 2 1 7 1024 3128 2968 3312
7584 4 2 1 7 390 391 1067 3133
7585 4 2 1 7 653 3187 2949 3360
7586 4 2 1 7 2795 2921 3016 3376
7587 4 2 1 7 777 652 589 3276
7588 4 2 1 7 711 2903 697 3251
7589 4 2 1 7 1915 3269 2948 3504
7590 4 2 1 7 595 659 665 752
7591 4 2 1 7 3644 1906 1950 2984
7592 4 2 1 7 3135 3217 2973 3274
7593 4 2 1 7 1368 3681 3546 253
7594 4 2 1 7 2802 3065 2955 3302
7595 4 2 1 7 3139 2983 3176 3483
7596 4 2 1 7 132 2932 3131 3231
7597 4 2 1 7 1373 1375 2963 3116
7598 4 2 1 7 3370 3283 70 976
7599 4 2 1 7 1105 3106 3002 3113
7600 4 2 1 7 2805 1547 3227 3103
7601 4 2 1 7 538 3204 579 3356
7602 4 2 1 7 1225 1256 1216 3376
7603 4 2 1 7 2973 2981 1704 3224
7604 4 2 1 7 1457 1545 2868 3103
7605 4 2 1 7 3398 3539 3505 2866
7606 4 2 1 7 3071 3168 2887 3280
7607 4 2 1 7 1073 1089 1121 2870
7608 4 2 1 7 2871 1413 3007 3426
7609 4 2 1 7 1706 2924 2995 1798
7610 4 2 1 7 1778 1756 3022 3139
7611 4 2 1 7 600 3038 3055 3392
7612 4 2 1 7 1631 1778 3022 3139
7613 4 2 1 7 1901 3291 1909 3441
7614 4 2 1 7 3582 3512 3030 2905
7615 4 2 1 7 1120 3632 2998 1052
7616 4 2 1 7 651 2967 2930 3369
7617 4 2 1 7 2920 3004 2797 3118
7618 4 2 1 7 2798 2914 2873 2986
7619 4 2 1 7 1631 3022 1628 3145
7620 4 2 1 7 1142 580 61 3128
7621 4 2 1 7 2004 1970 2859 3421
7622 4 2 1 7 1169 2925 1287 3230
7623 4 2 1 7 2028 2130 2060 3382
7624 4 2 1 7 3203 3272 843 3339
7625 4 2 1 7 1132 3085 1056 1148
7626 4 2 1 7 2987 3000 2817 3192
7627 4 2 1 7 2922 2856 3167 3516
7628 4 2 1 7 3440 898 901 844
7629 4 2 1 7 2821 3106 3026 3113
7630 4 2 1 7 3257 3209 1406 3088
7631 4 2 1 7 100 2864 837 3433
7632 4 2 1 7 2820 2951 2882 3189
7633 4 2 1 7 589 652 777 3263
7634 4 2 1 7 3402 3166 3203 2943
7635 4 2 1 7 826 3172 755 3341
7636 4 2 1 7 1891 3282 2918 3346
7637 4 2 1 7 2794 2851 2955 3378
7638 4 2 1 7 2837 3299 3030 3405
7639 4 2 1 7 3087 3110 465 3386
7640 4 2 1 7 1574 2871 3152 3255
7641 4 2 1 7 2898 3002 2821 3144
7642 4 2 1 7 413 2857 404 3327
7643 4 2 1 7 611 612 545 3400
7644 4 2 1 7 835 2814 3068 2948
7645 4 2 1 7 2121 2064 2055 3221
7646 4 2 1 7 891 2958 2875 3104
7647 4 2 1 7 2126 2140 2075 3173
7648 4 2 1 7 3458 3619 859 860
7649 4 2 1 7 608 562 2892 3493
7650 4 2 1 7 762 3193 1995 3467
7651 4 2 1 7 524 3055 3266 599
7652 4 2 1 7 649 905 70 3180
7653 4 2 1 7 1415 1414 1416 3007
7654 4 2 1 7 2090 3156 2896 2164
7655 4 2 1 7 2865 706 3365 3193
7656 4 2 1 7 842 961 528 3095
7657 4 2 1 7 1783 1781 394 1629
7658 4 2 1 7 2989 3120 2801 2864
7659 4 2 1 7 490 3131 3112 3234
7660 4 2 1 7 3086 3118 2841 3426
7661 4 2 1 7 1906 2003 1974 2984
7662 4 2 1 7 1023 2877 1034 3128
7663 4 2 1 7 1456 1451 3047 3210
7664 4 2 1 7 2032 2030 2031 3478
7665 4 2 1 7 1347 1245 3331 3461
7666 4 2 1 7 1774 1769 1674 2898
7667 4 2 1 7 1093 2991 1066 3503
7668 4 2 1 7 2830 2899 3286 3351
7669 4 2 1 7 2142 3157 2102 2020
7670 4 2 1 7 185 3535 3694 1611
7671 4 2 1 7 1901 882 925 3291
7672 4 2 1 7 71 3143 533 3370
7673 4 2 1 7 2920 2797 3086 3118
7674 4 2 1 7 2920 3040 3279 3323
7675 4 2 1 7 1021 2950 1023 3128
7676 4 2 1 7 1187 3251 3059 3412
7677 4 2 1 7 43 2830 3062 3428
7678 4 2 1 7 573 2104 671 3495
7679 4 2 1 7 71 3143 3370 2954
7680 4 2 1 7 3088 3209 2848 3257
7681 4 2 1 7 408 2908 406 3050
7682 4 2 1 7 2794 2955 2910 3065
7683 4 2 1 7 1693 1704 2973 2981
7684 4 2 1 7 147 3025 859 3194
7685 4 2 1 7 3211 3373 2941 2873
7686 4 2 1 7 454 3173 2945 3318
7687 4 2 1 7 1803 1708 1798 2924
7688 4 2 1 7 1539 1538 3214 3216
7689 4 2 1 7 761 3282 3346 2918
7690 4 2 1 7 1555 3157 3546 1368
7691 4 2 1 7 2848 3092 2832 3511
7692 4 2 1 7 2797 3015 3008 3479
7693 4 2 1 7 63 534 2877 3128
7694 4 2 1 7 2974 3168 2806 3428
7695 4 2 1 7 3006 3027 2856 3081
7696 4 2 1 7 2800 3030 2837 3047
7697 4 2 1 7 2795 2965 2921 3376
7698 4 2 1 7 1873 2960 1948 3335
7699 4 2 1 7 1131 2927 1088 2906
7700 4 2 1 7 112 3400 3195 3421
7701 4 2 1 7 694 761 3177 3451
7702 4 2 1 7 1397 1402 1528 2886
7703 4 2 1 7 591 3696 3567 3266
7704 4 2 1 7 591 3696 3266 524
7705 4 2 1 7 3544 1552 1581 2900
7706 4 2 1 7 836 3229 2903 3474
7707 4 2 1 7 2833 3054 3039 3221
7708 4 2 1 7 692 367 787 3321
7709 4 2 1 7 3646 147 1985 3194
7710 4 2 1 7 1281 1215 1206 3330
7711 4 2 1 7 2835 3060 2986 3334
7712 4 2 1 7 2941 3215 3051 3373
7713 4 2 1 7 2884 2793 2997 3385
7714 4 2 1 7 1869 2971 1868 3191
7715 4 2 1 7 2916 2947 2804 3127
7716 4 2 1 7 431 432 943 3184
7717 4 2 1 7 2981 3411 1693 3514
7718 4 2 1 7 1385 3132 2917 3374
7719 4 2 1 7 612 786 691 3134
7720 4 2 1 7 2837 2813 3005 3105
7721 4 2 1 7 511 485 932 3273
7722 4 2 1 7 3651 1611 3694 3044
7723 4 2 1 7 3099 3237 1466 3290
7724 4 2 1 7 3370 3283 976 965
7725 4 2 1 7 3181 3302 2955 3378
7726 4 2 1 7 2070 2162 2146 3121
7727 4 2 1 7 2959 3373 1114 3420
7728 4 2 1 7 629 2975 630 2980
7729 4 2 1 7 1225 3016 1256 3376
7730 4 2 1 7 1459 3008 2874 3079
7731 4 2 1 7 1623 1621 3114 3270
7732 4 2 1 7 1869 1867 2971 3097
7733 4 2 1 7 2826 3175 3037 3198
7734 4 2 1 7 1606 3239 2984 2977
7735 4 2 1 7 842 968 959 2954
7736 4 2 1 7 1868 1869 1867 2971
7737 4 2 1 7 3111 3183 497 917
7738 4 2 1 7 1873 1871 1948 2960
7739 4 2 1 7 2076 2030 3109 3202
7740 4 2 1 7 1263 2923 3220 3402
7741 4 2 1 7 799 704 3114 3270
7742 4 2 1 7 2919 3114 704 3270
7743 4 2 1 7 3627 3548 2167 222
7744 4 2 1 7 1529 3152 1415 3189
7745 4 2 1 7 714 3200 2863 3314
7746 4 2 1 7 3093 3242 2851 3383
7747 4 2 1 7 1252 1251 1319 3011
7748 4 2 1 7 1526 2917 1532 3149
7749 4 2 1 7 3233 3391 666 592
7750 4 2 1 7 927 847 929 3069
7751 4 2 1 7 894 1208 1197 1207
7752 4 2 1 7 2037 2979 2899 3318
7753 4 2 1 7 1443 1442 1441 3507
7754 4 2 1 7 2128 2174 2170 2994
7755 4 2 1 7 1699 2870 3023 3297
7756 4 2 1 7 1782 2908 3050 3305
7757 4 2 1 7 541 707 3096 3187
7758 4 2 1 7 70 3082 976 3283
7759 4 2 1 7 788 3018 3056 3314
7760 4 2 1 7 2161 3640 2934 2129
7761 4 2 1 7 3651 1611 186 3694
7762 4 2 1 7 805 1185 1186 1183
7763 4 2 1 7 425 375 489 3320
7764 4 2 1 7 2818 2823 2945 3034
7765 4 2 1 7 1539 3163 1515 3410
7766 4 2 1 7 408 474 420 3050
7767 4 2 1 7 2840 3136 3352 3466
7768 4 2 1 7 786 612 670 3134
7769 4 2 1 7 2102 3084 2098 2157
7770 4 2 1 7 802 2987 1857 3344
7771 4 2 1 7 2087 2134 3021 3117
7772 4 2 1 7 375 33 32 3319
7773 4 2 1 7 391 3453 424 3473
7774 4 2 1 7 1803 1746 1708 2924
7775 4 2 1 7 1131 2927 2906 190
7776 4 2 1 7 1057 1136 1151 2911
7777 4 2 1 7 782 769 708 3360
7778 4 2 1 7 3643 1291 2921 3556
7779 4 2 1 7 3535 3694 1611 3044
7780 4 2 1 7 112 111 3400 3421
7781 4 2 1 7 422 3411 2981 3514
7782 4 2 1 7 3694 186 185 1611
7783 4 2 1 7 443 731 376 3127
7784 4 2 1 7 1631 3022 913 3139
7785 4 2 1 7 2147 3121 2894 3455
7786 4 2 1 7 3148 3279 1920 3323
7787 4 2 1 7 1006 2938 3615 3470
7788 4 2 1 7 2886 3076 2872 3300
7789 4 2 1 7 607 671 537 3221
7790 4 2 1 7 1511 1400 1399 2872
7791 4 2 1 7 2835 3060 3246 2889
7792 4 2 1 7 1706 2924 1798 1708
7793 4 2 1 7 2902 3126 139 3406
7794 4 2 1 7 2819 3035 2977 3295
7795 4 2 1 7 2869 3105 1447 3210
7796 4 2 1 7 1574 2871 1413 3152
7797 4 2 1 7 3267 3413 3440 2936
7798 4 2 1 7 2924 2995 694 3342
7799 4 2 1 7 1034 1023 1035 2877
7800 4 2 1 7 2862 3071 1541 3169
7801 4 2 1 7 3382 3472 3417 2909
7802 4 2 1 7 3135 1757 2895 1792
7803 4 2 1 7 2910 3125 901 3383
7804 4 2 1 7 3235 3354 3009 3458
7805 4 2 1 7 1096 1007 1095 3373
7806 4 2 1 7 2880 3053 2912 3302
7807 4 2 1 7 694 2995 2924 3177
7808 4 2 1 7 40 2997 2831 3146
7809 4 2 1 7 786 3219 110 3377
7810 4 2 1 7 2872 2886 1397 3076
7811 4 2 1 7 775 776 819 2898
7812 4 2 1 7 437 3273 3069 3328
7813 4 2 1 7 1313 1256 1335 2921
7814 4 2 1 7 1876 1909 1901 3291
7815 4 2 1 7 431 943 430 3483
7816 4 2 1 7 731 463 443 376
7817 4 2 1 7 534 583 3073 3078
7818 4 2 1 7 2090 3156 2164 2089
7819 4 2 1 7 2952 509 3268 3174
7820 4 2 1 7 941 2983 936 3205
7821 4 2 1 7 2886 3300 2872 3424
7822 4 2 1 7 2835 3211 2941 3334
7823 4 2 1 7 883 3484 3048 967
7824 4 2 1 7 3644 1950 2977 2984
7825 4 2 1 7 2946 1742 715 2993
7826 4 2 1 7 484 444 929 3069
7827 4 2 1 7 1699 1790 1698 3023
7828 4 2 1 7 2882 3152 2849 3189
7829 4 2 1 7 455 3109 3033 3368
7830 4 2 1 7 3643 2145 214 3556
7831 4 2 1 7 1741 1674 1617 3144
7832 4 2 1 7 3627 3650 1823 279
7833 4 2 1 7 1263 3166 1333 1307
7834 4 2 1 7 904 3180 3102 3343
7835 4 2 1 7 3522 3408 3477 832
7836 4 2 1 7 1251 2916 1305 3049
7837 4 2 1 7 1481 1482 3136 3374
7838 4 2 1 7 925 860 1876 3291
7839 4 2 1 7 3007 3152 2871 3278
7840 4 2 1 7 2893 1571 3157 3510
7841 4 2 1 7 2904 3138 1991 3471
7842 4 2 1 7 3048 1855 3129 2867
7843 4 2 1 7 3203 3220 2923 3402
7844 4 2 1 7 1409 3118 3086 3426
7845 4 2 1 7 2831 3146 3077 3315
7846 4 2 1 7 2958 3016 2875 3488
7847 4 2 1 7 966 3102 2867 3301
7848 4 2 1 7 2858 3132 1532 3212
7849 4 2 1 7 2884 2925 2793 3385
7850 4 2 1 7 3634 3014 1951 3316
7851 4 2 1 7 2861 1132 1002 1148
7852 4 2 1 7 3042 3405 3006 27
7853 4 2 1 7 1042 1125 1141 390
7854 4 2 1 7 2873 2986 2914 3498
7855 4 2 1 7 2800 3047 2837 3285
7856 4 2 1 7 1107 2947 1043 3049
7857 4 2 1 7 3485 629 2975 630
7858 4 2 1 7 479 2887 41 3315
7859 4 2 1 7 2829 3195 3400 3421
7860 4 2 1 7 1954 2896 1835 3316
7861 4 2 1 7 2139 3221 2050 537
7862 4 2 1 7 2800 2852 3047 3285
7863 4 2 1 7 3007 3375 3333 3212
7864 4 2 1 7 1825 3003 2908 3305
7865 4 2 1 7 402 2884 476 3146
7866 4 2 1 7 1402 2886 1397 3257
7867 4 2 1 7 652 777 596 3276
7868 4 2 1 7 2982 3066 2823 3185
7869 4 2 1 7 2846 3262 3181 3302
7870 4 2 1 7 3353 3266 3044 2911
7871 4 2 1 7 1481 1482 1436 3136
7872 4 2 1 7 882 3291 1901 3441
7873 4 2 1 7 974 3422 3004 3436
7874 4 2 1 7 2904 3147 1499 3415
7875 4 2 1 7 1621 1620 774 1619
7876 4 2 1 7 3560 3112 3688 2099
7877 4 2 1 7 387 461 3240 3270
7878 4 2 1 7 2863 3214 2880 3216
7879 4 2 1 7 2830 2979 2899 3509
7880 4 2 1 7 1454 3057 1547 3227
7881 4 2 1 7 2799 2969 2849 3310
7882 4 2 1 7 2871 3007 1413 3152
7883 4 2 1 7 1571 1368 2893 3157
7884 4 2 1 7 1350 1560 257 3388
7885 4 2 1 7 1530 1535 1393 3179
7886 4 2 1 7 1434 3209 1403 3511
7887 4 2 1 7 1689 1693 3411 3514
7888 4 2 1 7 1189 1296 1338 2922
7889 4 2 1 7 3106 3263 2845 3482
7890 4 2 1 7 1626 3145 1625 3469
7891 4 2 1 7 2839 3008 3357 3481
7892 4 2 1 7 455 2883 365 3250
7893 4 2 1 7 1207 1333 1209 2943
7894 4 2 1 7 2929 3093 442 3432
7895 4 2 1 7 2936 2999 2937 3506
7896 4 2 1 7 1076 3562 1044 1086
7897 4 2 1 7 3024 3226 972 3485
7898 4 2 1 7 1251 3011 2916 3049
7899 4 2 1 7 2040 2909 2112 3382
7900 4 2 1 7 1830 3534 2894 1758
7901 4 2 1 7 3037 2826 97 3199
7902 4 2 1 7 2923 3272 3203 3339
7903 4 2 1 7 77 528 606 961
7904 4 2 1 7 1412 1413 1574 2871
7905 4 2 1 7 1516 3216 3083 3397
7906 4 2 1 7 3559 2099 3688 3112
7907 4 2 1 7 951 2857 946 3183
7908 4 2 1 7 3406 3155 2799 2866
7909 4 2 1 7 1698 1696 1697 3023
7910 4 2 1 7 403 482 907 3267
7911 4 2 1 7 863 958 855 2855
7912 4 2 1 7 1963 3409 884 3441
7913 4 2 1 7 910 436 908 3327
7914 4 2 1 7 1330 3671 3067 1226
7915 4 2 1 7 2864 3432 3384 377
7916 4 2 1 7 2829 3400 3219 3421
7917 4 2 1 7 1995 762 1897 3346
7918 4 2 1 7 2971 3191 2855 3301
7919 4 2 1 7 2867 2829 3048 3429
7920 4 2 1 7 446 3006 3019 3405
7921 4 2 1 7 2895 2973 3224 3348
7922 4 2 1 7 2143 2152 2893 3351
7923 4 2 1 7 3651 1136 2911 3044
7924 4 2 1 7 210 3684 3631 1270
7925 4 2 1 7 760 2889 3018 3314
7926 4 2 1 7 1988 1920 3279 3323
7927 4 2 1 7 2840 3136 2942 3352
7928 4 2 1 7 3607 1086 3562 2922
7929 4 2 1 7 1680 3122 2983 3205
7930 4 2 1 7 2839 3015 3008 3481
7931 4 2 1 7 624 2881 623 3438
7932 4 2 1 7 3324 2835 2886 3001
7933 4 2 1 7 910 3326 436 3327
7934 4 2 1 7 2824 2944 3316 3490
7935 4 2 1 7 3526 1366 2970 1493
7936 4 2 1 7 1539 2863 3214 3507
7937 4 2 1 7 3047 3210 2852 3296
7938 4 2 1 7 753 618 3029 3313
7939 4 2 1 7 1605 3353 3044 2911
7940 4 2 1 7 631 3024 3350 3485
7941 4 2 1 7 1050 1041 1107 2827
7942 4 2 1 7 481 2974 43 3168
7943 4 2 1 7 3597 3011 828 1239
7944 4 2 1 7 3161 1882 3248 1971
7945 4 2 1 7 905 649 886 3180
7946 4 2 1 7 2857 3069 970 3273
7947 4 2 1 7 721 833 2895 3348
7948 4 2 1 7 1682 3139 3176 1773
7949 4 2 1 7 3274 2947 3358 3085
7950 4 2 1 7 2955 3181 2802 3302
7951 4 2 1 7 576 2883 643 3162
7952 4 2 1 7 933 432 932 3184
7953 4 2 1 7 711 697 726 3251
7954 4 2 1 7 2921 3028 2098 3084
7955 4 2 1 7 1511 2872 1399 3357
7956 4 2 1 7 626 3082 70 3283
7957 4 2 1 7 908 3383 901 3440
7958 4 2 1 7 1696 392 389 3487
7959 4 2 1 7 1082 1127 1122 3049
7960 4 2 1 7 3008 3015 2839 3479
7961 4 2 1 7 3269 3241 2948 3504
7962 4 2 1 7 2842 3046 2937 3213
7963 4 2 1 7 2937 3046 2807 3213
7964 4 2 1 7 3658 1311 2895 3224
7965 4 2 1 7 1599 1809 1709 3153
7966 4 2 1 7 3060 3179 2815 3214
7967 4 2 1 7 2815 3060 3001 3179
7968 4 2 1 7 1765 3239 1606 2977
7969 4 2 1 7 1121 3026 3453 1047
7970 4 2 1 7 844 2936 2937 3506
7971 4 2 1 7 1255 3587 3124 3456
7972 4 2 1 7 2820 2951 2909 3417
7973 4 2 1 7 3556 1291 2921 3190
7974 4 2 1 7 2090 3156 2089 2944
7975 4 2 1 7 3535 3233 3044 1611
7976 4 2 1 7 1486 1571 2893 3090
7977 4 2 1 7 2028 2966 2130 3382
7978 4 2 1 7 3559 2099 285 3688
7979 4 2 1 7 875 2967 877 3194
7980 4 2 1 7 2803 2844 3116 3171
7981 4 2 1 7 2830 2899 469 3286
7982 4 2 1 7 600 3055 675 3392
7983 4 2 1 7 814 3218 809 3276
7984 4 2 1 7 3072 3147 1501 3155
7985 4 2 1 7 2898 3263 819 3463
7986 4 2 1 7 3181 3262 2802 3302
7987 4 2 1 7 724 725 3096 3160
7988 4 2 1 7 2877 2950 3070 3465
7989 4 2 1 7 2941 3051 2873 3373
7990 4 2 1 7 2099 284 285 3688
7991 4 2 1 7 182 3693 1740 3537
7992 4 2 1 7 3217 3085 2935 448
7993 4 2 1 7 1709 2976 3153 3514
7994 4 2 1 7 973 3310 3278 3436
7995 4 2 1 7 3619 3137 3687 860
7996 4 2 1 7 898 2910 3065 3213
7997 4 2 1 7 1526 3053 2917 3149
7998 4 2 1 7 828 2990 3011 3348
7999 4 2 1 7 382 3174 1162 3473
8000 4 2 1 7 453 2069 2153 3173
8001 4 2 1 7 2803 3116 2963 3146
8002 4 2 1 7 833 3011 2895 3348
8003 4 2 1 7 1034 2877 1035 3241
8004 4 2 1 7 96 2826 3198 3284
8005 4 2 1 7 1835 2896 3641 3316
8006 4 2 1 7 999 3049 3637 3061
8007 4 2 1 7 1943 3035 3452 1987
8008 4 2 1 7 3196 3227 2805 3389
8009 4 2 1 7 2891 2961 2850 3496
8010 4 2 1 7 2970 3013 1493 3296
8011 4 2 1 7 2836 3298 3168 3413
8012 4 2 1 7 1823 3650 3627 3067
8013 4 2 1 7 2991 61 3503 647
8014 4 2 1 7 436 435 908 3383
8015 4 2 1 7 2847 2883 3100 3367
8016 4 2 1 7 3239 3630 3557 1607
8017 4 2 1 7 35 2907 3319 3151
8018 4 2 1 7 2919 3287 2825 3307
8019 4 2 1 7 1330 3671 1226 1298
8020 4 2 1 7 2827 2947 2916 3127
8021 4 2 1 7 1623 3114 1625 3307
8022 4 2 1 7 775 2953 797 3270
8023 4 2 1 7 940 2972 2915 3494
8024 4 2 1 7 3653 1279 3542 3122
8025 4 2 1 7 3671 2151 3067 2131
8026 4 2 1 7 3693 1740 3537 3002
8027 4 2 1 7 2875 3104 2803 3331
8028 4 2 1 7 424 3453 3026 3473
8029 4 2 1 7 570 2894 3021 3208
8030 4 2 1 7 1919 3040 2874 3323
8031 4 2 1 7 1412 2871 1574 3255
8032 4 2 1 7 3084 3286 2899 3351
8033 4 2 1 7 479 2887 3315 3466
8034 4 2 1 7 2809 2982 2943 3329
8035 4 2 1 7 2032 3109 2030 3478
8036 4 2 1 7 1072 1106 1165 3017
8037 4 2 1 7 2831 3083 2989 3120
8038 4 2 1 7 1502 1575 1471 3255
8039 4 2 1 7 2128 3178 2052 3478
8040 4 2 1 7 1498 3642 3080 3524
8041 4 2 1 7 492 368 789 3384
8042 4 2 1 7 2792 3382 2933 3472
8043 4 2 1 7 945 3098 944 3356
8044 4 2 1 7 3644 2003 1906 2984
8045 4 2 1 7 960 2954 906 3095
8046 4 2 1 7 3693 183 1740 1771
8047 4 2 1 7 3043 3227 2850 3496
8048 4 2 1 7 430 943 432 3183
8049 4 2 1 7 844 2937 2936 3440
8050 4 2 1 7 40 2831 3120 3315
8051 4 2 1 7 3440 898 844 2937
8052 4 2 1 7 766 3153 722 767
8053 4 2 1 7 469 2830 44 2979
8054 4 2 1 7 1884 1969 118 3160
8055 4 2 1 7 2161 3640 2129 2022
8056 4 2 1 7 1147 1167 1065 3364
8057 4 2 1 7 1280 2903 3251 3418
8058 4 2 1 7 746 745 3027 3261
8059 4 2 1 7 680 3377 613 3449
8060 4 2 1 7 2818 3444 2945 2823
8061 4 2 1 7 1813 1700 1704 2973
8062 4 2 1 7 1313 1216 1256 3376
8063 4 2 1 7 2822 2980 2975 3336
8064 4 2 1 7 1305 3049 2916 3061
8065 4 2 1 7 1424 1423 1425 3439
8066 4 2 1 7 2144 3072 2039 3372
8067 4 2 1 7 1680 3395 2983 3122
8068 4 2 1 7 1015 2957 385 2827
8069 4 2 1 7 1568 1508 1360 2956
8070 4 2 1 7 1585 3541 3148 3080
8071 4 2 1 7 3630 1734 3239 2892
8072 4 2 1 7 1142 603 580 3312
8073 4 2 1 7 3618 1803 2924 3258
8074 4 2 1 7 1662 1660 3325 3369
8075 4 2 1 7 1495 2920 3148 3323
8076 4 2 1 7 3294 3413 2836 3450
8077 4 2 1 7 1356 1569 3554 2940
8078 4 2 1 7 1404 1463 1511 3130
8079 4 2 1 7 855 2855 2824 3310
8080 4 2 1 7 3372 2039 262 3578
8081 4 2 1 7 931 3069 929 3273
8082 4 2 1 7 1039 1024 1034 2968
8083 4 2 1 7 2043 214 215 3643
8084 4 2 1 7 1960 1929 1850 2927
8085 4 2 1 7 2053 2038 2048 3318
8086 4 2 1 7 3658 1271 3581 2895
8087 4 2 1 7 3693 1771 1740 3391
8088 4 2 1 7 2858 3223 871 3333
8089 4 2 1 7 867 1641 1642 1780
8090 4 2 1 7 3217 3085 448 3274
8091 4 2 1 7 637 599 2860 3218
8092 4 2 1 7 1782 2908 3305 1703
8093 4 2 1 7 3352 3302 2917 3460
8094 4 2 1 7 3111 3183 917 913
8095 4 2 1 7 1956 1960 2927 3269
8096 4 2 1 7 2824 3316 3154 3490
8097 4 2 1 7 1457 1547 3103 3227
8098 4 2 1 7 2810 3070 2938 3254
8099 4 2 1 7 3693 1740 3002 3391
8100 4 2 1 7 2974 3367 2936 3413
8101 4 2 1 7 2904 3080 2855 3471
8102 4 2 1 7 36 3319 368 3384
8103 4 2 1 7 732 447 3321 3347
8104 4 2 1 7 1528 1393 1391 3001
8105 4 2 1 7 970 2857 939 3069
8106 4 2 1 7 1466 1560 2933 3099
8107 4 2 1 7 2134 3534 3117 2103
8108 4 2 1 7 862 3310 139 3406
8109 4 2 1 7 2825 3111 459 3287
8110 4 2 1 7 32 2907 33 3321
8111 4 2 1 7 691 3219 612 3400
8112 4 2 1 7 69 70 3082 3180
8113 4 2 1 7 2148 3033 2051 3379
8114 4 2 1 7 2866 2799 2902 2944
8115 4 2 1 7 599 676 3055 3218
8116 4 2 1 7 2813 3042 3005 3245
8117 4 2 1 7 1765 3239 2977 1797
8118 4 2 1 7 2873 2914 2798 3228
8119 4 2 1 7 1771 666 3636 3574
8120 4 2 1 7 2832 2962 3075 3130
8121 4 2 1 7 561 2992 2931 3425
8122 4 2 1 7 1538 2880 1386 3179
8123 4 2 1 7 727 3020 3059 3412
8124 4 2 1 7 1260 1259 1317 2868
8125 4 2 1 7 526 3107 3482 601
8126 4 2 1 7 2996 597 3107 2952
8127 4 2 1 7 1849 1946 1855 2867
8128 4 2 1 7 2883 3267 3100 3367
8129 4 2 1 7 2859 3484 883 3074
8130 4 2 1 7 2840 2801 3447 3083
8131 4 2 1 7 481 380 43 2974
8132 4 2 1 7 1824 223 10 3617
8133 4 2 1 7 443 390 464 2947
8134 4 2 1 7 2943 3066 2809 3402
8135 4 2 1 7 2840 3352 3041 3466
8136 4 2 1 7 2881 3089 790 3277
8137 4 2 1 7 1828 3311 1661 3462
8138 4 2 1 7 2943 2809 3066 2982
8139 4 2 1 7 751 3338 618 3403
8140 4 2 1 7 2882 3189 2849 3406
8141 4 2 1 7 2913 2985 2798 3087
8142 4 2 1 7 1079 1102 1159 3030
8143 4 2 1 7 66 3300 2886 3424
8144 4 2 1 7 2815 3018 2889 3314
8145 4 2 1 7 73 560 72 3143
8146 4 2 1 7 511 3069 437 3273
8147 4 2 1 7 3082 3464 611 2885
8148 4 2 1 7 1789 1791 1748 2861
8149 4 2 1 7 3622 2933 1560 3099
8150 4 2 1 7 2801 2989 2961 3083
8151 4 2 1 7 1361 1491 1490 2965
8152 4 2 1 7 2811 3075 2962 3130
8153 4 2 1 7 527 3354 3074 3377
8154 4 2 1 7 1609 3396 3248 267
8155 4 2 1 7 375 3319 32 3430
8156 4 2 1 7 3176 3306 2983 3395
8157 4 2 1 7 3082 3223 2885 3343
8158 4 2 1 7 2806 2974 2890 2994
8159 4 2 1 7 2925 3045 2884 3345
8160 4 2 1 7 1891 1890 2918 3282
8161 4 2 1 7 111 3219 3400 3421
8162 4 2 1 7 3696 3038 1126 1112
8163 4 2 1 7 2970 3047 2800 3296
8164 4 2 1 7 958 2971 889 3097
8165 4 2 1 7 1623 3114 2919 3270
8166 4 2 1 7 1680 3395 3122 1805
8167 4 2 1 7 1179 7 1241 3016
8168 4 2 1 7 3233 3391 592 3036
8169 4 2 1 7 3696 3038 3266 524
8170 4 2 1 7 1830 2894 2980 3454
8171 4 2 1 7 980 2931 3111 3145
8172 4 2 1 7 1585 3541 3080 1358
8173 4 2 1 7 2962 3096 2811 3160
8174 4 2 1 7 3142 3522 93 3584
8175 4 2 1 7 1135 2927 3563 3206
8176 4 2 1 7 1991 2904 1840 3415
8177 4 2 1 7 2885 2797 3102 3343
8178 4 2 1 7 3232 3286 2818 3349
8179 4 2 1 7 894 1207 1197 3330
8180 4 2 1 7 66 2886 3300 3324
8181 4 2 1 7 614 612 691 3134
8182 4 2 1 7 1722 1707 1721 3401
8183 4 2 1 7 1575 3080 1471 3255
8184 4 2 1 7 2872 3076 1399 3357
8185 4 2 1 7 2897 2829 3195 3400
8186 4 2 1 7 1128 1088 1006 2906
8187 4 2 1 7 470 390 2947 3085
8188 4 2 1 7 2916 3049 2947 3061
8189 4 2 1 7 1297 1246 2925 3045
8190 4 2 1 7 931 929 932 3273
8191 4 2 1 7 2826 3225 2939 3230
8192 4 2 1 7 1559 1349 3459 3498
8193 4 2 1 7 2877 3070 3032 3465
8194 4 2 1 7 1628 1631 1778 3022
8195 4 2 1 7 2916 2990 2804 3011
8196 4 2 1 7 2980 3021 2894 3117
8197 4 2 1 7 1755 3176 1684 1685
8198 4 2 1 7 1441 1440 2986 3060
8199 4 2 1 7 2969 3152 2871 3255
8200 4 2 1 7 1779 1778 1756 3022
8201 4 2 1 7 565 1759 658 3425
8202 4 2 1 7 1743 1723 1814 3396
8203 4 2 1 7 3045 3331 1245 3461
8204 4 2 1 7 2818 2823 3034 3124
8205 4 2 1 7 915 3012 2931 3350
8206 4 2 1 7 2115 2136 2169 2900
8207 4 2 1 7 1137 3161 2911 3266
8208 4 2 1 7 561 3425 2931 3480
8209 4 2 1 7 3161 1882 1971 1957
8210 4 2 1 7 1539 3214 2863 3216
8211 4 2 1 7 3201 3332 2992 2993
8212 4 2 1 7 2800 2905 2970 3150
8213 4 2 1 7 3522 93 5 832
8214 4 2 1 7 2793 2963 3043 3448
8215 4 2 1 7 1530 3001 1533 3060
8216 4 2 1 7 2798 3087 2985 3381
8217 4 2 1 7 3657 3617 223 1824
8218 4 2 1 7 3005 3285 3210 3431
8219 4 2 1 7 3458 3619 860 3137
8220 4 2 1 7 2008 2114 2108 2956
8221 4 2 1 7 3671 2151 2131 2045
8222 4 2 1 7 2850 3227 3196 3389
8223 4 2 1 7 3032 3088 3209 2848
8224 4 2 1 7 3378 3259 679 3094
8225 4 2 1 7 569 572 3121 3208
8226 4 2 1 7 637 3218 2860 3233
8227 4 2 1 7 939 970 845 2857
8228 4 2 1 7 2822 3112 3131 3234
8229 4 2 1 7 1695 2973 3217 3411
8230 4 2 1 7 3269 3529 3010 3470
8231 4 2 1 7 3597 828 1203 1239
8232 4 2 1 7 1472 1570 1478 3051
8233 4 2 1 7 1142 1066 1022 3128
8234 4 2 1 7 1528 1402 1429 3371
8235 4 2 1 7 1828 2926 3311 3462
8236 4 2 1 7 2114 2108 2956 3099
8237 4 2 1 7 1428 2858 3007 3243
8238 4 2 1 7 131 3131 2932 420
8239 4 2 1 7 687 790 3089 3277
8240 4 2 1 7 3289 3518 2984 892
8241 4 2 1 7 1446 1445 1447 2869
8242 4 2 1 7 679 3246 3018 619
8243 4 2 1 7 2818 3286 3232 3399
8244 4 2 1 7 3444 3124 2934 3185
8245 4 2 1 7 461 460 363 2919
8246 4 2 1 7 1831 1739 1816 3336
8247 4 2 1 7 2808 2871 3004 3118
8248 4 2 1 7 2880 2794 2942 3460
8249 4 2 1 7 40 3146 2831 3315
8250 4 2 1 7 935 866 3205 3339
8251 4 2 1 7 1919 2874 1910 3323
8252 4 2 1 7 1076 2957 1077 3167
8253 4 2 1 7 1211 1222 1275 2888
8254 4 2 1 7 1447 2869 1445 3105
8255 4 2 1 7 1006 2906 1088 3222
8256 4 2 1 7 2796 3222 3070 3241
8257 4 2 1 7 2832 3075 2848 3511
8258 4 2 1 7 584 810 795 782
8259 4 2 1 7 2799 2944 2866 3156
8260 4 2 1 7 2134 3534 2103 2018
8261 4 2 1 7 1586 1551 1501 3147
8262 4 2 1 7 510 2890 380 3367
8263 4 2 1 7 1521 1544 1432 3043
8264 4 2 1 7 2813 2798 2914 2913
8265 4 2 1 7 1840 2904 1914 3080
8266 4 2 1 7 924 974 3004 3436
8267 4 2 1 7 2825 3201 3012 3288
8268 4 2 1 7 3568 2172 2977 2138
8269 4 2 1 7 2128 2170 2052 3178
8270 4 2 1 7 1703 1825 2908 3305
8271 4 2 1 7 2166 384 2107 3368
8272 4 2 1 7 2867 2971 966 3301
8273 4 2 1 7 980 2931 3012 3111
8274 4 2 1 7 1627 3425 1731 3469
8275 4 2 1 7 1901 1981 1963 3441
8276 4 2 1 7 951 948 2857 3183
8277 4 2 1 7 1539 1513 1515 3163
8278 4 2 1 7 2037 2049 2048 2899
8279 4 2 1 7 1056 1141 1071 3085
8280 4 2 1 7 699 793 3151 3172
8281 4 2 1 7 1585 3080 3148 3255
8282 4 2 1 7 1473 2940 1474 3189
8283 4 2 1 7 617 659 529 3031
8284 4 2 1 7 2856 2800 3081 3150
8285 4 2 1 7 595 752 665 3108
8286 4 2 1 7 3643 2921 1201 3028
8287 4 2 1 7 2000 1961 1976 2962
8288 4 2 1 7 761 3282 2918 110
8289 4 2 1 7 2134 2061 3021 3208
8290 4 2 1 7 1572 3047 3030 3512
8291 4 2 1 7 527 3009 3354 3377
8292 4 2 1 7 2799 2902 2944 2824
8293 4 2 1 7 924 904 3102 3343
8294 4 2 1 7 2966 3100 2847 3202
8295 4 2 1 7 1786 2953 3023 3144
8296 4 2 1 7 729 376 731 3127
8297 4 2 1 7 1895 2962 1976 3079
8298 4 2 1 7 1155 1101 1118 2905
8299 4 2 1 7 478 3284 95 96
8300 4 2 1 7 664 578 80 3052
8301 4 2 1 7 1413 3007 1415 3152
8302 4 2 1 7 1746 1708 2924 3188
8303 4 2 1 7 458 2919 363 460
8304 4 2 1 7 1723 3186 2865 3396
8305 4 2 1 7 2884 3045 2925 3385
8306 4 2 1 7 1130 3547 1025 1110
8307 4 2 1 7 3324 2835 3001 3246
8308 4 2 1 7 775 820 2953 3144
8309 4 2 1 7 871 3213 2858 3333
8310 4 2 1 7 3657 3617 1824 2964
8311 4 2 1 7 1541 2862 1427 3071
8312 4 2 1 7 3135 3217 3274 2861
8313 4 2 1 7 3583 1961 3265 1862
8314 4 2 1 7 625 3259 523 3378
8315 4 2 1 7 643 2176 2123 3119
8316 4 2 1 7 1495 2920 3323 1496
8317 4 2 1 7 2934 3185 2161 3444
8318 4 2 1 7 761 2918 3346 3451
8319 4 2 1 7 1817 558 1661 3311
8320 4 2 1 7 2842 2858 3132 3213
8321 4 2 1 7 3643 2145 2043 214
8322 4 2 1 7 1451 1462 3047 3210
8323 4 2 1 7 510 3109 2890 3367
8324 4 2 1 7 2877 3032 604 3465
8325 4 2 1 7 1228 2916 1251 3011
8326 4 2 1 7 777 3108 596 3276
8327 4 2 1 7 3032 3070 2810 3465
8328 4 2 1 7 3016 3376 2875 3488
8329 4 2 1 7 448 398 3217 3274
8330 4 2 1 7 2807 3352 3136 3466
8331 4 2 1 7 1523 1559 1468 3416
8332 4 2 1 7 1907 3010 3265 3269
8333 4 2 1 7 1170 2970 1310 3013
8334 4 2 1 7 2856 3489 1217 3516
8335 4 2 1 7 3696 1126 524 3593
8336 4 2 1 7 594 3108 2881 3292
8337 4 2 1 7 3519 724 2962 3160
8338 4 2 1 7 29 466 30 3172
8339 4 2 1 7 2809 3220 3203 3402
8340 4 2 1 7 95 2988 2888 3238
8341 4 2 1 7 38 494 37 3281
8342 4 2 1 7 1421 1423 1424 3058
8343 4 2 1 7 2899 3286 3084 3340
8344 4 2 1 7 448 397 513 3085
8345 4 2 1 7 1867 1855 1868 2971
8346 4 2 1 7 704 3240 2919 3270
8347 4 2 1 7 1287 2925 1302 3230
8348 4 2 1 7 2875 2958 891 3016
8349 4 2 1 7 45 46 3318 3368
8350 4 2 1 7 2808 3004 2871 3436
8351 4 2 1 7 2835 3123 2941 3211
8352 4 2 1 7 2812 3306 3091 3477
8353 4 2 1 7 3071 3237 1425 3439
8354 4 2 1 7 1612 1613 1598 3233
8355 4 2 1 7 1388 3053 1526 3149
8356 4 2 1 7 3102 3180 2885 3343
8357 4 2 1 7 1825 1711 2908 3003
8358 4 2 1 7 431 3170 3091 3184
8359 4 2 1 7 567 668 2912 3181
8360 4 2 1 7 2865 3192 1947 3193
8361 4 2 1 7 703 3186 1707 3342
8362 4 2 1 7 1537 2933 3058 3237
8363 4 2 1 7 274 3517 1811 3695
8364 4 2 1 7 3088 3123 2941 3371
8365 4 2 1 7 644 643 2123 3119
8366 4 2 1 7 2179 2011 2129 2934
8367 4 2 1 7 2853 3159 2868 3380
8368 4 2 1 7 2937 3046 2842 3294
8369 4 2 1 7 542 2931 561 2992
8370 4 2 1 7 1526 1385 1532 2917
8371 4 2 1 7 1867 1855 2971 3129
8372 4 2 1 7 556 2929 103 3259
8373 4 2 1 7 2874 3008 2811 3079
8374 4 2 1 7 3240 3487 3270 2953
8375 4 2 1 7 2927 1929 191 3563
8376 4 2 1 7 1306 1321 3225 3500
8377 4 2 1 7 1377 3077 3083 3442
8378 4 2 1 7 2903 3196 836 3199
8379 4 2 1 7 125 1196 1325 3124
8380 4 2 1 7 2989 3083 2801 3120
8381 4 2 1 7 2997 3198 401 3281
8382 4 2 1 7 3345 3635 3045 874
8383 4 2 1 7 1528 2886 1402 3371
8384 4 2 1 7 1541 1465 1427 2862
8385 4 2 1 7 768 2948 717 2949
8386 4 2 1 7 912 3288 3012 3293
8387 4 2 1 7 102 3259 2929 3432
8388 4 2 1 7 760 2889 785 3018
8389 4 2 1 7 2919 3240 461 3270
8390 4 2 1 7 432 3183 943 3273
8391 4 2 1 7 883 3074 527 3354
8392 4 2 1 7 1244 1347 1245 3331
8393 4 2 1 7 2089 2047 2944 3156
8394 4 2 1 7 1693 2981 2973 3411
8395 4 2 1 7 2918 2859 3354 3377
8396 4 2 1 7 409 412 129 3244
8397 4 2 1 7 1227 3683 2978 3538
8398 4 2 1 7 1577 2920 1408 3118
8399 4 2 1 7 1811 3646 3695 3194
8400 4 2 1 7 3289 3518 892 975
8401 4 2 1 7 945 944 848 3356
8402 4 2 1 7 960 842 2954 3095
8403 4 2 1 7 2797 3015 2885 3271
8404 4 2 1 7 2950 3128 1021 2991
8405 4 2 1 7 3643 3028 215 2043
8406 4 2 1 7 526 3106 660 3482
8407 4 2 1 7 1517 1409 1407 3063
8408 4 2 1 7 3113 3423 2870 3026
8409 4 2 1 7 866 971 1648 3339
8410 4 2 1 7 2948 835 3360 768
8411 4 2 1 7 714 719 2863 3275
8412 4 2 1 7 1585 3148 1460 3255
8413 4 2 1 7 376 729 731 732
8414 4 2 1 7 1938 2928 1912 3249
8415 4 2 1 7 2812 3170 3091 3306
8416 4 2 1 7 977 138 3095 3502
8417 4 2 1 7 1980 1933 1837 2924
8418 4 2 1 7 2808 3080 2969 3255
8419 4 2 1 7 2087 2134 2061 3021
8420 4 2 1 7 1377 3077 1379 3083
8421 4 2 1 7 1912 2928 1990 3014
8422 4 2 1 7 1451 1512 1462 3210
8423 4 2 1 7 3059 3251 726 3412
8424 4 2 1 7 2822 2975 2854 3131
8425 4 2 1 7 1554 1366 1550 3512
8426 4 2 1 7 2803 3116 3146 3171
8427 4 2 1 7 2117 2143 2152 2893
8428 4 2 1 7 425 489 488 3268
8429 4 2 1 7 1455 3182 3043 3227
8430 4 2 1 7 558 1817 559 3311
8431 4 2 1 7 2800 2922 2905 3150
8432 4 2 1 7 2139 2081 2155 671
8433 4 2 1 7 1538 2880 3179 3214
8434 4 2 1 7 363 33 375 3319
8435 4 2 1 7 1194 1219 1195 3489
8436 4 2 1 7 1274 1201 1318 3028
8437 4 2 1 7 3311 3455 1713 3197
8438 4 2 1 7 2885 3015 2797 3479
8439 4 2 1 7 1031 3528 3613 3161
8440 4 2 1 7 1100 1138 3215 3254
8441 4 2 1 7 1345 1302 1287 2925
8442 4 2 1 7 2855 3097 2960 3471
8443 4 2 1 7 1893 1887 1911 3434
8444 4 2 1 7 951 845 946 2857
8445 4 2 1 7 448 2935 3217 3297
8446 4 2 1 7 2810 3051 2941 3215
8447 4 2 1 7 2037 2048 2038 3318
8448 4 2 1 7 1970 3048 2859 3421
8449 4 2 1 7 1777 3480 565 3486
8450 4 2 1 7 3539 2144 2866 2047
8451 4 2 1 7 3139 941 1772 2983
8452 4 2 1 7 2909 2940 2820 3052
8453 4 2 1 7 580 1142 61 603
8454 4 2 1 7 812 3321 787 3151
8455 4 2 1 7 3597 3011 1239 3645
8456 4 2 1 7 1539 3216 2863 3410
8457 4 2 1 7 3076 3300 2886 3324
8458 4 2 1 7 2858 3213 2842 3333
8459 4 2 1 7 3536 2913 3520 504
8460 4 2 1 7 932 432 485 3184
8461 4 2 1 7 526 3107 601 652
8462 4 2 1 7 3113 3423 3026 2821
8463 4 2 1 7 2813 3005 2869 3245
8464 4 2 1 7 3052 3382 3417 2909
8465 4 2 1 7 504 3520 26 503
8466 4 2 1 7 2840 2801 3083 3120
8467 4 2 1 7 798 712 3081 3229
8468 4 2 1 7 1428 3007 2858 3212
8469 4 2 1 7 3240 3487 2953 3337
8470 4 2 1 7 1585 3541 1358 1497
8471 4 2 1 7 1460 3118 1410 3255
8472 4 2 1 7 574 570 575 3021
8473 4 2 1 7 1039 2968 1060 3312
8474 4 2 1 7 2846 3053 3262 3302
8475 4 2 1 7 2918 3354 3009 3377
8476 4 2 1 7 2064 3014 2833 3434
8477 4 2 1 7 3634 1843 3014 3551
8478 4 2 1 7 1419 2849 3147 3152
8479 4 2 1 7 2143 2117 2020 2893
8480 4 2 1 7 3072 1522 3654 1362
8481 4 2 1 7 997 3533 3017 3611
8482 4 2 1 7 2996 3107 597 601
8483 4 2 1 7 1383 1386 1538 2880
8484 4 2 1 7 1052 3632 2998 3552
8485 4 2 1 7 3385 3182 2963 2901
8486 4 2 1 7 1650 2975 1649 3486
8487 4 2 1 7 1206 1207 2943 3330
8488 4 2 1 7 878 3204 2967 3356
8489 4 2 1 7 872 3223 3082 3343
8490 4 2 1 7 2807 3046 2937 3298
8491 4 2 1 7 100 3432 2864 3433
8492 4 2 1 7 72 2954 667 3098
8493 4 2 1 7 2865 3193 1947 3396
8494 4 2 1 7 3281 3120 2989 2864
8495 4 2 1 7 2817 2860 3055 3365
8496 4 2 1 7 2982 3140 2943 3329
8497 4 2 1 7 375 489 3320 3430
8498 4 2 1 7 573 671 571 3495
8499 4 2 1 7 3553 999 3637 3061
8500 4 2 1 7 1792 1813 2895 3135
8501 4 2 1 7 412 414 409 3140
8502 4 2 1 7 1837 1928 1980 2995
8503 4 2 1 7 3032 3088 2848 3123
8504 4 2 1 7 1852 148 3687 1851
8505 4 2 1 7 2837 3030 3019 3405
8506 4 2 1 7 2880 2942 2794 2801
8507 4 2 1 7 1135 2927 191 3563
8508 4 2 1 7 457 369 455 3250
8509 4 2 1 7 2916 2990 747 3127
8510 4 2 1 7 568 630 570 2980
8511 4 2 1 7 1808 3205 1672 3339
8512 4 2 1 7 938 3284 3500 2888
8513 4 2 1 7 1026 1120 1098 2914
8514 4 2 1 7 1814 2865 1723 3353
8515 4 2 1 7 761 3282 110 743
8516 4 2 1 7 2864 3384 3432 100
8517 4 2 1 7 2043 2098 2921 3028
8518 4 2 1 7 2152 2114 2956 3178
8519 4 2 1 7 2849 1551 3147 3155
8520 4 2 1 7 3415 248 1498 3524
8521 4 2 1 7 1304 1270 3631 3359
8522 4 2 1 7 2004 2859 1926 3282
8523 4 2 1 7 1960 1964 3206 3504
8524 4 2 1 7 1693 1760 2981 3514
8525 4 2 1 7 2809 3650 3003 1832
8526 4 2 1 7 652 596 602 3276
8527 4 2 1 7 3223 3333 3007 3422
8528 4 2 1 7 1947 3192 2865 3248
8529 4 2 1 7 1220 3247 2903 3418
8530 4 2 1 7 1374 2876 3116 3169
8531 4 2 1 7 3001 3076 2886 3324
8532 4 2 1 7 740 3005 3042 3245
8533 4 2 1 7 1960 3206 2927 3504
8534 4 2 1 7 375 3320 3319 3430
8535 4 2 1 7 1113 3528 3161 3000
8536 4 2 1 7 966 2867 967 3129
8537 4 2 1 7 1828 2926 1736 3311
8538 4 2 1 7 1017 2959 1114 3420
8539 4 2 1 7 2813 3042 2913 3165
8540 4 2 1 7 2049 2063 2899 3084
8541 4 2 1 7 1275 1211 2888 3238
8542 4 2 1 7 3662 998 3591 660
8543 4 2 1 7 1227 3683 3538 208
8544 4 2 1 7 611 3082 2885 3180
8545 4 2 1 7 3269 3470 3010 2796
8546 4 2 1 7 1677 3194 2967 3369
8547 4 2 1 7 2032 2076 2030 3109
8548 4 2 1 7 2883 3100 643 3202
8549 4 2 1 7 2800 2970 2879 3150
8550 4 2 1 7 796 3321 3253 3407
8551 4 2 1 7 997 3533 3611 193
8552 4 2 1 7 777 652 596 3107
8553 4 2 1 7 484 858 929 444
8554 4 2 1 7 1033 21 3019 3405
8555 4 2 1 7 63 3128 2950 2991
8556 4 2 1 7 1084 1088 2927 3222
8557 4 2 1 7 2853 3196 2903 3199
8558 4 2 1 7 2872 3424 3300 3481
8559 4 2 1 7 1294 922 3158 3494
8560 4 2 1 7 898 3065 871 3213
8561 4 2 1 7 1044 3562 3612 154
8562 4 2 1 7 1903 1973 2987 3000
8563 4 2 1 7 659 618 751 3338
8564 4 2 1 7 3080 3191 2855 3471
8565 4 2 1 7 1377 3083 1395 3442
8566 4 2 1 7 588 3106 526 3263
8567 4 2 1 7 425 375 3320 3337
8568 4 2 1 7 1830 2980 2894 3117
8569 4 2 1 7 2804 2947 2916 3049
8570 4 2 1 7 3395 3477 2976 3306
8571 4 2 1 7 1220 2903 3247 3304
8572 4 2 1 7 1671 971 1648 866
8573 4 2 1 7 1142 1139 603 3312
8574 4 2 1 7 3658 1604 2895 3581
8575 4 2 1 7 987 896 3045 3331
8576 4 2 1 7 936 866 941 3205
8577 4 2 1 7 1761 1697 1692 395
8578 4 2 1 7 2893 2956 2830 3351
8579 4 2 1 7 796 3321 3407 3437
8580 4 2 1 7 2848 3075 2872 3511
8581 4 2 1 7 1876 1852 3687 1851
8582 4 2 1 7 1332 3645 2895 1204
8583 4 2 1 7 1374 1520 2876 3169
8584 4 2 1 7 1228 1305 1251 2916
8585 4 2 1 7 409 129 3140 3329
8586 4 2 1 7 452 440 484 3069
8587 4 2 1 7 1786 3023 1788 3144
8588 4 2 1 7 1825 1711 1703 2908
8589 4 2 1 7 2064 3014 2091 3154
8590 4 2 1 7 1113 3528 3000 1104
8591 4 2 1 7 2143 3084 2157 2072
8592 4 2 1 7 1500 1499 1501 3147
8593 4 2 1 7 1792 1604 1757 2895
8594 4 2 1 7 1052 3632 3552 166
8595 4 2 1 7 474 3131 490 420
8596 4 2 1 7 902 2851 3093 3366
8597 4 2 1 7 1435 1473 1474 3189
8598 4 2 1 7 1184 3404 823 3412
8599 4 2 1 7 1441 1523 3416 3498
8600 4 2 1 7 1592 1816 1739 3117
8601 4 2 1 7 584 594 665 3438
8602 4 2 1 7 407 2908 408 3329
8603 4 2 1 7 3529 3470 1590 3010
8604 4 2 1 7 2867 3279 2971 3301
8605 4 2 1 7 72 554 73 3098
8606 4 2 1 7 1705 3050 2932 3390
8607 4 2 1 7 1024 1023 1034 3128
8608 4 2 1 7 1605 3353 2911 1750
8609 4 2 1 7 2817 2987 3192 3365
8610 4 2 1 7 2971 3097 2855 3191
8611 4 2 1 7 2979 3318 2036 3368
8612 4 2 1 7 2888 2988 3284 3500
8613 4 2 1 7 870 3223 3333 871
8614 4 2 1 7 2799 2849 2969 3147
8615 4 2 1 7 3023 3337 3423 3463
8616 4 2 1 7 80 79 610 3398
8617 4 2 1 7 2923 3166 2972 3339
8618 4 2 1 7 1445 2869 1446 3164
8619 4 2 1 7 1107 1043 1082 3049
8620 4 2 1 7 1852 3687 3137 3291
8621 4 2 1 7 1546 1457 1545 2868
8622 4 2 1 7 1222 2888 1211 3142
8623 4 2 1 7 1355 1370 2978 3359
8624 4 2 1 7 1616 3036 1614 3445
8625 4 2 1 7 1857 2987 802 3467
8626 4 2 1 7 3515 3399 3318 2899
8627 4 2 1 7 535 2889 2835 3246
8628 4 2 1 7 1680 2983 1673 3205
8629 4 2 1 7 909 2929 912 3293
8630 4 2 1 7 643 2883 576 3100
8631 4 2 1 7 1780 2932 1705 3050
8632 4 2 1 7 1495 2920 1496 1588
8633 4 2 1 7 139 855 2824 3310
8634 4 2 1 7 1285 2972 1307 3166
8635 4 2 1 7 1006 1144 1129 3222
8636 4 2 1 7 1867 3129 2971 3409
8637 4 2 1 7 2971 3279 3191 3301
8638 4 2 1 7 3018 3094 679 3313
8639 4 2 1 7 1852 1876 3687 3291
8640 4 2 1 7 3406 2799 3155 2849
8641 4 2 1 7 3165 3299 2837 3405
8642 4 2 1 7 67 3300 3181 3324
8643 4 2 1 7 125 1196 3667 1325
8644 4 2 1 7 1623 2919 3114 3307
8645 4 2 1 7 2965 3157 2921 3190
8646 4 2 1 7 6 3160 3195 725
8647 4 2 1 7 3553 999 3061 1119
8648 4 2 1 7 40 476 2997 3146
8649 4 2 1 7 1567 3105 1467 3299
8650 4 2 1 7 1017 2991 2959 3420
8651 4 2 1 7 529 2838 3031 2991
8652 4 2 1 7 1667 1666 1665 2946
8653 4 2 1 7 1786 3023 2953 3487
8654 4 2 1 7 1418 3375 3212 3393
8655 4 2 1 7 714 2863 719 3314
8656 4 2 1 7 1891 3346 2918 3451
8657 4 2 1 7 1485 1571 3090 3510
8658 4 2 1 7 3018 3056 2912 3094
8659 4 2 1 7 812 2907 3321 3151
8660 4 2 1 7 2942 3041 2840 3352
8661 4 2 1 7 1021 1023 1022 3128
8662 4 2 1 7 2877 3070 1035 3241
8663 4 2 1 7 2805 3227 3196 3380
8664 4 2 1 7 1698 1790 1788 3023
8665 4 2 1 7 691 110 786 3219
8666 4 2 1 7 1461 3010 1469 3092
8667 4 2 1 7 2831 3043 2963 3448
8668 4 2 1 7 3266 3038 3696 1112
8669 4 2 1 7 495 3111 497 3288
8670 4 2 1 7 2859 3048 2829 3421
8671 4 2 1 7 2901 3045 1246 3461
8672 4 2 1 7 3004 3102 2797 3343
8673 4 2 1 7 3587 3124 3456 3349
8674 4 2 1 7 2943 2982 2823 3140
8675 4 2 1 7 1625 1624 1626 3469
8676 4 2 1 7 282 283 3685 1602
8677 4 2 1 7 1791 1695 1700 2973
8678 4 2 1 7 809 3218 598 3276
8679 4 2 1 7 1334 3522 3142 1210
8680 4 2 1 7 1585 3541 1497 3148
8681 4 2 1 7 3037 3198 2997 3281
8682 4 2 1 7 2821 3026 2845 3101
8683 4 2 1 7 125 126 1196 3124
8684 4 2 1 7 796 692 3321 3437
8685 4 2 1 7 692 367 3321 3437
8686 4 2 1 7 1127 3639 1092 1040
8687 4 2 1 7 3663 1349 2873 3459
8688 4 2 1 7 626 69 70 3082
8689 4 2 1 7 1170 3614 3526 3013
8690 4 2 1 7 3005 3210 2869 3431
8691 4 2 1 7 2879 3013 2970 3296
8692 4 2 1 7 1460 1410 1412 3255
8693 4 2 1 7 1809 2981 1760 3153
8694 4 2 1 7 1474 2940 3155 3189
8695 4 2 1 7 2897 3040 2797 3446
8696 4 2 1 7 1746 3188 3258 3457
8697 4 2 1 7 1830 2980 1820 3454
8698 4 2 1 7 97 478 493 3151
8699 4 2 1 7 3129 3409 1866 3441
8700 4 2 1 7 3269 3529 3470 2906
8701 4 2 1 7 402 2876 41 3171
8702 4 2 1 7 1160 1114 1046 3373
8703 4 2 1 7 1383 2880 1538 3397
8704 4 2 1 7 1188 1187 1194 3059
8705 4 2 1 7 3315 3499 2876 3513
8706 4 2 1 7 1194 1195 3059 3489
8707 4 2 1 7 1430 3088 2941 3371
8708 4 2 1 7 3111 3183 913 429
8709 4 2 1 7 3305 3685 3390 1602
8710 4 2 1 7 1329 1231 1293 2905
8711 4 2 1 7 1376 1374 1520 2876
8712 4 2 1 7 882 2859 3441 883
8713 4 2 1 7 2899 2818 3286 3340
8714 4 2 1 7 1311 1204 1271 2895
8715 4 2 1 7 1731 1775 3469 3480
8716 4 2 1 7 1785 1694 393 1783
8717 4 2 1 7 1102 1150 1010 2922
8718 4 2 1 7 1263 2923 1262 3220
8719 4 2 1 7 95 787 692 3091
8720 4 2 1 7 943 3170 3435 3483
8721 4 2 1 7 3609 2141 3035 2135
8722 4 2 1 7 2981 3153 1809 3224
8723 4 2 1 7 680 3252 3009 3377
8724 4 2 1 7 3077 3315 2876 3513
8725 4 2 1 7 1568 1486 1508 2893
8726 4 2 1 7 625 556 103 3259
8727 4 2 1 7 122 1200 1297 3045
8728 4 2 1 7 80 3052 638 3398
8729 4 2 1 7 3550 3305 371 3003
8730 4 2 1 7 1074 1033 21 3019
8731 4 2 1 7 1867 2971 3097 3409
8732 4 2 1 7 871 898 873 3065
8733 4 2 1 7 2115 263 3654 264
8734 4 2 1 7 1765 3239 1797 1735
8735 4 2 1 7 874 896 122 3045
8736 4 2 1 7 998 3106 3482 660
8737 4 2 1 7 3536 2913 504 3165
8738 4 2 1 7 3305 3390 3685 496
8739 4 2 1 7 1317 1259 1175 3103
8740 4 2 1 7 3528 3000 1104 3364
8741 4 2 1 7 1427 2862 1465 3290
8742 4 2 1 7 2800 2970 2905 3512
8743 4 2 1 7 3572 2972 1174 3355
8744 4 2 1 7 1648 1808 1672 3339
8745 4 2 1 7 3444 3124 3185 2823
8746 4 2 1 7 429 459 3022 3111
8747 4 2 1 7 2925 3159 2793 3385
8748 4 2 1 7 1432 1373 1375 2963
8749 4 2 1 7 2985 3314 2843 2889
8750 4 2 1 7 2846 2912 3053 3302
8751 4 2 1 7 3382 3417 3472 2792
8752 4 2 1 7 1541 3169 3071 3499
8753 4 2 1 7 1386 2880 1383 3460
8754 4 2 1 7 2795 3488 3090 3510
8755 4 2 1 7 895 987 2884 3104
8756 4 2 1 7 2102 3084 2157 3157
8757 4 2 1 7 1772 1673 1682 2983
8758 4 2 1 7 2818 3456 3028 3515
8759 4 2 1 7 2917 3302 3053 3460
8760 4 2 1 7 850 2943 128 3203
8761 4 2 1 7 1889 3138 2960 3471
8762 4 2 1 7 1107 3049 999 3061
8763 4 2 1 7 139 78 3126 3491
8764 4 2 1 7 1551 1501 3147 3155
8765 4 2 1 7 2918 3137 3009 3354
8766 4 2 1 7 688 715 107 2946
8767 4 2 1 7 375 363 3319 3320
8768 4 2 1 7 408 420 131 3050
8769 4 2 1 7 131 408 130 3244
8770 4 2 1 7 1065 3000 1113 3038
8771 4 2 1 7 2856 3150 3081 3489
8772 4 2 1 7 1478 169 168 3663
8773 4 2 1 7 1697 395 1761 3297
8774 4 2 1 7 657 3259 695 3313
8775 4 2 1 7 1457 2868 1546 3227
8776 4 2 1 7 2810 2838 3123 3465
8777 4 2 1 7 3654 2115 264 2900
8778 4 2 1 7 3228 3373 2873 3459
8779 4 2 1 7 871 873 872 3223
8780 4 2 1 7 557 669 623 3089
8781 4 2 1 7 3401 809 3365 706
8782 4 2 1 7 679 3018 2912 3094
8783 4 2 1 7 2139 3221 537 671
8784 4 2 1 7 1410 1460 1577 3118
8785 4 2 1 7 2930 3325 555 3369
8786 4 2 1 7 1392 1376 3499 3513
8787 4 2 1 7 2843 3245 3163 3314
8788 4 2 1 7 2907 3321 32 3347
8789 4 2 1 7 2892 3311 3197 3455
8790 4 2 1 7 2977 3035 2819 3452
8791 4 2 1 7 946 3183 2857 3273
8792 4 2 1 7 3151 800 3172 793
8793 4 2 1 7 3289 3518 975 1597
8794 4 2 1 7 1467 3105 2998 3299
8795 4 2 1 7 3148 3191 1922 3279
8796 4 2 1 7 2860 3044 637 3233
8797 4 2 1 7 608 579 609 3039
8798 4 2 1 7 1151 1136 1053 3044
8799 4 2 1 7 2813 2798 2913 2985
8800 4 2 1 7 910 435 436 3326
8801 4 2 1 7 1830 3534 1758 1738
8802 4 2 1 7 1379 3083 3077 3447
8803 4 2 1 7 624 3029 2881 3438
8804 4 2 1 7 1794 2911 3549 3248
8805 4 2 1 7 2809 2943 3203 3329
8806 4 2 1 7 538 579 3098 3356
8807 4 2 1 7 95 478 787 3091
8808 4 2 1 7 3062 3090 2795 3488
8809 4 2 1 7 3081 3150 2879 3489
8810 4 2 1 7 1373 3116 2963 3317
8811 4 2 1 7 2090 3154 3490 2029
8812 4 2 1 7 1474 3155 1529 3189
8813 4 2 1 7 1683 2976 3306 3395
8814 4 2 1 7 1499 2904 1575 3147
8815 4 2 1 7 3314 3060 3214 3507
8816 4 2 1 7 872 3082 904 3343
8817 4 2 1 7 1958 2900 3561 3419
8818 4 2 1 7 2090 2896 2944 3316
8819 4 2 1 7 1832 1711 3003 3272
8820 4 2 1 7 1150 1076 1086 2922
8821 4 2 1 7 2969 3147 2849 3152
8822 4 2 1 7 1576 1573 2874 3323
8823 4 2 1 7 813 2990 828 3348
8824 4 2 1 7 47 2094 3599 3601
8825 4 2 1 7 830 113 3668 3532
8826 4 2 1 7 740 3005 2869 3431
8827 4 2 1 7 3583 1961 1862 2000
8828 4 2 1 7 755 372 3172 3430
8829 4 2 1 7 3222 3241 3269 2927
8830 4 2 1 7 3015 3271 2797 3446
8831 4 2 1 7 2807 3132 3046 3136
8832 4 2 1 7 2797 3008 3015 3446
8833 4 2 1 7 2795 3084 2893 3351
8834 4 2 1 7 2842 3132 2858 3212
8835 4 2 1 7 2875 3104 2958 3488
8836 4 2 1 7 1263 3166 1307 2923
8837 4 2 1 7 2903 2939 3251 3418
8838 4 2 1 7 1187 3059 1188 3412
8839 4 2 1 7 2822 3021 2980 3117
8840 4 2 1 7 3052 3382 2909 2040
8841 4 2 1 7 3663 2873 1478 3051
8842 4 2 1 7 1787 1729 2935 3297
8843 4 2 1 7 2152 2158 2114 3178
8844 4 2 1 7 2949 3032 525 3073
8845 4 2 1 7 1562 1438 1478 2873
8846 4 2 1 7 35 3319 36 3151
8847 4 2 1 7 1723 2865 3401 3353
8848 4 2 1 7 3667 7 3587 1180
8849 4 2 1 7 1572 3030 1364 3512
8850 4 2 1 7 2806 2994 2890 3178
8851 4 2 1 7 1185 3251 1187 3412
8852 4 2 1 7 548 540 3201 3288
8853 4 2 1 7 3038 3055 2817 3266
8854 4 2 1 7 2860 3055 809 3218
8855 4 2 1 7 674 2949 653 3187
8856 4 2 1 7 3587 3016 3349 3456
8857 4 2 1 7 1650 1649 1651 3486
8858 4 2 1 7 435 908 910 436
8859 4 2 1 7 1389 3053 1388 3262
8860 4 2 1 7 1459 1576 1573 2874
8861 4 2 1 7 740 3042 742 3245
8862 4 2 1 7 1441 1442 1440 3060
8863 4 2 1 7 886 3180 649 3484
8864 4 2 1 7 1578 3130 3079 3207
8865 4 2 1 7 983 1977 3590 3666
8866 4 2 1 7 766 3153 767 3224
8867 4 2 1 7 1991 1914 1840 2904
8868 4 2 1 7 1903 1972 1973 3000
8869 4 2 1 7 875 878 877 2967
8870 4 2 1 7 3558 1158 2964 3617
8871 4 2 1 7 2794 3041 2910 3242
8872 4 2 1 7 2859 2829 3219 3421
8873 4 2 1 7 1459 1463 1404 3008
8874 4 2 1 7 2869 3005 2813 3105
8875 4 2 1 7 2796 3010 3092 3470
8876 4 2 1 7 1511 1433 1400 3511
8877 4 2 1 7 2805 3227 3057 3389
8878 4 2 1 7 642 3187 653 3360
8879 4 2 1 7 1245 1246 3045 3461
8880 4 2 1 7 3166 3203 3339 2923
8881 4 2 1 7 1430 1472 1438 2941
8882 4 2 1 7 2797 3343 2885 3479
8883 4 2 1 7 1546 2868 3182 3227
8884 4 2 1 7 631 3024 2931 3350
8885 4 2 1 7 2816 3009 3137 3458
8886 4 2 1 7 3636 3002 566 3391
8887 4 2 1 7 1174 1307 1285 2972
8888 4 2 1 7 2918 3291 3137 3354
8889 4 2 1 7 1866 1963 1981 3441
8890 4 2 1 7 1969 1944 1848 2897
8891 4 2 1 7 1137 1117 2911 3161
8892 4 2 1 7 694 702 2995 3177
8893 4 2 1 7 386 1036 1042 1125
8894 4 2 1 7 1899 2928 1938 3249
8895 4 2 1 7 1770 1622 799 3332
8896 4 2 1 7 926 919 2975 3485
8897 4 2 1 7 2049 3084 2899 3351
8898 4 2 1 7 762 1897 801 3467
8899 4 2 1 7 2807 2910 3125 3213
8900 4 2 1 7 232 1174 3355 3572
8901 4 2 1 7 470 390 443 2947
8902 4 2 1 7 2973 3253 2981 3348
8903 4 2 1 7 1889 1948 2960 3335
8904 4 2 1 7 2958 3286 3232 3349
8905 4 2 1 7 809 3055 2860 3365
8906 4 2 1 7 432 933 932 3273
8907 4 2 1 7 2799 2866 3072 3156
8908 4 2 1 7 3181 3300 2846 3324
8909 4 2 1 7 419 3139 3176 3483
8910 4 2 1 7 1030 3026 1047 3473
8911 4 2 1 7 2818 3286 3016 3349
8912 4 2 1 7 1949 693 3692 3588
8913 4 2 1 7 1051 1105 3002 3113
8914 4 2 1 7 433 497 430 3183
8915 4 2 1 7 2953 3337 3023 3463
8916 4 2 1 7 1176 1301 1279 3122
8917 4 2 1 7 1516 2961 3083 3216
8918 4 2 1 7 744 2856 3027 3081
8919 4 2 1 7 3125 3413 2937 3440
8920 4 2 1 7 1112 3038 1113 3266
8921 4 2 1 7 949 969 951 3244
8922 4 2 1 7 3041 3433 3242 2794
8923 4 2 1 7 2848 2872 3257 3511
8924 4 2 1 7 1891 1890 1879 2918
8925 4 2 1 7 924 3102 3004 3343
8926 4 2 1 7 1434 3092 3209 3511
8927 4 2 1 7 1329 1268 2970 3150
8928 4 2 1 7 2869 3163 1446 3164
8929 4 2 1 7 677 86 678 2944
8930 4 2 1 7 1391 1397 1528 3076
8931 4 2 1 7 1917 3025 1878 3137
8932 4 2 1 7 1408 2920 3086 3118
8933 4 2 1 7 872 873 3082 3223
8934 4 2 1 7 3631 3684 210 1369
8935 4 2 1 7 490 456 420 3131
8936 4 2 1 7 1457 1519 1545 3103
8937 4 2 1 7 2798 3031 2889 3211
8938 4 2 1 7 906 960 905 2954
8939 4 2 1 7 2794 3352 2942 3460
8940 4 2 1 7 2868 1457 3103 3227
8941 4 2 1 7 1775 3145 2931 3264
8942 4 2 1 7 650 3 3673 3591
8943 4 2 1 7 1201 1291 1335 2921
8944 4 2 1 7 808 3186 706 3401
8945 4 2 1 7 1665 2993 2946 3309
8946 4 2 1 7 3039 3054 607 3221
8947 4 2 1 7 2095 453 46 2156
8948 4 2 1 7 3083 3427 1395 3442
8949 4 2 1 7 1486 1485 1571 3090
8950 4 2 1 7 1043 2947 3085 3358
8951 4 2 1 7 2854 3033 2883 3414
8952 4 2 1 7 3611 3017 997 3206
8953 4 2 1 7 1374 3116 1398 3169
8954 4 2 1 7 857 895 858 3104
8955 4 2 1 7 1232 3158 3500 1222
8956 4 2 1 7 3587 3124 3349 125
8957 4 2 1 7 755 3172 466 3341
8958 4 2 1 7 2795 2893 3084 3157
8959 4 2 1 7 1217 3020 1282 3412
8960 4 2 1 7 1279 3064 3542 3122
8961 4 2 1 7 844 2936 3267 3440
8962 4 2 1 7 1012 1045 1111 3174
8963 4 2 1 7 3041 3433 2794 2801
8964 4 2 1 7 790 3089 2881 3134
8965 4 2 1 7 3300 3424 641 3481
8966 4 2 1 7 3166 3339 3203 850
8967 4 2 1 7 1849 1946 2867 3429
8968 4 2 1 7 1895 1976 1962 3079
8969 4 2 1 7 415 2945 3034 3399
8970 4 2 1 7 2813 2798 2985 2843
8971 4 2 1 7 2833 3221 3039 3497
8972 4 2 1 7 1530 1393 1533 3001
8973 4 2 1 7 1347 3683 3461 2978
8974 4 2 1 7 1498 3642 3524 247
8975 4 2 1 7 65 2886 3123 3424
8976 4 2 1 7 1035 1108 1059 3070
8977 4 2 1 7 1777 1776 3480 3486
8978 4 2 1 7 1598 1611 1612 3233
8979 4 2 1 7 1233 1207 1208 3166
8980 4 2 1 7 2801 3433 3056 3200
8981 4 2 1 7 2924 3188 1708 3342
8982 4 2 1 7 2808 3004 2920 3118
8983 4 2 1 7 3565 2029 2088 3490
8984 4 2 1 7 1806 2984 1807 3289
8985 4 2 1 7 2864 3432 3242 3433
8986 4 2 1 7 2952 509 3174 3110
8987 4 2 1 7 2895 2804 2973 3348
8988 4 2 1 7 2887 3499 3315 3513
8989 4 2 1 7 3072 1522 1362 1500
8990 4 2 1 7 568 2980 2894 3454
8991 4 2 1 7 782 3134 795 584
8992 4 2 1 7 1811 3646 3194 1720
8993 4 2 1 7 3355 1596 232 3572
8994 4 2 1 7 1342 3247 3103 3304
8995 4 2 1 7 1683 3306 3176 3395
8996 4 2 1 7 2049 2063 2048 2899
8997 4 2 1 7 758 103 102 3259
8998 4 2 1 7 1693 1689 1760 3514
8999 4 2 1 7 3397 2801 2942 2880
9000 4 2 1 7 1022 3128 1066 2991
9001 4 2 1 7 1990 1912 1938 2928
9002 4 2 1 7 1048 3453 3133 3473
9003 4 2 1 7 3007 3223 2858 3333
9004 4 2 1 7 1222 1275 2888 3500
9005 4 2 1 7 2844 2862 3062 3090
9006 4 2 1 7 1017 1046 1114 2959
9007 4 2 1 7 1564 2941 1430 3088
9008 4 2 1 7 2818 2934 3456 3515
9009 4 2 1 7 1607 1735 1797 3239
9010 4 2 1 7 1951 1954 1835 3316
9011 4 2 1 7 586 3055 809 829
9012 4 2 1 7 99 2864 100 3384
9013 4 2 1 7 1170 1268 1310 2970
9014 4 2 1 7 1133 2935 3133 3453
9015 4 2 1 7 3352 3302 3460 2794
9016 4 2 1 7 2846 3076 3001 3324
9017 4 2 1 7 1537 1466 1560 2933
9018 4 2 1 7 858 847 857 3232
9019 4 2 1 7 3036 1769 3391 2898
9020 4 2 1 7 1312 92 3670 3596
9021 4 2 1 7 2876 3146 3077 3442
9022 4 2 1 7 1125 1042 386 390
9023 4 2 1 7 740 798 3005 3431
9024 4 2 1 7 2933 2994 2806 3099
9025 4 2 1 7 761 3346 3177 3451
9026 4 2 1 7 425 737 736 3320
9027 4 2 1 7 1954 2896 3316 3335
9028 4 2 1 7 1922 3148 3080 3191
9029 4 2 1 7 3040 3279 1875 3429
9030 4 2 1 7 632 554 667 3235
9031 4 2 1 7 2796 3032 2949 3073
9032 4 2 1 7 2805 2868 3227 3380
9033 4 2 1 7 1841 1923 1947 3396
9034 4 2 1 7 1120 1099 1098 2914
9035 4 2 1 7 3096 3195 3160 725
9036 4 2 1 7 1537 3058 2933 3472
9037 4 2 1 7 3653 1594 3122 3542
9038 4 2 1 7 442 912 435 909
9039 4 2 1 7 2981 3224 2973 3348
9040 4 2 1 7 1335 2921 1291 3190
9041 4 2 1 7 1058 3070 3222 3241
9042 4 2 1 7 1281 2943 1209 3402
9043 4 2 1 7 2908 3003 1711 3272
9044 4 2 1 7 103 695 625 3259
9045 4 2 1 7 788 3056 3200 3314
9046 4 2 1 7 1364 3547 3689 3030
9047 4 2 1 7 478 431 3091 3184
9048 4 2 1 7 2077 2892 3054 2070
9049 4 2 1 7 1301 3064 1279 3122
9050 4 2 1 7 2052 3178 2890 3478
9051 4 2 1 7 1732 1643 1638 3443
9052 4 2 1 7 663 3024 631 3485
9053 4 2 1 7 1548 1493 3013 3296
9054 4 2 1 7 2931 1775 3264 3480
9055 4 2 1 7 3579 1006 2938 3615
9056 4 2 1 7 1242 3247 1342 3304
9057 4 2 1 7 1804 3258 3457 1746
9058 4 2 1 7 1914 3191 3080 3471
9059 4 2 1 7 1597 1806 1717 3289
9060 4 2 1 7 3687 1876 860 3291
9061 4 2 1 7 1100 1138 1143 3215
9062 4 2 1 7 391 3453 3473 3133
9063 4 2 1 7 2952 3174 3268 2845
9064 4 2 1 7 2845 3026 2821 3106
9065 4 2 1 7 2043 2921 3643 3028
9066 4 2 1 7 2006 2896 1900 3419
9067 4 2 1 7 2985 3245 2843 3314
9068 4 2 1 7 1100 3215 3051 3254
9069 4 2 1 7 942 943 430 3183
9070 4 2 1 7 1835 3641 2896 3419
9071 4 2 1 7 1943 3609 1942 1886
9072 4 2 1 7 536 84 3675 3691
9073 4 2 1 7 1976 3079 2962 3207
9074 4 2 1 7 383 3168 2887 3298
9075 4 2 1 7 665 3029 2881 3108
9076 4 2 1 7 582 588 3002 3106
9077 4 2 1 7 1564 3088 1406 3209
9078 4 2 1 7 644 3119 2123 3495
9079 4 2 1 7 1923 3248 1947 3396
9080 4 2 1 7 1184 823 806 805
9081 4 2 1 7 1091 1133 1004 2935
9082 4 2 1 7 3657 1323 3617 2964
9083 4 2 1 7 1944 1848 2897 3429
9084 4 2 1 7 2793 3043 2963 3182
9085 4 2 1 7 1546 3182 1455 3227
9086 4 2 1 7 3662 55 54 996
9087 4 2 1 7 1276 3122 1176 3355
9088 4 2 1 7 1566 3155 1475 3372
9089 4 2 1 7 3662 998 3106 996
9090 4 2 1 7 921 3494 3166 940
9091 4 2 1 7 1891 2918 1879 3451
9092 4 2 1 7 3002 3106 588 3263
9093 4 2 1 7 1602 3550 3305 3685
9094 4 2 1 7 791 3134 2881 3292
9095 4 2 1 7 3636 3693 3002 3391
9096 4 2 1 7 1637 3264 1775 3480
9097 4 2 1 7 1015 1027 1077 2827
9098 4 2 1 7 67 3181 567 3324
9099 4 2 1 7 1194 2903 1220 3304
9100 4 2 1 7 2916 3011 1228 3404
9101 4 2 1 7 1682 3139 1773 1772
9102 4 2 1 7 1540 2961 1516 3216
9103 4 2 1 7 2845 3026 424 3101
9104 4 2 1 7 1756 3139 1773 3176
9105 4 2 1 7 3344 2814 3078 2828
9106 4 2 1 7 1408 3086 2920 3508
9107 4 2 1 7 54 660 3662 3591
9108 4 2 1 7 589 598 590 3218
9109 4 2 1 7 1907 3265 1865 3269
9110 4 2 1 7 742 3042 2985 3245
9111 4 2 1 7 2897 3195 2829 3429
9112 4 2 1 7 1693 1704 1700 2973
9113 4 2 1 7 574 576 643 3162
9114 4 2 1 7 1302 2925 1345 3159
9115 4 2 1 7 3139 941 2983 942
9116 4 2 1 7 1445 3105 2869 3164
9117 4 2 1 7 1581 1552 1522 2900
9118 4 2 1 7 2962 3079 1895 3160
9119 4 2 1 7 1448 1447 1449 3210
9120 4 2 1 7 1207 1209 1206 2943
9121 4 2 1 7 1449 1451 1456 3210
9122 4 2 1 7 796 733 3253 3321
9123 4 2 1 7 1671 1772 941 1673
9124 4 2 1 7 1232 3158 1222 1224
9125 4 2 1 7 881 667 3098 3356
9126 4 2 1 7 1789 1791 2861 3217
9127 4 2 1 7 3385 3182 2901 3159
9128 4 2 1 7 1006 1088 1144 3222
9129 4 2 1 7 1973 2987 3000 3344
9130 4 2 1 7 402 3146 2876 3171
9131 4 2 1 7 2899 3318 2979 3399
9132 4 2 1 7 55 3662 3540 996
9133 4 2 1 7 3135 1757 1792 1795
9134 4 2 1 7 628 1777 565 3486
9135 4 2 1 7 603 1142 61 1081
9136 4 2 1 7 541 3096 3015 3481
9137 4 2 1 7 1535 1538 1386 3179
9138 4 2 1 7 80 578 638 3052
9139 4 2 1 7 2901 3159 2925 3385
9140 4 2 1 7 850 2972 940 3166
9141 4 2 1 7 810 586 584 3292
9142 4 2 1 7 2843 3060 3314 3507
9143 4 2 1 7 286 287 2103 3633
9144 4 2 1 7 2803 3116 2978 3317
9145 4 2 1 7 1104 3364 195 3528
9146 4 2 1 7 1281 1206 1209 2943
9147 4 2 1 7 141 888 142 2928
9148 4 2 1 7 2875 3016 124 3376
9149 4 2 1 7 1299 1347 1244 3331
9150 4 2 1 7 2821 3101 2845 3263
9151 4 2 1 7 2842 3212 2858 3333
9152 4 2 1 7 3244 457 468 467
9153 4 2 1 7 2810 2838 3465 3215
9154 4 2 1 7 3184 3091 3387 3170
9155 4 2 1 7 1495 2920 1588 3148
9156 4 2 1 7 1321 930 3225 3500
9157 4 2 1 7 653 2949 525 3073
9158 4 2 1 7 492 789 368 3492
9159 4 2 1 7 935 3205 2972 3339
9160 4 2 1 7 691 786 612 3219
9161 4 2 1 7 2074 2069 2945 3173
9162 4 2 1 7 2871 3118 2808 3255
9163 4 2 1 7 1910 1944 1884 3160
9164 4 2 1 7 2903 2939 697 3251
9165 4 2 1 7 2122 2073 2049 3351
9166 4 2 1 7 1276 3122 3355 2915
9167 4 2 1 7 3612 1078 3686 3167
9168 4 2 1 7 1006 1129 2938 3222
9169 4 2 1 7 2064 2092 2091 3014
9170 4 2 1 7 1293 1231 1292 2905
9171 4 2 1 7 1674 1769 1615 2898
9172 4 2 1 7 432 932 485 3273
9173 4 2 1 7 1881 3138 2900 2002
9174 4 2 1 7 3026 3453 1047 3473
9175 4 2 1 7 1378 1379 3077 3447
9176 4 2 1 7 594 665 2881 3108
9177 4 2 1 7 1878 3137 3025 3258
9178 4 2 1 7 1623 1621 1622 3114
9179 4 2 1 7 1623 1624 1625 3114
9180 4 2 1 7 1571 1368 1508 2893
9181 4 2 1 7 1544 3043 1455 3182
9182 4 2 1 7 2057 2121 2055 3221
9183 4 2 1 7 2953 3023 3144 3463
9184 4 2 1 7 787 367 416 3321
9185 4 2 1 7 137 3501 3100 3506
9186 4 2 1 7 2890 3178 2994 3478
9187 4 2 1 7 3662 3106 998 660
9188 4 2 1 7 2792 2994 2974 3450
9189 4 2 1 7 586 3055 829 675
9190 4 2 1 7 565 3480 663 3486
9191 4 2 1 7 42 2887 3168 3280
9192 4 2 1 7 1436 3046 3136 3439
9193 4 2 1 7 1960 1929 2927 3206
9194 4 2 1 7 2807 2917 3352 3065
9195 4 2 1 7 943 942 430 3483
9196 4 2 1 7 2950 2838 3215 3465
9197 4 2 1 7 3444 3124 2823 2818
9198 4 2 1 7 2002 1881 1958 2900
9199 4 2 1 7 3264 913 1633 1631
9200 4 2 1 7 1848 1969 2897 3195
9201 4 2 1 7 1211 3142 2888 3238
9202 4 2 1 7 3364 1846 195 3528
9203 4 2 1 7 1319 1192 1290 2964
9204 4 2 1 7 2961 3200 2801 3216
9205 4 2 1 7 2961 3200 3216 3275
9206 4 2 1 7 1954 1900 2006 2896
9207 4 2 1 7 3541 1959 3642 246
9208 4 2 1 7 1273 3230 2853 3418
9209 4 2 1 7 1792 1700 1813 3135
9210 4 2 1 7 388 1125 390 1067
9211 4 2 1 7 842 959 960 2954
9212 4 2 1 7 882 2859 883 3354
9213 4 2 1 7 1723 3401 2865 3186
9214 4 2 1 7 1976 1962 3079 3207
9215 4 2 1 7 1720 3025 3646 3194
9216 4 2 1 7 3487 3337 3023 2953
9217 4 2 1 7 62 61 3128 2991
9218 4 2 1 7 64 3211 3123 535
9219 4 2 1 7 1315 1246 2901 3159
9220 4 2 1 7 2034 2035 2036 2979
9221 4 2 1 7 2850 3196 3227 3380
9222 4 2 1 7 103 557 625 695
9223 4 2 1 7 1386 3053 2880 3460
9224 4 2 1 7 1358 1575 1498 3080
9225 4 2 1 7 1311 1340 89 3224
9226 4 2 1 7 420 456 500 3131
9227 4 2 1 7 1489 3684 2965 3359
9228 4 2 1 7 828 813 747 2990
9229 4 2 1 7 2922 3167 2856 2957
9230 4 2 1 7 1605 3353 1750 1767
9231 4 2 1 7 1265 3066 1281 3402
9232 4 2 1 7 1700 1791 2973 3135
9233 4 2 1 7 1166 3552 3299 1140
9234 4 2 1 7 3196 3247 2805 3380
9235 4 2 1 7 2040 2133 2909 3052
9236 4 2 1 7 451 415 3034 3399
9237 4 2 1 7 1239 1228 3011 3404
9238 4 2 1 7 3028 3340 2818 3515
9239 4 2 1 7 122 896 123 3045
9240 4 2 1 7 2838 3373 2959 3420
9241 4 2 1 7 2006 1835 2896 3419
9242 4 2 1 7 1540 1543 1516 2961
9243 4 2 1 7 2868 2805 3247 3380
9244 4 2 1 7 2142 3157 2020 3546
9245 4 2 1 7 133 851 134 457
9246 4 2 1 7 629 3226 2975 3486
9247 4 2 1 7 2798 2914 2913 3228
9248 4 2 1 7 1602 3550 3685 282
9249 4 2 1 7 737 738 425 736
9250 4 2 1 7 365 851 134 3267
9251 4 2 1 7 1786 1698 1788 3023
9252 4 2 1 7 2154 2180 2084 2940
9253 4 2 1 7 1117 3613 3527 3161
9254 4 2 1 7 406 408 407 2908
9255 4 2 1 7 384 2051 3033 3379
9256 4 2 1 7 1524 1532 3132 3212
9257 4 2 1 7 93 94 3142 3238
9258 4 2 1 7 1383 2880 3397 3460
9259 4 2 1 7 1531 1534 1494 2901
9260 4 2 1 7 1549 2970 1493 3296
9261 4 2 1 7 454 414 415 2945
9262 4 2 1 7 3298 3294 2836 3046
9263 4 2 1 7 3026 3101 2821 3423
9264 4 2 1 7 891 2875 124 3331
9265 4 2 1 7 1804 3258 1746 1593
9266 4 2 1 7 897 3175 2884 3345
9267 4 2 1 7 2797 3008 3086 3479
9268 4 2 1 7 2880 3053 1386 3179
9269 4 2 1 7 1507 3621 1367 3010
9270 4 2 1 7 1566 3072 1501 3155
9271 4 2 1 7 638 3100 3501 2878
9272 4 2 1 7 897 2884 987 3345
9273 4 2 1 7 3385 3182 3159 2793
9274 4 2 1 7 2069 2053 2074 2945
9275 4 2 1 7 1887 1912 1911 3434
9276 4 2 1 7 1192 1319 1251 3049
9277 4 2 1 7 3066 3067 2151 3475
9278 4 2 1 7 795 3134 791 3292
9279 4 2 1 7 135 3162 134 3250
9280 4 2 1 7 1881 3138 2002 1968
9281 4 2 1 7 733 821 732 3321
9282 4 2 1 7 3113 3423 2821 3023
9283 4 2 1 7 1990 2928 1873 3335
9284 4 2 1 7 916 3350 972 3485
9285 4 2 1 7 558 559 546 3311
9286 4 2 1 7 2792 2966 3382 3417
9287 4 2 1 7 2918 3009 2816 3308
9288 4 2 1 7 463 3027 445 3261
9289 4 2 1 7 1790 2870 3113 3023
9290 4 2 1 7 2134 3534 2018 2894
9291 4 2 1 7 3039 3221 607 3497
9292 4 2 1 7 845 939 2857 3244
9293 4 2 1 7 2853 3037 2793 3380
9294 4 2 1 7 1188 3059 1217 3412
9295 4 2 1 7 3113 3423 3023 2870
9296 4 2 1 7 380 3413 3367 2974
9297 4 2 1 7 3353 1726 2860 3401
9298 4 2 1 7 2803 3146 2963 3385
9299 4 2 1 7 2889 3031 535 3211
9300 4 2 1 7 1014 2959 1016 3256
9301 4 2 1 7 1042 1043 2947 3085
9302 4 2 1 7 1308 1177 1343 3061
9303 4 2 1 7 3582 1554 2905 1582
9304 4 2 1 7 3224 226 1747 3658
9305 4 2 1 7 569 571 572 3208
9306 4 2 1 7 1021 3128 1022 2991
9307 4 2 1 7 1376 2876 1520 3499
9308 4 2 1 7 2917 3149 3053 3302
9309 4 2 1 7 1023 1021 1108 2950
9310 4 2 1 7 1205 3020 1247 3404
9311 4 2 1 7 562 3121 2892 3197
9312 4 2 1 7 1712 3272 2923 3339
9313 4 2 1 7 422 507 2981 3411
9314 4 2 1 7 611 3082 3180 69
9315 4 2 1 7 3016 3286 2958 3349
9316 4 2 1 7 2842 2999 2937 3294
9317 4 2 1 7 2873 1562 3334 3498
9318 4 2 1 7 2918 3282 2859 3377
9319 4 2 1 7 1017 2959 2991 3361
9320 4 2 1 7 1093 1062 3361 3503
9321 4 2 1 7 1444 3105 3164 3416
9322 4 2 1 7 139 3126 78 3501
9323 4 2 1 7 1117 3613 3161 1031
9324 4 2 1 7 61 1142 1066 1081
9325 4 2 1 7 586 829 809 3292
9326 4 2 1 7 416 787 3321 3151
9327 4 2 1 7 2143 3084 2072 3351
9328 4 2 1 7 474 3131 420 2932
9329 4 2 1 7 2807 3065 2910 3213
9330 4 2 1 7 1947 3248 2865 3396
9331 4 2 1 7 1151 1053 1064 3266
9332 4 2 1 7 3008 3015 2811 3481
9333 4 2 1 7 3352 3302 2794 3065
9334 4 2 1 7 1908 1907 1865 3269
9335 4 2 1 7 3073 3241 2968 2814
9336 4 2 1 7 1450 1452 1448 2891
9337 4 2 1 7 1048 3133 1067 3473
9338 4 2 1 7 1076 1074 2957 3019
9339 4 2 1 7 3043 3227 3182 3380
9340 4 2 1 7 64 3211 535 617
9341 4 2 1 7 3269 3529 2906 1983
9342 4 2 1 7 1538 3179 1535 3214
9343 4 2 1 7 1946 3279 2867 3429
9344 4 2 1 7 1615 1614 1616 3036
9345 4 2 1 7 2156 46 2095 2080
9346 4 2 1 7 1859 2987 1857 3467
9347 4 2 1 7 2858 3065 2917 3132
9348 4 2 1 7 726 3251 811 3412
9349 4 2 1 7 1922 3541 1959 3080
9350 4 2 1 7 2813 2985 3042 3245
9351 4 2 1 7 853 962 3095 3502
9352 4 2 1 7 734 3253 2981 3407
9353 4 2 1 7 391 388 390 1067
9354 4 2 1 7 131 468 420 408
9355 4 2 1 7 2931 3024 631 3480
9356 4 2 1 7 1499 1498 2904 3415
9357 4 2 1 7 2820 3189 2882 3406
9358 4 2 1 7 1979 3068 3017 3504
9359 4 2 1 7 2926 2984 1807 3239
9360 4 2 1 7 1170 3614 3013 1261
9361 4 2 1 7 980 3111 913 3145
9362 4 2 1 7 1355 1369 1370 3359
9363 4 2 1 7 1623 1629 1762 2919
9364 4 2 1 7 2856 3081 744 3474
9365 4 2 1 7 625 695 657 3259
9366 4 2 1 7 460 3287 2919 3307
9367 4 2 1 7 3518 975 145 892
9368 4 2 1 7 1891 1967 3282 3346
9369 4 2 1 7 2845 1030 1012 3174
9370 4 2 1 7 573 2123 644 643
9371 4 2 1 7 1098 2914 1099 3459
9372 4 2 1 7 1370 3141 2978 3359
9373 4 2 1 7 2176 643 2123 551
9374 4 2 1 7 3096 3187 2811 3481
9375 4 2 1 7 1463 3079 1578 3130
9376 4 2 1 7 589 2898 585 3263
9377 4 2 1 7 1766 539 544 3369
9378 4 2 1 7 535 2835 2889 3211
9379 4 2 1 7 2053 2945 2069 3318
9380 4 2 1 7 1944 2897 3040 3429
9381 4 2 1 7 1876 860 925 1851
9382 4 2 1 7 1273 1287 1302 3230
9383 4 2 1 7 3523 3362 3452 2984
9384 4 2 1 7 3679 449 3585 3110
9385 4 2 1 7 1387 3216 1516 3397
9386 4 2 1 7 1609 3396 267 1743
9387 4 2 1 7 1480 3136 3439 1436
9388 4 2 1 7 2985 3042 742 3341
9389 4 2 1 7 1021 2991 1019 3420
9390 4 2 1 7 2825 3114 2919 3307
9391 4 2 1 7 2842 3132 3046 3213
9392 4 2 1 7 676 809 3055 3218
9393 4 2 1 7 2829 3074 2859 3219
9394 4 2 1 7 2894 3121 2147 3208
9395 4 2 1 7 2804 2964 2895 3135
9396 4 2 1 7 2797 2885 3102 3271
9397 4 2 1 7 3056 3094 3018 3433
9398 4 2 1 7 663 3226 3024 3485
9399 4 2 1 7 676 598 586 809
9400 4 2 1 7 1430 1406 3088 3371
9401 4 2 1 7 1443 3164 3163 3507
9402 4 2 1 7 1880 3193 3192 3467
9403 4 2 1 7 2803 2978 2875 3331
9404 4 2 1 7 1573 3659 1476 3079
9405 4 2 1 7 2836 3237 3071 3439
9406 4 2 1 7 1388 3053 3149 3262
9407 4 2 1 7 2077 2892 2070 2146
9408 4 2 1 7 3048 1855 2867 1849
9409 4 2 1 7 798 3081 745 3285
9410 4 2 1 7 3191 3279 2808 3301
9411 4 2 1 7 2980 1830 1739 3117
9412 4 2 1 7 668 2912 3181 3378
9413 4 2 1 7 1475 3155 2940 3372
9414 4 2 1 7 760 3245 2985 3314
9415 4 2 1 7 1330 3067 3066 3402
9416 4 2 1 7 1227 3538 2978 3359
9417 4 2 1 7 477 488 400 3423
9418 4 2 1 7 3267 3413 2936 3367
9419 4 2 1 7 3052 578 81 664
9420 4 2 1 7 3647 1798 2995 3564
9421 4 2 1 7 3579 1006 3615 172
9422 4 2 1 7 1602 3305 1782 3390
9423 4 2 1 7 3041 3125 366 3466
9424 4 2 1 7 2909 3388 3382 3472
9425 4 2 1 7 1506 3209 2938 3254
9426 4 2 1 7 2839 3357 3300 3481
9427 4 2 1 7 1427 3071 2862 3290
9428 4 2 1 7 2793 3182 3159 3380
9429 4 2 1 7 1338 3150 2922 3516
9430 4 2 1 7 3154 3221 2833 3497
9431 4 2 1 7 1667 715 1669 3342
9432 4 2 1 7 1746 1803 1593 3258
9433 4 2 1 7 1625 3145 1628 3307
9434 4 2 1 7 614 691 612 3400
9435 4 2 1 7 2838 2991 2950 3420
9436 4 2 1 7 474 3112 2932 3390
9437 4 2 1 7 784 760 2985 3381
9438 4 2 1 7 625 557 103 556
9439 4 2 1 7 810 829 586 3292
9440 4 2 1 7 652 3107 777 3263
9441 4 2 1 7 2797 3008 3446 3508
9442 4 2 1 7 3111 3287 2825 3288
9443 4 2 1 7 948 947 2857 3183
9444 4 2 1 7 1061 1060 1065 3038
9445 4 2 1 7 1946 1875 3279 3429
9446 4 2 1 7 2844 3090 3488 3510
9447 4 2 1 7 2816 3252 3188 3308
9448 4 2 1 7 1587 3079 3629 3207
9449 4 2 1 7 1266 3049 1305 3061
9450 4 2 1 7 2079 2982 2126 3173
9451 4 2 1 7 3192 1997 3248 1947
9452 4 2 1 7 2859 1926 3282 3291
9453 4 2 1 7 3072 3155 1566 3372
9454 4 2 1 7 607 608 3039 3497
9455 4 2 1 7 1794 1749 1822 2911
9456 4 2 1 7 384 2166 46 3368
9457 4 2 1 7 1419 1586 1502 3147
9458 4 2 1 7 1432 1373 2963 3317
9459 4 2 1 7 740 2869 3005 3245
9460 4 2 1 7 3550 371 3305 405
9461 4 2 1 7 1040 1158 1124 2964
9462 4 2 1 7 3039 3054 2819 3493
9463 4 2 1 7 3662 3540 996 3106
9464 4 2 1 7 1970 1844 1845 3421
9465 4 2 1 7 1299 2978 1347 3331
9466 4 2 1 7 1034 1035 1049 3241
9467 4 2 1 7 457 455 365 3250
9468 4 2 1 7 744 746 745 3027
9469 4 2 1 7 2797 3004 3343 3479
9470 4 2 1 7 3083 3216 2801 3397
9471 4 2 1 7 1044 1076 1077 3167
9472 4 2 1 7 2126 2127 2078 2982
9473 4 2 1 7 3686 1177 3061 3553
9474 4 2 1 7 1417 1529 1415 3189
9475 4 2 1 7 3046 3298 3136 3439
9476 4 2 1 7 447 32 3321 3347
9477 4 2 1 7 458 3320 3287 3492
9478 4 2 1 7 110 3282 2918 3377
9479 4 2 1 7 1650 1820 1739 2980
9480 4 2 1 7 3036 1769 2898 1615
9481 4 2 1 7 718 2869 740 3245
9482 4 2 1 7 1039 1060 1055 3312
9483 4 2 1 7 1480 3136 1436 1525
9484 4 2 1 7 2918 3308 2816 3451
9485 4 2 1 7 1637 3443 3264 3024
9486 4 2 1 7 2798 2889 3031 3381
9487 4 2 1 7 3075 3130 2872 3511
9488 4 2 1 7 1414 1413 1411 3426
9489 4 2 1 7 1420 2951 3189 3375
9490 4 2 1 7 3022 3145 2825 3307
9491 4 2 1 7 929 444 511 3069
9492 4 2 1 7 2879 3081 2800 3150
9493 4 2 1 7 478 3284 96 370
9494 4 2 1 7 2807 3046 3132 3213
9495 4 2 1 7 3314 3214 3060 2815
9496 4 2 1 7 608 3054 3039 3493
9497 4 2 1 7 1631 3145 1630 3264
9498 4 2 1 7 1775 1630 3145 3264
9499 4 2 1 7 2931 3145 1775 3469
9500 4 2 1 7 3136 3374 1380 3447
9501 4 2 1 7 2816 3009 2918 3137
9502 4 2 1 7 638 605 577 3100
9503 4 2 1 7 3043 2850 3427 3496
9504 4 2 1 7 2107 2076 2032 3109
9505 4 2 1 7 3353 1726 3401 1724
9506 4 2 1 7 2921 2965 2795 3157
9507 4 2 1 7 2810 3123 3032 3465
9508 4 2 1 7 1869 1868 1945 3191
9509 4 2 1 7 3519 118 724 3160
9510 4 2 1 7 1220 1283 3247 3418
9511 4 2 1 7 1857 2987 1939 3344
9512 4 2 1 7 136 576 135 2883
9513 4 2 1 7 977 137 138 3502
9514 4 2 1 7 2169 293 15 3561
9515 4 2 1 7 2802 3063 3223 3243
9516 4 2 1 7 1119 1107 999 3061
9517 4 2 1 7 2814 3078 3073 3360
9518 4 2 1 7 486 2913 449 3087
9519 4 2 1 7 1886 3568 1996 2977
9520 4 2 1 7 1925 1983 1956 2906
9521 4 2 1 7 376 732 731 3347
9522 4 2 1 7 2846 3181 2912 3302
9523 4 2 1 7 2114 3099 2956 3178
9524 4 2 1 7 1755 3176 1685 472
9525 4 2 1 7 3240 3487 3337 387
9526 4 2 1 7 2839 3063 3086 3479
9527 4 2 1 7 1709 2976 3514 1686
9528 4 2 1 7 1281 3066 1173 3185
9529 4 2 1 7 536 2050 2041 552
9530 4 2 1 7 1437 1477 1473 2909
9531 4 2 1 7 1317 2868 3103 3247
9532 4 2 1 7 1543 1516 2961 3427
9533 4 2 1 7 2845 3106 2821 3263
9534 4 2 1 7 521 73 554 3098
9535 4 2 1 7 3091 3170 417 3306
9536 4 2 1 7 814 776 3218 3276
9537 4 2 1 7 3621 1916 1883 3010
9538 4 2 1 7 1188 1195 1217 3059
9539 4 2 1 7 2933 3099 2806 3237
9540 4 2 1 7 3608 2901 1253 3461
9541 4 2 1 7 2802 3149 3063 3243
9542 4 2 1 7 828 806 1203 3404
9543 4 2 1 7 1067 3133 391 3473
9544 4 2 1 7 1595 1787 1729 2935
9545 4 2 1 7 892 3523 2984 3362
9546 4 2 1 7 698 718 3275 3389
9547 4 2 1 7 2076 3202 3033 3414
9548 4 2 1 7 977 138 861 3095
9549 4 2 1 7 141 944 528 3497
9550 4 2 1 7 2879 2903 2805 3229
9551 4 2 1 7 1726 1767 2860 3233
9552 4 2 1 7 1766 539 2967 3462
9553 4 2 1 7 2795 2965 3488 3510
9554 4 2 1 7 823 1184 806 3404
9555 4 2 1 7 835 3344 3078 802
9556 4 2 1 7 1254 3016 3456 3028
9557 4 2 1 7 657 523 625 3259
9558 4 2 1 7 1679 3025 3194 3457
9559 4 2 1 7 1881 3138 1968 3415
9560 4 2 1 7 2869 3164 2813 3245
9561 4 2 1 7 2130 2966 2040 3382
9562 4 2 1 7 1510 1363 1558 3470
9563 4 2 1 7 2176 3119 643 3414
9564 4 2 1 7 855 3310 973 3436
9565 4 2 1 7 762 818 3346 827
9566 4 2 1 7 628 565 663 3486
9567 4 2 1 7 3034 3232 451 3399
9568 4 2 1 7 1438 2873 1562 3334
9569 4 2 1 7 1830 1820 1702 3454
9570 4 2 1 7 1925 1956 1955 2906
9571 4 2 1 7 1990 3014 2928 3335
9572 4 2 1 7 1988 3040 1919 3323
9573 4 2 1 7 1890 1877 2918 3291
9574 4 2 1 7 1730 1627 1624 2992
9575 4 2 1 7 1457 1454 1547 3227
9576 4 2 1 7 1624 1730 2992 3114
9577 4 2 1 7 1516 3083 2961 3427
9578 4 2 1 7 3051 3663 169 1478
9579 4 2 1 7 1817 1654 559 3197
9580 4 2 1 7 938 3284 2888 3184
9581 4 2 1 7 457 133 468 500
9582 4 2 1 7 2940 3052 2180 3505
9583 4 2 1 7 596 601 597 3107
9584 4 2 1 7 1200 1244 1245 3331
9585 4 2 1 7 3643 2145 3556 2921
9586 4 2 1 7 1048 1047 3453 3473
9587 4 2 1 7 1801 3067 1753 3220
9588 4 2 1 7 679 3246 619 567
9589 4 2 1 7 2049 2072 2063 3084
9590 4 2 1 7 1565 1566 1475 3372
9591 4 2 1 7 747 733 729 2990
9592 4 2 1 7 2072 3084 2049 3351
9593 4 2 1 7 3687 860 3137 3291
9594 4 2 1 7 547 3325 1660 3369
9595 4 2 1 7 679 3094 2912 3378
9596 4 2 1 7 2904 3138 2799 3415
9597 4 2 1 7 2978 2803 3317 3461
9598 4 2 1 7 1166 3552 1140 1052
9599 4 2 1 7 900 964 2954 3370
9600 4 2 1 7 1067 388 1090 3473
9601 4 2 1 7 2904 3138 3415 1991
9602 4 2 1 7 3240 3487 387 3270
9603 4 2 1 7 1200 1245 3045 3331
9604 4 2 1 7 2836 3294 3058 3393
9605 4 2 1 7 643 2883 3202 3414
9606 4 2 1 7 424 509 3174 3268
9607 4 2 1 7 2836 3046 3294 3393
9608 4 2 1 7 541 3187 3096 3481
9609 4 2 1 7 2004 2859 3282 3421
9610 4 2 1 7 2874 3040 2897 3446
9611 4 2 1 7 1539 3214 1514 3507
9612 4 2 1 7 1389 1388 1390 3262
9613 4 2 1 7 2051 2166 384 2107
9614 4 2 1 7 2872 3300 3357 3481
9615 4 2 1 7 1347 3683 2978 1227
9616 4 2 1 7 3224 3649 1599 226
9617 4 2 1 7 1489 3684 3359 1369
9618 4 2 1 7 2821 3002 2898 3263
9619 4 2 1 7 1751 2923 1712 3220
9620 4 2 1 7 3289 3518 1597 1806
9621 4 2 1 7 1061 1060 3038 3312
9622 4 2 1 7 3629 1918 3079 3659
9623 4 2 1 7 796 821 733 3321
9624 4 2 1 7 3566 722 1799 3408
9625 4 2 1 7 2874 3008 1459 3508
9626 4 2 1 7 2896 3138 1900 3419
9627 4 2 1 7 3663 1349 1478 2873
9628 4 2 1 7 560 533 72 3143
9629 4 2 1 7 799 774 797 3270
9630 4 2 1 7 3658 1813 3224 2895
9631 4 2 1 7 2836 3413 3168 3450
9632 4 2 1 7 3382 3388 2933 3472
9633 4 2 1 7 1785 1636 3270 3487
9634 4 2 1 7 2912 3302 3181 3378
9635 4 2 1 7 2792 2951 3417 3472
9636 4 2 1 7 889 2971 966 3129
9637 4 2 1 7 2070 2155 2085 3121
9638 4 2 1 7 1681 1673 1680 2983
9639 4 2 1 7 1706 3186 2995 3342
9640 4 2 1 7 2942 3041 3352 2794
9641 4 2 1 7 798 745 3005 3285
9642 4 2 1 7 3472 3189 1437 1420
9643 4 2 1 7 1827 3197 2894 3454
9644 4 2 1 7 1872 2962 1895 3160
9645 4 2 1 7 2824 2960 2928 3335
9646 4 2 1 7 3023 3423 2821 3463
9647 4 2 1 7 3562 1249 3167 1171
9648 4 2 1 7 1679 3194 2930 3457
9649 4 2 1 7 1706 1810 2995 3186
9650 4 2 1 7 2009 3601 2 2094
9651 4 2 1 7 2083 2180 3052 3505
9652 4 2 1 7 1859 1939 1857 2987
9653 4 2 1 7 1657 539 1766 3462
9654 4 2 1 7 806 828 1203 696
9655 4 2 1 7 2798 3381 2985 2889
9656 4 2 1 7 2002 2900 1958 3419
9657 4 2 1 7 1593 3618 3569 3258
9658 4 2 1 7 809 808 706 3401
9659 4 2 1 7 921 2943 850 3166
9660 4 2 1 7 1622 3114 799 3332
9661 4 2 1 7 1084 1088 1029 2927
9662 4 2 1 7 870 2882 864 3333
9663 4 2 1 7 1364 1572 1509 3030
9664 4 2 1 7 521 74 73 3098
9665 4 2 1 7 740 3042 3005 3261
9666 4 2 1 7 2961 2850 3427 3448
9667 4 2 1 7 790 791 2881 3277
9668 4 2 1 7 3636 666 56 3574
9669 4 2 1 7 3595 3112 2168 3234
9670 4 2 1 7 713 794 98 3151
9671 4 2 1 7 1578 1503 3130 3207
9672 4 2 1 7 1459 1576 2874 3508
9673 4 2 1 7 2800 2905 3030 3512
9674 4 2 1 7 1741 2953 1786 3144
9675 4 2 1 7 3004 3102 924 3301
9676 4 2 1 7 1712 2923 1752 3339
9677 4 2 1 7 2926 3204 3362 3493
9678 4 2 1 7 1227 1304 3538 3359
9679 4 2 1 7 390 397 391 3133
9680 4 2 1 7 2009 3601 2094 2095
9681 4 2 1 7 2902 2824 2799 3310
9682 4 2 1 7 1956 2906 1983 3269
9683 4 2 1 7 718 740 2869 3431
9684 4 2 1 7 3539 2144 2047 2046
9685 4 2 1 7 1387 1538 3216 3397
9686 4 2 1 7 3229 3057 3431 3389
9687 4 2 1 7 3229 3431 3057 2852
9688 4 2 1 7 2896 3156 3138 3419
9689 4 2 1 7 363 458 3319 3320
9690 4 2 1 7 2849 3278 2882 3406
9691 4 2 1 7 2152 2114 2008 2956
9692 4 2 1 7 3101 3423 3337 3463
9693 4 2 1 7 365 3267 2883 3367
9694 4 2 1 7 1804 3569 3025 3258
9695 4 2 1 7 1382 1380 3374 3447
9696 4 2 1 7 2844 3090 3062 3488
9697 4 2 1 7 1207 1233 1333 3166
9698 4 2 1 7 2998 3105 1467 3416
9699 4 2 1 7 1921 3148 1922 3279
9700 4 2 1 7 1676 1675 1703 2908
9701 4 2 1 7 796 692 821 3321
9702 4 2 1 7 1438 1430 2941 3334
9703 4 2 1 7 2980 1739 1830 1820
9704 4 2 1 7 2895 2973 2804 3135
9705 4 2 1 7 912 442 433 497
9706 4 2 1 7 425 489 737 3320
9707 4 2 1 7 1062 2996 1083 3361
9708 4 2 1 7 2862 2844 1484 3090
9709 4 2 1 7 565 658 561 3425
9710 4 2 1 7 909 3093 2929 3366
9711 4 2 1 7 2948 3672 3068 720
9712 4 2 1 7 3005 3105 2869 3210
9713 4 2 1 7 2933 3058 2792 3472
9714 4 2 1 7 2805 2868 3103 3227
9715 4 2 1 7 2896 2799 3138 3156
9716 4 2 1 7 1781 472 1756 1755
9717 4 2 1 7 3100 3267 2936 3367
9718 4 2 1 7 1166 3552 1052 2998
9719 4 2 1 7 379 2979 3318 3399
9720 4 2 1 7 2872 3130 3075 3481
9721 4 2 1 7 2818 3124 3034 3349
9722 4 2 1 7 749 3360 2949 3187
9723 4 2 1 7 2075 2079 2126 3173
9724 4 2 1 7 1873 1870 1871 3097
9725 4 2 1 7 1051 3537 3002 1085
9726 4 2 1 7 2886 3001 2835 3371
9727 4 2 1 7 3551 2064 3434 3014
9728 4 2 1 7 408 131 130 3050
9729 4 2 1 7 424 3026 2845 3174
9730 4 2 1 7 3298 3294 3046 2937
9731 4 2 1 7 2831 3427 3083 3442
9732 4 2 1 7 2818 3444 2934 3515
9733 4 2 1 7 2897 1848 3195 3429
9734 4 2 1 7 136 576 2883 3100
9735 4 2 1 7 2854 3021 2822 3234
9736 4 2 1 7 448 395 477 3297
9737 4 2 1 7 1439 2986 1440 3334
9738 4 2 1 7 2061 2044 2042 3021
9739 4 2 1 7 3319 3320 458 3492
9740 4 2 1 7 828 3011 833 3348
9741 4 2 1 7 667 72 71 2954
9742 4 2 1 7 3138 3156 2900 3419
9743 4 2 1 7 2829 3195 3048 3429
9744 4 2 1 7 3012 3111 2825 3288
9745 4 2 1 7 607 528 608 3497
9746 4 2 1 7 2804 2964 3135 3358
9747 4 2 1 7 1707 3186 1706 3342
9748 4 2 1 7 2078 2982 2127 3475
9749 4 2 1 7 3264 3443 972 3024
9750 4 2 1 7 2153 3601 2009 2095
9751 4 2 1 7 3532 1838 113 1842
9752 4 2 1 7 3672 1902 3068 1853
9753 4 2 1 7 642 723 708 3360
9754 4 2 1 7 1691 3217 396 3411
9755 4 2 1 7 1908 1915 1960 3269
9756 4 2 1 7 1865 3265 2948 3269
9757 4 2 1 7 3091 3142 2888 3387
9758 4 2 1 7 766 721 89 3224
9759 4 2 1 7 1479 1541 3071 3499
9760 4 2 1 7 1315 1345 1246 3159
9761 4 2 1 7 1414 1487 1428 3007
9762 4 2 1 7 2807 2917 3065 3132
9763 4 2 1 7 2807 3136 3046 3298
9764 4 2 1 7 1872 1976 1895 2962
9765 4 2 1 7 2840 3120 3041 2801
9766 4 2 1 7 3544 1552 2900 3415
9767 4 2 1 7 1825 3620 3003 3305
9768 4 2 1 7 606 140 3236 3491
9769 4 2 1 7 3141 3488 2965 3510
9770 4 2 1 7 2880 2794 3056 2801
9771 4 2 1 7 2811 3187 3075 3481
9772 4 2 1 7 1014 1116 3228 3256
9773 4 2 1 7 1936 1842 1838 3532
9774 4 2 1 7 812 3321 2907 3347
9775 4 2 1 7 3168 3413 2974 3450
9776 4 2 1 7 1128 1131 1088 2906
9777 4 2 1 7 1982 1899 1938 3249
9778 4 2 1 7 2064 2833 3014 3154
9779 4 2 1 7 1844 3532 3421 1936
9780 4 2 1 7 437 434 3273 3328
9781 4 2 1 7 2812 3142 3091 3387
9782 4 2 1 7 1152 61 648 3503
9783 4 2 1 7 2042 2087 2061 3021
9784 4 2 1 7 1564 1430 1406 3088
9785 4 2 1 7 1628 3145 3022 3307
9786 4 2 1 7 786 790 3134 3449
9787 4 2 1 7 66 641 3300 3424
9788 4 2 1 7 2918 2816 3137 3451
9789 4 2 1 7 1817 3197 559 3311
9790 4 2 1 7 2079 2127 2126 2982
9791 4 2 1 7 1271 1204 1332 2895
9792 4 2 1 7 1030 1047 1048 3473
9793 4 2 1 7 642 708 3187 3360
9794 4 2 1 7 248 3415 1840 3524
9795 4 2 1 7 3089 3134 790 3449
9796 4 2 1 7 1117 1057 1137 2911
9797 4 2 1 7 488 424 400 3423
9798 4 2 1 7 973 3422 974 3436
9799 4 2 1 7 1688 1755 1685 423
9800 4 2 1 7 2876 3146 3116 3171
9801 4 2 1 7 3024 3480 1776 3486
9802 4 2 1 7 768 717 749 2949
9803 4 2 1 7 2036 2034 2979 3368
9804 4 2 1 7 2048 2899 2063 3340
9805 4 2 1 7 530 955 3366 3370
9806 4 2 1 7 126 3124 3034 3330
9807 4 2 1 7 798 3389 3229 3431
9808 4 2 1 7 3686 1119 3553 3061
9809 4 2 1 7 1881 3138 3415 2900
9810 4 2 1 7 1487 1428 3007 3243
9811 4 2 1 7 1196 3124 126 3330
9812 4 2 1 7 2044 3119 3021 3495
9813 4 2 1 7 2074 3173 2945 3444
9814 4 2 1 7 247 246 3642 1959
9815 4 2 1 7 2868 3159 3182 3380
9816 4 2 1 7 1076 1075 1074 3019
9817 4 2 1 7 1898 2924 3258 1933
9818 4 2 1 7 2853 3247 3196 3380
9819 4 2 1 7 2953 3270 1636 3487
9820 4 2 1 7 2995 3177 702 3193
9821 4 2 1 7 1654 559 3197 3454
9822 4 2 1 7 3075 3130 2811 3481
9823 4 2 1 7 378 2982 487 3173
9824 4 2 1 7 3376 3141 3488 2965
9825 4 2 1 7 1895 1962 1918 3079
9826 4 2 1 7 1592 3633 3559 3117
9827 4 2 1 7 761 3282 743 3346
9828 4 2 1 7 1706 1707 1810 3186
9829 4 2 1 7 870 973 3278 3422
9830 4 2 1 7 1378 3447 3077 3513
9831 4 2 1 7 1951 1835 3641 3316
9832 4 2 1 7 1489 2965 3141 3359
9833 4 2 1 7 1627 1624 2992 3469
9834 4 2 1 7 2881 3134 623 3438
9835 4 2 1 7 2109 3099 2114 3178
9836 4 2 1 7 395 3217 1761 3297
9837 4 2 1 7 2091 3154 3014 3316
9838 4 2 1 7 980 2931 915 3012
9839 4 2 1 7 2965 3376 2795 3488
9840 4 2 1 7 1385 1481 1532 3132
9841 4 2 1 7 1734 3239 2892 3311
9842 4 2 1 7 2794 2910 3041 3352
9843 4 2 1 7 777 819 3263 3463
9844 4 2 1 7 2794 2955 3065 3302
9845 4 2 1 7 1814 3248 2865 3353
9846 4 2 1 7 2112 3382 2909 3388
9847 4 2 1 7 1606 3239 1735 1807
9848 4 2 1 7 3077 3083 2840 3447
9849 4 2 1 7 2811 3008 2874 3446
9850 4 2 1 7 1420 3189 1417 3375
9851 4 2 1 7 738 3101 3107 3268
9852 4 2 1 7 542 3293 533 3350
9853 4 2 1 7 466 372 30 3172
9854 4 2 1 7 2792 3058 2951 3472
9855 4 2 1 7 2869 3105 2813 3164
9856 4 2 1 7 1914 3080 2904 3471
9857 4 2 1 7 1480 3136 1525 3513
9858 4 2 1 7 1280 1220 1194 2903
9859 4 2 1 7 1810 3186 1723 3396
9860 4 2 1 7 941 971 1671 866
9861 4 2 1 7 1356 1475 2940 3372
9862 4 2 1 7 1665 1664 2993 3309
9863 4 2 1 7 3666 1860 3115 1863
9864 4 2 1 7 2170 2109 2114 3178
9865 4 2 1 7 2112 2040 2133 2909
9866 4 2 1 7 2819 2892 3493 3054
9867 4 2 1 7 751 2952 3338 3386
9868 4 2 1 7 987 890 896 3331
9869 4 2 1 7 2819 2892 3054 3295
9870 4 2 1 7 2890 3178 2052 3509
9871 4 2 1 7 2824 2944 2896 3316
9872 4 2 1 7 2888 3158 938 3387
9873 4 2 1 7 3022 3111 2825 3145
9874 4 2 1 7 45 3318 2979 3368
9875 4 2 1 7 2813 2798 2843 2914
9876 4 2 1 7 938 3158 2888 3500
9877 4 2 1 7 1528 1533 1393 3001
9878 4 2 1 7 735 704 2919 3287
9879 4 2 1 7 38 377 2864 3384
9880 4 2 1 7 504 3520 503 2913
9881 4 2 1 7 1969 1839 6 3195
9882 4 2 1 7 2794 3065 2910 3352
9883 4 2 1 7 3666 3249 1863 3115
9884 4 2 1 7 2848 3209 3092 3511
9885 4 2 1 7 3138 3072 3156 2799
9886 4 2 1 7 1208 1294 922 957
9887 4 2 1 7 1766 1657 544 539
9888 4 2 1 7 2986 3416 2914 3498
9889 4 2 1 7 2801 3083 3397 3447
9890 4 2 1 7 440 444 484 3069
9891 4 2 1 7 3642 3524 247 1959
9892 4 2 1 7 138 988 3363 3501
9893 4 2 1 7 1202 3359 2875 3376
9894 4 2 1 7 1017 1019 2991 3420
9895 4 2 1 7 1889 1954 1948 3335
9896 4 2 1 7 1464 2956 1556 3099
9897 4 2 1 7 2955 3082 661 3283
9898 4 2 1 7 2956 3290 2862 3428
9899 4 2 1 7 3050 1642 1780 867
9900 4 2 1 7 1381 1387 1516 3397
9901 4 2 1 7 2856 3081 3474 3489
9902 4 2 1 7 452 484 515 3069
9903 4 2 1 7 666 550 57 3535
9904 4 2 1 7 2900 3544 15 1581
9905 4 2 1 7 589 652 602 3276
9906 4 2 1 7 1103 1006 1129 2938
9907 4 2 1 7 702 3177 762 3193
9908 4 2 1 7 1129 3070 2938 3222
9909 4 2 1 7 1377 1379 1395 3083
9910 4 2 1 7 3261 3341 3172 826
9911 4 2 1 7 3065 3132 2858 3213
9912 4 2 1 7 3385 3182 2793 2963
9913 4 2 1 7 2831 3083 3077 3442
9914 4 2 1 7 1338 1250 3150 3516
9915 4 2 1 7 3541 1959 3080 3642
9916 4 2 1 7 1741 1636 1786 2953
9917 4 2 1 7 2872 3075 2848 3424
9918 4 2 1 7 931 970 3069 3273
9919 4 2 1 7 1089 3521 180 1004
9920 4 2 1 7 1539 1387 1538 3216
9921 4 2 1 7 2816 3394 3009 3458
9922 4 2 1 7 3338 3381 3031 3403
9923 4 2 1 7 851 457 365 134
9924 4 2 1 7 2986 2843 2914 3416
9925 4 2 1 7 2982 3066 2127 3475
9926 4 2 1 7 3057 3389 2891 3431
9927 4 2 1 7 1069 1166 3165 3299
9928 4 2 1 7 1496 1577 1588 2920
9929 4 2 1 7 1195 1217 3059 3489
9930 4 2 1 7 2063 2899 3084 3340
9931 4 2 1 7 1723 1724 3353 3401
9932 4 2 1 7 876 3137 3354 3458
9933 4 2 1 7 3647 1837 3564 2995
9934 4 2 1 7 1150 1086 1010 2922
9935 4 2 1 7 94 3142 3091 3477
9936 4 2 1 7 1780 1646 1705 2932
9937 4 2 1 7 1903 1859 1880 2987
9938 4 2 1 7 1531 2901 1494 3461
9939 4 2 1 7 2813 2985 2913 3042
9940 4 2 1 7 498 513 470 3274
9941 4 2 1 7 1219 1194 1220 3304
9942 4 2 1 7 1166 3552 2998 3299
9943 4 2 1 7 1307 1262 1263 2923
9944 4 2 1 7 1014 1017 1016 2959
9945 4 2 1 7 907 908 901 3440
9946 4 2 1 7 1532 1524 1428 3212
9947 4 2 1 7 1549 3047 3296 1456
9948 4 2 1 7 1725 2992 1730 3332
9949 4 2 1 7 1314 2934 1255 3124
9950 4 2 1 7 2885 3464 3015 3479
9951 4 2 1 7 1728 3024 1776 3486
9952 4 2 1 7 733 747 813 2990
9953 4 2 1 7 876 3354 3235 3458
9954 4 2 1 7 126 3034 3124 3349
9955 4 2 1 7 958 889 893 3097
9956 4 2 1 7 3112 426 52 3560
9957 4 2 1 7 3666 1860 1863 1847
9958 4 2 1 7 846 2857 953 3244
9959 4 2 1 7 714 2863 3200 3275
9960 4 2 1 7 1979 3017 3206 3504
9961 4 2 1 7 1725 1678 2993 3332
9962 4 2 1 7 2101 2011 2179 3028
9963 4 2 1 7 3009 3394 3235 3458
9964 4 2 1 7 2885 3180 3102 3271
9965 4 2 1 7 2860 3044 1767 3353
9966 4 2 1 7 2941 3123 2838 3211
9967 4 2 1 7 64 3032 3123 3465
9968 4 2 1 7 2821 3106 3002 3263
9969 4 2 1 7 817 3313 3018 3403
9970 4 2 1 7 1093 1062 1018 3361
9971 4 2 1 7 2981 3253 734 3348
9972 4 2 1 7 3321 35 3151 2907
9973 4 2 1 7 1450 1449 1504 3057
9974 4 2 1 7 370 96 3198 3284
9975 4 2 1 7 3538 1369 1355 3359
9976 4 2 1 7 2136 2900 2116 3419
9977 4 2 1 7 1974 8 1856 2984
9978 4 2 1 7 1239 1228 1251 3011
9979 4 2 1 7 2879 2903 3229 3474
9980 4 2 1 7 41 3280 2876 3315
9981 4 2 1 7 964 3143 2954 3370
9982 4 2 1 7 1890 2918 3282 3291
9983 4 2 1 7 2816 3258 3137 3451
9984 4 2 1 7 1315 1246 1253 2901
9985 4 2 1 7 3587 3124 125 1325
9986 4 2 1 7 43 380 44 2890
9987 4 2 1 7 3074 3354 2859 3377
9988 4 2 1 7 634 3252 680 3449
9989 4 2 1 7 133 3244 468 132
9990 4 2 1 7 1066 1152 1093 3503
9991 4 2 1 7 1287 1169 1297 2925
9992 4 2 1 7 2926 3239 1736 3311
9993 4 2 1 7 785 2889 760 3381
9994 4 2 1 7 3629 1587 1476 3079
9995 4 2 1 7 742 2985 760 3245
9996 4 2 1 7 482 907 3267 3440
9997 4 2 1 7 1212 1193 1199 3303
9998 4 2 1 7 3576 1821 2977 3616
9999 4 2 1 7 788 3056 3018 3433
10000 4 2 1 7 653 2949 3073 3360
10001 4 2 1 7 3642 3524 1959 3080
10002 4 2 1 7 743 3282 1967 3346
10003 4 2 1 7 452 515 451 3069
10004 4 2 1 7 3477 3522 93 3142
10005 4 2 1 7 3140 3203 2943 3329
10006 4 2 1 7 552 607 3221 3497
10007 4 2 1 7 1384 1385 2917 3374
10008 4 2 1 7 1077 1078 1044 3167
10009 4 2 1 7 724 118 725 3160
10010 4 2 1 7 1830 3534 1738 3117
10011 4 2 1 7 139 961 861 3095
10012 4 2 1 7 413 3069 2857 3328
10013 4 2 1 7 1113 3528 1104 1031
10014 4 2 1 7 3185 2079 2161 3444
10015 4 2 1 7 611 3271 2885 3464
10016 4 2 1 7 1832 1753 1801 3067
10017 4 2 1 7 1061 524 1139 3312
10018 4 2 1 7 3634 2091 3014 3316
10019 4 2 1 7 605 643 3100 3202
10020 4 2 1 7 2889 3018 2815 3246
10021 4 2 1 7 1670 3425 565 3480
10022 4 2 1 7 44 469 43 2830
10023 4 2 1 7 911 1772 1635 3139
10024 4 2 1 7 2854 3162 2883 3250
10025 4 2 1 7 2845 3101 424 3268
10026 4 2 1 7 3050 1642 867 865
10027 4 2 1 7 1578 3079 1587 3207
10028 4 2 1 7 1116 1046 1014 3228
10029 4 2 1 7 2867 3102 3004 3301
10030 4 2 1 7 887 1963 1930 3409
10031 4 2 1 7 1480 3136 3513 3439
10032 4 2 1 7 3252 3449 634 3468
10033 4 2 1 7 605 2176 643 3414
10034 4 2 1 7 638 3501 3100 577
10035 4 2 1 7 2806 3178 2890 3428
10036 4 2 1 7 1960 1964 1929 3206
10037 4 2 1 7 1382 3397 3447 2942
10038 4 2 1 7 2851 3093 2929 3432
10039 4 2 1 7 3644 1606 1806 2984
10040 4 2 1 7 3376 3141 2965 3359
10041 4 2 1 7 2895 3224 721 3348
10042 4 2 1 7 2896 2960 2824 3335
10043 4 2 1 7 2879 3474 3081 3489
10044 4 2 1 7 1441 1444 3164 3416
10045 4 2 1 7 3111 3183 429 497
10046 4 2 1 7 1469 3010 1590 3470
10047 4 2 1 7 1978 2995 1927 3396
10048 4 2 1 7 919 852 2975 3226
10049 4 2 1 7 1592 3633 3117 1738
10050 4 2 1 7 937 879 930 3225
10051 4 2 1 7 1452 2891 1450 3496
10052 4 2 1 7 431 943 432 430
10053 4 2 1 7 1048 1054 3133 3453
10054 4 2 1 7 1526 1384 1385 2917
10055 4 2 1 7 1104 3000 1167 3364
10056 4 2 1 7 453 2095 2153 2156
10057 4 2 1 7 3657 1323 2964 1229
10058 4 2 1 7 2101 3028 2179 3340
10059 4 2 1 7 1847 3666 150 1977
10060 4 2 1 7 1288 3402 3067 1330
10061 4 2 1 7 516 424 509 3174
10062 4 2 1 7 3546 2142 3190 3664
10063 4 2 1 7 836 3229 804 3196
10064 4 2 1 7 432 943 933 3273
10065 4 2 1 7 1976 2962 1961 3207
10066 4 2 1 7 3305 3685 3550 405
10067 4 2 1 7 385 22 3661 3586
10068 4 2 1 7 3246 3403 535 2889
10069 4 2 1 7 1917 1905 1878 3025
10070 4 2 1 7 1788 1774 1674 3144
10071 4 2 1 7 892 3523 3362 144
10072 4 2 1 7 2959 2991 2838 3420
10073 4 2 1 7 46 454 45 3318
10074 4 2 1 7 1679 3369 3325 2930
10075 4 2 1 7 1167 1113 1065 3000
10076 4 2 1 7 507 2981 2973 3253
10077 4 2 1 7 835 1857 720 3068
10078 4 2 1 7 2918 2859 3291 3354
10079 4 2 1 7 1725 2992 2993 3425
10080 4 2 1 7 502 35 416 3321
10081 4 2 1 7 449 3087 2913 3256
10082 4 2 1 7 489 738 425 737
10083 4 2 1 7 1725 2993 2992 3332
10084 4 2 1 7 1913 3316 3335 1954
10085 4 2 1 7 2089 2047 2088 2944
10086 4 2 1 7 425 3337 3101 3423
10087 4 2 1 7 468 467 411 3244
10088 4 2 1 7 882 2859 3354 3291
10089 4 2 1 7 1832 1801 1711 3272
10090 4 2 1 7 1021 2950 2991 3420
10091 4 2 1 7 2797 3086 3008 3508
10092 4 2 1 7 3215 1095 3051 3373
10093 4 2 1 7 2136 2173 2116 2900
10094 4 2 1 7 3240 375 387 3337
10095 4 2 1 7 3002 3106 2821 3113
10096 4 2 1 7 64 3032 3465 604
10097 4 2 1 7 3188 3325 2946 3394
10098 4 2 1 7 456 369 3250 3379
10099 4 2 1 7 1294 1327 1237 3494
10100 4 2 1 7 3666 1860 1847 3523
10101 4 2 1 7 3404 729 3412 3020
10102 4 2 1 7 3204 3039 3362 3493
10103 4 2 1 7 2956 3099 1464 3290
10104 4 2 1 7 1016 3256 2959 3361
10105 4 2 1 7 3325 3394 3188 3457
10106 4 2 1 7 1624 3114 2992 3469
10107 4 2 1 7 1605 3353 1767 3044
10108 4 2 1 7 2860 1726 3233 3445
10109 4 2 1 7 2881 3277 791 3292
10110 4 2 1 7 3124 3349 2818 3456
10111 4 2 1 7 1461 1469 3010 1583
10112 4 2 1 7 1458 1456 1451 3047
10113 4 2 1 7 2917 1384 3374 3460
10114 4 2 1 7 616 3271 611 3464
10115 4 2 1 7 3612 1078 3167 1044
10116 4 2 1 7 3075 3424 2872 3481
10117 4 2 1 7 2933 3382 2110 3388
10118 4 2 1 7 424 3174 2845 3268
10119 4 2 1 7 972 915 980 2931
10120 4 2 1 7 3051 3215 2810 3254
10121 4 2 1 7 1934 888 1930 1899
10122 4 2 1 7 3487 3337 387 389
10123 4 2 1 7 1143 2950 3070 1108
10124 4 2 1 7 1973 3344 3000 3364
10125 4 2 1 7 674 3075 2949 3187
10126 4 2 1 7 558 539 1657 3462
10127 4 2 1 7 2882 3363 2820 3406
10128 4 2 1 7 1051 3605 3113 3537
10129 4 2 1 7 1709 1809 1760 3153
10130 4 2 1 7 2924 2816 3308 3451
10131 4 2 1 7 566 592 666 3391
10132 4 2 1 7 3560 3390 1718 3112
10133 4 2 1 7 1015 3575 22 3661
10134 4 2 1 7 2929 3293 909 3366
10135 4 2 1 7 1637 3443 3024 1728
10136 4 2 1 7 1232 3158 1224 1295
10137 4 2 1 7 476 2884 444 3175
10138 4 2 1 7 2885 3271 3015 3464
10139 4 2 1 7 1939 2987 1973 3344
10140 4 2 1 7 893 856 2928 3097
10141 4 2 1 7 745 3006 3005 3285
10142 4 2 1 7 2983 3205 3122 3435
10143 4 2 1 7 2857 3326 947 3327
10144 4 2 1 7 974 3343 3004 3422
10145 4 2 1 7 903 904 3082 3180
10146 4 2 1 7 3528 1972 3161 3000
10147 4 2 1 7 2995 3193 3186 3396
10148 4 2 1 7 3557 2172 2054 2977
10149 4 2 1 7 618 3338 3031 3403
10150 4 2 1 7 945 881 3098 3356
10151 4 2 1 7 2967 3194 2930 3369
10152 4 2 1 7 422 505 3411 3514
10153 4 2 1 7 1454 3057 3227 3496
10154 4 2 1 7 1977 1863 1847 3666
10155 4 2 1 7 2134 2068 2061 3208
10156 4 2 1 7 1426 1466 3237 3290
10157 4 2 1 7 1420 1435 1417 3189
10158 4 2 1 7 2916 3011 2804 3049
10159 4 2 1 7 1030 3174 3026 3473
10160 4 2 1 7 3017 3068 1979 3344
10161 4 2 1 7 1954 2006 1835 2896
10162 4 2 1 7 511 437 434 3273
10163 4 2 1 7 582 566 55 3002
10164 4 2 1 7 917 497 433 3183
10165 4 2 1 7 1970 1845 3048 3421
10166 4 2 1 7 895 987 897 2884
10167 4 2 1 7 972 916 915 3350
10168 4 2 1 7 1721 1640 1722 3401
10169 4 2 1 7 2890 3178 2830 3428
10170 4 2 1 7 2002 3138 2900 3419
10171 4 2 1 7 1448 2891 1452 3410
10172 4 2 1 7 1879 2918 1877 3137
10173 4 2 1 7 2807 2917 3132 3374
10174 4 2 1 7 3576 1821 3616 278
10175 4 2 1 7 1669 703 1707 3342
10176 4 2 1 7 1288 3402 1330 1264
10177 4 2 1 7 1333 1263 1209 3402
10178 4 2 1 7 3378 679 3259 523
10179 4 2 1 7 536 552 2041 3154
10180 4 2 1 7 2792 3058 2933 3450
10181 4 2 1 7 3558 1158 3617 175
10182 4 2 1 7 1914 1945 3191 3471
10183 4 2 1 7 671 2139 2081 2104
10184 4 2 1 7 40 3120 366 3466
10185 4 2 1 7 611 3082 69 68
10186 4 2 1 7 1267 1268 1170 2970
10187 4 2 1 7 1905 1878 3025 3258
10188 4 2 1 7 1474 2940 1475 3155
10189 4 2 1 7 2819 2984 2926 3239
10190 4 2 1 7 735 104 704 3287
10191 4 2 1 7 1807 2984 2926 3289
10192 4 2 1 7 3667 119 7 1180
10193 4 2 1 7 3633 2065 286 3559
10194 4 2 1 7 2851 2929 3259 3432
10195 4 2 1 7 2841 2871 3004 3422
10196 4 2 1 7 110 761 109 2918
10197 4 2 1 7 616 3015 3271 3464
10198 4 2 1 7 2038 2053 2069 3318
10199 4 2 1 7 530 556 3283 3366
10200 4 2 1 7 3353 1726 1724 1767
10201 4 2 1 7 1893 3571 3035 3434
10202 4 2 1 7 3415 1498 248 1365
10203 4 2 1 7 1217 1284 1282 3020
10204 4 2 1 7 997 1115 1165 3017
10205 4 2 1 7 1306 1321 1289 3225
10206 4 2 1 7 726 811 728 3412
10207 4 2 1 7 3246 3403 2889 3018
10208 4 2 1 7 2845 1030 3174 3026
10209 4 2 1 7 2804 3011 2990 3348
10210 4 2 1 7 1914 2904 1991 3471
10211 4 2 1 7 3274 3358 2947 2804
10212 4 2 1 7 1357 1547 3013 3103
10213 4 2 1 7 649 545 3074 3484
10214 4 2 1 7 1015 3661 385 2957
10215 4 2 1 7 446 27 3006 3405
10216 4 2 1 7 2924 3258 2816 3451
10217 4 2 1 7 1980 2924 3177 3451
10218 4 2 1 7 3139 941 942 911
10219 4 2 1 7 2942 3352 3136 3374
10220 4 2 1 7 3132 3136 2807 3374
10221 4 2 1 7 1014 3228 2959 3256
10222 4 2 1 7 36 368 492 3384
10223 4 2 1 7 2984 3289 892 3362
10224 4 2 1 7 1444 3105 3416 1467
10225 4 2 1 7 2847 3100 2936 3367
10226 4 2 1 7 2081 2104 2062 3495
10227 4 2 1 7 2806 3237 3099 3290
10228 4 2 1 7 436 908 439 3383
10229 4 2 1 7 524 1061 3038 3312
10230 4 2 1 7 969 845 951 3244
10231 4 2 1 7 3419 2100 295 3641
10232 4 2 1 7 2883 3033 2854 3250
10233 4 2 1 7 3004 3422 2871 3436
10234 4 2 1 7 1623 2919 1762 3270
10235 4 2 1 7 1464 3099 1466 3290
10236 4 2 1 7 1990 1873 1948 3335
10237 4 2 1 7 125 126 3124 3349
10238 4 2 1 7 3398 3539 2866 2944
10239 4 2 1 7 3212 3375 2842 3393
10240 4 2 1 7 2843 3163 3164 3507
10241 4 2 1 7 1549 3047 1456 1458
10242 4 2 1 7 1543 2961 1540 3410
10243 4 2 1 7 296 295 2100 3641
10244 4 2 1 7 1102 1118 1159 2905
10245 4 2 1 7 1254 1198 3028 3456
10246 4 2 1 7 1662 1659 1660 3369
10247 4 2 1 7 938 3184 2888 3387
10248 4 2 1 7 3246 3403 3018 619
10249 4 2 1 7 2865 2817 3192 3365
10250 4 2 1 7 1454 1453 1450 3496
10251 4 2 1 7 2926 2984 2819 3362
10252 4 2 1 7 2863 3216 3200 3275
10253 4 2 1 7 385 2957 445 3027
10254 4 2 1 7 1729 1789 1595 2935
10255 4 2 1 7 1286 2879 3150 3489
10256 4 2 1 7 126 3034 127 3330
10257 4 2 1 7 3137 3258 1878 3451
10258 4 2 1 7 3406 2799 2849 3310
10259 4 2 1 7 3395 3477 3306 2812
10260 4 2 1 7 3309 3325 555 3394
10261 4 2 1 7 2962 3079 2811 3130
10262 4 2 1 7 3652 1497 3541 3148
10263 4 2 1 7 2825 3114 2992 3201
10264 4 2 1 7 2852 3210 3285 3431
10265 4 2 1 7 943 3183 946 3273
10266 4 2 1 7 2936 2974 2847 3367
10267 4 2 1 7 1429 1533 1528 3371
10268 4 2 1 7 1089 3521 1004 2870
10269 4 2 1 7 1051 3002 3537 3113
10270 4 2 1 7 2043 2101 2098 3028
10271 4 2 1 7 2863 3314 3214 3507
10272 4 2 1 7 782 3134 584 593
10273 4 2 1 7 424 3101 3026 3423
10274 4 2 1 7 1480 1479 3439 3499
10275 4 2 1 7 1691 3217 3411 1695
10276 4 2 1 7 676 598 809 3218
10277 4 2 1 7 1254 3016 3028 1225
10278 4 2 1 7 2805 3057 3229 3389
10279 4 2 1 7 625 556 3259 3283
10280 4 2 1 7 2874 3040 2920 3323
10281 4 2 1 7 3658 1813 2895 1604
10282 4 2 1 7 2854 2975 3162 3250
10283 4 2 1 7 486 3087 465 3341
10284 4 2 1 7 1530 3214 3060 3507
10285 4 2 1 7 1543 1540 1452 3410
10286 4 2 1 7 530 955 3370 533
10287 4 2 1 7 2959 3256 2834 3361
10288 4 2 1 7 1046 2959 1014 3228
10289 4 2 1 7 1212 2939 1193 3303
10290 4 2 1 7 1873 1938 1899 2928
10291 4 2 1 7 1020 1066 1093 2991
10292 4 2 1 7 2854 3131 2975 3250
10293 4 2 1 7 883 2859 3074 3354
10294 4 2 1 7 2172 2138 2054 2977
10295 4 2 1 7 1294 1208 1300 957
10296 4 2 1 7 1043 3085 1056 3358
10297 4 2 1 7 3186 3193 2865 3396
10298 4 2 1 7 534 2968 2877 3128
10299 4 2 1 7 2126 2982 2078 3322
10300 4 2 1 7 1680 3395 1805 1681
10301 4 2 1 7 2998 3165 1166 3299
10302 4 2 1 7 2863 3275 3163 3410
10303 4 2 1 7 1127 1082 1063 3358
10304 4 2 1 7 2839 3300 3181 3464
10305 4 2 1 7 1067 391 388 3473
10306 4 2 1 7 888 2928 1899 3249
10307 4 2 1 7 1347 3683 1227 1309
10308 4 2 1 7 1893 1860 1887 3115
10309 4 2 1 7 1676 2908 1711 3272
10310 4 2 1 7 1389 1386 3053 3179
10311 4 2 1 7 1903 1973 1939 2987
10312 4 2 1 7 3693 1085 3002 3537
10313 4 2 1 7 1678 1665 1664 2993
10314 4 2 1 7 3457 3194 3458 3025
10315 4 2 1 7 1924 1991 1840 3415
10316 4 2 1 7 658 3309 635 3425
10317 4 2 1 7 1124 1122 1127 2964
10318 4 2 1 7 3352 3302 3065 2917
10319 4 2 1 7 658 1759 3309 3425
10320 4 2 1 7 2901 3317 2963 3385
10321 4 2 1 7 1477 2909 1437 3472
10322 4 2 1 7 2798 2914 2986 2843
10323 4 2 1 7 2807 2910 3065 3352
10324 4 2 1 7 2937 3413 2936 3440
10325 4 2 1 7 1629 2919 1623 3307
10326 4 2 1 7 530 955 533 3293
10327 4 2 1 7 1602 1826 1782 3305
10328 4 2 1 7 428 419 3139 3176
10329 4 2 1 7 2017 2012 2010 3234
10330 4 2 1 7 1576 3323 2874 3508
10331 4 2 1 7 844 3267 907 3440
10332 4 2 1 7 1454 1450 3057 3496
10333 4 2 1 7 1736 3239 1734 3311
10334 4 2 1 7 1472 2941 1564 3051
10335 4 2 1 7 3559 1816 1815 1592
10336 4 2 1 7 582 3002 3540 3106
10337 4 2 1 7 1254 3016 1225 1241
10338 4 2 1 7 1084 3222 2927 3241
10339 4 2 1 7 485 937 3184 3284
10340 4 2 1 7 1388 3149 1394 3262
10341 4 2 1 7 2841 2871 3422 3426
10342 4 2 1 7 614 3271 3015 3400
10343 4 2 1 7 3652 1495 3148 3323
10344 4 2 1 7 1382 3374 2942 3447
10345 4 2 1 7 883 967 3048 3441
10346 4 2 1 7 371 407 3003 3305
10347 4 2 1 7 610 2902 3126 3491
10348 4 2 1 7 1637 3024 3264 3480
10349 4 2 1 7 2112 2909 2113 3388
10350 4 2 1 7 3101 3107 2845 3263
10351 4 2 1 7 997 3017 1165 3206
10352 4 2 1 7 1676 1703 1711 2908
10353 4 2 1 7 1312 1168 92 3596
10354 4 2 1 7 2841 3223 3063 3243
10355 4 2 1 7 862 2882 870 3278
10356 4 2 1 7 1468 1559 1557 2998
10357 4 2 1 7 2019 2148 2051 3379
10358 4 2 1 7 1890 1877 1879 2918
10359 4 2 1 7 785 3018 2889 3403
10360 4 2 1 7 3269 3470 2796 3222
10361 4 2 1 7 3203 3220 2809 3272
10362 4 2 1 7 1227 1347 1299 2978
10363 4 2 1 7 2898 3036 585 3391
10364 4 2 1 7 2931 3145 980 3264
10365 4 2 1 7 1871 1885 1889 2960
10366 4 2 1 7 1771 3636 666 3391
10367 4 2 1 7 1498 1575 1499 2904
10368 4 2 1 7 1761 395 396 3217
10369 4 2 1 7 2813 2998 2914 3416
10370 4 2 1 7 866 843 971 3339
10371 4 2 1 7 1789 2935 1729 3217
10372 4 2 1 7 1122 3637 3049 3682
10373 4 2 1 7 1627 2992 3425 3469
10374 4 2 1 7 2888 1275 2988 3500
10375 4 2 1 7 63 2877 604 3465
10376 4 2 1 7 2793 3380 3037 3448
10377 4 2 1 7 1236 1242 1342 3304
10378 4 2 1 7 1261 3103 1175 203
10379 4 2 1 7 527 881 885 883
10380 4 2 1 7 610 553 80 3398
10381 4 2 1 7 2929 3093 2851 3366
10382 4 2 1 7 2923 3220 3203 3272
10383 4 2 1 7 1277 3525 217 1198
10384 4 2 1 7 1385 1481 3132 3374
10385 4 2 1 7 1470 2938 1506 3209
10386 4 2 1 7 745 3005 3006 3261
10387 4 2 1 7 101 492 3384 3432
10388 4 2 1 7 146 978 975 3517
10389 4 2 1 7 1568 2956 1464 3290
10390 4 2 1 7 3184 3387 3091 2888
10391 4 2 1 7 3269 3241 3504 2927
10392 4 2 1 7 2854 456 3250 3379
10393 4 2 1 7 2941 3088 2810 3123
10394 4 2 1 7 913 980 3145 3264
10395 4 2 1 7 1299 2978 2875 3359
10396 4 2 1 7 641 3424 3075 3481
10397 4 2 1 7 3135 1757 1795 2964
10398 4 2 1 7 2100 2164 2090 2896
10399 4 2 1 7 3240 375 3337 3320
10400 4 2 1 7 1469 3092 3010 3470
10401 4 2 1 7 1627 1731 1775 3469
10402 4 2 1 7 422 3321 501 3407
10403 4 2 1 7 1255 1314 1339 2934
10404 4 2 1 7 1752 1712 1751 2923
10405 4 2 1 7 3672 1902 1853 1952
10406 4 2 1 7 1782 2908 1703 1675
10407 4 2 1 7 1253 2901 1246 3461
10408 4 2 1 7 479 366 3125 3466
10409 4 2 1 7 1317 1342 1242 3247
10410 4 2 1 7 417 3306 3170 3483
10411 4 2 1 7 1593 3618 3258 1803
10412 4 2 1 7 1551 1566 1501 3155
10413 4 2 1 7 691 786 723 3134
10414 4 2 1 7 1712 3220 2923 3272
10415 4 2 1 7 3641 3634 1951 3316
10416 4 2 1 7 1609 3396 1743 1814
10417 4 2 1 7 1122 3637 3682 158
10418 4 2 1 7 2839 3086 3008 3479
10419 4 2 1 7 3071 3439 1479 3499
10420 4 2 1 7 3064 1710 2976 3408
10421 4 2 1 7 1055 1139 1142 3312
10422 4 2 1 7 1104 1167 1008 3364
10423 4 2 1 7 547 3309 1660 3325
10424 4 2 1 7 2013 2121 3035 3434
10425 4 2 1 7 2832 2962 3130 3207
10426 4 2 1 7 862 2882 3278 3406
10427 4 2 1 7 2793 3043 3182 3380
10428 4 2 1 7 2847 3100 2883 3202
10429 4 2 1 7 2795 3376 3016 3488
10430 4 2 1 7 1885 1889 2960 3471
10431 4 2 1 7 1170 3614 1261 202
10432 4 2 1 7 2849 3152 2882 3278
10433 4 2 1 7 1891 1967 1890 3282
10434 4 2 1 7 3182 3227 2868 3380
10435 4 2 1 7 1888 1979 3068 3344
10436 4 2 1 7 734 2981 831 3407
10437 4 2 1 7 1312 1269 1168 3596
10438 4 2 1 7 1692 1761 395 396
10439 4 2 1 7 1677 1662 1679 3369
10440 4 2 1 7 758 3259 3094 3313
10441 4 2 1 7 3071 3237 3168 3290
10442 4 2 1 7 3537 1774 3113 3002
10443 4 2 1 7 1679 3025 3457 1804
10444 4 2 1 7 1903 2987 1880 3192
10445 4 2 1 7 3672 720 1853 3068
10446 4 2 1 7 2891 3057 1450 3496
10447 4 2 1 7 2860 3401 1726 3445
10448 4 2 1 7 3395 3477 2812 3064
10449 4 2 1 7 3523 144 3666 3115
10450 4 2 1 7 3204 3039 3493 609
10451 4 2 1 7 1422 1423 1421 3393
10452 4 2 1 7 3569 1905 3025 3258
10453 4 2 1 7 573 2123 643 551
10454 4 2 1 7 1504 1547 1454 3057
10455 4 2 1 7 1183 3596 1168 1269
10456 4 2 1 7 2968 3128 580 3312
10457 4 2 1 7 1151 1137 1057 2911
10458 4 2 1 7 591 3696 524 681
10459 4 2 1 7 582 3540 3662 3106
10460 4 2 1 7 852 3231 2975 3443
10461 4 2 1 7 1680 3395 1681 2983
10462 4 2 1 7 2908 3003 407 3305
10463 4 2 1 7 1667 1669 1668 3342
10464 4 2 1 7 1922 3080 1914 3191
10465 4 2 1 7 3606 1787 3521 179
10466 4 2 1 7 704 797 3240 3270
10467 4 2 1 7 2137 49 3003 3550
10468 4 2 1 7 3222 3269 3241 2796
10469 4 2 1 7 1301 1276 1223 2915
10470 4 2 1 7 129 3203 3140 3329
10471 4 2 1 7 1635 1631 1633 913
10472 4 2 1 7 3037 3380 3260 3448
10473 4 2 1 7 1767 3044 2860 3233
10474 4 2 1 7 3215 1095 3373 1156
10475 4 2 1 7 1422 3046 1423 3393
10476 4 2 1 7 2972 3166 1285 3494
10477 4 2 1 7 2994 2792 2933 3450
10478 4 2 1 7 542 2931 3012 3350
10479 4 2 1 7 1742 1770 716 3332
10480 4 2 1 7 608 607 3039 3054
10481 4 2 1 7 1263 1262 1190 3220
10482 4 2 1 7 125 126 982 1196
10483 4 2 1 7 2116 2900 2173 3156
10484 4 2 1 7 103 2929 548 3288
10485 4 2 1 7 1930 1963 1866 3409
10486 4 2 1 7 411 412 409 3244
10487 4 2 1 7 44 2890 510 2979
10488 4 2 1 7 3278 3310 2969 3436
10489 4 2 1 7 2998 1353 3299 3552
10490 4 2 1 7 2857 3183 947 3326
10491 4 2 1 7 2018 2147 2134 2894
10492 4 2 1 7 1208 894 921 1207
10493 4 2 1 7 2015 2130 2028 2966
10494 4 2 1 7 2899 2979 469 3399
10495 4 2 1 7 2137 3003 49 2067
10496 4 2 1 7 582 3662 660 3106
10497 4 2 1 7 940 3166 2972 3494
10498 4 2 1 7 1288 3402 1264 3220
10499 4 2 1 7 1382 3447 3397 1381
10500 4 2 1 7 1382 3397 2942 3460
10501 4 2 1 7 3015 3300 2839 3464
10502 4 2 1 7 2952 3174 2845 2996
10503 4 2 1 7 1880 2987 1859 3467
10504 4 2 1 7 2841 3343 3004 3479
10505 4 2 1 7 141 142 944 3497
10506 4 2 1 7 693 114 3692 3588
10507 4 2 1 7 3554 1356 2940 3372
10508 4 2 1 7 142 143 3039 3249
10509 4 2 1 7 1267 1329 1268 2970
10510 4 2 1 7 454 3399 2945 415
10511 4 2 1 7 2154 2940 2084 3372
10512 4 2 1 7 3283 2929 2851 3366
10513 4 2 1 7 3112 474 426 3390
10514 4 2 1 7 1777 1728 1776 3486
10515 4 2 1 7 3136 3298 2887 3439
10516 4 2 1 7 1205 1284 1247 3020
10517 4 2 1 7 2963 3317 2803 3385
10518 4 2 1 7 1893 3035 1987 3115
10519 4 2 1 7 3585 3110 449 3256
10520 4 2 1 7 649 70 545 3180
10521 4 2 1 7 1967 743 1984 1989
10522 4 2 1 7 1294 3158 1327 3494
10523 4 2 1 7 2799 2896 2944 3156
10524 4 2 1 7 1548 1549 1493 3296
10525 4 2 1 7 3281 3120 2864 39
10526 4 2 1 7 1921 1920 3148 3279
10527 4 2 1 7 1103 3579 2938 3254
10528 4 2 1 7 2811 2874 3079 3160
10529 4 2 1 7 1129 1058 3070 3222
10530 4 2 1 7 1260 1303 1302 3159
10531 4 2 1 7 889 3097 2971 3409
10532 4 2 1 7 864 2882 862 3363
10533 4 2 1 7 3540 1105 3106 3002
10534 4 2 1 7 2836 3071 2887 3439
10535 4 2 1 7 2807 3132 3065 3213
10536 4 2 1 7 1537 3388 1561 3472
10537 4 2 1 7 2835 3060 3001 3246
10538 4 2 1 7 112 707 725 3400
10539 4 2 1 7 1874 1979 1931 3017
10540 4 2 1 7 2957 3006 445 3027
10541 4 2 1 7 1725 1627 1730 2992
10542 4 2 1 7 76 3143 3098 2954
10543 4 2 1 7 3039 3115 2833 3249
10544 4 2 1 7 2903 2853 3199 3418
10545 4 2 1 7 64 3032 604 65
10546 4 2 1 7 1463 1578 1503 3130
10547 4 2 1 7 862 3363 2882 3406
10548 4 2 1 7 2819 2977 2984 3239
10549 4 2 1 7 661 2955 3283 3378
10550 4 2 1 7 369 3033 3250 3379
10551 4 2 1 7 1317 3103 1342 3247
10552 4 2 1 7 1380 3136 1482 3374
10553 4 2 1 7 1186 811 3303 3251
10554 4 2 1 7 2794 3302 2912 3378
10555 4 2 1 7 2909 3052 2820 3417
10556 4 2 1 7 703 3186 808 3401
10557 4 2 1 7 465 449 382 3110
10558 4 2 1 7 2972 3205 1808 3339
10559 4 2 1 7 414 2945 454 3173
10560 4 2 1 7 884 1963 887 3409
10561 4 2 1 7 1474 1551 1529 3155
10562 4 2 1 7 638 3126 2878 3501
10563 4 2 1 7 1606 3239 1807 2984
10564 4 2 1 7 1537 2933 3388 3472
10565 4 2 1 7 131 130 969 3244
10566 4 2 1 7 3079 3130 2962 3207
10567 4 2 1 7 372 31 3172 3430
10568 4 2 1 7 2952 3174 2996 3110
10569 4 2 1 7 1388 1389 1386 3053
10570 4 2 1 7 3656 3067 1288 3220
10571 4 2 1 7 585 589 590 3036
10572 4 2 1 7 2942 3136 2840 3447
10573 4 2 1 7 3188 3308 688 3342
10574 4 2 1 7 2084 2940 2180 3505
10575 4 2 1 7 3168 3237 2806 3290
10576 4 2 1 7 1130 3019 3030 3405
10577 4 2 1 7 859 147 3619 3025
10578 4 2 1 7 1374 1398 1520 3169
10579 4 2 1 7 485 3175 937 3284
10580 4 2 1 7 3112 3595 490 3234
10581 4 2 1 7 1015 3575 3661 2957
10582 4 2 1 7 1477 3388 2909 3472
10583 4 2 1 7 3583 2962 2000 3519
10584 4 2 1 7 2792 2951 3058 3294
10585 4 2 1 7 816 3089 780 3277
10586 4 2 1 7 1284 1248 1257 3167
10587 4 2 1 7 3204 3289 2926 3362
10588 4 2 1 7 1126 1139 1061 524
10589 4 2 1 7 3624 1352 3530 205
10590 4 2 1 7 924 973 974 3436
10591 4 2 1 7 1279 1301 1334 3064
10592 4 2 1 7 864 870 862 2882
10593 4 2 1 7 1682 2983 1681 3395
10594 4 2 1 7 749 3360 3187 708
10595 4 2 1 7 764 3589 1857 1858
10596 4 2 1 7 694 3308 2924 3342
10597 4 2 1 7 1408 3086 1409 3118
10598 4 2 1 7 3063 3149 1517 3243
10599 4 2 1 7 2839 3300 3015 3481
10600 4 2 1 7 2813 3105 2998 3416
10601 4 2 1 7 3606 1004 2935 1091
10602 4 2 1 7 3597 3011 3645 833
10603 4 2 1 7 1306 3225 2988 3500
10604 4 2 1 7 2872 3257 2886 3424
10605 4 2 1 7 97 478 3151 96
10606 4 2 1 7 3039 3249 2833 3497
10607 4 2 1 7 2164 3156 2896 3419
10608 4 2 1 7 2792 2999 2951 3294
10609 4 2 1 7 2986 3060 2835 2889
10610 4 2 1 7 1487 1409 1517 3243
10611 4 2 1 7 2857 3327 413 3328
10612 4 2 1 7 1416 1417 1415 3375
10613 4 2 1 7 3168 3237 2836 3450
10614 4 2 1 7 528 607 606 3497
10615 4 2 1 7 625 661 3283 3378
10616 4 2 1 7 812 787 686 3151
10617 4 2 1 7 403 907 851 3267
10618 4 2 1 7 2900 3156 2116 3419
10619 4 2 1 7 2044 3021 2061 3495
10620 4 2 1 7 1879 3137 1878 3451
10621 4 2 1 7 1781 394 472 462
10622 4 2 1 7 1938 1912 1887 3249
10623 4 2 1 7 720 1857 1853 3068
10624 4 2 1 7 737 3320 489 3430
10625 4 2 1 7 2982 2078 3322 3475
10626 4 2 1 7 2925 3045 2901 3385
10627 4 2 1 7 2796 2938 3070 3222
10628 4 2 1 7 1720 3569 3646 3025
10629 4 2 1 7 3267 3413 3367 482
10630 4 2 1 7 1017 2991 1018 3361
10631 4 2 1 7 2140 2126 2025 3322
10632 4 2 1 7 2028 2030 2027 3202
10633 4 2 1 7 2090 2089 2088 2944
10634 4 2 1 7 1560 3531 3622 3099
10635 4 2 1 7 95 2988 96 3284
10636 4 2 1 7 870 3223 871 872
10637 4 2 1 7 3641 3634 296 1951
10638 4 2 1 7 3064 1710 3408 1802
10639 4 2 1 7 1042 1056 1043 3085
10640 4 2 1 7 1065 1113 1112 3038
10641 4 2 1 7 3012 3293 542 3350
10642 4 2 1 7 804 3196 3229 3389
10643 4 2 1 7 871 952 3213 3333
10644 4 2 1 7 2808 2871 2969 3436
10645 4 2 1 7 573 644 2123 3495
10646 4 2 1 7 2816 3188 3394 3457
10647 4 2 1 7 663 3480 3024 3486
10648 4 2 1 7 1879 2918 3137 3451
10649 4 2 1 7 1186 1269 1199 3303
10650 4 2 1 7 395 3023 499 3297
10651 4 2 1 7 686 787 96 3151
10652 4 2 1 7 1582 161 9 3660
10653 4 2 1 7 1492 3063 1407 3476
10654 4 2 1 7 3121 3197 2894 3455
10655 4 2 1 7 3614 3013 1261 3103
10656 4 2 1 7 1269 3238 1337 3303
10657 4 2 1 7 701 811 1186 805
10658 4 2 1 7 1154 1051 1105 3002
10659 4 2 1 7 1654 563 1655 559
10660 4 2 1 7 881 883 527 3354
10661 4 2 1 7 2996 3361 1062 3503
10662 4 2 1 7 3001 3060 2815 3246
10663 4 2 1 7 2866 3372 2144 3505
10664 4 2 1 7 3528 1972 3000 1846
10665 4 2 1 7 2913 3042 2985 3087
10666 4 2 1 7 1693 1760 1704 2981
10667 4 2 1 7 1521 3427 3043 3442
10668 4 2 1 7 1717 1806 1807 3289
10669 4 2 1 7 1117 3613 1031 197
10670 4 2 1 7 1537 3058 1424 3237
10671 4 2 1 7 660 526 588 3106
10672 4 2 1 7 693 1949 3692 818
10673 4 2 1 7 771 2881 3108 3277
10674 4 2 1 7 1406 1402 1403 3257
10675 4 2 1 7 1017 1016 2959 3361
10676 4 2 1 7 3050 1642 865 1675
10677 4 2 1 7 41 2887 3280 3315
10678 4 2 1 7 555 651 2930 3369
10679 4 2 1 7 848 3039 143 3362
10680 4 2 1 7 1539 1514 1513 3507
10681 4 2 1 7 3437 3514 3153 2976
10682 4 2 1 7 862 855 139 3310
10683 4 2 1 7 1087 2927 1135 3206
10684 4 2 1 7 1960 1915 1964 3504
10685 4 2 1 7 2811 3015 3008 3446
10686 4 2 1 7 1373 1374 1375 3116
10687 4 2 1 7 2804 2895 3011 3348
10688 4 2 1 7 2848 3257 2872 3424
10689 4 2 1 7 850 3203 843 3339
10690 4 2 1 7 3523 3362 144 3115
10691 4 2 1 7 45 2979 510 3368
10692 4 2 1 7 1760 3153 2981 3514
10693 4 2 1 7 2127 3570 2045 3066
10694 4 2 1 7 1857 1888 3068 3344
10695 4 2 1 7 2930 555 3325 3394
10696 4 2 1 7 902 3093 909 3366
10697 4 2 1 7 662 542 561 2992
10698 4 2 1 7 890 895 891 3104
10699 4 2 1 7 1051 1073 1105 3113
10700 4 2 1 7 2888 2988 1275 3238
10701 4 2 1 7 1188 1194 1195 3059
10702 4 2 1 7 3080 3148 2808 3191
10703 4 2 1 7 1523 1349 1559 3498
10704 4 2 1 7 142 3249 3039 3497
10705 4 2 1 7 3193 1978 1947 3396
10706 4 2 1 7 448 3217 395 3297
10707 4 2 1 7 2874 3446 3008 3508
10708 4 2 1 7 2882 3189 2951 3375
10709 4 2 1 7 1117 3613 197 3527
10710 4 2 1 7 3257 1406 3209 1403
10711 4 2 1 7 738 3107 2952 3268
10712 4 2 1 7 687 824 815 3277
10713 4 2 1 7 952 2999 2937 3213
10714 4 2 1 7 1113 3528 1031 3161
10715 4 2 1 7 1017 1019 1018 2991
10716 4 2 1 7 2908 3003 2809 3329
10717 4 2 1 7 2965 3157 1490 3510
10718 4 2 1 7 1471 3080 1585 3255
10719 4 2 1 7 584 593 3134 3438
10720 4 2 1 7 1474 1356 1475 2940
10721 4 2 1 7 30 372 31 3172
10722 4 2 1 7 707 3096 725 3400
10723 4 2 1 7 1508 1486 1571 2893
10724 4 2 1 7 938 3284 3184 937
10725 4 2 1 7 1296 1249 1338 2922
10726 4 2 1 7 110 2918 109 3377
10727 4 2 1 7 2948 835 768 720
10728 4 2 1 7 1893 3571 3434 1966
10729 4 2 1 7 487 2982 3140 3173
10730 4 2 1 7 1229 1290 1323 2964
10731 4 2 1 7 1663 1665 2946 3309
10732 4 2 1 7 1465 1568 1464 3290
10733 4 2 1 7 3125 3298 2937 3413
10734 4 2 1 7 1031 3528 1104 196
10735 4 2 1 7 3353 1726 1767 2860
10736 4 2 1 7 1510 3529 1590 1553
10737 4 2 1 7 2100 2164 2896 3419
10738 4 2 1 7 141 893 2928 3236
10739 4 2 1 7 937 511 932 929
10740 4 2 1 7 873 2955 899 3283
10741 4 2 1 7 724 725 749 3096
10742 4 2 1 7 3048 3195 2829 3421
10743 4 2 1 7 1898 2924 1933 1980
10744 4 2 1 7 882 2859 3291 3441
10745 4 2 1 7 1678 1664 1725 2993
10746 4 2 1 7 3664 2171 251 2142
10747 4 2 1 7 1553 1367 238 3529
10748 4 2 1 7 1280 1220 2903 3418
10749 4 2 1 7 406 3050 2908 3305
10750 4 2 1 7 3082 611 3464 68
10751 4 2 1 7 1782 3305 3050 3390
10752 4 2 1 7 1382 1383 3397 3460
10753 4 2 1 7 3138 3072 2799 3415
10754 4 2 1 7 1472 1430 1564 2941
10755 4 2 1 7 1253 3530 206 1191
10756 4 2 1 7 78 77 606 961
10757 4 2 1 7 1631 913 1635 3139
10758 4 2 1 7 1758 1830 1827 2894
10759 4 2 1 7 124 891 7 3016
10760 4 2 1 7 713 3319 3151 3384
10761 4 2 1 7 2933 2806 2994 3450
10762 4 2 1 7 736 3320 3240 3337
10763 4 2 1 7 2792 2878 2966 3417
10764 4 2 1 7 1530 1514 3214 3507
10765 4 2 1 7 1689 3411 505 3514
10766 4 2 1 7 513 3085 470 3274
10767 4 2 1 7 605 2097 2176 3414
10768 4 2 1 7 126 847 3034 3232
10769 4 2 1 7 1826 1602 1744 3305
10770 4 2 1 7 2952 509 3110 3386
10771 4 2 1 7 858 897 937 3175
10772 4 2 1 7 2952 2996 2834 3110
10773 4 2 1 7 1560 3531 3099 1556
10774 4 2 1 7 1608 1792 1795 3135
10775 4 2 1 7 1836 3692 3589 114
10776 4 2 1 7 2801 3433 3200 2864
10777 4 2 1 7 2845 3107 3101 3268
10778 4 2 1 7 2907 3172 800 3347
10779 4 2 1 7 2054 2977 2141 3295
10780 4 2 1 7 1736 2926 1807 3239
10781 4 2 1 7 1031 3528 196 3613
10782 4 2 1 7 1502 1471 1574 3255
10783 4 2 1 7 1050 1077 1027 2827
10784 4 2 1 7 1971 1997 1882 3248
10785 4 2 1 7 1668 1708 3188 3342
10786 4 2 1 7 3641 2100 2896 3419
10787 4 2 1 7 1409 3243 1487 3426
10788 4 2 1 7 3559 2099 3112 2065
10789 4 2 1 7 1261 3103 203 3614
10790 4 2 1 7 1610 3620 3577 3003
10791 4 2 1 7 862 139 3126 3406
10792 4 2 1 7 3269 3470 3222 2906
10793 4 2 1 7 2815 3179 2880 3214
10794 4 2 1 7 595 2952 752 3107
10795 4 2 1 7 1701 2932 3112 3390
10796 4 2 1 7 973 870 974 3422
10797 4 2 1 7 977 3095 962 3502
10798 4 2 1 7 1782 2908 1675 3050
10799 4 2 1 7 1143 2950 1108 1038
10800 4 2 1 7 3091 765 94 3477
10801 4 2 1 7 2973 1695 1693 3411
10802 4 2 1 7 653 674 525 2949
10803 4 2 1 7 2794 2955 3302 3378
10804 4 2 1 7 3193 1978 3396 2995
10805 4 2 1 7 1836 3692 114 1949
10806 4 2 1 7 3582 3660 1582 2905
10807 4 2 1 7 1961 1862 1907 3265
10808 4 2 1 7 547 555 3325 3369
10809 4 2 1 7 923 924 904 3102
10810 4 2 1 7 1825 3620 3305 1744
10811 4 2 1 7 1616 1640 822 3445
10812 4 2 1 7 642 723 593 3134
10813 4 2 1 7 2099 2065 2168 3112
10814 4 2 1 7 63 62 3128 2991
10815 4 2 1 7 1858 818 3692 1949
10816 4 2 1 7 1280 3251 1193 3418
10817 4 2 1 7 801 762 818 1897
10818 4 2 1 7 938 3284 937 3500
10819 4 2 1 7 6 3532 112 3195
10820 4 2 1 7 76 3098 3143 75
10821 4 2 1 7 2826 730 2939 2988
10822 4 2 1 7 1521 1395 3427 3442
10823 4 2 1 7 2805 3247 2903 3304
10824 4 2 1 7 74 3098 75 3143
10825 4 2 1 7 1081 603 1142 1139
10826 4 2 1 7 784 2985 742 3341
10827 4 2 1 7 2800 3030 3047 3512
10828 4 2 1 7 2809 3203 2943 3402
10829 4 2 1 7 3679 449 3110 382
10830 4 2 1 7 3112 52 426 373
10831 4 2 1 7 2115 2173 2136 2900
10832 4 2 1 7 3037 2997 3260 3281
10833 4 2 1 7 1218 1217 3489 3516
10834 4 2 1 7 32 33 364 3321
10835 4 2 1 7 3264 1633 913 869
10836 4 2 1 7 1273 1213 3230 3418
10837 4 2 1 7 1425 1480 1479 3439
10838 4 2 1 7 2806 2933 3237 3450
10839 4 2 1 7 858 937 444 3175
10840 4 2 1 7 1220 1283 1242 3247
10841 4 2 1 7 2807 2917 3374 3352
10842 4 2 1 7 1517 3063 1394 3149
10843 4 2 1 7 2818 3232 3034 3399
10844 4 2 1 7 1288 3402 3220 3067
10845 4 2 1 7 383 3168 3298 3413
10846 4 2 1 7 562 3197 2892 3311
10847 4 2 1 7 1766 2967 539 3369
10848 4 2 1 7 431 3170 943 3483
10849 4 2 1 7 1251 1305 1266 3049
10850 4 2 1 7 1285 3355 2972 3494
10851 4 2 1 7 2976 1683 1754 3395
10852 4 2 1 7 1679 3025 1804 1720
10853 4 2 1 7 997 3533 193 1115
10854 4 2 1 7 2037 2038 2036 3318
10855 4 2 1 7 1733 1818 1734 3455
10856 4 2 1 7 2793 3037 2997 3448
10857 4 2 1 7 631 2931 561 3350
10858 4 2 1 7 1898 2924 1980 3451
10859 4 2 1 7 2161 2086 2934 3444
10860 4 2 1 7 1875 3040 1988 3279
10861 4 2 1 7 123 3045 896 3331
10862 4 2 1 7 1473 1569 1356 2940
10863 4 2 1 7 3224 1747 226 1599
10864 4 2 1 7 2135 3571 3035 3609
10865 4 2 1 7 2846 3300 3076 3324
10866 4 2 1 7 3624 1191 2868 1259
10867 4 2 1 7 2888 94 95 3238
10868 4 2 1 7 799 797 704 3270
10869 4 2 1 7 128 2943 127 3140
10870 4 2 1 7 3582 3660 161 1582
10871 4 2 1 7 960 959 905 2954
10872 4 2 1 7 1792 1813 1604 2895
10873 4 2 1 7 2942 3374 3136 3447
10874 4 2 1 7 892 3523 144 8
10875 4 2 1 7 2938 1138 1129 1103
10876 4 2 1 7 1520 2876 3169 3499
10877 4 2 1 7 488 425 3101 3423
10878 4 2 1 7 964 955 3143 3370
10879 4 2 1 7 1655 1817 1654 559
10880 4 2 1 7 1440 1530 1533 3060
10881 4 2 1 7 1858 818 1949 1897
10882 4 2 1 7 2813 3245 3164 2843
10883 4 2 1 7 2914 3228 2873 3459
10884 4 2 1 7 3321 3151 35 416
10885 4 2 1 7 3534 287 1758 1738
10886 4 2 1 7 2808 3148 3080 3255
10887 4 2 1 7 3641 2896 2100 3316
10888 4 2 1 7 2033 2034 2032 3109
10889 4 2 1 7 717 750 749 3265
10890 4 2 1 7 836 697 2903 3199
10891 4 2 1 7 667 527 881 885
10892 4 2 1 7 907 851 908 3327
10893 4 2 1 7 1294 1295 1224 3158
10894 4 2 1 7 3419 1835 295 1937
10895 4 2 1 7 679 567 668 2912
10896 4 2 1 7 2911 3161 2817 3266
10897 4 2 1 7 380 3413 2974 481
10898 4 2 1 7 1377 1378 1379 3077
10899 4 2 1 7 3058 3294 2836 3450
10900 4 2 1 7 1457 1546 1455 3227
10901 4 2 1 7 1858 1857 802 3467
10902 4 2 1 7 2939 3230 1213 3418
10903 4 2 1 7 454 3399 415 379
10904 4 2 1 7 1921 1988 1920 3279
10905 4 2 1 7 3094 3259 2851 3378
10906 4 2 1 7 2112 2113 2909 2133
10907 4 2 1 7 3215 1095 1156 1100
10908 4 2 1 7 850 2972 3166 3339
10909 4 2 1 7 891 3016 2958 3349
10910 4 2 1 7 1026 26 3536 3520
10911 4 2 1 7 1975 3017 1979 3344
10912 4 2 1 7 1534 1432 1544 3182
10913 4 2 1 7 1546 1544 1455 3182
10914 4 2 1 7 738 3101 779 3107
10915 4 2 1 7 3031 3381 2889 3403
10916 4 2 1 7 734 796 813 3253
10917 4 2 1 7 921 1207 894 3330
10918 4 2 1 7 836 804 3229 712
10919 4 2 1 7 2037 2036 2979 3318
10920 4 2 1 7 1928 1927 1978 2995
10921 4 2 1 7 873 3082 2955 3283
10922 4 2 1 7 1051 3605 3537 181
10923 4 2 1 7 3525 2011 2129 217
10924 4 2 1 7 2989 3260 2997 3281
10925 4 2 1 7 1979 3017 1874 3206
10926 4 2 1 7 2063 3084 2098 3340
10927 4 2 1 7 1666 1667 1668 3188
10928 4 2 1 7 1548 1357 1547 3013
10929 4 2 1 7 639 1654 3454 559
10930 4 2 1 7 2956 255 1556 3531
10931 4 2 1 7 2976 1754 1683 1686
10932 4 2 1 7 1877 3137 2918 3291
10933 4 2 1 7 495 3287 3111 3288
10934 4 2 1 7 2796 2938 3222 3470
10935 4 2 1 7 1185 1187 1188 3412
10936 4 2 1 7 2845 2952 3107 3268
10937 4 2 1 7 474 373 490 3112
10938 4 2 1 7 729 747 2990 3127
10939 4 2 1 7 1943 3035 1987 1942
10940 4 2 1 7 1743 1810 1723 3396
10941 4 2 1 7 2938 3209 2810 3254
10942 4 2 1 7 3091 765 3477 3437
10943 4 2 1 7 530 955 3293 3366
10944 4 2 1 7 2795 3084 2921 3157
10945 4 2 1 7 488 499 425 3423
10946 4 2 1 7 2808 3191 3148 3279
10947 4 2 1 7 2856 3474 3059 3489
10948 4 2 1 7 2807 3125 2937 3213
10949 4 2 1 7 1487 3007 1414 3426
10950 4 2 1 7 1941 3177 1995 3346
10951 4 2 1 7 899 2910 901 3383
10952 4 2 1 7 2992 3114 1730 3332
10953 4 2 1 7 1051 3537 1085 182
10954 4 2 1 7 798 712 745 3081
10955 4 2 1 7 478 96 787 3151
10956 4 2 1 7 1893 3571 1966 1942
10957 4 2 1 7 892 3523 8 2984
10958 4 2 1 7 1577 1408 1410 3118
10959 4 2 1 7 1404 1511 1399 3357
10960 4 2 1 7 2867 3279 3040 3429
10961 4 2 1 7 3224 1311 226 3658
10962 4 2 1 7 1227 3683 208 1309
10963 4 2 1 7 473 3306 2976 3437
10964 4 2 1 7 1170 3614 202 3526
10965 4 2 1 7 1649 3336 2975 1650
10966 4 2 1 7 1808 1752 2972 3339
10967 4 2 1 7 2931 3469 1775 3480
10968 4 2 1 7 432 3326 3183 3273
10969 4 2 1 7 2888 94 3238 3142
10970 4 2 1 7 2142 252 251 3664
10971 4 2 1 7 2102 2145 2921 3190
10972 4 2 1 7 3546 2142 3664 252
10973 4 2 1 7 446 3006 2957 3019
10974 4 2 1 7 1521 2963 1375 3442
10975 4 2 1 7 732 3321 812 3347
10976 4 2 1 7 3638 1802 3408 228
10977 4 2 1 7 2903 3247 2853 3418
10978 4 2 1 7 2844 3488 3141 3510
10979 4 2 1 7 1725 2993 1664 3425
10980 4 2 1 7 1083 1062 1111 2996
10981 4 2 1 7 3323 1918 243 3659
10982 4 2 1 7 3534 2103 2018 287
10983 4 2 1 7 2153 2069 2075 3173
10984 4 2 1 7 2875 3141 2844 3488
10985 4 2 1 7 1800 3272 1712 3339
10986 4 2 1 7 1627 2992 1725 3425
10987 4 2 1 7 2920 3086 2797 3508
10988 4 2 1 7 1659 547 1660 3369
10989 4 2 1 7 2809 3003 2908 3272
10990 4 2 1 7 1101 1159 1118 2905
10991 4 2 1 7 1679 3325 3369 1662
10992 4 2 1 7 1805 3122 3064 3395
10993 4 2 1 7 2806 2956 3178 3428
10994 4 2 1 7 925 876 860 3291
10995 4 2 1 7 1804 3569 3258 1593
10996 4 2 1 7 3071 3168 2862 3290
10997 4 2 1 7 1425 1479 3071 3439
10998 4 2 1 7 115 116 2948 1952
10999 4 2 1 7 2050 552 537 3221
11000 4 2 1 7 790 2881 791 3134
11001 4 2 1 7 1133 1091 1148 2935
11002 4 2 1 7 1306 2988 1275 3500
11003 4 2 1 7 2943 3140 128 3203
11004 4 2 1 7 384 455 369 3033
11005 4 2 1 7 680 613 670 3449
11006 4 2 1 7 1628 3022 1779 3307
11007 4 2 1 7 1048 1054 1067 3133
11008 4 2 1 7 2945 2818 3399 3515
11009 4 2 1 7 898 901 899 2910
11010 4 2 1 7 1552 1500 2900 3415
11011 4 2 1 7 234 1262 3220 1190
11012 4 2 1 7 1222 1232 1275 3500
11013 4 2 1 7 3100 3501 2878 3506
11014 4 2 1 7 1636 1786 2953 3487
11015 4 2 1 7 478 787 416 3151
11016 4 2 1 7 1021 1020 1019 2991
11017 4 2 1 7 1564 1406 1563 3209
11018 4 2 1 7 1188 1217 1282 3412
11019 4 2 1 7 143 3115 3039 3249
11020 4 2 1 7 2101 2043 2149 3028
11021 4 2 1 7 733 2990 813 3253
11022 4 2 1 7 853 3095 532 3502
11023 4 2 1 7 1870 1899 1930 3409
11024 4 2 1 7 1469 1583 1590 3010
11025 4 2 1 7 71 3143 2954 72
11026 4 2 1 7 3638 228 229 1802
11027 4 2 1 7 1297 1200 1246 3045
11028 4 2 1 7 651 555 2930 3235
11029 4 2 1 7 785 2889 3381 3403
11030 4 2 1 7 2871 3152 2969 3278
11031 4 2 1 7 3487 3337 389 3023
11032 4 2 1 7 1067 388 1125 1090
11033 4 2 1 7 577 605 643 3100
11034 4 2 1 7 2887 3298 3136 3466
11035 4 2 1 7 1750 1605 1749 2911
11036 4 2 1 7 3023 2821 3144 3463
11037 4 2 1 7 936 3205 2983 3435
11038 4 2 1 7 1880 3192 2987 3467
11039 4 2 1 7 1329 1250 1268 3150
11040 4 2 1 7 1107 1041 1043 2947
11041 4 2 1 7 1506 2938 1505 3254
11042 4 2 1 7 788 837 3200 3433
11043 4 2 1 7 1100 1095 1094 3051
11044 4 2 1 7 1170 201 1267 3526
11045 4 2 1 7 1129 1144 1058 3222
11046 4 2 1 7 1512 1447 3105 3210
11047 4 2 1 7 2887 3466 3136 3513
11048 4 2 1 7 242 243 1918 3659
11049 4 2 1 7 1737 1828 1736 3311
11050 4 2 1 7 639 2980 568 3454
11051 4 2 1 7 606 528 141 961
11052 4 2 1 7 1819 1602 1782 3390
11053 4 2 1 7 1430 2941 3334 3371
11054 4 2 1 7 3659 3629 1476 3079
11055 4 2 1 7 380 3413 481 482
11056 4 2 1 7 2130 2040 2112 3382
11057 4 2 1 7 2805 3103 2868 3247
11058 4 2 1 7 665 2881 3029 3438
11059 4 2 1 7 3087 3341 784 3386
11060 4 2 1 7 103 104 3287 3288
11061 4 2 1 7 1130 3019 3405 1033
11062 4 2 1 7 1975 1931 3017 3364
11063 4 2 1 7 3437 3514 2976 501
11064 4 2 1 7 2934 3124 2818 3456
11065 4 2 1 7 443 3127 2947 2827
11066 4 2 1 7 1931 1979 1975 3017
11067 4 2 1 7 1108 1021 1038 2950
11068 4 2 1 7 2969 3152 2849 3278
11069 4 2 1 7 1517 3149 1488 3243
11070 4 2 1 7 402 444 476 2884
11071 4 2 1 7 2811 2874 3160 3446
11072 4 2 1 7 1849 3048 1845 3429
11073 4 2 1 7 703 715 688 3342
11074 4 2 1 7 658 1759 1660 3309
11075 4 2 1 7 1995 1897 1941 3346
11076 4 2 1 7 1987 3115 3035 3452
11077 4 2 1 7 2056 2155 2070 3054
11078 4 2 1 7 409 407 408 3329
11079 4 2 1 7 1266 1305 1177 3061
11080 4 2 1 7 3066 3067 2809 3402
11081 4 2 1 7 1265 1173 1281 3066
11082 4 2 1 7 1507 1367 1583 3010
11083 4 2 1 7 2850 3227 3043 3380
11084 4 2 1 7 3627 3548 3067 2167
11085 4 2 1 7 108 3252 109 3308
11086 4 2 1 7 1190 3220 235 1288
11087 4 2 1 7 820 2953 3144 3463
11088 4 2 1 7 2819 3239 2926 3493
11089 4 2 1 7 1828 1793 1736 2926
11090 4 2 1 7 2853 2868 3247 3380
11091 4 2 1 7 735 2919 704 3240
11092 4 2 1 7 2819 2984 2977 3452
11093 4 2 1 7 3215 1095 1100 3051
11094 4 2 1 7 1106 1087 3206 3241
11095 4 2 1 7 1872 1884 118 3160
11096 4 2 1 7 884 3409 3129 3441
11097 4 2 1 7 2801 3083 2961 3216
11098 4 2 1 7 2089 2093 2047 3156
11099 4 2 1 7 1991 1968 3138 3415
11100 4 2 1 7 3665 475 3234 3379
11101 4 2 1 7 3102 3271 3180 3484
11102 4 2 1 7 789 3320 3319 3492
11103 4 2 1 7 3026 3423 2870 3453
11104 4 2 1 7 1299 1227 2978 3359
11105 4 2 1 7 371 3003 407 3322
11106 4 2 1 7 1502 1499 1575 3147
11107 4 2 1 7 1232 3158 1295 3500
11108 4 2 1 7 1666 2946 3188 3325
11109 4 2 1 7 1767 1611 3044 3233
11110 4 2 1 7 2806 3237 3168 3450
11111 4 2 1 7 726 727 3059 3412
11112 4 2 1 7 641 672 3300 3481
11113 4 2 1 7 1388 1526 1394 3149
11114 4 2 1 7 987 896 874 3045
11115 4 2 1 7 1347 3683 1309 3461
11116 4 2 1 7 61 580 62 3128
11117 4 2 1 7 1745 3325 3188 3457
11118 4 2 1 7 2059 3119 2176 3414
11119 4 2 1 7 1845 3195 3048 3421
11120 4 2 1 7 718 3389 798 3431
11121 4 2 1 7 1526 1532 1488 3149
11122 4 2 1 7 1737 1661 1828 3311
11123 4 2 1 7 1441 1440 1439 2986
11124 4 2 1 7 1384 3053 1386 3460
11125 4 2 1 7 3602 537 2160 3691
11126 4 2 1 7 1679 3025 1720 3194
11127 4 2 1 7 2951 2999 2792 3417
11128 4 2 1 7 2946 107 3252 3468
11129 4 2 1 7 2926 3289 2984 3362
11130 4 2 1 7 1729 3217 2935 3297
11131 4 2 1 7 968 945 881 3098
11132 4 2 1 7 1927 1928 1837 2995
11133 4 2 1 7 528 77 76 3095
11134 4 2 1 7 1810 2995 3186 3396
11135 4 2 1 7 1945 1922 1914 3191
11136 4 2 1 7 2090 2100 2896 3316
11137 4 2 1 7 1297 1345 1287 2925
11138 4 2 1 7 1576 1351 1573 3323
11139 4 2 1 7 403 851 365 3267
11140 4 2 1 7 1082 1043 1063 3358
11141 4 2 1 7 706 3186 700 3193
11142 4 2 1 7 2854 456 3379 3234
11143 4 2 1 7 471 448 513 3274
11144 4 2 1 7 3077 3146 2831 3442
11145 4 2 1 7 1782 3050 1705 3390
11146 4 2 1 7 464 443 2947 2827
11147 4 2 1 7 3311 1713 3455 1818
11148 4 2 1 7 460 459 3287 3307
11149 4 2 1 7 923 3102 904 3180
11150 4 2 1 7 3077 3146 2876 3315
11151 4 2 1 7 1659 1766 544 3369
11152 4 2 1 7 134 3162 2975 3250
11153 4 2 1 7 761 827 762 3346
11154 4 2 1 7 422 364 399 3321
11155 4 2 1 7 3633 2065 2103 286
11156 4 2 1 7 997 3533 1115 3017
11157 4 2 1 7 1307 1333 1233 3166
11158 4 2 1 7 2830 3178 2956 3428
11159 4 2 1 7 3459 1559 3632 167
11160 4 2 1 7 131 969 949 3244
11161 4 2 1 7 3652 1834 3148 3541
11162 4 2 1 7 2099 3112 52 3560
11163 4 2 1 7 930 3158 3500 1295
11164 4 2 1 7 1005 998 1003 3482
11165 4 2 1 7 566 3002 582 3391
11166 4 2 1 7 1466 1537 1426 3237
11167 4 2 1 7 1382 1380 1482 3374
11168 4 2 1 7 1275 1306 1214 2988
11169 4 2 1 7 1713 3197 1817 3311
11170 4 2 1 7 716 1770 799 3332
11171 4 2 1 7 921 128 850 2943
11172 4 2 1 7 3404 3412 729 823
11173 4 2 1 7 2129 2161 2086 2934
11174 4 2 1 7 782 3134 593 723
11175 4 2 1 7 1650 1652 1820 2980
11176 4 2 1 7 1664 3309 1759 3425
11177 4 2 1 7 3048 1855 1849 1854
11178 4 2 1 7 3102 966 924 3301
11179 4 2 1 7 2160 84 3602 3691
11180 4 2 1 7 801 1897 1858 3467
11181 4 2 1 7 1026 1149 1120 3165
11182 4 2 1 7 2090 3154 2029 2091
11183 4 2 1 7 63 534 604 2877
11184 4 2 1 7 100 99 837 2864
11185 4 2 1 7 1298 3570 1173 3066
11186 4 2 1 7 986 3204 878 3356
11187 4 2 1 7 466 755 372 3172
11188 4 2 1 7 1464 1360 1556 2956
11189 4 2 1 7 3273 3326 2857 3328
11190 4 2 1 7 168 1097 3459 1007
11191 4 2 1 7 1173 3066 3570 3185
11192 4 2 1 7 422 399 501 3321
11193 4 2 1 7 530 556 70 3283
11194 4 2 1 7 931 970 939 3069
11195 4 2 1 7 1657 558 544 539
11196 4 2 1 7 433 917 3183 3326
11197 4 2 1 7 1922 3541 3080 3148
11198 4 2 1 7 789 101 492 3384
11199 4 2 1 7 2831 2997 2989 3448
11200 4 2 1 7 952 871 864 3333
11201 4 2 1 7 3136 3439 2887 3513
11202 4 2 1 7 1493 1549 1366 2970
11203 4 2 1 7 1637 3443 1728 1732
11204 4 2 1 7 585 566 582 3391
11205 4 2 1 7 1087 1084 2927 3241
11206 4 2 1 7 809 2860 3218 3401
11207 4 2 1 7 1486 1465 1484 3090
11208 4 2 1 7 672 3300 3015 3464
11209 4 2 1 7 493 98 37 494
11210 4 2 1 7 914 3293 3012 3350
11211 4 2 1 7 485 937 932 3184
11212 4 2 1 7 2926 3362 2819 3493
11213 4 2 1 7 2938 3092 1470 3470
11214 4 2 1 7 501 3407 3321 3437
11215 4 2 1 7 2973 2804 3274 3348
11216 4 2 1 7 3136 3466 2840 3513
11217 4 2 1 7 582 55 3540 3002
11218 4 2 1 7 3077 3447 2840 3513
11219 4 2 1 7 98 493 37 3151
11220 4 2 1 7 1701 1705 2932 3390
11221 4 2 1 7 711 2903 3059 3474
11222 4 2 1 7 2012 3234 2017 3379
11223 4 2 1 7 486 449 465 3087
11224 4 2 1 7 375 389 387 3337
11225 4 2 1 7 44 380 510 2890
11226 4 2 1 7 1853 1857 1888 3068
11227 4 2 1 7 1152 61 1066 1081
11228 4 2 1 7 3153 1710 1709 1799
11229 4 2 1 7 1186 3303 811 701
11230 4 2 1 7 755 784 3341 3386
11231 4 2 1 7 3659 3629 242 1476
11232 4 2 1 7 3484 649 883 3074
11233 4 2 1 7 924 3004 974 3343
11234 4 2 1 7 42 3062 483 3280
11235 4 2 1 7 2144 2039 2124 3372
11236 4 2 1 7 1499 1365 1498 3415
11237 4 2 1 7 1235 2965 1270 3359
11238 4 2 1 7 389 499 395 3023
11239 4 2 1 7 1427 3237 3071 3290
11240 4 2 1 7 1560 3531 1556 256
11241 4 2 1 7 46 2166 2095 2080
11242 4 2 1 7 2862 3290 3168 3428
11243 4 2 1 7 2129 3640 218 2022
11244 4 2 1 7 703 1669 715 3342
11245 4 2 1 7 3523 3362 3115 3452
11246 4 2 1 7 2920 2808 3148 3279
11247 4 2 1 7 3034 3232 2818 3349
11248 4 2 1 7 2983 3122 2812 3435
11249 4 2 1 7 703 778 1721 3401
11250 4 2 1 7 1984 743 818 1989
11251 4 2 1 7 1881 1924 249 3415
11252 4 2 1 7 1313 2965 1235 3376
11253 4 2 1 7 479 383 41 2887
11254 4 2 1 7 1091 2861 178 1002
11255 4 2 1 7 1944 3040 1875 3429
11256 4 2 1 7 1530 1514 1535 3214
11257 4 2 1 7 2816 2924 3188 3258
11258 4 2 1 7 1231 3623 1267 200
11259 4 2 1 7 3102 924 966 923
11260 4 2 1 7 1112 1113 1064 3266
11261 4 2 1 7 813 3253 2990 3348
11262 4 2 1 7 527 680 3009 3377
11263 4 2 1 7 2975 3231 1649 3443
11264 4 2 1 7 1489 2965 1490 3510
11265 4 2 1 7 2834 3110 2996 3361
11266 4 2 1 7 1130 1110 1070 3299
11267 4 2 1 7 3551 2064 3014 2092
11268 4 2 1 7 786 109 790 3449
11269 4 2 1 7 3691 2160 84 2023
11270 4 2 1 7 1782 1780 1705 3050
11271 4 2 1 7 675 2828 581 3312
11272 4 2 1 7 368 3319 458 3492
11273 4 2 1 7 136 3100 2883 3267
11274 4 2 1 7 1404 1401 3008 3357
11275 4 2 1 7 487 3140 414 3173
11276 4 2 1 7 1121 3026 1047 1073
11277 4 2 1 7 1893 1987 1860 3115
11278 4 2 1 7 721 2981 3348 3224
11279 4 2 1 7 3629 1918 1962 3079
11280 4 2 1 7 542 561 2931 3350
11281 4 2 1 7 3071 3169 2862 3280
11282 4 2 1 7 3551 2132 3626 3434
11283 4 2 1 7 2946 3325 3309 3394
11284 4 2 1 7 246 1497 1358 3541
11285 4 2 1 7 1487 3243 3007 3426
11286 4 2 1 7 395 499 477 3297
11287 4 2 1 7 789 3319 368 3492
11288 4 2 1 7 977 962 137 3502
11289 4 2 1 7 1679 2930 3325 3457
11290 4 2 1 7 1649 2975 3443 3486
11291 4 2 1 7 126 3232 3034 3349
11292 4 2 1 7 2908 2809 3203 3329
11293 4 2 1 7 2080 46 2166 3368
11294 4 2 1 7 1110 3628 3299 3547
11295 4 2 1 7 1275 2988 1214 3238
11296 4 2 1 7 940 2915 985 3494
11297 4 2 1 7 1873 1990 1938 2928
11298 4 2 1 7 3529 3621 3010 1367
11299 4 2 1 7 2932 3050 474 3390
11300 4 2 1 7 2973 1693 1695 1700
11301 4 2 1 7 3621 239 1507 1367
11302 4 2 1 7 2822 3131 2854 3234
11303 4 2 1 7 821 692 787 3321
11304 4 2 1 7 1988 1919 1920 3323
11305 4 2 1 7 705 3287 3320 3492
11306 4 2 1 7 2908 3203 2809 3272
11307 4 2 1 7 1522 1552 1500 2900
11308 4 2 1 7 1314 1277 1339 2934
11309 4 2 1 7 1441 2986 1439 3498
11310 4 2 1 7 1541 1427 1479 3071
11311 4 2 1 7 556 3293 530 548
11312 4 2 1 7 560 3350 3143 3485
11313 4 2 1 7 1314 1346 1278 3185
11314 4 2 1 7 712 3229 836 3474
11315 4 2 1 7 1051 3605 181 1089
11316 4 2 1 7 2006 1937 1835 3419
11317 4 2 1 7 1033 1075 1079 3019
11318 4 2 1 7 1649 3336 1650 1647
11319 4 2 1 7 129 128 3140 3203
11320 4 2 1 7 740 798 745 3005
11321 4 2 1 7 745 3081 3006 3285
11322 4 2 1 7 485 511 932 937
11323 4 2 1 7 1355 1370 1371 2978
11324 4 2 1 7 751 754 3338 3403
11325 4 2 1 7 3691 2050 2160 2023
11326 4 2 1 7 755 3341 466 3386
11327 4 2 1 7 127 126 847 3034
11328 4 2 1 7 2963 3116 2803 3317
11329 4 2 1 7 1794 1750 2911 3248
11330 4 2 1 7 1404 1401 1405 3008
11331 4 2 1 7 1492 1407 1401 3476
11332 4 2 1 7 1366 2970 1549 3512
11333 4 2 1 7 657 557 624 3029
11334 4 2 1 7 1315 3530 1191 3159
11335 4 2 1 7 1380 3136 3447 3513
11336 4 2 1 7 1214 3238 2988 3303
11337 4 2 1 7 785 689 760 3018
11338 4 2 1 7 2967 3204 981 3289
11339 4 2 1 7 1757 1824 1795 2964
11340 4 2 1 7 2976 3064 3408 3477
11341 4 2 1 7 3428 3280 2862 3062
11342 4 2 1 7 709 3365 2987 3392
11343 4 2 1 7 3017 3068 2814 3504
11344 4 2 1 7 1381 1382 1383 3397
11345 4 2 1 7 2990 3274 2804 3348
11346 4 2 1 7 68 616 611 3464
11347 4 2 1 7 2792 2999 2878 3417
11348 4 2 1 7 603 1139 524 3312
11349 4 2 1 7 1481 1422 1524 3132
11350 4 2 1 7 3015 3464 2839 3479
11351 4 2 1 7 1764 394 1781 462
11352 4 2 1 7 738 779 3101 3337
11353 4 2 1 7 3103 1259 1175 204
11354 4 2 1 7 2806 3168 2974 3450
11355 4 2 1 7 1918 2874 3659 3323
11356 4 2 1 7 1256 1201 1335 2921
11357 4 2 1 7 3007 2858 3223 3243
11358 4 2 1 7 657 695 3029 3313
11359 4 2 1 7 777 3263 3107 3463
11360 4 2 1 7 67 66 3300 3324
11361 4 2 1 7 466 372 755 3386
11362 4 2 1 7 605 2966 578 82
11363 4 2 1 7 2866 3398 2902 3406
11364 4 2 1 7 1778 1773 1756 3139
11365 4 2 1 7 2974 2994 2806 3450
11366 4 2 1 7 1807 1806 1606 2984
11367 4 2 1 7 743 1967 1984 3346
11368 4 2 1 7 1531 3317 2901 3461
11369 4 2 1 7 2927 3222 2906 3269
11370 4 2 1 7 1434 1563 1403 3209
11371 4 2 1 7 888 1899 1982 3249
11372 4 2 1 7 1979 1902 3068 3504
11373 4 2 1 7 2806 3290 2956 3428
11374 4 2 1 7 2160 537 2050 3691
11375 4 2 1 7 532 135 576 3162
11376 4 2 1 7 576 3100 136 3502
11377 4 2 1 7 2924 3308 3188 3342
11378 4 2 1 7 813 734 3253 3348
11379 4 2 1 7 836 697 711 2903
11380 4 2 1 7 1772 1773 1635 3139
11381 4 2 1 7 3298 479 3466 2887
11382 4 2 1 7 1778 1631 1635 3139
11383 4 2 1 7 765 3153 2976 3437
11384 4 2 1 7 818 1984 1989 1897
11385 4 2 1 7 1430 1429 1406 3371
11386 4 2 1 7 1212 1213 1193 2939
11387 4 2 1 7 1280 1187 1193 3251
11388 4 2 1 7 803 2976 765 3153
11389 4 2 1 7 800 812 2907 3347
11390 4 2 1 7 3043 3427 2831 3442
11391 4 2 1 7 2806 3168 3290 3428
11392 4 2 1 7 872 903 904 3082
11393 4 2 1 7 1542 1455 1544 3043
11394 4 2 1 7 1147 1072 1115 3017
11395 4 2 1 7 1098 3228 2914 3459
11396 4 2 1 7 1536 1420 1421 3393
11397 4 2 1 7 3659 2874 1918 3079
11398 4 2 1 7 1434 3092 1470 3209
11399 4 2 1 7 877 2967 981 3289
11400 4 2 1 7 1014 1001 1116 3256
11401 4 2 1 7 3658 1813 1604 1747
11402 4 2 1 7 1260 1315 1191 3159
11403 4 2 1 7 855 973 863 3436
11404 4 2 1 7 1398 1374 1372 3116
11405 4 2 1 7 1787 1699 1729 3297
11406 4 2 1 7 1141 1056 1042 3085
11407 4 2 1 7 1560 3531 256 3622
11408 4 2 1 7 2805 3229 3196 3389
11409 4 2 1 7 3139 2983 3483 942
11410 4 2 1 7 3653 1279 3122 1176
11411 4 2 1 7 453 414 454 3173
11412 4 2 1 7 1359 3207 240 1507
11413 4 2 1 7 2956 3099 2806 3178
11414 4 2 1 7 2808 2969 2871 3255
11415 4 2 1 7 294 1937 1958 3419
11416 4 2 1 7 1220 3247 1242 3304
11417 4 2 1 7 1430 3334 1431 3371
11418 4 2 1 7 546 3311 2926 3462
11419 4 2 1 7 434 3326 3273 3328
11420 4 2 1 7 1214 1306 1234 2988
11421 4 2 1 7 1550 1572 1364 3512
11422 4 2 1 7 558 1817 1655 559
11423 4 2 1 7 1334 3522 1210 1243
11424 4 2 1 7 485 3198 3175 3284
11425 4 2 1 7 1328 3548 3067 3627
11426 4 2 1 7 3658 1604 225 1747
11427 4 2 1 7 1231 3623 200 3543
11428 4 2 1 7 3091 3170 2812 3387
11429 4 2 1 7 1198 1274 1254 3028
11430 4 2 1 7 1130 3547 1110 3299
11431 4 2 1 7 2928 3249 142 3497
11432 4 2 1 7 1755 1781 472 462
11433 4 2 1 7 2056 3054 2057 3221
11434 4 2 1 7 3364 195 1846 1932
11435 4 2 1 7 1966 3626 3571 3434
11436 4 2 1 7 1552 3544 249 3415
11437 4 2 1 7 1948 1871 1889 2960
11438 4 2 1 7 2070 2085 2162 3121
11439 4 2 1 7 2826 2988 3225 3284
11440 4 2 1 7 138 862 139 3126
11441 4 2 1 7 784 3381 3087 3386
11442 4 2 1 7 1370 1483 1372 3141
11443 4 2 1 7 3103 1259 204 3624
11444 4 2 1 7 2994 2933 2792 3382
11445 4 2 1 7 3545 1128 173 1006
11446 4 2 1 7 994 1100 3051 3254
11447 4 2 1 7 3538 1227 209 1304
11448 4 2 1 7 35 368 36 3319
11449 4 2 1 7 2809 3067 3066 3475
11450 4 2 1 7 1337 1269 1238 3238
11451 4 2 1 7 1489 3684 1369 1361
11452 4 2 1 7 1843 3014 3551 3434
11453 4 2 1 7 2800 3006 3081 3285
11454 4 2 1 7 112 111 707 3400
11455 4 2 1 7 37 494 98 3281
11456 4 2 1 7 1857 802 835 764
11457 4 2 1 7 1005 1003 1012 3482
11458 4 2 1 7 2149 2011 2101 3028
11459 4 2 1 7 1310 1236 3013 3304
11460 4 2 1 7 3641 2058 3316 2100
11461 4 2 1 7 1408 1409 1410 3118
11462 4 2 1 7 965 3366 955 3370
11463 4 2 1 7 1630 1631 1628 3145
11464 4 2 1 7 1626 1628 1625 3145
11465 4 2 1 7 1649 3336 1647 3231
11466 4 2 1 7 2174 2060 2178 3382
11467 4 2 1 7 1626 1775 1630 3145
11468 4 2 1 7 1952 1915 2948 3504
11469 4 2 1 7 1537 1536 3058 3472
11470 4 2 1 7 441 3413 3125 3440
11471 4 2 1 7 1878 3258 1898 3451
11472 4 2 1 7 797 775 820 2953
11473 4 2 1 7 369 384 3033 3379
11474 4 2 1 7 2828 3000 3344 3364
11475 4 2 1 7 588 589 585 3263
11476 4 2 1 7 2883 3033 3202 3414
11477 4 2 1 7 1104 195 3364 1008
11478 4 2 1 7 398 396 3217 3411
11479 4 2 1 7 1186 701 1269 3303
11480 4 2 1 7 1628 1778 1779 3022
11481 4 2 1 7 3537 1774 3002 1740
11482 4 2 1 7 471 398 448 3274
11483 4 2 1 7 796 3253 734 3407
11484 4 2 1 7 3560 3390 3112 426
11485 4 2 1 7 2804 3135 2973 3274
11486 4 2 1 7 132 468 131 3244
11487 4 2 1 7 1135 1087 1029 2927
11488 4 2 1 7 447 364 3253 3321
11489 4 2 1 7 105 3114 704 3201
11490 4 2 1 7 3036 1769 1615 1613
11491 4 2 1 7 1804 3569 1593 1720
11492 4 2 1 7 141 140 606 961
11493 4 2 1 7 643 576 577 3100
11494 4 2 1 7 1382 3374 1384 3460
11495 4 2 1 7 1154 55 1085 3002
11496 4 2 1 7 1229 1332 1319 2964
11497 4 2 1 7 2909 3417 2951 3472
11498 4 2 1 7 1620 1618 1634 774
11499 4 2 1 7 714 788 3200 3314
11500 4 2 1 7 914 3350 916 3485
11501 4 2 1 7 700 3186 2995 3193
11502 4 2 1 7 141 528 842 961
11503 4 2 1 7 2123 2176 2059 3119
11504 4 2 1 7 3345 3690 1169 3635
11505 4 2 1 7 1214 1337 3238 3303
11506 4 2 1 7 3409 2928 1899 888
11507 4 2 1 7 134 851 135 3267
11508 4 2 1 7 1983 3010 1907 3269
11509 4 2 1 7 3220 1753 1603 235
11510 4 2 1 7 2022 218 219 3640
11511 4 2 1 7 1446 3163 1443 3164
11512 4 2 1 7 2851 3259 3094 3432
11513 4 2 1 7 1165 1106 1087 3206
11514 4 2 1 7 674 653 642 3187
11515 4 2 1 7 2915 2812 3122 3435
11516 4 2 1 7 1092 1127 1063 3358
11517 4 2 1 7 804 3229 798 3389
11518 4 2 1 7 3437 3514 501 3407
11519 4 2 1 7 3625 288 1758 3534
11520 4 2 1 7 2824 2928 3014 3335
11521 4 2 1 7 2062 3208 2081 3495
11522 4 2 1 7 3597 828 833 696
11523 4 2 1 7 3629 1918 242 1962
11524 4 2 1 7 1682 3139 1772 2983
11525 4 2 1 7 3048 3195 1845 3429
11526 4 2 1 7 140 141 606 3236
11527 4 2 1 7 3003 3322 2809 3329
11528 4 2 1 7 1637 3443 1732 3264
11529 4 2 1 7 982 1196 126 3330
11530 4 2 1 7 3058 3237 2933 3450
11531 4 2 1 7 1647 2932 3231 3336
11532 4 2 1 7 1368 3681 253 1508
11533 4 2 1 7 3017 3344 1975 3364
11534 4 2 1 7 1214 1212 1199 3303
11535 4 2 1 7 1241 1225 1179 3016
11536 4 2 1 7 2853 3196 3037 3380
11537 4 2 1 7 511 444 937 3175
11538 4 2 1 7 968 842 944 3098
11539 4 2 1 7 1318 1225 1254 3028
11540 4 2 1 7 1470 1505 1506 2938
11541 4 2 1 7 788 760 3018 3314
11542 4 2 1 7 1890 3282 1926 3291
11543 4 2 1 7 1025 3547 163 1110
11544 4 2 1 7 862 3278 3310 3406
11545 4 2 1 7 1756 1773 1684 3176
11546 4 2 1 7 714 718 719 3275
11547 4 2 1 7 3658 225 226 1747
11548 4 2 1 7 888 887 1930 3409
11549 4 2 1 7 2937 3125 2807 3298
11550 4 2 1 7 3604 3143 853 926
11551 4 2 1 7 391 424 516 3473
11552 4 2 1 7 2792 3294 3058 3450
11553 4 2 1 7 378 2153 3678 3173
11554 4 2 1 7 1380 3447 1378 3513
11555 4 2 1 7 3467 3365 3192 2987
11556 4 2 1 7 1381 1516 1379 3447
11557 4 2 1 7 3640 219 2022 3185
11558 4 2 1 7 1626 1775 3145 3469
11559 4 2 1 7 831 734 767 2981
11560 4 2 1 7 1682 1681 1683 3395
11561 4 2 1 7 1371 1527 1355 2978
11562 4 2 1 7 1704 1760 1809 2981
11563 4 2 1 7 1959 1840 1914 3080
11564 4 2 1 7 3207 1916 1894 240
11565 4 2 1 7 2938 3092 3470 2796
11566 4 2 1 7 1010 2905 152 1118
11567 4 2 1 7 817 758 3094 3313
11568 4 2 1 7 1946 1875 1988 3279
11569 4 2 1 7 632 3009 634 3252
11570 4 2 1 7 1330 3671 1298 3066
11571 4 2 1 7 137 988 3501 3506
11572 4 2 1 7 981 2967 878 3204
11573 4 2 1 7 446 2957 3575 3019
11574 4 2 1 7 979 2915 940 2972
11575 4 2 1 7 3074 3219 613 3377
11576 4 2 1 7 929 937 511 444
11577 4 2 1 7 3169 3280 3071 3499
11578 4 2 1 7 1169 121 3635 3690
11579 4 2 1 7 66 641 672 3300
11580 4 2 1 7 2841 2871 3426 3118
11581 4 2 1 7 2174 2178 2110 3382
11582 4 2 1 7 1645 971 865 843
11583 4 2 1 7 2029 3490 536 3154
11584 4 2 1 7 1176 3122 3653 3355
11585 4 2 1 7 436 3327 3326 3328
11586 4 2 1 7 591 3567 3044 3266
11587 4 2 1 7 958 966 2971 3301
11588 4 2 1 7 428 472 418 3176
11589 4 2 1 7 3557 1797 1821 2977
11590 4 2 1 7 1896 1991 3138 3471
11591 4 2 1 7 3538 3631 3359 1304
11592 4 2 1 7 2174 2994 2060 3382
11593 4 2 1 7 994 170 3051 1094
11594 4 2 1 7 595 834 752 3108
11595 4 2 1 7 1537 1350 1561 3388
11596 4 2 1 7 1571 1490 3157 3510
11597 4 2 1 7 1069 1070 1166 3299
11598 4 2 1 7 1466 1464 1556 3099
11599 4 2 1 7 1592 3633 1738 286
11600 4 2 1 7 856 3097 889 3409
11601 4 2 1 7 3671 2131 3548 221
11602 4 2 1 7 1372 3116 1373 3317
11603 4 2 1 7 2976 1754 3064 3395
11604 4 2 1 7 2102 2145 2043 2921
11605 4 2 1 7 639 630 568 2980
11606 4 2 1 7 1901 1876 925 1851
11607 4 2 1 7 1549 3047 1458 3512
11608 4 2 1 7 1730 3114 1622 3332
11609 4 2 1 7 1115 1147 3017 3364
11610 4 2 1 7 3025 3137 2816 3258
11611 4 2 1 7 367 416 417 3091
11612 4 2 1 7 1133 3133 1054 3453
11613 4 2 1 7 804 718 698 3389
11614 4 2 1 7 3533 1115 3017 3364
11615 4 2 1 7 1770 1742 1678 3332
11616 4 2 1 7 1725 1730 1678 3332
11617 4 2 1 7 465 3341 3087 3386
11618 4 2 1 7 3345 1169 3690 3225
11619 4 2 1 7 495 497 442 3288
11620 4 2 1 7 746 744 731 3027
11621 4 2 1 7 778 1640 1721 3401
11622 4 2 1 7 1704 2981 1809 3224
11623 4 2 1 7 2836 2887 3298 3439
11624 4 2 1 7 1371 1372 1373 3317
11625 4 2 1 7 1636 1785 1786 3487
11626 4 2 1 7 967 3129 3048 3441
11627 4 2 1 7 1038 2950 1021 3420
11628 4 2 1 7 1444 3105 1467 1445
11629 4 2 1 7 3526 1366 1493 201
11630 4 2 1 7 1877 1876 1852 3291
11631 4 2 1 7 487 3140 2982 3329
11632 4 2 1 7 2956 1556 255 1360
11633 4 2 1 7 1966 3626 3434 1992
11634 4 2 1 7 1492 1394 3063 3262
11635 4 2 1 7 121 1169 1289 3690
11636 4 2 1 7 2843 3060 2986 2889
11637 4 2 1 7 445 3027 3006 3261
11638 4 2 1 7 1447 1445 1512 3105
11639 4 2 1 7 796 734 831 3407
11640 4 2 1 7 98 3151 37 3384
11641 4 2 1 7 433 435 912 3326
11642 4 2 1 7 546 2926 3311 3493
11643 4 2 1 7 583 3073 3078 3360
11644 4 2 1 7 1368 3681 1508 2893
11645 4 2 1 7 1120 3632 1052 1099
11646 4 2 1 7 1279 3638 3542 3064
11647 4 2 1 7 997 3563 3611 3206
11648 4 2 1 7 2002 1900 3138 3419
11649 4 2 1 7 964 955 956 3143
11650 4 2 1 7 1865 1952 1915 2948
11651 4 2 1 7 2931 2825 3145 3469
11652 4 2 1 7 3201 3332 2993 105
11653 4 2 1 7 698 714 99 2989
11654 4 2 1 7 568 2894 3197 3454
11655 4 2 1 7 1751 1712 1603 3220
11656 4 2 1 7 694 688 3308 3342
11657 4 2 1 7 2133 2083 2180 3052
11658 4 2 1 7 3021 3208 2061 3495
11659 4 2 1 7 1470 1363 2938 3470
11660 4 2 1 7 1817 1713 1654 3197
11661 4 2 1 7 1516 3083 1379 3447
11662 4 2 1 7 1666 3188 1745 3325
11663 4 2 1 7 3037 3260 2997 3448
11664 4 2 1 7 136 2883 135 3267
11665 4 2 1 7 3009 3252 2816 3308
11666 4 2 1 7 1405 3008 3086 3508
11667 4 2 1 7 456 369 500 3250
11668 4 2 1 7 1099 167 1097 3459
11669 4 2 1 7 985 3158 2915 3387
11670 4 2 1 7 1793 2926 1828 3462
11671 4 2 1 7 1186 1187 1185 3251
11672 4 2 1 7 2898 3144 2821 3463
11673 4 2 1 7 2841 3086 3063 3479
11674 4 2 1 7 483 402 41 3171
11675 4 2 1 7 2877 604 3032 3073
11676 4 2 1 7 895 890 987 3104
11677 4 2 1 7 2836 3168 3071 3237
11678 4 2 1 7 1808 1752 1596 2972
11679 4 2 1 7 2116 3156 2164 3419
11680 4 2 1 7 1848 1839 1969 3195
11681 4 2 1 7 3549 266 1794 3248
11682 4 2 1 7 133 3244 132 953
11683 4 2 1 7 476 444 401 3175
11684 4 2 1 7 2983 2812 3122 3395
11685 4 2 1 7 2875 124 3016 891
11686 4 2 1 7 50 405 3550 3685
11687 4 2 1 7 1767 1612 1611 3233
11688 4 2 1 7 49 405 371 3550
11689 4 2 1 7 3196 3260 3037 3380
11690 4 2 1 7 562 569 3121 3197
11691 4 2 1 7 3112 426 474 373
11692 4 2 1 7 721 2981 3224 767
11693 4 2 1 7 1328 3548 3627 222
11694 4 2 1 7 764 1857 802 1858
11695 4 2 1 7 2854 3250 3033 3379
11696 4 2 1 7 3267 3413 482 3440
11697 4 2 1 7 2899 3286 2818 3399
11698 4 2 1 7 3652 1497 3148 1495
11699 4 2 1 7 1637 1776 1728 3024
11700 4 2 1 7 1601 3647 2995 3396
11701 4 2 1 7 1399 3076 1396 3357
11702 4 2 1 7 377 3242 2864 3432
11703 4 2 1 7 1245 1246 1200 3045
11704 4 2 1 7 774 1620 1618 1619
11705 4 2 1 7 1348 1322 87 3408
11706 4 2 1 7 1110 3628 3547 164
11707 4 2 1 7 652 588 526 3263
11708 4 2 1 7 456 500 3131 3250
11709 4 2 1 7 1527 2978 1371 3461
11710 4 2 1 7 2999 3363 2878 3417
11711 4 2 1 7 2842 2951 2999 3294
11712 4 2 1 7 2816 3258 3188 3457
11713 4 2 1 7 116 717 2948 3265
11714 4 2 1 7 1548 1493 1357 3013
11715 4 2 1 7 1992 1843 3551 3434
11716 4 2 1 7 1896 3138 1889 3471
11717 4 2 1 7 2988 3238 95 3303
11718 4 2 1 7 1737 1736 1734 3311
11719 4 2 1 7 2806 3099 2956 3290
11720 4 2 1 7 3390 3560 3685 426
11721 4 2 1 7 2939 3251 1193 3303
11722 4 2 1 7 605 643 2176 551
11723 4 2 1 7 802 769 782 3078
11724 4 2 1 7 591 3696 59 3567
11725 4 2 1 7 1458 3047 1572 3512
11726 4 2 1 7 2816 3188 2924 3308
11727 4 2 1 7 1601 2995 1810 3396
11728 4 2 1 7 964 956 853 3143
11729 4 2 1 7 1761 1692 1691 396
11730 4 2 1 7 562 3311 2892 3493
11731 4 2 1 7 1893 1911 1966 3434
11732 4 2 1 7 242 1476 3629 1587
11733 4 2 1 7 921 127 2943 3330
11734 4 2 1 7 3634 1843 3551 297
11735 4 2 1 7 1354 3051 1564 3254
11736 4 2 1 7 1052 3632 166 1099
11737 4 2 1 7 2874 3323 2920 3508
11738 4 2 1 7 617 535 3031 3211
11739 4 2 1 7 1223 1276 1344 2915
11740 4 2 1 7 1358 1471 1575 3080
11741 4 2 1 7 3015 3300 672 3481
11742 4 2 1 7 511 444 437 3069
11743 4 2 1 7 2841 2871 3118 3004
11744 4 2 1 7 3444 3124 2818 2934
11745 4 2 1 7 3553 999 1119 157
11746 4 2 1 7 887 1934 1930 1963
11747 4 2 1 7 1923 266 1882 3248
11748 4 2 1 7 3139 941 911 1772
11749 4 2 1 7 1397 1396 1399 3076
11750 4 2 1 7 581 2828 675 3392
11751 4 2 1 7 1517 1394 1488 3149
11752 4 2 1 7 3107 3263 3101 3463
11753 4 2 1 7 1761 3217 1729 3297
11754 4 2 1 7 1441 1523 1444 3416
11755 4 2 1 7 457 467 953 404
11756 4 2 1 7 2915 2972 979 3205
11757 4 2 1 7 1052 1140 165 3552
11758 4 2 1 7 2050 2055 2041 3221
11759 4 2 1 7 432 3326 3273 434
11760 4 2 1 7 2106 2054 2141 3295
11761 4 2 1 7 2793 3043 3380 3448
11762 4 2 1 7 864 988 2999 3363
11763 4 2 1 7 2852 3210 3047 3285
11764 4 2 1 7 1514 1539 1538 3214
11765 4 2 1 7 1776 3024 1637 3480
11766 4 2 1 7 1917 1878 1852 3137
11767 4 2 1 7 2931 3264 3024 3480
11768 4 2 1 7 3663 1349 3459 168
11769 4 2 1 7 2161 3640 2022 3185
11770 4 2 1 7 1394 3149 3063 3262
11771 4 2 1 7 1367 1590 1583 3010
11772 4 2 1 7 1289 3690 1169 3225
11773 4 2 1 7 1015 1076 1074 2957
11774 4 2 1 7 2834 3087 3381 3386
11775 4 2 1 7 975 877 981 3289
11776 4 2 1 7 643 3202 605 3414
11777 4 2 1 7 3607 1296 3562 153
11778 4 2 1 7 721 2981 767 734
11779 4 2 1 7 1647 1650 1831 3336
11780 4 2 1 7 3021 3119 574 3495
11781 4 2 1 7 2147 2162 3121 3455
11782 4 2 1 7 111 3219 691 3400
11783 4 2 1 7 60 1080 3673 1081
11784 4 2 1 7 2085 2081 2068 3208
11785 4 2 1 7 998 1005 1037 3482
11786 4 2 1 7 136 926 532 853
11787 4 2 1 7 433 442 912 435
11788 4 2 1 7 2026 3119 2059 3414
11789 4 2 1 7 3016 3028 2818 3456
11790 4 2 1 7 1255 3124 2934 3456
11791 4 2 1 7 937 929 858 444
11792 4 2 1 7 2143 2073 2152 3351
11793 4 2 1 7 3468 687 107 3449
11794 4 2 1 7 1299 2875 2978 3331
11795 4 2 1 7 2890 2830 3178 3509
11796 4 2 1 7 3372 1356 261 3554
11797 4 2 1 7 1077 1076 1015 2957
11798 4 2 1 7 2086 2179 2129 2934
11799 4 2 1 7 3665 2010 2012 3234
11800 4 2 1 7 3372 261 1356 1565
11801 4 2 1 7 1320 1272 3225 3230
11802 4 2 1 7 1666 1663 1665 2946
11803 4 2 1 7 3298 3294 2937 3413
11804 4 2 1 7 914 916 956 3485
11805 4 2 1 7 751 3338 754 3386
11806 4 2 1 7 880 986 878 3356
11807 4 2 1 7 1807 2926 1793 3289
11808 4 2 1 7 1601 1798 1706 2995
11809 4 2 1 7 507 2973 2981 3411
11810 4 2 1 7 1120 1069 1166 3165
11811 4 2 1 7 1270 3555 1230 211
11812 4 2 1 7 2823 3140 2982 3173
11813 4 2 1 7 1458 1462 1572 3047
11814 4 2 1 7 544 1657 1766 1659
11815 4 2 1 7 744 727 731 3027
11816 4 2 1 7 1047 1028 1073 3026
11817 4 2 1 7 2825 2992 3114 3469
11818 4 2 1 7 2084 3372 2940 3505
11819 4 2 1 7 1087 1049 1084 3241
11820 4 2 1 7 3241 3504 3017 2814
11821 4 2 1 7 1508 2956 254 1360
11822 4 2 1 7 1961 1916 1894 3207
11823 4 2 1 7 1896 1991 1968 3138
11824 4 2 1 7 1755 472 1685 423
11825 4 2 1 7 2812 2915 3387 3435
11826 4 2 1 7 1717 1716 1597 3289
11827 4 2 1 7 1536 1421 3058 3393
11828 4 2 1 7 2915 2972 3205 3355
11829 4 2 1 7 3015 3096 2811 3481
11830 4 2 1 7 994 1138 1100 3254
11831 4 2 1 7 1898 2924 3451 3258
11832 4 2 1 7 1129 1058 1059 3070
11833 4 2 1 7 1272 1234 1320 3225
11834 4 2 1 7 3 1080 3673 3591
11835 4 2 1 7 511 937 485 3175
11836 4 2 1 7 1901 1986 925 1963
11837 4 2 1 7 583 593 653 3360
11838 4 2 1 7 1152 60 1081 1080
11839 4 2 1 7 1714 3122 3205 3355
11840 4 2 1 7 1223 1224 1222 3158
11841 4 2 1 7 2820 2878 3126 3363
11842 4 2 1 7 1666 1663 2946 3325
11843 4 2 1 7 2013 2132 2121 3434
11844 4 2 1 7 3632 166 167 1559
11845 4 2 1 7 3557 2172 3616 292
11846 4 2 1 7 2813 2985 3245 2843
11847 4 2 1 7 42 2887 3280 41
11848 4 2 1 7 1804 3258 3025 3457
11849 4 2 1 7 3505 3155 2820 2866
11850 4 2 1 7 805 806 1184 1182
11851 4 2 1 7 143 848 142 3039
11852 4 2 1 7 1410 3118 1409 3426
11853 4 2 1 7 131 3131 420 468
11854 4 2 1 7 2993 3309 1664 3425
11855 4 2 1 7 2981 3153 831 3407
11856 4 2 1 7 1359 1507 1584 3207
11857 4 2 1 7 934 3184 938 3387
11858 4 2 1 7 3541 3642 3080 1358
11859 4 2 1 7 1571 1490 1368 3157
11860 4 2 1 7 3658 1813 1747 3224
11861 4 2 1 7 875 3235 2930 3458
11862 4 2 1 7 817 756 3313 3403
11863 4 2 1 7 377 3384 492 3432
11864 4 2 1 7 1585 1471 1358 3080
11865 4 2 1 7 3651 1123 1136 3044
11866 4 2 1 7 1849 1854 1845 3048
11867 4 2 1 7 1124 2964 159 1122
11868 4 2 1 7 1382 2942 3374 3460
11869 4 2 1 7 1489 1361 1490 2965
11870 4 2 1 7 3668 2005 1842 113
11871 4 2 1 7 2963 3043 2831 3442
11872 4 2 1 7 1234 2988 1306 3225
11873 4 2 1 7 3041 3433 2801 2864
11874 4 2 1 7 1253 1246 1245 3461
11875 4 2 1 7 3643 1291 3556 214
11876 4 2 1 7 1877 1852 3137 3291
11877 4 2 1 7 2807 3136 3298 3466
11878 4 2 1 7 760 719 3245 3314
11879 4 2 1 7 639 1654 559 563
11880 4 2 1 7 3557 1607 3630 291
11881 4 2 1 7 507 2973 471 3253
11882 4 2 1 7 3437 3514 3407 3153
11883 4 2 1 7 1578 1587 1359 3207
11884 4 2 1 7 634 3009 680 3252
11885 4 2 1 7 3467 3365 2987 709
11886 4 2 1 7 1707 703 1669 1721
11887 4 2 1 7 539 2967 651 3369
11888 4 2 1 7 3298 3294 3413 2836
11889 4 2 1 7 1235 1313 1270 2965
11890 4 2 1 7 1193 3251 2939 3418
11891 4 2 1 7 1339 1255 2934 3456
11892 4 2 1 7 233 1174 2923 1262
11893 4 2 1 7 3007 3243 3223 3422
11894 4 2 1 7 1104 1113 1167 3000
11895 4 2 1 7 2967 3289 1716 3462
11896 4 2 1 7 2926 3204 546 3462
11897 4 2 1 7 1431 1439 1440 3334
11898 4 2 1 7 1254 1339 1198 3456
11899 4 2 1 7 2172 292 16 3616
11900 4 2 1 7 742 760 719 3245
11901 4 2 1 7 1272 1273 1213 3230
11902 4 2 1 7 1856 1998 1974 2984
11903 4 2 1 7 1913 1951 1843 3014
11904 4 2 1 7 1015 385 1027 2827
11905 4 2 1 7 889 2971 3129 3409
11906 4 2 1 7 466 509 372 3386
11907 4 2 1 7 1564 1563 1506 3209
11908 4 2 1 7 1304 210 3631 1270
11909 4 2 1 7 3101 2821 3423 3463
11910 4 2 1 7 2818 3444 3515 2945
11911 4 2 1 7 1512 1467 1567 3105
11912 4 2 1 7 3559 1816 1592 3117
11913 4 2 1 7 3639 1040 3558 176
11914 4 2 1 7 2096 2077 2141 3295
11915 4 2 1 7 2834 3381 3338 3386
11916 4 2 1 7 3557 2172 2977 3616
11917 4 2 1 7 1599 1799 3566 722
11918 4 2 1 7 1120 3632 1099 2914
11919 4 2 1 7 3395 3477 3064 2976
11920 4 2 1 7 1594 3064 1805 3122
11921 4 2 1 7 2820 2878 3363 3417
11922 4 2 1 7 2812 3142 3064 3477
11923 4 2 1 7 1879 1877 1878 3137
11924 4 2 1 7 788 3018 689 3433
11925 4 2 1 7 1050 1119 1078 3061
11926 4 2 1 7 1384 1382 1385 3374
11927 4 2 1 7 2811 3160 3096 3446
11928 4 2 1 7 594 595 665 3108
11929 4 2 1 7 2819 2892 3295 3239
11930 4 2 1 7 1051 3605 1089 3113
11931 4 2 1 7 3376 3141 3359 2875
11932 4 2 1 7 942 946 943 3183
11933 4 2 1 7 2819 2892 3239 3493
11934 4 2 1 7 803 765 2976 3477
11935 4 2 1 7 1677 2967 1766 3369
11936 4 2 1 7 602 598 589 3276
11937 4 2 1 7 2063 2098 2101 3340
11938 4 2 1 7 1477 1561 3388 3472
11939 4 2 1 7 1701 3112 1718 3390
11940 4 2 1 7 1592 3633 286 3559
11941 4 2 1 7 2048 3340 2120 3515
11942 4 2 1 7 2033 3109 2032 3478
11943 4 2 1 7 3014 3154 2824 3316
11944 4 2 1 7 888 887 1934 1930
11945 4 2 1 7 2891 1452 3410 3496
11946 4 2 1 7 1858 818 1897 801
11947 4 2 1 7 767 3153 2981 3224
11948 4 2 1 7 1186 701 805 1183
11949 4 2 1 7 508 413 452 3069
11950 4 2 1 7 2898 2821 3263 3463
11951 4 2 1 7 1869 1870 1867 3097
11952 4 2 1 7 1270 3555 211 3684
11953 4 2 1 7 533 542 540 3293
11954 4 2 1 7 2099 52 3112 2168
11955 4 2 1 7 797 2953 3240 3270
11956 4 2 1 7 997 3563 3206 1135
11957 4 2 1 7 59 58 3567 1011
11958 4 2 1 7 1444 3105 1445 3164
11959 4 2 1 7 1996 1950 1886 2977
11960 4 2 1 7 2843 3164 3163 3245
11961 4 2 1 7 3163 3164 2869 3245
11962 4 2 1 7 1794 1750 1749 2911
11963 4 2 1 7 1225 1216 1179 3376
11964 4 2 1 7 2179 2934 2086 3515
11965 4 2 1 7 441 3327 436 3328
11966 4 2 1 7 1542 3043 1521 3427
11967 4 2 1 7 1980 3177 1940 3451
11968 4 2 1 7 3547 3689 3030 1025
11969 4 2 1 7 804 698 3260 3389
11970 4 2 1 7 111 110 3219 3282
11971 4 2 1 7 3656 1328 3067 3627
11972 4 2 1 7 67 567 66 3324
11973 4 2 1 7 1120 1166 2998 3165
11974 4 2 1 7 914 3012 915 3350
11975 4 2 1 7 1233 1285 1307 3166
11976 4 2 1 7 2936 3100 2878 3506
11977 4 2 1 7 1569 259 3573 1477
11978 4 2 1 7 3036 1769 1613 3391
11979 4 2 1 7 2062 2061 3208 3495
11980 4 2 1 7 1600 288 1758 3625
11981 4 2 1 7 758 695 3259 3313
11982 4 2 1 7 561 2931 631 3480
11983 4 2 1 7 176 1795 3558 3639
11984 4 2 1 7 1741 1786 1788 3144
11985 4 2 1 7 3639 1795 3558 2964
11986 4 2 1 7 2068 2062 2061 3208
11987 4 2 1 7 2965 2795 3157 3510
11988 4 2 1 7 874 3045 122 3635
11989 4 2 1 7 1970 3048 1854 3441
11990 4 2 1 7 100 101 3384 3432
11991 4 2 1 7 2897 3160 2874 3446
11992 4 2 1 7 1459 3008 1405 3508
11993 4 2 1 7 718 804 798 3389
11994 4 2 1 7 2963 2831 3146 3442
11995 4 2 1 7 581 675 810 3392
11996 4 2 1 7 1540 3216 1539 3410
11997 4 2 1 7 1709 3153 1760 3514
11998 4 2 1 7 1789 1695 1791 3217
11999 4 2 1 7 1477 1437 1561 3472
12000 4 2 1 7 3593 524 1139 1126
12001 4 2 1 7 435 912 910 909
12002 4 2 1 7 3696 1126 59 1011
12003 4 2 1 7 422 2981 507 3407
12004 4 2 1 7 3185 2161 2079 2181
12005 4 2 1 7 1832 1711 1825 3003
12006 4 2 1 7 3523 1860 1847 1856
12007 4 2 1 7 2804 3135 3274 3358
12008 4 2 1 7 1415 1529 1419 3152
12009 4 2 1 7 910 912 435 3326
12010 4 2 1 7 421 465 382 3110
12011 4 2 1 7 3298 479 2887 383
12012 4 2 1 7 1691 3217 1695 1761
12013 4 2 1 7 2077 2057 2070 3054
12014 4 2 1 7 3632 1557 1559 2998
12015 4 2 1 7 3595 3665 3234 2010
12016 4 2 1 7 1820 2980 1652 3454
12017 4 2 1 7 3686 1177 3553 156
12018 4 2 1 7 3665 2010 53 2012
12019 4 2 1 7 3112 490 3595 373
12020 4 2 1 7 803 3408 832 3477
12021 4 2 1 7 1046 1017 1014 2959
12022 4 2 1 7 2004 1844 1970 3421
12023 4 2 1 7 3546 3664 3190 1555
12024 4 2 1 7 2842 3212 3333 3375
12025 4 2 1 7 782 3134 723 795
12026 4 2 1 7 294 1958 3561 3419
12027 4 2 1 7 2854 456 3234 3131
12028 4 2 1 7 1864 1919 1910 3323
12029 4 2 1 7 544 547 1659 3369
12030 4 2 1 7 3653 1594 3542 230
12031 4 2 1 7 2859 3282 2918 3291
12032 4 2 1 7 745 740 3005 3261
12033 4 2 1 7 942 936 2983 3435
12034 4 2 1 7 3201 3332 105 3114
12035 4 2 1 7 611 3180 2885 3271
12036 4 2 1 7 632 3235 3009 3394
12037 4 2 1 7 1876 3687 860 1851
12038 4 2 1 7 1540 2961 3216 3410
12039 4 2 1 7 2927 3206 1087 3241
12040 4 2 1 7 71 3143 72 533
12041 4 2 1 7 917 912 433 497
12042 4 2 1 7 851 457 404 365
12043 4 2 1 7 447 32 364 3321
12044 4 2 1 7 2816 3137 3025 3458
12045 4 2 1 7 609 579 538 3204
12046 4 2 1 7 1979 3206 1964 3504
12047 4 2 1 7 2951 3375 1420 3393
12048 4 2 1 7 1731 1627 1725 3425
12049 4 2 1 7 445 463 464 3027
12050 4 2 1 7 844 2937 952 3506
12051 4 2 1 7 1616 1763 822 1640
12052 4 2 1 7 528 944 141 842
12053 4 2 1 7 1647 2932 3336 1701
12054 4 2 1 7 488 489 424 3268
12055 4 2 1 7 679 3246 567 2912
12056 4 2 1 7 1635 1633 911 913
12057 4 2 1 7 133 3131 500 3250
12058 4 2 1 7 2002 1900 1968 3138
12059 4 2 1 7 469 3286 2899 3399
12060 4 2 1 7 1426 3237 1427 3290
12061 4 2 1 7 1343 1305 1247 3061
12062 4 2 1 7 988 2999 3363 3506
12063 4 2 1 7 3013 3103 2805 3304
12064 4 2 1 7 2859 3219 3074 3377
12065 4 2 1 7 3595 3665 2010 53
12066 4 2 1 7 1776 1637 1775 3480
12067 4 2 1 7 3419 2100 2024 295
12068 4 2 1 7 1131 2927 190 1029
12069 4 2 1 7 909 3093 902 3383
12070 4 2 1 7 1805 3064 1754 3395
12071 4 2 1 7 2112 2110 3382 3388
12072 4 2 1 7 1625 1628 1779 3307
12073 4 2 1 7 1028 1047 1030 3026
12074 4 2 1 7 1629 1779 1781 3307
12075 4 2 1 7 2978 3317 1371 3461
12076 4 2 1 7 3677 2176 2123 551
12077 4 2 1 7 875 2930 3194 3458
12078 4 2 1 7 3666 1860 3523 3115
12079 4 2 1 7 1216 1313 1235 3376
12080 4 2 1 7 1423 3046 1436 3439
12081 4 2 1 7 3126 3363 2878 3501
12082 4 2 1 7 3153 1710 1799 3408
12083 4 2 1 7 1443 3163 1513 3507
12084 4 2 1 7 406 2908 407 3305
12085 4 2 1 7 2896 2824 3316 3335
12086 4 2 1 7 3322 378 407 48
12087 4 2 1 7 1363 1505 1470 2938
12088 4 2 1 7 1122 3637 158 999
12089 4 2 1 7 554 3235 651 3356
12090 4 2 1 7 534 604 2877 3073
12091 4 2 1 7 2119 2010 2168 3234
12092 4 2 1 7 1119 1050 1107 3061
12093 4 2 1 7 2857 3273 3183 3326
12094 4 2 1 7 1221 1222 1211 3142
12095 4 2 1 7 1973 1972 1846 3000
12096 4 2 1 7 3553 999 157 3637
12097 4 2 1 7 1304 1235 1270 3359
12098 4 2 1 7 831 2981 767 3153
12099 4 2 1 7 941 1768 1772 1671
12100 4 2 1 7 554 72 667 3098
12101 4 2 1 7 2834 3031 3338 3381
12102 4 2 1 7 477 499 488 3423
12103 4 2 1 7 58 3535 550 3044
12104 4 2 1 7 1044 3562 154 1086
12105 4 2 1 7 1043 1041 1042 2947
12106 4 2 1 7 1701 3112 2932 3336
12107 4 2 1 7 3003 3322 2067 3475
12108 4 2 1 7 3651 1611 3044 1605
12109 4 2 1 7 1353 1567 1467 3299
12110 4 2 1 7 1519 1457 1547 3103
12111 4 2 1 7 722 803 3153 3408
12112 4 2 1 7 394 461 393 1783
12113 4 2 1 7 2818 3034 2945 3399
12114 4 2 1 7 3244 457 467 953
12115 4 2 1 7 3686 1119 3061 1078
12116 4 2 1 7 1263 3220 1264 3402
12117 4 2 1 7 451 379 415 3399
12118 4 2 1 7 2972 3355 2915 3494
12119 4 2 1 7 1585 1588 1460 3148
12120 4 2 1 7 932 934 933 3184
12121 4 2 1 7 144 143 3115 3362
12122 4 2 1 7 2897 3096 3160 3446
12123 4 2 1 7 3594 605 2097 2176
12124 4 2 1 7 3007 3333 3375 2882
12125 4 2 1 7 1714 1808 2972 3205
12126 4 2 1 7 2981 3253 507 3407
12127 4 2 1 7 889 958 966 2971
12128 4 2 1 7 835 769 3078 3360
12129 4 2 1 7 1795 176 1608 3639
12130 4 2 1 7 1193 2939 1213 3418
12131 4 2 1 7 1634 1618 772 774
12132 4 2 1 7 1500 1501 1566 3072
12133 4 2 1 7 1781 1755 1764 462
12134 4 2 1 7 413 452 3069 3328
12135 4 2 1 7 3696 1126 1011 1112
12136 4 2 1 7 456 3131 490 3234
12137 4 2 1 7 2861 3274 3135 3358
12138 4 2 1 7 2813 3164 3105 3416
12139 4 2 1 7 924 3004 3301 3436
12140 4 2 1 7 3555 1580 3669 212
12141 4 2 1 7 398 396 395 3217
12142 4 2 1 7 1279 3638 3064 1243
12143 4 2 1 7 49 48 2025 3322
12144 4 2 1 7 542 2992 662 3201
12145 4 2 1 7 2970 3047 3296 1549
12146 4 2 1 7 2130 2015 2040 2966
12147 4 2 1 7 1443 1441 1444 3164
12148 4 2 1 7 1649 3231 1643 3443
12149 4 2 1 7 1571 1485 1490 3510
12150 4 2 1 7 1646 1701 1705 2932
12151 4 2 1 7 1424 1537 1536 3058
12152 4 2 1 7 2150 2137 2067 3003
12153 4 2 1 7 997 3563 1135 192
12154 4 2 1 7 1228 1205 1247 3404
12155 4 2 1 7 3136 3352 2807 3374
12156 4 2 1 7 1251 1266 1192 3049
12157 4 2 1 7 2123 2104 573 3495
12158 4 2 1 7 111 3282 3219 3421
12159 4 2 1 7 3468 687 3449 3089
12160 4 2 1 7 1844 3532 1936 1838
12161 4 2 1 7 1110 3628 164 1140
12162 4 2 1 7 777 820 819 3463
12163 4 2 1 7 3532 1936 830 3421
12164 4 2 1 7 3281 3120 39 2997
12165 4 2 1 7 3505 2820 2940 3052
12166 4 2 1 7 1657 1661 558 3462
12167 4 2 1 7 662 2993 2992 3425
12168 4 2 1 7 785 817 3018 3403
12169 4 2 1 7 789 3430 3319 3320
12170 4 2 1 7 647 61 62 2991
12171 4 2 1 7 1906 1974 1998 2984
12172 4 2 1 7 1215 1314 1255 3124
12173 4 2 1 7 3283 2929 3366 556
12174 4 2 1 7 1724 1814 1723 3353
12175 4 2 1 7 934 3170 3184 3387
12176 4 2 1 7 3437 831 3153 3407
12177 4 2 1 7 3091 3142 2812 3477
12178 4 2 1 7 3180 3271 611 3484
12179 4 2 1 7 1115 3533 194 3364
12180 4 2 1 7 366 479 40 3466
12181 4 2 1 7 2025 49 3322 2067
12182 4 2 1 7 3067 3220 2809 3402
12183 4 2 1 7 1858 1859 1857 3467
12184 4 2 1 7 1203 806 1184 3404
12185 4 2 1 7 920 3204 848 3362
12186 4 2 1 7 1608 1795 3639 3135
12187 4 2 1 7 944 945 968 3098
12188 4 2 1 7 2938 1138 1103 3254
12189 4 2 1 7 99 3281 2989 2864
12190 4 2 1 7 2151 2127 3066 3475
12191 4 2 1 7 3629 1918 3659 242
12192 4 2 1 7 727 711 726 3059
12193 4 2 1 7 2097 605 3202 3414
12194 4 2 1 7 759 95 94 3238
12195 4 2 1 7 51 3685 426 496
12196 4 2 1 7 1803 3564 2924 1798
12197 4 2 1 7 1932 194 1931 3364
12198 4 2 1 7 545 3180 611 3484
12199 4 2 1 7 478 417 416 3091
12200 4 2 1 7 1411 1410 1409 3426
12201 4 2 1 7 1517 1492 1394 3063
12202 4 2 1 7 495 3288 442 3492
12203 4 2 1 7 1122 3637 999 3049
12204 4 2 1 7 1357 1519 1547 3103
12205 4 2 1 7 1281 1209 1265 3402
12206 4 2 1 7 3581 1757 3657 224
12207 4 2 1 7 1702 1713 1827 3454
12208 4 2 1 7 761 762 3177 3346
12209 4 2 1 7 2013 2121 2096 3035
12210 4 2 1 7 462 472 1755 423
12211 4 2 1 7 3581 1757 2895 3657
12212 4 2 1 7 1546 1352 1534 3182
12213 4 2 1 7 1858 818 764 3692
12214 4 2 1 7 2964 1192 1290 159
12215 4 2 1 7 2915 3158 985 3494
12216 4 2 1 7 619 618 535 3403
12217 4 2 1 7 379 469 2979 3399
12218 4 2 1 7 2069 2156 2038 3318
12219 4 2 1 7 2828 2968 581 3312
12220 4 2 1 7 1137 1031 1117 3161
12221 4 2 1 7 1356 1565 1475 3372
12222 4 2 1 7 1609 1794 266 3248
12223 4 2 1 7 1655 563 558 559
12224 4 2 1 7 1976 1872 2000 2962
12225 4 2 1 7 381 3242 3093 3383
12226 4 2 1 7 86 677 3565 2944
12227 4 2 1 7 637 590 599 3218
12228 4 2 1 7 1956 1908 1960 3269
12229 4 2 1 7 1975 1979 1888 3344
12230 4 2 1 7 1422 1436 1423 3046
12231 4 2 1 7 3219 3282 2859 3421
12232 4 2 1 7 1334 1221 1210 3142
12233 4 2 1 7 876 925 882 3291
12234 4 2 1 7 3650 1753 1832 3067
12235 4 2 1 7 3650 1753 3067 1823
12236 4 2 1 7 1801 3220 1712 3272
12237 4 2 1 7 721 734 833 3348
12238 4 2 1 7 1884 1895 1910 3160
12239 4 2 1 7 1580 212 13 3669
12240 4 2 1 7 784 3087 2985 3341
12241 4 2 1 7 1631 1630 1632 3264
12242 4 2 1 7 1598 184 3574 1771
12243 4 2 1 7 103 2929 102 3259
12244 4 2 1 7 609 608 3039 3493
12245 4 2 1 7 1795 2964 3639 3135
12246 4 2 1 7 1737 1818 1713 3311
12247 4 2 1 7 1750 2911 3248 3353
12248 4 2 1 7 1034 1049 1106 3241
12249 4 2 1 7 1637 1630 1775 3264
12250 4 2 1 7 1354 1564 1506 3254
12251 4 2 1 7 1825 3620 1744 1610
12252 4 2 1 7 2864 3041 3120 2801
12253 4 2 1 7 3669 3664 1580 3190
12254 4 2 1 7 511 434 485 3273
12255 4 2 1 7 1663 1664 1665 3309
12256 4 2 1 7 777 834 779 3107
12257 4 2 1 7 797 2953 739 3240
12258 4 2 1 7 3595 475 3234 3665
12259 4 2 1 7 1714 2972 1596 3355
12260 4 2 1 7 1774 1790 1591 3113
12261 4 2 1 7 1330 3066 1265 3402
12262 4 2 1 7 1524 1532 1481 3132
12263 4 2 1 7 3570 3671 3066 1298
12264 4 2 1 7 616 3015 614 3271
12265 4 2 1 7 1614 3036 3233 3445
12266 4 2 1 7 2832 3130 3075 3511
12267 4 2 1 7 2997 3260 2989 3448
12268 4 2 1 7 1916 1907 1883 3010
12269 4 2 1 7 550 637 3044 3233
12270 4 2 1 7 614 616 672 3015
12271 4 2 1 7 1632 1637 1732 3264
12272 4 2 1 7 28 465 466 3341
12273 4 2 1 7 1661 1737 1817 3311
12274 4 2 1 7 810 581 586 675
12275 4 2 1 7 2128 2060 2174 2994
12276 4 2 1 7 1976 1894 1962 3207
12277 4 2 1 7 1872 1895 1884 3160
12278 4 2 1 7 3555 1580 3190 3669
12279 4 2 1 7 1867 3097 1870 3409
12280 4 2 1 7 1691 3217 1761 396
12281 4 2 1 7 2887 3439 3071 3499
12282 4 2 1 7 3051 1354 1570 170
12283 4 2 1 7 446 3019 21 3405
12284 4 2 1 7 1623 1762 1621 3270
12285 4 2 1 7 1621 1636 1619 3270
12286 4 2 1 7 1785 1636 1762 3270
12287 4 2 1 7 1378 3077 1376 3513
12288 4 2 1 7 432 431 370 3184
12289 4 2 1 7 1867 1866 3129 3409
12290 4 2 1 7 371 406 407 3305
12291 4 2 1 7 449 2913 503 3256
12292 4 2 1 7 1225 1179 3016 3376
12293 4 2 1 7 542 3012 540 3293
12294 4 2 1 7 1713 1817 1737 3311
12295 4 2 1 7 2128 2060 2994 3478
12296 4 2 1 7 3101 3263 2821 3463
12297 4 2 1 7 31 30 3172 3347
12298 4 2 1 7 766 3566 3649 88
12299 4 2 1 7 1038 3215 2950 3420
12300 4 2 1 7 1468 2998 1467 3416
12301 4 2 1 7 2100 2024 2164 3419
12302 4 2 1 7 784 760 742 2985
12303 4 2 1 7 1713 3197 1827 3454
12304 4 2 1 7 1922 3541 3148 1834
12305 4 2 1 7 781 3276 815 3277
12306 4 2 1 7 2118 2022 219 3185
12307 4 2 1 7 2053 2048 2120 3515
12308 4 2 1 7 3115 3362 2819 3452
12309 4 2 1 7 1943 3609 1886 2977
12310 4 2 1 7 2818 3349 3016 3456
12311 4 2 1 7 2937 2999 952 3506
12312 4 2 1 7 1016 1062 1083 3361
12313 4 2 1 7 1818 1737 1734 3311
12314 4 2 1 7 1183 1186 701 1269
12315 4 2 1 7 771 690 2881 3277
12316 4 2 1 7 3428 3280 3062 42
12317 4 2 1 7 1983 1907 1908 3269
12318 4 2 1 7 2976 765 3437 3477
12319 4 2 1 7 3569 1905 3258 2001
12320 4 2 1 7 1723 1722 1724 3401
12321 4 2 1 7 58 591 3567 3044
12322 4 2 1 7 935 979 940 2972
12323 4 2 1 7 610 3126 78 3491
12324 4 2 1 7 478 96 95 787
12325 4 2 1 7 1677 1716 1766 2967
12326 4 2 1 7 375 425 389 3337
12327 4 2 1 7 1879 1878 1898 3451
12328 4 2 1 7 1269 701 3238 3303
12329 4 2 1 7 567 3246 645 3324
12330 4 2 1 7 651 554 555 3235
12331 4 2 1 7 1886 3609 1942 301
12332 4 2 1 7 3666 3249 3115 143
12333 4 2 1 7 1281 1173 1346 3185
12334 4 2 1 7 3661 3575 446 2957
12335 4 2 1 7 224 223 1757 3657
12336 4 2 1 7 1624 1622 1730 3114
12337 4 2 1 7 2809 3066 2982 3475
12338 4 2 1 7 67 668 567 3181
12339 4 2 1 7 2972 1714 3205 3355
12340 4 2 1 7 1398 1484 1541 3169
12341 4 2 1 7 2135 2013 2096 3035
12342 4 2 1 7 979 2972 935 3205
12343 4 2 1 7 612 623 670 3134
12344 4 2 1 7 2811 3079 2962 3160
12345 4 2 1 7 570 3208 3021 3495
12346 4 2 1 7 570 3021 574 3495
12347 4 2 1 7 662 2992 561 3425
12348 4 2 1 7 251 3669 1580 13
12349 4 2 1 7 1498 3642 247 1358
12350 4 2 1 7 2851 3283 2955 3378
12351 4 2 1 7 1254 3016 1241 3456
12352 4 2 1 7 1356 1474 1473 2940
12353 4 2 1 7 1500 1566 1362 3072
12354 4 2 1 7 2842 2951 3294 3393
12355 4 2 1 7 754 3381 784 3386
12356 4 2 1 7 1376 1520 1392 3499
12357 4 2 1 7 1480 1392 1479 3499
12358 4 2 1 7 2850 3043 3427 3448
12359 4 2 1 7 1643 1649 1647 3231
12360 4 2 1 7 2029 536 3490 673
12361 4 2 1 7 427 404 403 3327
12362 4 2 1 7 620 3029 618 3313
12363 4 2 1 7 2840 3447 3136 3513
12364 4 2 1 7 267 266 1923 3248
12365 4 2 1 7 3135 3217 2861 1791
12366 4 2 1 7 1337 1199 1269 3303
12367 4 2 1 7 1395 3083 1516 3427
12368 4 2 1 7 2045 2151 2127 3066
12369 4 2 1 7 3376 3141 2875 3488
12370 4 2 1 7 585 3036 592 3391
12371 4 2 1 7 1825 3620 1610 3003
12372 4 2 1 7 2037 2036 2035 2979
12373 4 2 1 7 1255 3587 3456 1241
12374 4 2 1 7 1890 1926 1877 3291
12375 4 2 1 7 1308 1257 1171 3167
12376 4 2 1 7 615 3134 656 3438
12377 4 2 1 7 2079 3173 2074 3444
12378 4 2 1 7 2926 3289 3204 3462
12379 4 2 1 7 2985 3087 3042 3341
12380 4 2 1 7 883 3484 967 886
12381 4 2 1 7 138 3363 3126 3501
12382 4 2 1 7 1201 3028 1274 215
12383 4 2 1 7 1071 1141 1067 3133
12384 4 2 1 7 1105 1028 1003 3106
12385 4 2 1 7 62 63 529 2991
12386 4 2 1 7 2905 1331 151 3660
12387 4 2 1 7 920 144 892 3362
12388 4 2 1 7 1933 3564 3618 270
12389 4 2 1 7 905 886 923 3180
12390 4 2 1 7 3415 248 1924 249
12391 4 2 1 7 2024 294 2136 3419
12392 4 2 1 7 1090 1048 1067 3473
12393 4 2 1 7 2017 2026 2019 3379
12394 4 2 1 7 431 417 3091 3170
12395 4 2 1 7 897 987 874 3345
12396 4 2 1 7 489 375 32 3430
12397 4 2 1 7 2985 3087 784 3381
12398 4 2 1 7 2064 2091 2041 3154
12399 4 2 1 7 889 966 967 3129
12400 4 2 1 7 534 580 2968 3128
12401 4 2 1 7 2114 2109 2108 3099
12402 4 2 1 7 1429 1431 1533 3371
12403 4 2 1 7 170 994 3051 3254
12404 4 2 1 7 103 556 548 2929
12405 4 2 1 7 3037 3196 2853 3199
12406 4 2 1 7 2961 3427 2850 3496
12407 4 2 1 7 380 3413 482 3367
12408 4 2 1 7 3612 1078 1044 155
12409 4 2 1 7 2881 3029 757 3108
12410 4 2 1 7 777 3107 779 3463
12411 4 2 1 7 1807 1736 1793 2926
12412 4 2 1 7 1701 1718 1705 3390
12413 4 2 1 7 2920 3323 1496 3508
12414 4 2 1 7 1973 1975 3344 3364
12415 4 2 1 7 619 645 567 3246
12416 4 2 1 7 1568 1360 1464 2956
12417 4 2 1 7 1700 1792 1791 3135
12418 4 2 1 7 413 512 452 3328
12419 4 2 1 7 470 397 390 3085
12420 4 2 1 7 828 833 734 3348
12421 4 2 1 7 3223 974 3422 3343
12422 4 2 1 7 2984 2819 3362 3452
12423 4 2 1 7 1681 1682 1673 2983
12424 4 2 1 7 3172 3347 2907 3430
12425 4 2 1 7 754 3381 3338 3403
12426 4 2 1 7 3103 3247 2805 3304
12427 4 2 1 7 1912 3014 1843 3434
12428 4 2 1 7 39 40 2997 3120
12429 4 2 1 7 1677 1679 1715 3194
12430 4 2 1 7 1261 1310 1236 3013
12431 4 2 1 7 1720 3569 1593 272
12432 4 2 1 7 2036 2038 2156 3318
12433 4 2 1 7 1935 1971 1957 3161
12434 4 2 1 7 408 406 474 3050
12435 4 2 1 7 3634 2091 3316 2058
12436 4 2 1 7 1142 1022 1024 3128
12437 4 2 1 7 1738 1592 1739 3117
12438 4 2 1 7 3570 219 1173 3185
12439 4 2 1 7 656 615 614 3134
12440 4 2 1 7 700 694 2995 3342
12441 4 2 1 7 3240 375 3320 363
12442 4 2 1 7 1890 2004 1926 3282
12443 4 2 1 7 2056 2057 2055 3221
12444 4 2 1 7 2978 3141 2875 3359
12445 4 2 1 7 439 2910 3242 3383
12446 4 2 1 7 1092 2861 1002 177
12447 4 2 1 7 3551 2132 2092 298
12448 4 2 1 7 1713 1654 3197 3454
12449 4 2 1 7 1289 1169 1320 3225
12450 4 2 1 7 802 763 2987 3392
12451 4 2 1 7 521 3098 554 3356
12452 4 2 1 7 1115 194 1008 3364
12453 4 2 1 7 1589 1459 1405 3508
12454 4 2 1 7 547 555 3309 3325
12455 4 2 1 7 1218 1248 1217 3516
12456 4 2 1 7 1320 1287 1272 3230
12457 4 2 1 7 3552 3628 3299 1140
12458 4 2 1 7 3081 3229 712 3474
12459 4 2 1 7 848 3204 986 3356
12460 4 2 1 7 703 1721 770 1727
12461 4 2 1 7 997 3563 192 3611
12462 4 2 1 7 1183 805 1184 1182
12463 4 2 1 7 1365 1552 249 3415
12464 4 2 1 7 488 3101 424 3423
12465 4 2 1 7 1469 1470 3092 3470
12466 4 2 1 7 677 2944 553 3490
12467 4 2 1 7 2074 2075 2069 3173
12468 4 2 1 7 9 151 1331 3660
12469 4 2 1 7 862 3126 138 3363
12470 4 2 1 7 470 376 498 3127
12471 4 2 1 7 1714 3122 3355 1719
12472 4 2 1 7 3661 446 385 2957
12473 4 2 1 7 3458 3457 3394 2930
12474 4 2 1 7 751 756 754 3403
12475 4 2 1 7 1458 1451 1462 3047
12476 4 2 1 7 2147 2105 2162 3455
12477 4 2 1 7 1432 1531 1373 3317
12478 4 2 1 7 1913 3014 1990 3335
12479 4 2 1 7 3126 3363 862 3406
12480 4 2 1 7 3557 1607 291 1797
12481 4 2 1 7 1645 865 1642 1675
12482 4 2 1 7 859 3194 3025 3458
12483 4 2 1 7 1913 1912 1990 3014
12484 4 2 1 7 187 1057 2911 1136
12485 4 2 1 7 1437 1420 1536 3472
12486 4 2 1 7 632 3009 3252 3394
12487 4 2 1 7 138 137 3501 3502
12488 4 2 1 7 3571 1942 300 1966
12489 4 2 1 7 2983 3306 2812 3395
12490 4 2 1 7 1663 1660 3309 3325
12491 4 2 1 7 562 568 569 3197
12492 4 2 1 7 3652 1834 3541 245
12493 4 2 1 7 1017 1114 1019 3420
12494 4 2 1 7 659 3031 618 3338
12495 4 2 1 7 2135 3571 3609 300
12496 4 2 1 7 926 2975 134 3162
12497 4 2 1 7 3443 3264 1638 1732
12498 4 2 1 7 63 62 534 3128
12499 4 2 1 7 2945 3173 2823 3444
12500 4 2 1 7 3231 133 3131 132
12501 4 2 1 7 1896 1900 1889 3138
12502 4 2 1 7 2043 2098 2102 2921
12503 4 2 1 7 2027 605 3594 2966
12504 4 2 1 7 427 3327 441 3328
12505 4 2 1 7 2892 3197 3121 3455
12506 4 2 1 7 3582 3689 3030 1364
12507 4 2 1 7 1029 1087 1084 2927
12508 4 2 1 7 1264 1190 1288 3220
12509 4 2 1 7 556 626 70 3283
12510 4 2 1 7 1824 1757 223 3657
12511 4 2 1 7 700 2995 702 3193
12512 4 2 1 7 1286 3150 1218 3489
12513 4 2 1 7 485 370 3198 3284
12514 4 2 1 7 2072 2157 2098 3084
12515 4 2 1 7 803 2976 3153 3408
12516 4 2 1 7 616 672 3015 3464
12517 4 2 1 7 1392 1378 1376 3513
12518 4 2 1 7 1525 1392 1480 3513
12519 4 2 1 7 1235 3359 1202 3376
12520 4 2 1 7 1817 558 1655 1661
12521 4 2 1 7 3004 3343 2841 3422
12522 4 2 1 7 2974 3168 481 3413
12523 4 2 1 7 891 2958 857 3349
12524 4 2 1 7 1440 1442 1530 3060
12525 4 2 1 7 2166 47 46 2095
12526 4 2 1 7 581 2968 2828 3078
12527 4 2 1 7 1380 1525 3136 3513
12528 4 2 1 7 2811 3096 3015 3446
12529 4 2 1 7 813 828 734 3348
12530 4 2 1 7 1463 1459 1476 3079
12531 4 2 1 7 2914 3459 2873 3498
12532 4 2 1 7 1768 911 941 1772
12533 4 2 1 7 1364 162 3582 3689
12534 4 2 1 7 914 912 3012 3293
12535 4 2 1 7 1875 1944 1919 3040
12536 4 2 1 7 1721 703 1669 1727
12537 4 2 1 7 820 3337 2953 3463
12538 4 2 1 7 1405 1408 1589 3508
12539 4 2 1 7 1824 1757 3657 2964
12540 4 2 1 7 926 575 2975 3162
12541 4 2 1 7 705 3287 735 3320
12542 4 2 1 7 529 647 62 2991
12543 4 2 1 7 1364 3547 3030 1509
12544 4 2 1 7 508 452 451 3069
12545 4 2 1 7 1863 983 1982 3249
12546 4 2 1 7 106 2993 1742 3332
12547 4 2 1 7 1765 3239 1735 1606
12548 4 2 1 7 163 162 1364 3689
12549 4 2 1 7 1530 3060 1442 3507
12550 4 2 1 7 1610 1832 1825 3003
12551 4 2 1 7 1639 1641 1642 867
12552 4 2 1 7 1750 3248 1814 3353
12553 4 2 1 7 2816 3252 3009 3394
12554 4 2 1 7 1849 1875 1946 3429
12555 4 2 1 7 2087 2103 2134 3117
12556 4 2 1 7 902 899 901 3383
12557 4 2 1 7 3239 3311 2926 3493
12558 4 2 1 7 1053 1136 1123 3044
12559 4 2 1 7 3063 3149 2802 3262
12560 4 2 1 7 2836 3237 3058 3450
12561 4 2 1 7 3204 3289 2967 3462
12562 4 2 1 7 1861 1858 1897 3467
12563 4 2 1 7 2942 3397 2880 3460
12564 4 2 1 7 487 409 3140 3329
12565 4 2 1 7 888 1934 1982 1899
12566 4 2 1 7 474 3050 406 3390
12567 4 2 1 7 2862 3168 3071 3280
12568 4 2 1 7 690 3089 2881 3277
12569 4 2 1 7 1135 191 2927 1029
12570 4 2 1 7 78 532 3095 3502
12571 4 2 1 7 2952 509 3386 3268
12572 4 2 1 7 2930 3235 555 3394
12573 4 2 1 7 2813 2914 2843 3416
12574 4 2 1 7 1378 1380 1379 3447
12575 4 2 1 7 3584 1211 3142 1210
12576 4 2 1 7 994 1100 1094 3051
12577 4 2 1 7 1515 1540 1539 3410
12578 4 2 1 7 454 3399 379 3318
12579 4 2 1 7 58 1053 1123 3044
12580 4 2 1 7 1763 1721 770 1640
12581 4 2 1 7 880 3235 881 3356
12582 4 2 1 7 1987 1893 1942 3035
12583 4 2 1 7 1295 930 1321 3500
12584 4 2 1 7 1170 1310 1261 3013
12585 4 2 1 7 1364 3547 1509 163
12586 4 2 1 7 3540 1105 3002 1154
12587 4 2 1 7 1888 1979 1902 3068
12588 4 2 1 7 1660 1759 1664 3309
12589 4 2 1 7 1544 1521 1542 3043
12590 4 2 1 7 432 370 485 3184
12591 4 2 1 7 1684 1682 1683 3176
12592 4 2 1 7 2835 3334 2941 3371
12593 4 2 1 7 855 893 140 2824
12594 4 2 1 7 998 1037 660 3482
12595 4 2 1 7 1338 2922 1249 3516
12596 4 2 1 7 711 836 2903 3474
12597 4 2 1 7 581 593 782 584
12598 4 2 1 7 1772 1768 911 1635
12599 4 2 1 7 3656 1328 3627 236
12600 4 2 1 7 143 3039 3115 3362
12601 4 2 1 7 31 3347 3172 3430
12602 4 2 1 7 923 3102 3180 3484
12603 4 2 1 7 1368 252 3546 1555
12604 4 2 1 7 981 877 878 2967
12605 4 2 1 7 3223 974 3343 872
12606 4 2 1 7 1793 1716 3289 3462
12607 4 2 1 7 876 3137 3291 3354
12608 4 2 1 7 1377 1376 3077 3442
12609 4 2 1 7 3458 3394 3457 2816
12610 4 2 1 7 852 2975 3226 3443
12611 4 2 1 7 948 947 846 2857
12612 4 2 1 7 2103 2087 2065 3117
12613 4 2 1 7 726 728 727 3412
12614 4 2 1 7 2081 2062 2068 3208
12615 4 2 1 7 44 510 45 2979
12616 4 2 1 7 556 3293 548 2929
12617 4 2 1 7 2795 3286 3062 3488
12618 4 2 1 7 3575 21 446 3019
12619 4 2 1 7 3657 1757 2895 2964
12620 4 2 1 7 1278 219 3640 3185
12621 4 2 1 7 3517 975 146 3518
12622 4 2 1 7 1858 802 801 3467
12623 4 2 1 7 1835 3641 296 1951
12624 4 2 1 7 1134 1111 2996 3482
12625 4 2 1 7 1181 982 1197 1196
12626 4 2 1 7 498 2990 471 3274
12627 4 2 1 7 1484 1485 1486 3090
12628 4 2 1 7 611 614 612 3400
12629 4 2 1 7 148 860 859 3619
12630 4 2 1 7 1654 563 1653 1655
12631 4 2 1 7 930 3158 1295 957
12632 4 2 1 7 1407 1409 1408 3086
12633 4 2 1 7 868 971 1644 1768
12634 4 2 1 7 1011 1064 1053 3266
12635 4 2 1 7 1523 1441 1439 3498
12636 4 2 1 7 721 2981 734 3348
12637 4 2 1 7 3631 3684 3359 1270
12638 4 2 1 7 1812 1714 1596 3355
12639 4 2 1 7 3437 831 3407 796
12640 4 2 1 7 803 2976 3408 3477
12641 4 2 1 7 1134 2996 1062 3503
12642 4 2 1 7 1922 1921 1834 3148
12643 4 2 1 7 127 128 921 2943
12644 4 2 1 7 1859 1903 1939 2987
12645 4 2 1 7 3662 998 996 54
12646 4 2 1 7 1672 1680 1673 3205
12647 4 2 1 7 741 489 738 3268
12648 4 2 1 7 590 592 585 3036
12649 4 2 1 7 894 1300 1208 957
12650 4 2 1 7 804 3260 3196 3389
12651 4 2 1 7 702 761 762 3177
12652 4 2 1 7 2056 2070 2057 3054
12653 4 2 1 7 1173 220 3570 1298
12654 4 2 1 7 2850 3380 3043 3448
12655 4 2 1 7 89 3649 766 3224
12656 4 2 1 7 1285 3166 1233 3494
12657 4 2 1 7 3457 3458 3194 2930
12658 4 2 1 7 779 3107 3101 3463
12659 4 2 1 7 2850 3260 3380 3448
12660 4 2 1 7 953 2857 947 3327
12661 4 2 1 7 1663 3309 2946 3325
12662 4 2 1 7 2958 3232 857 3349
12663 4 2 1 7 2841 3223 3243 3422
12664 4 2 1 7 859 875 3194 3458
12665 4 2 1 7 2952 3110 2834 3386
12666 4 2 1 7 711 3059 727 3474
12667 4 2 1 7 1496 3323 1576 3508
12668 4 2 1 7 594 587 3108 3292
12669 4 2 1 7 1229 1319 1290 2964
12670 4 2 1 7 1116 1026 1098 3228
12671 4 2 1 7 803 832 93 3477
12672 4 2 1 7 488 424 3101 3268
12673 4 2 1 7 1714 3122 1719 1680
12674 4 2 1 7 3667 3587 125 1325
12675 4 2 1 7 2074 2053 2086 3515
12676 4 2 1 7 1082 999 1107 3049
12677 4 2 1 7 707 749 3096 3187
12678 4 2 1 7 889 856 893 3097
12679 4 2 1 7 1244 1326 1299 3331
12680 4 2 1 7 521 538 74 3098
12681 4 2 1 7 1402 1397 1400 3257
12682 4 2 1 7 93 1238 759 3238
12683 4 2 1 7 379 2979 45 3318
12684 4 2 1 7 930 3158 957 938
12685 4 2 1 7 741 755 372 3386
12686 4 2 1 7 377 3242 3432 3093
12687 4 2 1 7 1950 1943 1886 2977
12688 4 2 1 7 2970 3047 1549 3512
12689 4 2 1 7 552 3236 3154 3490
12690 4 2 1 7 2056 2055 2050 3221
12691 4 2 1 7 1761 1789 1729 3217
12692 4 2 1 7 2915 3205 3122 3355
12693 4 2 1 7 1110 3628 1140 3299
12694 4 2 1 7 2120 3340 2179 3515
12695 4 2 1 7 3142 3522 3584 1210
12696 4 2 1 7 1124 1127 1040 2964
12697 4 2 1 7 1909 1970 1854 3441
12698 4 2 1 7 1858 764 818 801
12699 4 2 1 7 778 3401 3218 3445
12700 4 2 1 7 1492 3262 3063 3476
12701 4 2 1 7 1649 3336 3231 2975
12702 4 2 1 7 372 424 489 3268
12703 4 2 1 7 700 694 702 2995
12704 4 2 1 7 1679 3325 1745 3457
12705 4 2 1 7 3551 2132 298 3626
12706 4 2 1 7 2854 456 3131 3250
12707 4 2 1 7 542 533 560 3350
12708 4 2 1 7 763 709 2987 3392
12709 4 2 1 7 463 445 29 3261
12710 4 2 1 7 1984 1941 1897 3346
12711 4 2 1 7 2798 2986 2889 2843
12712 4 2 1 7 1663 1662 1660 3325
12713 4 2 1 7 1847 8 3666 3523
12714 4 2 1 7 2044 2123 3119 3495
12715 4 2 1 7 448 400 397 3133
12716 4 2 1 7 1726 1612 1767 3233
12717 4 2 1 7 998 3106 996 1003
12718 4 2 1 7 628 1777 627 565
12719 4 2 1 7 1843 298 1992 3551
12720 4 2 1 7 869 1638 1639 867
12721 4 2 1 7 399 364 33 3321
12722 4 2 1 7 39 40 476 2997
12723 4 2 1 7 757 2881 557 3029
12724 4 2 1 7 738 736 779 3337
12725 4 2 1 7 1286 1250 1218 3150
12726 4 2 1 7 2074 2086 3444 3515
12727 4 2 1 7 1258 1285 1276 3355
12728 4 2 1 7 3576 1765 277 1606
12729 4 2 1 7 470 2947 443 3127
12730 4 2 1 7 1594 1805 1719 3122
12731 4 2 1 7 1489 3141 2965 3510
12732 4 2 1 7 136 2936 3100 3267
12733 4 2 1 7 860 876 3137 3291
12734 4 2 1 7 1268 1250 1286 3150
12735 4 2 1 7 3220 1753 235 3656
12736 4 2 1 7 94 93 3142 3477
12737 4 2 1 7 1075 1033 1074 3019
12738 4 2 1 7 495 459 3111 3287
12739 4 2 1 7 1470 1434 1469 3092
12740 4 2 1 7 2977 3239 2819 3295
12741 4 2 1 7 1766 2967 1716 3462
12742 4 2 1 7 1498 3642 1358 3080
12743 4 2 1 7 1278 1173 219 3185
12744 4 2 1 7 784 785 760 3381
12745 4 2 1 7 67 3181 3300 3464
12746 4 2 1 7 712 798 804 3229
12747 4 2 1 7 1810 1601 1706 2995
12748 4 2 1 7 1265 1330 1298 3066
12749 4 2 1 7 1629 1623 1625 3307
12750 4 2 1 7 3607 1086 2922 1010
12751 4 2 1 7 235 236 3656 1753
12752 4 2 1 7 432 3326 434 433
12753 4 2 1 7 1867 1866 1855 3129
12754 4 2 1 7 1214 1199 1337 3303
12755 4 2 1 7 75 522 564 3143
12756 4 2 1 7 58 550 591 3044
12757 4 2 1 7 2878 3363 2999 3506
12758 4 2 1 7 1461 3092 1434 3511
12759 4 2 1 7 1389 1393 1535 3179
12760 4 2 1 7 611 3271 614 3400
12761 4 2 1 7 1543 1395 1516 3427
12762 4 2 1 7 2033 2128 2052 3478
12763 4 2 1 7 2965 3359 1235 3376
12764 4 2 1 7 2104 573 671 537
12765 4 2 1 7 1405 3086 1408 3508
12766 4 2 1 7 587 3276 3108 3292
12767 4 2 1 7 1359 241 3207 1587
12768 4 2 1 7 430 419 431 3483
12769 4 2 1 7 2037 2979 2035 3509
12770 4 2 1 7 2860 3218 3401 3445
12771 4 2 1 7 646 3313 655 3029
12772 4 2 1 7 464 1036 385 2827
12773 4 2 1 7 3579 1006 172 1103
12774 4 2 1 7 1037 526 3482 3503
12775 4 2 1 7 1966 3626 1992 299
12776 4 2 1 7 3003 49 2067 3322
12777 4 2 1 7 757 557 2881 3089
12778 4 2 1 7 1856 1998 2984 3452
12779 4 2 1 7 732 821 812 3321
12780 4 2 1 7 185 57 1123 3535
12781 4 2 1 7 3048 3129 1854 3441
12782 4 2 1 7 3612 1078 155 3686
12783 4 2 1 7 1092 1063 1132 3358
12784 4 2 1 7 1517 1407 1492 3063
12785 4 2 1 7 922 957 1294 3158
12786 4 2 1 7 136 137 3100 3506
12787 4 2 1 7 1515 1513 1446 3163
12788 4 2 1 7 442 377 492 3432
12789 4 2 1 7 3467 3365 709 3193
12790 4 2 1 7 1548 1504 1456 3296
12791 4 2 1 7 1610 3620 1744 281
12792 4 2 1 7 383 3298 3125 3413
12793 4 2 1 7 1800 1712 1752 3339
12794 4 2 1 7 422 505 507 3411
12795 4 2 1 7 2127 3570 3066 3185
12796 4 2 1 7 78 3126 79 3501
12797 4 2 1 7 1766 1661 1657 3462
12798 4 2 1 7 104 105 704 3201
12799 4 2 1 7 2824 3490 3236 3491
12800 4 2 1 7 2886 3257 3088 3424
12801 4 2 1 7 3088 3257 2848 3424
12802 4 2 1 7 1201 3028 215 3643
12803 4 2 1 7 1933 1905 2001 3258
12804 4 2 1 7 1089 1073 1051 3113
12805 4 2 1 7 872 873 903 3082
12806 4 2 1 7 2831 3427 3043 3448
12807 4 2 1 7 1797 1765 1821 2977
12808 4 2 1 7 1610 3620 281 3577
12809 4 2 1 7 3207 1916 240 3621
12810 4 2 1 7 3069 3273 2857 3328
12811 4 2 1 7 795 791 810 3292
12812 4 2 1 7 433 912 917 3326
12813 4 2 1 7 2873 3334 2986 3498
12814 4 2 1 7 1782 1675 1780 3050
12815 4 2 1 7 650 1037 526 660
12816 4 2 1 7 1804 3569 1720 3025
12817 4 2 1 7 687 3089 790 3449
12818 4 2 1 7 1660 1759 658 1658
12819 4 2 1 7 627 1777 1670 565
12820 4 2 1 7 1428 1487 1488 3243
12821 4 2 1 7 262 1362 3372 3578
12822 4 2 1 7 976 3082 873 3283
12823 4 2 1 7 1310 1219 1236 3304
12824 4 2 1 7 384 46 455 3368
12825 4 2 1 7 131 949 846 3244
12826 4 2 1 7 772 716 1634 774
12827 4 2 1 7 2892 3311 3239 3493
12828 4 2 1 7 2808 3301 3004 3436
12829 4 2 1 7 923 3180 886 3484
12830 4 2 1 7 2952 2834 3338 3386
12831 4 2 1 7 1983 1883 1907 3010
12832 4 2 1 7 2119 2042 2017 3234
12833 4 2 1 7 459 458 3287 3492
12834 4 2 1 7 3621 240 239 1916
12835 4 2 1 7 2863 3216 3275 3410
12836 4 2 1 7 32 447 31 3347
12837 4 2 1 7 3554 3573 2940 1569
12838 4 2 1 7 1321 930 879 3225
12839 4 2 1 7 443 376 470 3127
12840 4 2 1 7 788 3200 3056 3433
12841 4 2 1 7 714 719 788 3314
12842 4 2 1 7 3108 3276 771 3277
12843 4 2 1 7 2798 2889 2985 2843
12844 4 2 1 7 1727 1634 716 1742
12845 4 2 1 7 1947 1923 1997 3248
12846 4 2 1 7 926 640 3143 3485
12847 4 2 1 7 1467 1468 1557 2998
12848 4 2 1 7 3621 1916 3010 3207
12849 4 2 1 7 1509 1567 1353 3299
12850 4 2 1 7 50 3685 283 51
12851 4 2 1 7 2075 2074 2079 3173
12852 4 2 1 7 454 3399 3318 2945
12853 4 2 1 7 1387 1540 1516 3216
12854 4 2 1 7 2942 3041 2794 2801
12855 4 2 1 7 1420 3375 1418 3393
12856 4 2 1 7 3647 1798 3564 269
12857 4 2 1 7 1459 1404 1405 3008
12858 4 2 1 7 2993 2946 633 3468
12859 4 2 1 7 1092 2861 177 3639
12860 4 2 1 7 735 704 797 3240
12861 4 2 1 7 1893 3571 1942 3035
12862 4 2 1 7 1130 3019 1033 1079
12863 4 2 1 7 1753 236 3656 1823
12864 4 2 1 7 3223 974 872 870
12865 4 2 1 7 1448 1452 1515 3410
12866 4 2 1 7 806 1203 1184 1182
12867 4 2 1 7 1306 1275 1232 3500
12868 4 2 1 7 1543 3427 2961 3496
12869 4 2 1 7 79 78 610 3126
12870 4 2 1 7 1426 1464 1466 3290
12871 4 2 1 7 3196 3260 2850 3389
12872 4 2 1 7 423 1688 505 3514
12873 4 2 1 7 136 3100 2936 3506
12874 4 2 1 7 79 3126 638 3501
12875 4 2 1 7 1005 1012 1111 3482
12876 4 2 1 7 1396 3357 3076 3476
12877 4 2 1 7 678 3539 4 3505
12878 4 2 1 7 1196 1215 3124 3330
12879 4 2 1 7 1903 1880 1904 3192
12880 4 2 1 7 898 952 844 2937
12881 4 2 1 7 2872 3300 3076 3357
12882 4 2 1 7 2178 2060 2130 3382
12883 4 2 1 7 1550 1366 1549 3512
12884 4 2 1 7 647 648 61 3503
12885 4 2 1 7 1865 1907 1862 3265
12886 4 2 1 7 809 3218 778 3401
12887 4 2 1 7 1122 999 1082 3049
12888 4 2 1 7 1848 1845 3195 3429
12889 4 2 1 7 1647 2932 1701 1646
12890 4 2 1 7 394 1764 393 462
12891 4 2 1 7 46 47 2166 384
12892 4 2 1 7 2054 2138 2141 2977
12893 4 2 1 7 3505 3155 2866 3372
12894 4 2 1 7 1608 1791 1792 3135
12895 4 2 1 7 1880 1947 1904 3192
12896 4 2 1 7 1205 1282 1284 3020
12897 4 2 1 7 1670 1776 1731 3480
12898 4 2 1 7 718 740 719 3245
12899 4 2 1 7 1254 1274 1318 3028
12900 4 2 1 7 1753 1823 3656 3067
12901 4 2 1 7 921 3494 940 922
12902 4 2 1 7 1736 1807 1735 3239
12903 4 2 1 7 1430 1431 1429 3371
12904 4 2 1 7 1967 743 830 3282
12905 4 2 1 7 136 926 135 532
12906 4 2 1 7 1886 3609 301 3568
12907 4 2 1 7 3551 2064 2092 2132
12908 4 2 1 7 646 655 3313 621
12909 4 2 1 7 3643 1291 214 1201
12910 4 2 1 7 1220 1242 1236 3304
12911 4 2 1 7 1642 1639 867 868
12912 4 2 1 7 3665 3599 491 2051
12913 4 2 1 7 2871 3278 2969 3436
12914 4 2 1 7 68 69 661 3082
12915 4 2 1 7 1121 3026 1073 2870
12916 4 2 1 7 826 3042 740 3261
12917 4 2 1 7 1753 3067 3656 3220
12918 4 2 1 7 789 3320 3492 705
12919 4 2 1 7 471 2990 498 3253
12920 4 2 1 7 671 2139 2104 537
12921 4 2 1 7 3094 3259 101 3432
12922 4 2 1 7 1218 3489 3150 3516
12923 4 2 1 7 106 715 1742 2993
12924 4 2 1 7 3523 1987 3452 3115
12925 4 2 1 7 101 3094 3432 3433
12926 4 2 1 7 903 905 904 3180
12927 4 2 1 7 1513 1443 1446 3163
12928 4 2 1 7 1275 1238 1211 3238
12929 4 2 1 7 661 625 523 3378
12930 4 2 1 7 844 2936 136 3267
12931 4 2 1 7 1902 1979 1964 3504
12932 4 2 1 7 3650 1753 1823 1796
12933 4 2 1 7 1309 3608 1253 3461
12934 4 2 1 7 3064 3122 2812 3395
12935 4 2 1 7 487 409 414 3140
12936 4 2 1 7 1537 1424 1426 3237
12937 4 2 1 7 3665 2051 475 3379
12938 4 2 1 7 1725 1664 1759 3425
12939 4 2 1 7 478 370 431 3184
12940 4 2 1 7 2148 2125 2076 3033
12941 4 2 1 7 1801 1753 1603 3220
12942 4 2 1 7 631 3024 663 3480
12943 4 2 1 7 976 965 900 3370
12944 4 2 1 7 555 547 651 3369
12945 4 2 1 7 1303 1242 1283 3247
12946 4 2 1 7 2052 2035 2033 3509
12947 4 2 1 7 1720 3569 272 3646
12948 4 2 1 7 1470 1558 1363 3470
12949 4 2 1 7 1691 505 1689 3411
12950 4 2 1 7 2819 3362 3039 3493
12951 4 2 1 7 1981 1901 1909 3441
12952 4 2 1 7 1076 3562 1086 2922
12953 4 2 1 7 2850 3260 3196 3380
12954 4 2 1 7 951 946 950 3183
12955 4 2 1 7 1337 1275 1214 3238
12956 4 2 1 7 2828 581 3078 3392
12957 4 2 1 7 766 3566 88 722
12958 4 2 1 7 1043 1056 1063 3358
12959 4 2 1 7 2866 3155 3072 3372
12960 4 2 1 7 386 1125 390 388
12961 4 2 1 7 524 3038 600 3312
12962 4 2 1 7 2112 2111 2110 3388
12963 4 2 1 7 67 68 3181 3464
12964 4 2 1 7 110 109 786 3377
12965 4 2 1 7 898 952 2937 3213
12966 4 2 1 7 379 469 44 2979
12967 4 2 1 7 1615 1613 1614 3036
12968 4 2 1 7 1807 1793 1717 3289
12969 4 2 1 7 3665 3599 53 491
12970 4 2 1 7 1461 1433 1503 3511
12971 4 2 1 7 150 8 3666 1847
12972 4 2 1 7 1970 1845 1854 3048
12973 4 2 1 7 709 763 2987 3467
12974 4 2 1 7 2012 2051 3665 3379
12975 4 2 1 7 1977 1863 3666 983
12976 4 2 1 7 377 442 3093 3432
12977 4 2 1 7 93 759 94 3238
12978 4 2 1 7 461 363 387 3240
12979 4 2 1 7 947 3326 910 3327
12980 4 2 1 7 67 68 668 3181
12981 4 2 1 7 1294 957 1295 3158
12982 4 2 1 7 639 629 630 2980
12983 4 2 1 7 1793 3289 2926 3462
12984 4 2 1 7 1218 3150 1250 3516
12985 4 2 1 7 1051 1154 1085 3002
12986 4 2 1 7 141 3236 2928 3497
12987 4 2 1 7 1801 1603 1712 3220
12988 4 2 1 7 3264 3443 918 972
12989 4 2 1 7 3550 282 1744 3620
12990 4 2 1 7 662 543 540 3201
12991 4 2 1 7 365 403 404 851
12992 4 2 1 7 2012 3665 3234 3379
12993 4 2 1 7 1964 1979 1874 3206
12994 4 2 1 7 1072 1165 1115 3017
12995 4 2 1 7 2819 3115 3039 3362
12996 4 2 1 7 1206 1197 1207 3330
12997 4 2 1 7 496 405 50 3685
12998 4 2 1 7 2076 3033 2125 3414
12999 4 2 1 7 2099 3560 284 3688
13000 4 2 1 7 936 935 866 3205
13001 4 2 1 7 1059 1058 1035 3070
13002 4 2 1 7 1936 3282 830 3421
13003 4 2 1 7 137 988 138 3501
13004 4 2 1 7 626 661 3082 3283
13005 4 2 1 7 3058 3294 2951 3393
13006 4 2 1 7 37 377 38 3384
13007 4 2 1 7 1351 1495 244 3323
13008 4 2 1 7 1239 1251 1252 3011
13009 4 2 1 7 1280 1283 1220 3418
13010 4 2 1 7 1491 1555 1490 3190
13011 4 2 1 7 2915 3122 3205 3435
13012 4 2 1 7 1514 1530 1442 3507
13013 4 2 1 7 1944 1875 1848 3429
13014 4 2 1 7 614 615 612 3134
13015 4 2 1 7 801 764 802 1858
13016 4 2 1 7 587 602 3276 3292
13017 4 2 1 7 920 848 143 3362
13018 4 2 1 7 1131 2927 1029 1088
13019 4 2 1 7 933 931 932 3273
13020 4 2 1 7 2858 3212 3007 3333
13021 4 2 1 7 1445 1446 1443 3164
13022 4 2 1 7 1180 3587 3667 1325
13023 4 2 1 7 1261 1342 1175 3103
13024 4 2 1 7 1014 1016 1013 3256
13025 4 2 1 7 1521 2963 3442 3043
13026 4 2 1 7 1395 1521 1377 3442
13027 4 2 1 7 1377 1375 1376 3442
13028 4 2 1 7 915 914 912 3012
13029 4 2 1 7 3579 1006 1103 2938
13030 4 2 1 7 370 485 3184 3284
13031 4 2 1 7 1740 1771 1769 3391
13032 4 2 1 7 1279 3638 1243 229
13033 4 2 1 7 1814 1750 1609 3248
13034 4 2 1 7 1380 1525 1482 3136
13035 4 2 1 7 1743 267 268 3396
13036 4 2 1 7 1228 1239 1203 3404
13037 4 2 1 7 828 747 806 3404
13038 4 2 1 7 1601 268 3647 3396
13039 4 2 1 7 1829 1819 1718 3390
13040 4 2 1 7 739 2953 820 3337
13041 4 2 1 7 634 3449 549 3468
13042 4 2 1 7 1391 1396 1397 3076
13043 4 2 1 7 1594 1754 1805 3064
13044 4 2 1 7 1418 1416 1524 3212
13045 4 2 1 7 3608 1527 1494 3461
13046 4 2 1 7 2132 2064 2121 3434
13047 4 2 1 7 1175 1342 1317 3103
13048 4 2 1 7 1418 1416 3212 3375
13049 4 2 1 7 539 546 3204 3462
13050 4 2 1 7 1639 1638 1641 867
13051 4 2 1 7 2911 1605 1749 187
13052 4 2 1 7 776 3218 3036 3445
13053 4 2 1 7 800 3172 746 3347
13054 4 2 1 7 2942 3041 2801 2840
13055 4 2 1 7 1614 1640 1616 3445
13056 4 2 1 7 663 3024 3226 3486
13057 4 2 1 7 65 66 2886 3424
13058 4 2 1 7 1208 1300 894 1197
13059 4 2 1 7 112 3195 3532 3421
13060 4 2 1 7 1542 1521 1395 3427
13061 4 2 1 7 262 261 2124 3372
13062 4 2 1 7 1134 3482 2996 3503
13063 4 2 1 7 1866 1854 3129 3441
13064 4 2 1 7 686 807 800 3151
13065 4 2 1 7 1023 1024 1022 3128
13066 4 2 1 7 1643 1646 1641 3231
13067 4 2 1 7 509 3110 421 3174
13068 4 2 1 7 457 134 133 3250
13069 4 2 1 7 3225 3230 2826 3345
13070 4 2 1 7 901 844 907 3440
13071 4 2 1 7 3028 1198 1274 216
13072 4 2 1 7 1442 1443 1513 3507
13073 4 2 1 7 960 961 842 3095
13074 4 2 1 7 1317 1242 1303 3247
13075 4 2 1 7 1359 1503 1578 3207
13076 4 2 1 7 1525 1436 1482 3136
13077 4 2 1 7 1248 1249 3167 3516
13078 4 2 1 7 879 3690 1321 3225
13079 4 2 1 7 739 3240 2953 3337
13080 4 2 1 7 1743 268 1601 3396
13081 4 2 1 7 1635 913 911 3139
13082 4 2 1 7 1439 2986 3334 3498
13083 4 2 1 7 3647 1798 269 1601
13084 4 2 1 7 640 75 76 3143
13085 4 2 1 7 3629 3079 1962 3207
13086 4 2 1 7 3028 1198 216 3648
13087 4 2 1 7 1844 3532 1838 1839
13088 4 2 1 7 3566 227 3649 88
13089 4 2 1 7 2131 2071 2151 3067
13090 4 2 1 7 2084 2046 2144 3505
13091 4 2 1 7 1841 1927 268 3396
13092 4 2 1 7 2961 3275 3216 3410
13093 4 2 1 7 1160 1096 1095 3373
13094 4 2 1 7 445 2957 446 3006
13095 4 2 1 7 943 946 933 3273
13096 4 2 1 7 722 832 803 3408
13097 4 2 1 7 736 3240 739 3337
13098 4 2 1 7 703 808 778 3401
13099 4 2 1 7 260 3554 1356 1569
13100 4 2 1 7 731 800 746 3347
13101 4 2 1 7 787 812 821 3321
13102 4 2 1 7 2153 3601 2095 453
13103 4 2 1 7 744 3081 712 3474
13104 4 2 1 7 3192 3193 2865 3365
13105 4 2 1 7 3064 1710 1802 1754
13106 4 2 1 7 950 946 942 3183
13107 4 2 1 7 908 909 902 3383
13108 4 2 1 7 100 837 788 3433
13109 4 2 1 7 3025 3457 2816 3458
13110 4 2 1 7 1036 1027 385 2827
13111 4 2 1 7 697 730 726 3251
13112 4 2 1 7 1025 1130 1079 3030
13113 4 2 1 7 1213 1273 1283 3418
13114 4 2 1 7 1746 1668 1708 3188
13115 4 2 1 7 1197 1196 982 3330
13116 4 2 1 7 459 460 3022 3307
13117 4 2 1 7 404 851 403 3327
13118 4 2 1 7 45 379 44 2979
13119 4 2 1 7 893 141 140 3236
13120 4 2 1 7 445 446 27 3006
13121 4 2 1 7 627 1670 1777 1656
13122 4 2 1 7 537 552 607 3221
13123 4 2 1 7 1741 1788 1674 3144
13124 4 2 1 7 1495 1588 1497 3148
13125 4 2 1 7 1255 3587 1241 1325
13126 4 2 1 7 1133 1071 1054 3133
13127 4 2 1 7 1735 1607 1734 3239
13128 4 2 1 7 548 669 557 3089
13129 4 2 1 7 1474 1529 1435 3189
13130 4 2 1 7 571 3208 570 3495
13131 4 2 1 7 510 365 3109 3367
13132 4 2 1 7 3154 3236 2824 3490
13133 4 2 1 7 1504 1454 1450 3057
13134 4 2 1 7 2849 2969 3278 3310
13135 4 2 1 7 888 856 887 3409
13136 4 2 1 7 672 541 3015 3481
13137 4 2 1 7 833 3580 90 721
13138 4 2 1 7 2891 3275 2961 3410
13139 4 2 1 7 401 3198 494 3281
13140 4 2 1 7 2151 2071 2165 3475
13141 4 2 1 7 457 133 500 3250
13142 4 2 1 7 2099 284 3560 2177
13143 4 2 1 7 170 1354 171 3254
13144 4 2 1 7 749 3360 708 768
13145 4 2 1 7 548 530 540 3293
13146 4 2 1 7 560 631 3350 3485
13147 4 2 1 7 2982 2809 3322 3329
13148 4 2 1 7 1687 1689 1688 3514
13149 4 2 1 7 1354 170 3051 3254
13150 4 2 1 7 1232 1295 1321 3500
13151 4 2 1 7 2097 3202 2076 3414
13152 4 2 1 7 2041 2050 536 2023
13153 4 2 1 7 1800 1676 1712 3272
13154 4 2 1 7 485 370 494 3198
13155 4 2 1 7 1966 3626 299 3571
13156 4 2 1 7 1434 1461 1469 3092
13157 4 2 1 7 1389 1535 1386 3179
13158 4 2 1 7 372 3268 741 3386
13159 4 2 1 7 1289 1234 1306 3225
13160 4 2 1 7 432 3326 433 3183
13161 4 2 1 7 1811 3646 1720 273
13162 4 2 1 7 1857 1939 1888 3344
13163 4 2 1 7 793 800 807 3151
13164 4 2 1 7 3626 298 299 2132
13165 4 2 1 7 757 3029 753 3108
13166 4 2 1 7 1818 1600 1713 3455
13167 4 2 1 7 1745 1679 1662 3325
13168 4 2 1 7 1121 1133 1054 3453
13169 4 2 1 7 1183 3596 1269 701
13170 4 2 1 7 1492 1390 1394 3262
13171 4 2 1 7 860 984 925 3592
13172 4 2 1 7 1936 1842 3532 830
13173 4 2 1 7 1471 1585 1460 3255
13174 4 2 1 7 3035 3115 2819 3452
13175 4 2 1 7 672 541 614 3015
13176 4 2 1 7 2841 3422 3243 3426
13177 4 2 1 7 2123 2059 2044 3119
13178 4 2 1 7 586 584 581 810
13179 4 2 1 7 1538 1535 1514 3214
13180 4 2 1 7 1097 1007 1096 3459
13181 4 2 1 7 1911 1912 1843 3434
13182 4 2 1 7 2051 384 475 3379
13183 4 2 1 7 1258 1176 231 3355
13184 4 2 1 7 31 376 30 3347
13185 4 2 1 7 1136 3651 186 1123
13186 4 2 1 7 2026 2059 2125 3414
13187 4 2 1 7 1645 1644 971 1648
13188 4 2 1 7 413 404 2857 514
13189 4 2 1 7 2026 2044 2059 3119
13190 4 2 1 7 980 3012 917 3111
13191 4 2 1 7 1869 1871 1870 3097
13192 4 2 1 7 1382 1381 1380 3447
13193 4 2 1 7 1445 1467 1512 3105
13194 4 2 1 7 474 406 496 3390
13195 4 2 1 7 1459 1589 1576 3508
13196 4 2 1 7 2828 3344 3017 3364
13197 4 2 1 7 985 3158 922 3494
13198 4 2 1 7 3518 2003 2007 275
13199 4 2 1 7 538 3098 521 3356
13200 4 2 1 7 1980 1928 1940 3177
13201 4 2 1 7 377 3242 3093 381
13202 4 2 1 7 2116 2089 2164 3156
13203 4 2 1 7 1385 1482 1481 3374
13204 4 2 1 7 1411 1487 1414 3426
13205 4 2 1 7 536 2041 2029 3154
13206 4 2 1 7 582 660 588 3106
13207 4 2 1 7 469 3232 2958 3286
13208 4 2 1 7 920 981 878 3204
13209 4 2 1 7 720 3589 1853 1857
13210 4 2 1 7 869 918 913 3264
13211 4 2 1 7 752 2952 738 3107
13212 4 2 1 7 583 653 3073 3360
13213 4 2 1 7 876 881 3235 3354
13214 4 2 1 7 2851 3242 3093 3432
13215 4 2 1 7 3651 1611 1605 186
13216 4 2 1 7 689 788 760 3018
13217 4 2 1 7 2073 2072 2049 3351
13218 4 2 1 7 951 950 948 3183
13219 4 2 1 7 1816 3112 1701 3336
13220 4 2 1 7 942 979 936 3435
13221 4 2 1 7 3108 3277 2881 3292
13222 4 2 1 7 1106 1049 1087 3241
13223 4 2 1 7 785 3381 754 3403
13224 4 2 1 7 2019 2051 2012 3379
13225 4 2 1 7 2086 2934 3444 3515
13226 4 2 1 7 3689 1101 162 3582
13227 4 2 1 7 1134 1005 1111 3482
13228 4 2 1 7 1421 1424 1536 3058
13229 4 2 1 7 1365 1499 1500 3415
13230 4 2 1 7 478 431 417 3091
13231 4 2 1 7 1495 3652 244 3323
13232 4 2 1 7 599 524 591 3266
13233 4 2 1 7 2162 2085 2147 3121
13234 4 2 1 7 2123 2062 2104 3495
13235 4 2 1 7 958 863 966 3301
13236 4 2 1 7 1689 505 1688 3514
13237 4 2 1 7 133 851 457 953
13238 4 2 1 7 471 2973 507 3411
13239 4 2 1 7 820 739 797 2953
13240 4 2 1 7 1388 1394 1390 3262
13241 4 2 1 7 1578 1476 1587 3079
13242 4 2 1 7 445 27 28 3006
13243 4 2 1 7 2950 3215 2838 3420
13244 4 2 1 7 1639 1638 869 1633
13245 4 2 1 7 809 778 808 3401
13246 4 2 1 7 2951 2842 3375 3393
13247 4 2 1 7 1137 1113 1031 3161
13248 4 2 1 7 1114 3373 1156 3420
13249 4 2 1 7 1560 1466 1556 3099
13250 4 2 1 7 453 46 47 2095
13251 4 2 1 7 1693 1691 1689 3411
13252 4 2 1 7 1745 3188 1746 3457
13253 4 2 1 7 1403 1433 1434 3511
13254 4 2 1 7 422 2981 3407 3514
13255 4 2 1 7 1730 1622 1770 3332
13256 4 2 1 7 419 3176 418 3483
13257 4 2 1 7 608 572 607 3054
13258 4 2 1 7 566 585 592 3391
13259 4 2 1 7 1093 1134 1062 3503
13260 4 2 1 7 868 941 971 1768
13261 4 2 1 7 557 695 757 3029
13262 4 2 1 7 106 107 715 2993
13263 4 2 1 7 741 372 489 3268
13264 4 2 1 7 2063 2072 2098 3084
13265 4 2 1 7 1703 1782 1826 3305
13266 4 2 1 7 3593 603 1139 524
13267 4 2 1 7 417 3170 431 3483
13268 4 2 1 7 460 459 458 3287
13269 4 2 1 7 730 2988 96 95
13270 4 2 1 7 635 3309 2993 3425
13271 4 2 1 7 1939 1973 1975 3344
13272 4 2 1 7 501 473 2976 3437
13273 4 2 1 7 2151 3067 2071 3475
13274 4 2 1 7 1025 1079 1159 3030
13275 4 2 1 7 1914 1922 1959 3080
13276 4 2 1 7 2128 2031 2060 3478
13277 4 2 1 7 2842 3294 3046 3393
13278 4 2 1 7 3555 1580 1491 3190
13279 4 2 1 7 1171 1248 1249 3167
13280 4 2 1 7 1794 1609 1750 3248
13281 4 2 1 7 1280 1193 1213 3418
13282 4 2 1 7 3655 3549 2911 1994
13283 4 2 1 7 3532 830 112 3421
13284 4 2 1 7 3655 12 265 1994
13285 4 2 1 7 378 487 453 3173
13286 4 2 1 7 615 624 623 3438
13287 4 2 1 7 852 972 918 3443
13288 4 2 1 7 2071 2131 2167 3067
13289 4 2 1 7 1258 231 232 3355
13290 4 2 1 7 495 3287 3288 3492
13291 4 2 1 7 439 3125 2910 3383
13292 4 2 1 7 3085 3274 2861 3358
13293 4 2 1 7 2084 2144 3372 3505
13294 4 2 1 7 1299 1202 1235 3359
13295 4 2 1 7 755 754 784 3386
13296 4 2 1 7 1660 547 658 3309
13297 4 2 1 7 676 590 598 3218
13298 4 2 1 7 718 798 740 3431
13299 4 2 1 7 42 410 483 3062
13300 4 2 1 7 771 2881 757 3108
13301 4 2 1 7 28 466 29 3341
13302 4 2 1 7 676 599 590 3218
13303 4 2 1 7 1408 1405 1407 3086
13304 4 2 1 7 1176 3653 231 3355
13305 4 2 1 7 2849 3310 3278 3406
13306 4 2 1 7 579 76 75 3098
13307 4 2 1 7 1434 1470 1563 3209
13308 4 2 1 7 1395 1379 1516 3083
13309 4 2 1 7 2826 3175 3198 3284
13310 4 2 1 7 1439 3334 1562 3498
13311 4 2 1 7 1230 1324 3555 3190
13312 4 2 1 7 740 826 742 3042
13313 4 2 1 7 3493 546 562 3311
13314 4 2 1 7 618 617 535 3031
13315 4 2 1 7 924 974 904 3343
13316 4 2 1 7 492 495 442 3492
13317 4 2 1 7 1936 1967 830 3282
13318 4 2 1 7 1574 1413 1419 3152
13319 4 2 1 7 3226 3443 2975 3486
13320 4 2 1 7 2809 2982 3322 3475
13321 4 2 1 7 1622 1624 1623 3114
13322 4 2 1 7 2080 2166 2107 3368
13323 4 2 1 7 3658 1271 2895 1311
13324 4 2 1 7 1156 3373 3215 3420
13325 4 2 1 7 263 1362 3578 3654
13326 4 2 1 7 429 497 495 3111
13327 4 2 1 7 1739 1830 1738 3117
13328 4 2 1 7 1061 1065 1112 3038
13329 4 2 1 7 1648 1644 971 1671
13330 4 2 1 7 3365 3392 829 3055
13331 4 2 1 7 80 553 678 3398
13332 4 2 1 7 3566 227 88 1348
13333 4 2 1 7 539 3204 2967 3462
13334 4 2 1 7 1061 1055 1060 3312
13335 4 2 1 7 142 2928 888 3249
13336 4 2 1 7 428 418 419 3176
13337 4 2 1 7 1038 1021 1019 3420
13338 4 2 1 7 1811 3646 273 3695
13339 4 2 1 7 1596 1714 1808 2972
13340 4 2 1 7 1601 1810 1743 3396
13341 4 2 1 7 2165 2067 2078 3475
13342 4 2 1 7 2879 3229 3081 3474
13343 4 2 1 7 2964 1158 1124 160
13344 4 2 1 7 75 564 74 3143
13345 4 2 1 7 1913 3316 1954 1951
13346 4 2 1 7 1390 3262 1492 3476
13347 4 2 1 7 1714 3122 1680 3205
13348 4 2 1 7 1279 3638 229 3542
13349 4 2 1 7 3667 1181 1196 982
13350 4 2 1 7 2836 3298 3046 3439
13351 4 2 1 7 1378 1377 1376 3077
13352 4 2 1 7 2004 3282 1936 3421
13353 4 2 1 7 189 11 1993 3610
13354 4 2 1 7 778 1640 3401 3445
13355 4 2 1 7 2930 3394 3325 3457
13356 4 2 1 7 1552 1365 1500 3415
13357 4 2 1 7 617 618 659 3031
13358 4 2 1 7 703 700 3186 3342
13359 4 2 1 7 1728 3443 3024 3486
13360 4 2 1 7 940 985 922 3494
13361 4 2 1 7 3468 687 3089 816
13362 4 2 1 7 1487 1517 1488 3243
13363 4 2 1 7 1520 3169 1541 3499
13364 4 2 1 7 1196 1215 1325 3124
13365 4 2 1 7 2021 2108 2109 3099
13366 4 2 1 7 1666 1745 1663 3325
13367 4 2 1 7 778 770 1721 1640
13368 4 2 1 7 1905 1917 1953 3025
13369 4 2 1 7 2906 3610 189 1993
13370 4 2 1 7 947 3183 917 3326
13371 4 2 1 7 502 501 399 3321
13372 4 2 1 7 2816 3025 3258 3457
13373 4 2 1 7 2120 2101 2179 3340
13374 4 2 1 7 1972 1971 1935 3161
13375 4 2 1 7 971 865 1644 1645
13376 4 2 1 7 3568 2172 2138 302
13377 4 2 1 7 3601 453 47 2095
13378 4 2 1 7 953 851 457 404
13379 4 2 1 7 1424 1425 1426 3237
13380 4 2 1 7 711 727 744 3474
13381 4 2 1 7 1714 1672 1808 3205
13382 4 2 1 7 43 3062 42 3428
13383 4 2 1 7 556 557 103 548
13384 4 2 1 7 783 792 793 3172
13385 4 2 1 7 1036 386 1146 1125
13386 4 2 1 7 540 3012 542 3201
13387 4 2 1 7 40 479 3315 3466
13388 4 2 1 7 1512 1451 1447 3210
13389 4 2 1 7 1422 1421 1418 3393
13390 4 2 1 7 395 1692 396 392
13391 4 2 1 7 2900 2169 15 3561
13392 4 2 1 7 2002 2006 1900 3419
13393 4 2 1 7 3467 3365 3193 3192
13394 4 2 1 7 1643 954 1638 3443
13395 4 2 1 7 550 637 591 3044
13396 4 2 1 7 1591 1790 1784 3113
13397 4 2 1 7 1012 1030 1045 3174
13398 4 2 1 7 715 1669 703 1727
13399 4 2 1 7 2091 2029 2041 3154
13400 4 2 1 7 1421 1420 1418 3393
13401 4 2 1 7 755 784 826 3341
13402 4 2 1 7 3505 3155 3372 2940
13403 4 2 1 7 3437 831 796 765
13404 4 2 1 7 1272 1287 1273 3230
13405 4 2 1 7 619 3018 3313 3403
13406 4 2 1 7 558 1656 563 1655
13407 4 2 1 7 471 507 398 3411
13408 4 2 1 7 3654 263 1362 1522
13409 4 2 1 7 2067 3322 2078 3475
13410 4 2 1 7 1033 1032 21 3405
13411 4 2 1 7 665 618 620 3029
13412 4 2 1 7 3243 3422 3007 3426
13413 4 2 1 7 1926 1909 1876 3291
13414 4 2 1 7 865 1642 1644 1645
13415 4 2 1 7 1720 1811 1715 3194
13416 4 2 1 7 3641 2058 2100 296
13417 4 2 1 7 1853 1888 1902 3068
13418 4 2 1 7 655 3029 624 3438
13419 4 2 1 7 455 510 365 3109
13420 4 2 1 7 1017 1018 1016 3361
13421 4 2 1 7 1839 1848 1845 3195
13422 4 2 1 7 600 599 676 3055
13423 4 2 1 7 2158 2052 3178 3509
13424 4 2 1 7 938 937 930 3500
13425 4 2 1 7 3664 2171 2142 3190
13426 4 2 1 7 1218 1217 1195 3489
13427 4 2 1 7 1697 1761 1729 3297
13428 4 2 1 7 3170 3387 934 3435
13429 4 2 1 7 1719 1812 231 3355
13430 4 2 1 7 815 814 809 3276
13431 4 2 1 7 1497 1588 1585 3148
13432 4 2 1 7 826 742 3042 3341
13433 4 2 1 7 856 884 887 3409
13434 4 2 1 7 2176 3594 605 551
13435 4 2 1 7 3556 2171 3190 2145
13436 4 2 1 7 3608 3683 3461 1309
13437 4 2 1 7 1982 1863 1977 983
13438 4 2 1 7 1995 1941 1928 3177
13439 4 2 1 7 1120 1166 1052 2998
13440 4 2 1 7 1669 1707 1706 3342
13441 4 2 1 7 142 141 2928 3497
13442 4 2 1 7 1483 3141 1489 3510
13443 4 2 1 7 1263 1190 1264 3220
13444 4 2 1 7 540 542 662 3201
13445 4 2 1 7 3657 1323 1229 223
13446 4 2 1 7 857 3232 126 3349
13447 4 2 1 7 1511 1463 1503 3130
13448 4 2 1 7 1027 1036 1041 2827
13449 4 2 1 7 976 903 873 3082
13450 4 2 1 7 646 3029 655 3438
13451 4 2 1 7 1209 1263 1264 3402
13452 4 2 1 7 815 3276 809 3292
13453 4 2 1 7 1667 1669 715 1727
13454 4 2 1 7 3505 2820 3052 3398
13455 4 2 1 7 1116 1164 1046 3228
13456 4 2 1 7 522 3143 640 3485
13457 4 2 1 7 1945 1868 1965 3191
13458 4 2 1 7 1062 1134 1111 2996
13459 4 2 1 7 679 619 3018 3313
13460 4 2 1 7 2964 1158 160 3617
13461 4 2 1 7 2112 2110 2178 3382
13462 4 2 1 7 3656 1328 236 1288
13463 4 2 1 7 1084 1144 1088 3222
13464 4 2 1 7 822 1640 778 3445
13465 4 2 1 7 1527 1531 1494 3461
13466 4 2 1 7 2062 2044 2061 3495
13467 4 2 1 7 933 946 970 3273
13468 4 2 1 7 2891 3410 2961 3496
13469 4 2 1 7 432 485 434 3273
13470 4 2 1 7 15 264 2169 2900
13471 4 2 1 7 1913 1843 1912 3014
13472 4 2 1 7 1496 1589 1408 3508
13473 4 2 1 7 3658 1604 3581 225
13474 4 2 1 7 1173 1265 1298 3066
13475 4 2 1 7 3052 80 4 3505
13476 4 2 1 7 1976 1961 1894 3207
13477 4 2 1 7 3176 3306 418 3483
13478 4 2 1 7 1891 1940 3346 3451
13479 4 2 1 7 1822 3549 3655 265
13480 4 2 1 7 1605 1767 1611 3044
13481 4 2 1 7 1330 1288 1226 3067
13482 4 2 1 7 982 1197 1300 1181
13483 4 2 1 7 1315 1302 1345 3159
13484 4 2 1 7 545 70 69 3180
13485 4 2 1 7 1149 1069 1120 3165
13486 4 2 1 7 1383 1538 1387 3397
13487 4 2 1 7 2097 605 2027 3202
13488 4 2 1 7 1195 1219 1286 3489
13489 4 2 1 7 1722 1726 1724 3401
13490 4 2 1 7 3520 25 503 3256
13491 4 2 1 7 1084 1058 1144 3222
13492 4 2 1 7 755 741 372 3430
13493 4 2 1 7 1396 1401 3357 3476
13494 4 2 1 7 1776 1775 1731 3480
13495 4 2 1 7 752 751 738 2952
13496 4 2 1 7 994 170 171 3254
13497 4 2 1 7 466 465 3110 3386
13498 4 2 1 7 668 661 523 3378
13499 4 2 1 7 889 3129 884 3409
13500 4 2 1 7 2169 264 2115 2900
13501 4 2 1 7 385 1036 386 1146
13502 4 2 1 7 3484 883 649 886
13503 4 2 1 7 1351 1496 1495 3323
13504 4 2 1 7 1177 1305 1343 3061
13505 4 2 1 7 3645 1252 3011 1239
13506 4 2 1 7 3468 3201 548 543
13507 4 2 1 7 1551 1475 1566 3155
13508 4 2 1 7 530 70 71 3370
13509 4 2 1 7 1633 869 911 913
13510 4 2 1 7 105 799 3114 3332
13511 4 2 1 7 3576 1821 278 1765
13512 4 2 1 7 1476 1578 1463 3079
13513 4 2 1 7 111 743 110 3282
13514 4 2 1 7 1048 1047 1054 3453
13515 4 2 1 7 1105 1003 996 3106
13516 4 2 1 7 1992 1966 1911 3434
13517 4 2 1 7 1383 1382 1384 3460
13518 4 2 1 7 1309 3608 207 1253
13519 4 2 1 7 755 3172 713 3430
13520 4 2 1 7 2037 2035 2122 3509
13521 4 2 1 7 571 570 574 3495
13522 4 2 1 7 2840 3315 3077 3513
13523 4 2 1 7 1226 1288 1328 3067
13524 4 2 1 7 1822 3549 265 1794
13525 4 2 1 7 534 583 604 3073
13526 4 2 1 7 1742 1634 716 1770
13527 4 2 1 7 3576 1821 1765 2977
13528 4 2 1 7 735 3240 736 3320
13529 4 2 1 7 976 873 899 3283
13530 4 2 1 7 1299 1304 1227 3359
13531 4 2 1 7 1793 1716 1717 3289
13532 4 2 1 7 941 942 936 2983
13533 4 2 1 7 498 471 513 3274
13534 4 2 1 7 3014 3316 2824 3335
13535 4 2 1 7 537 2050 536 552
13536 4 2 1 7 926 919 134 2975
13537 4 2 1 7 663 522 629 3485
13538 4 2 1 7 3150 3489 2856 3516
13539 4 2 1 7 1036 3586 385 1027
13540 4 2 1 7 743 1967 830 1989
13541 4 2 1 7 1423 1436 1480 3439
13542 4 2 1 7 587 586 602 3292
13543 4 2 1 7 2911 1153 1057 188
13544 4 2 1 7 3177 3346 1940 3451
13545 4 2 1 7 3556 1324 1291 3190
13546 4 2 1 7 2809 3322 3003 3475
13547 4 2 1 7 1834 1921 1920 3148
13548 4 2 1 7 850 843 935 3339
13549 4 2 1 7 2841 3343 3223 3422
13550 4 2 1 7 111 691 707 3400
13551 4 2 1 7 1584 1503 1359 3207
13552 4 2 1 7 2004 1936 1844 3421
13553 4 2 1 7 94 95 692 3091
13554 4 2 1 7 744 745 712 3081
13555 4 2 1 7 552 3154 536 3490
13556 4 2 1 7 459 3287 495 3492
13557 4 2 1 7 663 629 3226 3485
13558 4 2 1 7 1156 3215 1038 3420
13559 4 2 1 7 709 3193 762 3467
13560 4 2 1 7 3518 275 1597 1806
13561 4 2 1 7 662 635 2993 3425
13562 4 2 1 7 786 795 723 3134
13563 4 2 1 7 6 3160 725 118
13564 4 2 1 7 615 623 3134 3438
13565 4 2 1 7 3559 285 1592 1815
13566 4 2 1 7 595 587 596 3108
13567 4 2 1 7 3559 2099 2065 285
13568 4 2 1 7 1956 1983 1908 3269
13569 4 2 1 7 1759 1731 1725 3425
13570 4 2 1 7 1399 1396 1401 3357
13571 4 2 1 7 2902 3398 3126 3406
13572 4 2 1 7 1570 1472 1354 3051
13573 4 2 1 7 596 652 601 3107
13574 4 2 1 7 1746 1745 1666 3188
13575 4 2 1 7 3428 3280 42 3168
13576 4 2 1 7 3326 3327 2857 3328
13577 4 2 1 7 1387 1539 1540 3216
13578 4 2 1 7 1973 1932 1975 3364
13579 4 2 1 7 1373 1372 1374 3116
13580 4 2 1 7 558 546 539 3462
13581 4 2 1 7 3126 3398 2820 3406
13582 4 2 1 7 101 3259 102 3432
13583 4 2 1 7 555 554 632 3235
13584 4 2 1 7 2996 3482 601 3503
13585 4 2 1 7 844 136 907 3267
13586 4 2 1 7 835 769 802 3078
13587 4 2 1 7 3240 375 363 387
13588 4 2 1 7 3173 2140 2153 3678
13589 4 2 1 7 619 3313 618 3403
13590 4 2 1 7 244 1920 1864 3323
13591 4 2 1 7 1647 2932 1646 3231
13592 4 2 1 7 1020 1021 1022 2991
13593 4 2 1 7 1237 1285 1233 3494
13594 4 2 1 7 1866 1981 1854 3441
13595 4 2 1 7 3298 479 383 3125
13596 4 2 1 7 1438 1431 1430 3334
13597 4 2 1 7 1679 1720 1715 3194
13598 4 2 1 7 1328 3548 222 1226
13599 4 2 1 7 2146 2162 2016 3455
13600 4 2 1 7 741 489 372 3430
13601 4 2 1 7 466 3110 509 3386
13602 4 2 1 7 1380 1378 1525 3513
13603 4 2 1 7 1449 1447 1451 3210
13604 4 2 1 7 28 29 3261 3341
13605 4 2 1 7 2915 3205 979 3435
13606 4 2 1 7 558 1656 1655 1657
13607 4 2 1 7 781 815 3276 814
13608 4 2 1 7 515 2958 469 3232
13609 4 2 1 7 581 782 583 3078
13610 4 2 1 7 2097 2030 2076 3202
13611 4 2 1 7 1453 1452 1450 3496
13612 4 2 1 7 3102 2829 3271 3484
13613 4 2 1 7 539 3204 538 3356
13614 4 2 1 7 945 848 986 3356
13615 4 2 1 7 3323 1918 1864 243
13616 4 2 1 7 1865 1862 116 3265
13617 4 2 1 7 3173 2982 2140 3678
13618 4 2 1 7 1435 1529 1417 3189
13619 4 2 1 7 1338 1249 1250 3516
13620 4 2 1 7 980 917 913 3111
13621 4 2 1 7 1479 1520 1541 3499
13622 4 2 1 7 2860 3233 3218 3445
13623 4 2 1 7 1438 1562 1439 3334
13624 4 2 1 7 930 3158 938 3500
13625 4 2 1 7 789 3319 713 3384
13626 4 2 1 7 1196 1206 1215 3330
13627 4 2 1 7 864 988 952 2999
13628 4 2 1 7 403 365 482 3267
13629 4 2 1 7 770 1721 703 778
13630 4 2 1 7 955 965 902 3366
13631 4 2 1 7 2116 2173 2093 3156
13632 4 2 1 7 3405 1069 1 3165
13633 4 2 1 7 649 545 613 3074
13634 4 2 1 7 563 1656 1653 1655
13635 4 2 1 7 101 3432 100 3433
13636 4 2 1 7 646 3313 3029 620
13637 4 2 1 7 989 2932 132 3231
13638 4 2 1 7 1687 1709 1760 3514
13639 4 2 1 7 3298 479 3125 3466
13640 4 2 1 7 1816 1815 1701 3112
13641 4 2 1 7 3071 3280 2887 3499
13642 4 2 1 7 1576 1496 1351 3323
13643 4 2 1 7 2876 3280 3169 3499
13644 4 2 1 7 2151 2078 2127 3475
13645 4 2 1 7 525 3032 604 3073
13646 4 2 1 7 1216 1202 1179 3376
13647 4 2 1 7 1325 1215 1255 3124
13648 4 2 1 7 3650 1753 1796 1832
13649 4 2 1 7 2995 3186 700 3342
13650 4 2 1 7 40 402 3146 3315
13651 4 2 1 7 2017 2010 2119 3234
13652 4 2 1 7 1634 716 770 1727
13653 4 2 1 7 780 3089 690 3277
13654 4 2 1 7 382 1162 1161 1109
13655 4 2 1 7 2029 2041 536 2023
13656 4 2 1 7 2040 2163 2133 3052
13657 4 2 1 7 3596 701 1183 748
13658 4 2 1 7 3236 3490 610 3491
13659 4 2 1 7 3042 3261 826 3341
13660 4 2 1 7 2813 2843 3164 3416
13661 4 2 1 7 581 782 3078 3392
13662 4 2 1 7 1027 1041 1050 2827
13663 4 2 1 7 403 482 427 3327
13664 4 2 1 7 2975 3131 133 3250
13665 4 2 1 7 1613 1769 1771 3391
13666 4 2 1 7 716 715 1727 1742
13667 4 2 1 7 1968 1924 1881 3415
13668 4 2 1 7 1854 1855 1866 3129
13669 4 2 1 7 448 398 395 3217
13670 4 2 1 7 1269 759 1238 3238
13671 4 2 1 7 2073 2143 2072 3351
13672 4 2 1 7 754 3338 3381 3386
13673 4 2 1 7 1848 1849 1845 3429
13674 4 2 1 7 1470 1506 1563 3209
13675 4 2 1 7 3322 2140 2982 3678
13676 4 2 1 7 2163 2083 2133 3052
13677 4 2 1 7 516 509 421 3174
13678 4 2 1 7 1747 1813 1704 3224
13679 4 2 1 7 3235 3394 2930 3458
13680 4 2 1 7 1537 1561 1536 3472
13681 4 2 1 7 1483 1370 1489 3141
13682 4 2 1 7 482 3267 365 3367
13683 4 2 1 7 816 3468 107 106
13684 4 2 1 7 1477 258 3573 3388
13685 4 2 1 7 1423 1480 1425 3439
13686 4 2 1 7 1231 199 1331 3543
13687 4 2 1 7 2025 2126 2078 3322
13688 4 2 1 7 3052 4 80 664
13689 4 2 1 7 3064 1710 1754 2976
13690 4 2 1 7 1573 1351 243 3323
13691 4 2 1 7 1454 1457 1455 3227
13692 4 2 1 7 50 3685 51 496
13693 4 2 1 7 771 3108 777 3276
13694 4 2 1 7 1061 1139 1055 3312
13695 4 2 1 7 532 135 136 576
13696 4 2 1 7 1022 1066 1020 2991
13697 4 2 1 7 3667 1196 1180 1325
13698 4 2 1 7 1224 1327 1294 3158
13699 4 2 1 7 2983 3306 3176 3483
13700 4 2 1 7 1185 1282 1184 3412
13701 4 2 1 7 134 2975 133 3250
13702 4 2 1 7 1132 1063 1056 3358
13703 4 2 1 7 845 129 939 3244
13704 4 2 1 7 810 584 581 782
13705 4 2 1 7 1037 648 526 3503
13706 4 2 1 7 1719 1805 1680 3122
13707 4 2 1 7 581 534 2968 3078
13708 4 2 1 7 574 643 644 3119
13709 4 2 1 7 1103 994 171 3254
13710 4 2 1 7 773 771 3276 3277
13711 4 2 1 7 2002 1958 1937 3419
13712 4 2 1 7 1802 1754 1594 3064
13713 4 2 1 7 383 3125 441 3413
13714 4 2 1 7 3691 537 2050 536
13715 4 2 1 7 608 609 562 3493
13716 4 2 1 7 3632 1557 166 1559
13717 4 2 1 7 455 510 3109 3368
13718 4 2 1 7 945 880 881 3356
13719 4 2 1 7 524 600 603 3312
13720 4 2 1 7 479 366 439 3125
13721 4 2 1 7 1321 1306 1232 3500
13722 4 2 1 7 385 1036 464 386
13723 4 2 1 7 1130 3019 1079 3030
13724 4 2 1 7 3443 869 954 1638
13725 4 2 1 7 1328 3548 1226 3067
13726 4 2 1 7 426 3685 51 3560
13727 4 2 1 7 505 1691 1689 1690
13728 4 2 1 7 3523 1987 3115 1860
13729 4 2 1 7 427 413 404 3327
13730 4 2 1 7 1820 1652 1702 3454
13731 4 2 1 7 2181 2161 2022 3185
13732 4 2 1 7 1203 1184 1205 3404
13733 4 2 1 7 816 3468 106 3089
13734 4 2 1 7 942 943 979 3435
13735 4 2 1 7 3574 57 184 3535
13736 4 2 1 7 1541 1520 1398 3169
13737 4 2 1 7 1474 1475 1551 3155
13738 4 2 1 7 877 859 875 3194
13739 4 2 1 7 1727 715 1667 1742
13740 4 2 1 7 3276 3277 3108 3292
13741 4 2 1 7 1768 1633 911 1635
13742 4 2 1 7 1691 396 505 3411
13743 4 2 1 7 3644 3518 2984 1806
13744 4 2 1 7 1825 1826 1744 3305
13745 4 2 1 7 1416 1428 1524 3212
13746 4 2 1 7 3656 1328 1288 3067
13747 4 2 1 7 2158 2052 2170 3178
13748 4 2 1 7 868 1639 869 1633
13749 4 2 1 7 2140 3322 2025 48
13750 4 2 1 7 61 60 603 1081
13751 4 2 1 7 790 791 795 3134
13752 4 2 1 7 1965 1922 1945 3191
13753 4 2 1 7 1015 385 3586 1027
13754 4 2 1 7 1975 1932 1931 3364
13755 4 2 1 7 1140 1070 1110 3299
13756 4 2 1 7 552 610 3236 3490
13757 4 2 1 7 1841 1947 1978 3396
13758 4 2 1 7 3543 1582 1554 199
13759 4 2 1 7 250 1581 3544 1552
13760 4 2 1 7 110 691 111 3219
13761 4 2 1 7 469 3232 3286 3399
13762 4 2 1 7 1472 1564 1354 3051
13763 4 2 1 7 1905 1898 1878 3258
13764 4 2 1 7 1875 1919 1988 3040
13765 4 2 1 7 371 405 406 3305
13766 4 2 1 7 3655 3549 1994 265
13767 4 2 1 7 1223 1327 1224 3158
13768 4 2 1 7 503 25 449 3256
13769 4 2 1 7 111 830 3282 3421
13770 4 2 1 7 1949 818 1989 1897
13771 4 2 1 7 3428 3280 3168 2862
13772 4 2 1 7 136 2936 844 3506
13773 4 2 1 7 658 635 561 3425
13774 4 2 1 7 1230 212 3555 1324
13775 4 2 1 7 3555 3669 3190 1324
13776 4 2 1 7 1335 1291 1230 3190
13777 4 2 1 7 2911 1153 188 3655
13778 4 2 1 7 803 765 831 3153
13779 4 2 1 7 67 3300 672 3464
13780 4 2 1 7 1394 1526 1488 3149
13781 4 2 1 7 1453 1543 1452 3496
13782 4 2 1 7 559 639 568 3454
13783 4 2 1 7 1742 716 106 3332
13784 4 2 1 7 2051 2166 2094 384
13785 4 2 1 7 1425 1479 1427 3071
13786 4 2 1 7 1914 1885 1945 3471
13787 4 2 1 7 2044 2062 2123 3495
13788 4 2 1 7 1766 1716 1793 3462
13789 4 2 1 7 1886 302 1996 3568
13790 4 2 1 7 469 515 410 2958
13791 4 2 1 7 35 458 368 3319
13792 4 2 1 7 3657 1323 223 3617
13793 4 2 1 7 3365 829 3392 709
13794 4 2 1 7 3003 49 3322 371
13795 4 2 1 7 1822 188 12 3655
13796 4 2 1 7 710 836 804 3196
13797 4 2 1 7 648 1037 526 650
13798 4 2 1 7 785 756 817 3403
13799 4 2 1 7 1477 1350 258 3388
13800 4 2 1 7 674 642 541 3187
13801 4 2 1 7 1386 1383 1384 3460
13802 4 2 1 7 2024 2136 2116 3419
13803 4 2 1 7 1011 1112 1064 3266
13804 4 2 1 7 834 777 771 3108
13805 4 2 1 7 2048 2063 2120 3340
13806 4 2 1 7 3437 831 765 3153
13807 4 2 1 7 98 3198 3281 494
13808 4 2 1 7 600 675 580 3312
13809 4 2 1 7 924 3301 863 3436
13810 4 2 1 7 1773 1778 1635 3139
13811 4 2 1 7 2911 3655 188 1822
13812 4 2 1 7 465 466 3341 3386
13813 4 2 1 7 939 929 931 3069
13814 4 2 1 7 1544 1546 1534 3182
13815 4 2 1 7 701 805 1183 748
13816 4 2 1 7 548 105 104 3201
13817 4 2 1 7 1680 1672 1714 3205
13818 4 2 1 7 767 722 803 3153
13819 4 2 1 7 559 568 3197 3454
13820 4 2 1 7 2012 2017 2019 3379
13821 4 2 1 7 619 620 618 3313
13822 4 2 1 7 865 1642 867 868
13823 4 2 1 7 626 661 69 3082
13824 4 2 1 7 926 853 956 3143
13825 4 2 1 7 2036 2080 2034 3368
13826 4 2 1 7 1878 1877 1852 3137
13827 4 2 1 7 1350 257 258 3388
13828 4 2 1 7 3583 750 116 3265
13829 4 2 1 7 919 852 133 2975
13830 4 2 1 7 703 770 715 1727
13831 4 2 1 7 2807 3298 3125 3466
13832 4 2 1 7 258 2111 2113 3388
13833 4 2 1 7 126 857 847 3232
13834 4 2 1 7 979 985 940 2915
13835 4 2 1 7 3625 289 2105 3455
13836 4 2 1 7 1354 1505 171 3254
13837 4 2 1 7 1874 1929 1964 3206
13838 4 2 1 7 3224 226 1311 1340
13839 4 2 1 7 40 41 402 3315
13840 4 2 1 7 1630 1628 1626 3145
13841 4 2 1 7 379 45 454 3318
13842 4 2 1 7 867 1639 869 868
13843 4 2 1 7 453 487 414 3173
13844 4 2 1 7 385 446 445 2957
13845 4 2 1 7 785 817 689 3018
13846 4 2 1 7 1152 648 1037 3503
13847 4 2 1 7 1103 171 3579 3254
13848 4 2 1 7 1982 1938 1863 3249
13849 4 2 1 7 1936 1842 830 1967
13850 4 2 1 7 2094 2166 47 384
13851 4 2 1 7 1695 1789 1761 3217
13852 4 2 1 7 1115 1008 1147 3364
13853 4 2 1 7 1420 1417 1418 3375
13854 4 2 1 7 1896 1968 1900 3138
13855 4 2 1 7 144 920 143 3362
13856 4 2 1 7 383 479 439 3125
13857 4 2 1 7 654 622 656 3438
13858 4 2 1 7 382 388 421 3473
13859 4 2 1 7 655 621 679 3313
13860 4 2 1 7 2118 2181 2022 3185
13861 4 2 1 7 1694 1696 1785 3487
13862 4 2 1 7 809 814 778 3218
13863 4 2 1 7 1936 1890 1967 3282
13864 4 2 1 7 78 3095 532 77
13865 4 2 1 7 559 3197 562 3311
13866 4 2 1 7 3007 3422 2871 3426
13867 4 2 1 7 853 532 136 3502
13868 4 2 1 7 690 780 106 3089
13869 4 2 1 7 141 856 888 2928
13870 4 2 1 7 1404 1399 1401 3357
13871 4 2 1 7 1427 1465 1464 3290
13872 4 2 1 7 2161 2079 2074 3444
13873 4 2 1 7 1156 1143 1038 3215
13874 4 2 1 7 39 2997 401 3281
13875 4 2 1 7 2812 3387 3170 3435
13876 4 2 1 7 1861 1880 1859 3467
13877 4 2 1 7 631 663 565 3480
13878 4 2 1 7 1444 1468 1467 3416
13879 4 2 1 7 1555 1580 3664 3190
13880 4 2 1 7 2083 2084 2180 3505
13881 4 2 1 7 2164 2024 2116 3419
13882 4 2 1 7 592 637 550 3233
13883 4 2 1 7 815 3277 3276 3292
13884 4 2 1 7 606 3236 610 3491
13885 4 2 1 7 1764 393 1694 1783
13886 4 2 1 7 103 3288 3287 3492
13887 4 2 1 7 1711 1801 1712 3272
13888 4 2 1 7 1773 1682 1684 3176
13889 4 2 1 7 673 677 553 3490
13890 4 2 1 7 1885 1896 1889 3471
13891 4 2 1 7 661 626 556 3283
13892 4 2 1 7 1891 1984 1967 3346
13893 4 2 1 7 555 633 3309 3394
13894 4 2 1 7 3215 3373 2838 3420
13895 4 2 1 7 435 377 442 3093
13896 4 2 1 7 1469 1590 1558 3470
13897 4 2 1 7 2093 2089 2116 3156
13898 4 2 1 7 1991 1924 1968 3415
13899 4 2 1 7 900 965 964 3370
13900 4 2 1 7 1997 1923 1882 3248
13901 4 2 1 7 2158 2122 2052 3509
13902 4 2 1 7 802 2987 763 3467
13903 4 2 1 7 814 781 776 3276
13904 4 2 1 7 1767 1750 1724 3353
13905 4 2 1 7 131 846 132 3244
13906 4 2 1 7 982 1181 3676 3667
13907 4 2 1 7 2078 2067 2025 3322
13908 4 2 1 7 648 1152 1037 1080
13909 4 2 1 7 1054 1071 1067 3133
13910 4 2 1 7 932 937 938 3184
13911 4 2 1 7 887 925 1986 1963
13912 4 2 1 7 1782 1705 1819 3390
13913 4 2 1 7 513 397 470 3085
13914 4 2 1 7 28 3261 3042 3341
13915 4 2 1 7 1600 1733 289 3455
13916 4 2 1 7 1696 1692 392 1694
13917 4 2 1 7 1411 1409 1487 3426
13918 4 2 1 7 749 725 707 3096
13919 4 2 1 7 1097 1098 1099 3459
13920 4 2 1 7 1713 1702 1654 3454
13921 4 2 1 7 1413 1415 1419 3152
13922 4 2 1 7 1258 1276 1176 3355
13923 4 2 1 7 3218 3233 3036 3445
13924 4 2 1 7 274 146 3517 1985
13925 4 2 1 7 2170 2114 2158 3178
13926 4 2 1 7 850 129 843 3203
13927 4 2 1 7 609 538 546 3204
13928 4 2 1 7 666 3535 3574 1598
13929 4 2 1 7 2946 3309 633 3394
13930 4 2 1 7 1523 1468 1444 3416
13931 4 2 1 7 467 450 412 3244
13932 4 2 1 7 882 876 3291 3354
13933 4 2 1 7 709 706 3193 3365
13934 4 2 1 7 875 859 860 3458
13935 4 2 1 7 1659 1677 1766 3369
13936 4 2 1 7 886 967 923 3484
13937 4 2 1 7 1485 1489 1490 3510
13938 4 2 1 7 3535 185 184 1598
13939 4 2 1 7 1921 1965 1946 3279
13940 4 2 1 7 771 757 752 3108
13941 4 2 1 7 491 2051 3599 384
13942 4 2 1 7 433 430 432 3183
13943 4 2 1 7 954 1643 3231 3443
13944 4 2 1 7 2031 2033 2032 3478
13945 4 2 1 7 694 761 702 3177
13946 4 2 1 7 88 226 3649 1340
13947 4 2 1 7 913 918 980 3264
13948 4 2 1 7 1663 1660 1664 3309
13949 4 2 1 7 3024 3443 3226 3486
13950 4 2 1 7 751 741 2952 3386
13951 4 2 1 7 680 549 634 3449
13952 4 2 1 7 1992 1911 1843 3434
13953 4 2 1 7 441 482 3413 3440
13954 4 2 1 7 2160 537 2139 2050
13955 4 2 1 7 820 779 3337 3463
13956 4 2 1 7 97 478 96 370
13957 4 2 1 7 549 669 3089 3449
13958 4 2 1 7 853 136 962 3502
13959 4 2 1 7 3659 1476 242 1573
13960 4 2 1 7 1658 627 544 1657
13961 4 2 1 7 1460 1412 1471 3255
13962 4 2 1 7 861 960 906 3095
13963 4 2 1 7 815 791 3277 3292
13964 4 2 1 7 750 117 3519 3583
13965 4 2 1 7 852 954 3231 3443
13966 4 2 1 7 539 651 544 3369
13967 4 2 1 7 1396 1390 1492 3476
13968 4 2 1 7 783 826 792 3172
13969 4 2 1 7 860 3137 876 3458
13970 4 2 1 7 986 848 920 3204
13971 4 2 1 7 1898 1905 1933 3258
13972 4 2 1 7 1657 544 1658 1659
13973 4 2 1 7 2154 2084 2124 3372
13974 4 2 1 7 969 130 129 3244
13975 4 2 1 7 1863 1938 1887 3249
13976 4 2 1 7 289 1733 290 3455
13977 4 2 1 7 746 792 745 3261
13978 4 2 1 7 804 710 3196 3260
13979 4 2 1 7 843 866 935 3339
13980 4 2 1 7 1402 1400 1403 3257
13981 4 2 1 7 1712 1676 1711 3272
13982 4 2 1 7 780 773 781 3277
13983 4 2 1 7 2090 2058 2100 3316
13984 4 2 1 7 665 593 584 3438
13985 4 2 1 7 650 648 1037 1080
13986 4 2 1 7 1589 1496 1576 3508
13987 4 2 1 7 526 601 3482 3503
13988 4 2 1 7 997 1087 1135 3206
13989 4 2 1 7 731 732 800 3347
13990 4 2 1 7 1627 1626 1624 3469
13991 4 2 1 7 934 932 938 3184
13992 4 2 1 7 1649 3443 1728 3486
13993 4 2 1 7 880 876 881 3235
13994 4 2 1 7 1703 1826 1825 3305
13995 4 2 1 7 439 3242 381 3383
13996 4 2 1 7 1269 701 759 3238
13997 4 2 1 7 372 489 31 3430
13998 4 2 1 7 1257 1248 1171 3167
13999 4 2 1 7 1216 1235 1202 3376
14000 4 2 1 7 1639 1642 1644 868
14001 4 2 1 7 393 480 1764 1694
14002 4 2 1 7 400 391 397 3133
14003 4 2 1 7 1302 1315 1260 3159
14004 4 2 1 7 1412 1574 1471 3255
14005 4 2 1 7 541 672 641 3481
14006 4 2 1 7 3032 604 65 525
14007 4 2 1 7 2905 1331 1292 151
14008 4 2 1 7 707 708 749 3187
14009 4 2 1 7 2046 2083 4 3505
14010 4 2 1 7 3101 3337 779 3463
14011 4 2 1 7 3674 806 1203 696
14012 4 2 1 7 1461 1434 1433 3511
14013 4 2 1 7 1723 1810 1707 3186
14014 4 2 1 7 416 367 502 3321
14015 4 2 1 7 534 62 580 3128
14016 4 2 1 7 106 105 2993 3332
14017 4 2 1 7 851 910 908 3327
14018 4 2 1 7 1694 392 1696 3487
14019 4 2 1 7 492 368 495 3492
14020 4 2 1 7 1677 1659 1662 3369
14021 4 2 1 7 39 476 401 2997
14022 4 2 1 7 136 952 137 3506
14023 4 2 1 7 862 870 973 3278
14024 4 2 1 7 651 521 554 3356
14025 4 2 1 7 781 773 3276 3277
14026 4 2 1 7 1501 1499 1502 3147
14027 4 2 1 7 1940 3177 1941 3346
14028 4 2 1 7 1156 1114 1160 3373
14029 4 2 1 7 107 687 108 3449
14030 4 2 1 7 1952 1902 1915 3504
14031 4 2 1 7 735 797 739 3240
14032 4 2 1 7 825 826 783 3172
14033 4 2 1 7 1418 1417 1416 3375
14034 4 2 1 7 1710 1802 1799 3408
14035 4 2 1 7 447 471 498 3253
14036 4 2 1 7 289 2016 2105 3455
14037 4 2 1 7 825 755 826 3172
14038 4 2 1 7 716 770 772 1634
14039 4 2 1 7 1309 1245 1347 3461
14040 4 2 1 7 1658 1670 627 1656
14041 4 2 1 7 1381 1383 1387 3397
14042 4 2 1 7 1668 1706 1708 3342
14043 4 2 1 7 445 3006 28 3261
14044 4 2 1 7 276 3644 1606 1806
14045 4 2 1 7 1114 1156 1038 3420
14046 4 2 1 7 1464 1426 1427 3290
14047 4 2 1 7 98 3037 3260 3281
14048 4 2 1 7 1633 868 1639 1768
14049 4 2 1 7 581 810 782 3392
14050 4 2 1 7 421 509 466 3110
14051 4 2 1 7 571 644 573 3495
14052 4 2 1 7 1243 1322 229 3638
14053 4 2 1 7 606 552 610 3236
14054 4 2 1 7 997 1165 1087 3206
14055 4 2 1 7 914 909 912 3293
14056 4 2 1 7 576 136 532 3502
14057 4 2 1 7 755 825 713 3172
14058 4 2 1 7 717 116 750 3265
14059 4 2 1 7 2002 1937 2006 3419
14060 4 2 1 7 1734 1736 1735 3239
14061 4 2 1 7 1928 1941 1940 3177
14062 4 2 1 7 2905 1155 151 1118
14063 4 2 1 7 2820 3363 3126 3406
14064 4 2 1 7 919 972 852 3226
14065 4 2 1 7 1323 160 10 3617
14066 4 2 1 7 1867 1930 1866 3409
14067 4 2 1 7 2097 605 3594 2027
14068 4 2 1 7 101 100 788 3433
14069 4 2 1 7 803 831 767 3153
14070 4 2 1 7 778 3218 776 3445
14071 4 2 1 7 814 776 778 3218
14072 4 2 1 7 3561 1999 1958 293
14073 4 2 1 7 1219 1220 1236 3304
14074 4 2 1 7 1920 1919 1864 3323
14075 4 2 1 7 1186 1193 1187 3251
14076 4 2 1 7 1891 1879 1940 3451
14077 4 2 1 7 2171 2145 2142 3190
14078 4 2 1 7 1540 1515 1452 3410
14079 4 2 1 7 644 574 3119 3495
14080 4 2 1 7 1523 1562 1349 3498
14081 4 2 1 7 1981 1909 1854 3441
14082 4 2 1 7 981 892 975 3289
14083 4 2 1 7 782 708 723 3360
14084 4 2 1 7 1210 1221 1211 3142
14085 4 2 1 7 3557 3616 2977 1821
14086 4 2 1 7 653 525 604 3073
14087 4 2 1 7 2141 2077 2106 3295
14088 4 2 1 7 1634 770 1763 1727
14089 4 2 1 7 3435 943 934 3170
14090 4 2 1 7 939 927 929 3069
14091 4 2 1 7 108 109 694 3308
14092 4 2 1 7 1718 1701 1815 3112
14093 4 2 1 7 1679 1745 1804 3457
14094 4 2 1 7 3558 1158 175 1040
14095 4 2 1 7 540 530 533 3293
14096 4 2 1 7 632 555 3235 3394
14097 4 2 1 7 3582 1155 161 3660
14098 4 2 1 7 3556 2171 2145 213
14099 4 2 1 7 694 688 108 3308
14100 4 2 1 7 2906 1157 1131 189
14101 4 2 1 7 1647 1646 1643 3231
14102 4 2 1 7 441 427 482 3327
14103 4 2 1 7 2112 2178 2130 3382
14104 4 2 1 7 1522 2900 264 1581
14105 4 2 1 7 616 614 611 3271
14106 4 2 1 7 1732 1649 1643 3443
14107 4 2 1 7 784 754 785 3381
14108 4 2 1 7 1655 558 1657 1661
14109 4 2 1 7 735 736 705 3320
14110 4 2 1 7 101 788 689 3433
14111 4 2 1 7 1282 1185 1188 3412
14112 4 2 1 7 556 625 661 3283
14113 4 2 1 7 3493 562 546 609
14114 4 2 1 7 2964 3617 160 1323
14115 4 2 1 7 1867 1870 1930 3409
14116 4 2 1 7 404 953 851 3327
14117 4 2 1 7 926 134 135 3162
14118 4 2 1 7 435 433 434 3326
14119 4 2 1 7 496 406 405 3305
14120 4 2 1 7 676 675 600 3055
14121 4 2 1 7 749 3360 768 2949
14122 4 2 1 7 2939 730 3251 3303
14123 4 2 1 7 429 495 459 3111
14124 4 2 1 7 974 872 904 3343
14125 4 2 1 7 1458 1550 1549 3512
14126 4 2 1 7 1109 1030 1048 3473
14127 4 2 1 7 3661 3575 22 446
14128 4 2 1 7 1531 1371 1373 3317
14129 4 2 1 7 47 2166 2094 2095
14130 4 2 1 7 1694 480 1764 1690
14131 4 2 1 7 1346 1173 1278 3185
14132 4 2 1 7 570 571 569 3208
14133 4 2 1 7 1456 1549 1548 3296
14134 4 2 1 7 627 1658 1656 1657
14135 4 2 1 7 740 742 719 3245
14136 4 2 1 7 1382 1482 1385 3374
14137 4 2 1 7 785 754 756 3403
14138 4 2 1 7 967 884 3129 3441
14139 4 2 1 7 1243 1279 1334 3064
14140 4 2 1 7 926 3143 956 3485
14141 4 2 1 7 978 859 877 3194
14142 4 2 1 7 396 1691 505 1690
14143 4 2 1 7 1483 1489 1485 3510
14144 4 2 1 7 863 924 966 3301
14145 4 2 1 7 396 1692 1691 1690
14146 4 2 1 7 911 868 869 1633
14147 4 2 1 7 1330 1265 1264 3402
14148 4 2 1 7 695 103 557 757
14149 4 2 1 7 704 105 799 3114
14150 4 2 1 7 1502 1586 1501 3147
14151 4 2 1 7 646 3313 620 619
14152 4 2 1 7 89 90 3580 721
14153 4 2 1 7 739 820 779 3337
14154 4 2 1 7 865 130 131 3050
14155 4 2 1 7 1630 1637 1632 3264
14156 4 2 1 7 883 884 967 3441
14157 4 2 1 7 538 539 546 3204
14158 4 2 1 7 98 3260 2989 3281
14159 4 2 1 7 861 961 960 3095
14160 4 2 1 7 1699 1697 1729 3297
14161 4 2 1 7 594 584 587 3292
14162 4 2 1 7 1678 1730 1770 3332
14163 4 2 1 7 716 715 770 1727
14164 4 2 1 7 622 615 656 3438
14165 4 2 1 7 2848 65 641 525
14166 4 2 1 7 380 482 365 3367
14167 4 2 1 7 1831 1816 1701 3336
14168 4 2 1 7 1621 1762 1636 3270
14169 4 2 1 7 1147 1008 1167 3364
14170 4 2 1 7 773 771 777 3276
14171 4 2 1 7 67 672 616 3464
14172 4 2 1 7 1627 1775 1626 3469
14173 4 2 1 7 752 757 753 3108
14174 4 2 1 7 947 953 846 2857
14175 4 2 1 7 829 709 810 3392
14176 4 2 1 7 436 3326 434 3328
14177 4 2 1 7 1705 1718 1819 3390
14178 4 2 1 7 580 581 2968 3312
14179 4 2 1 7 459 460 428 3022
14180 4 2 1 7 716 106 715 1742
14181 4 2 1 7 778 776 822 3445
14182 4 2 1 7 1629 1625 1779 3307
14183 4 2 1 7 1291 3556 213 1324
14184 4 2 1 7 633 3252 2946 3394
14185 4 2 1 7 3052 3398 80 3505
14186 4 2 1 7 1 27 3405 3165
14187 4 2 1 7 665 3029 620 3438
14188 4 2 1 7 678 4 80 3505
14189 4 2 1 7 765 692 796 3437
14190 4 2 1 7 741 738 489 737
14191 4 2 1 7 1649 1732 1728 3443
14192 4 2 1 7 836 3196 710 3199
14193 4 2 1 7 1013 1001 1014 3256
14194 4 2 1 7 1550 1458 1572 3512
14195 4 2 1 7 905 923 904 3180
14196 4 2 1 7 1980 1940 1898 3451
14197 4 2 1 7 3577 2150 280 3650
14198 4 2 1 7 1666 1668 1746 3188
14199 4 2 1 7 1396 1492 1401 3476
14200 4 2 1 7 1469 1558 1470 3470
14201 4 2 1 7 1954 1913 1948 3335
14202 4 2 1 7 123 1244 1200 3331
14203 4 2 1 7 1793 1828 1661 3462
14204 4 2 1 7 581 583 534 3078
14205 4 2 1 7 1633 911 868 1768
14206 4 2 1 7 663 3226 629 3486
14207 4 2 1 7 3602 573 2104 537
14208 4 2 1 7 1896 1914 1991 3471
14209 4 2 1 7 1842 830 1967 1989
14210 4 2 1 7 657 624 655 3029
14211 4 2 1 7 427 413 3327 3328
14212 4 2 1 7 438 440 512 3328
14213 4 2 1 7 980 918 972 3264
14214 4 2 1 7 789 3320 705 737
14215 4 2 1 7 1070 1140 1166 3299
14216 4 2 1 7 758 695 103 3259
14217 4 2 1 7 678 80 3398 3505
14218 4 2 1 7 235 236 1288 3656
14219 4 2 1 7 2906 1157 189 3610
14220 4 2 1 7 924 863 973 3436
14221 4 2 1 7 1694 1692 392 1690
14222 4 2 1 7 2150 3650 3577 3003
14223 4 2 1 7 875 876 3235 3458
14224 4 2 1 7 595 594 587 3108
14225 4 2 1 7 487 407 409 3329
14226 4 2 1 7 1599 1747 1809 3224
14227 4 2 1 7 736 735 739 3240
14228 4 2 1 7 777 779 820 3463
14229 4 2 1 7 1249 1218 1250 3516
14230 4 2 1 7 1291 1324 1230 3190
14231 4 2 1 7 580 675 581 3312
14232 4 2 1 7 2097 2076 2125 3414
14233 4 2 1 7 125 857 126 3349
14234 4 2 1 7 98 3198 494 97
14235 4 2 1 7 865 1644 1642 868
14236 4 2 1 7 2004 1890 1936 3282
14237 4 2 1 7 1143 1156 1100 3215
14238 4 2 1 7 401 444 511 3175
14239 4 2 1 7 3603 1090 1000 1125
14240 4 2 1 7 465 421 466 3110
14241 4 2 1 7 558 544 627 1657
14242 4 2 1 7 1506 1505 1354 3254
14243 4 2 1 7 1514 1442 1513 3507
14244 4 2 1 7 559 568 562 3197
14245 4 2 1 7 3153 3407 2981 3514
14246 4 2 1 7 800 793 746 3172
14247 4 2 1 7 1275 1337 1238 3238
14248 4 2 1 7 1926 1876 1877 3291
14249 4 2 1 7 3545 1157 174 1128
14250 4 2 1 7 369 456 384 3379
14251 4 2 1 7 898 871 952 3213
14252 4 2 1 7 2952 741 3268 3386
14253 4 2 1 7 455 45 510 3368
14254 4 2 1 7 28 3042 486 3341
14255 4 2 1 7 180 179 1004 3521
14256 4 2 1 7 850 128 129 3203
14257 4 2 1 7 501 422 3407 3514
14258 4 2 1 7 753 3029 695 3313
14259 4 2 1 7 401 511 485 3175
14260 4 2 1 7 615 623 612 3134
14261 4 2 1 7 1982 983 888 3249
14262 4 2 1 7 589 588 652 3263
14263 4 2 1 7 108 790 109 3449
14264 4 2 1 7 32 31 489 3430
14265 4 2 1 7 1561 1350 1477 3388
14266 4 2 1 7 3582 1155 3660 2905
14267 4 2 1 7 411 467 412 3244
14268 4 2 1 7 752 738 779 3107
14269 4 2 1 7 491 475 2051 384
14270 4 2 1 7 1286 1218 1195 3489
14271 4 2 1 7 559 562 546 3311
14272 4 2 1 7 915 916 914 3350
14273 4 2 1 7 3650 3475 2150 2071
14274 4 2 1 7 1380 1381 1379 3447
14275 4 2 1 7 800 732 812 3347
14276 4 2 1 7 3435 934 943 979
14277 4 2 1 7 182 3693 3537 1085
14278 4 2 1 7 1777 1651 1728 3486
14279 4 2 1 7 1444 1445 1443 3164
14280 4 2 1 7 3624 204 205 1259
14281 4 2 1 7 2059 2176 2097 3414
14282 4 2 1 7 2097 2027 2030 3202
14283 4 2 1 7 418 3306 417 3483
14284 4 2 1 7 532 76 77 3095
14285 4 2 1 7 1688 1764 480 1690
14286 4 2 1 7 97 478 370 493
14287 4 2 1 7 40 402 476 3146
14288 4 2 1 7 615 655 624 3438
14289 4 2 1 7 930 3598 1295 1321
14290 4 2 1 7 69 611 545 3180
14291 4 2 1 7 5 1210 3584 3522
14292 4 2 1 7 3654 2039 3072 3578
14293 4 2 1 7 202 203 3614 1261
14294 4 2 1 7 567 645 66 3324
14295 4 2 1 7 378 2153 3173 453
14296 4 2 1 7 856 141 893 2928
14297 4 2 1 7 1721 1763 770 1727
14298 4 2 1 7 633 2946 3252 3468
14299 4 2 1 7 1649 1728 1651 3486
14300 4 2 1 7 505 1689 1688 1690
14301 4 2 1 7 871 870 864 3333
14302 4 2 1 7 2173 3654 3072 2900
14303 4 2 1 7 603 600 580 3312
14304 4 2 1 7 39 381 3120 2864
14305 4 2 1 7 955 909 914 3293
14306 4 2 1 7 1934 1982 1977 983
14307 4 2 1 7 509 424 372 3268
14308 4 2 1 7 377 3242 381 2864
14309 4 2 1 7 620 3029 646 3438
14310 4 2 1 7 1098 1164 1116 3228
14311 4 2 1 7 548 549 669 3089
14312 4 2 1 7 112 830 111 3421
14313 4 2 1 7 247 248 3524 1498
14314 4 2 1 7 1805 1754 1681 3395
14315 4 2 1 7 207 206 1253 3608
14316 4 2 1 7 481 3168 383 3413
14317 4 2 1 7 1309 1253 1245 3461
14318 4 2 1 7 78 576 532 3502
14319 4 2 1 7 653 604 583 3073
14320 4 2 1 7 1669 1706 1668 3342
14321 4 2 1 7 224 223 3657 1229
14322 4 2 1 7 706 808 700 3186
14323 4 2 1 7 56 57 184 3574
14324 4 2 1 7 1691 1693 1695 3411
14325 4 2 1 7 2102 2142 2145 3190
14326 4 2 1 7 441 482 481 3413
14327 4 2 1 7 941 868 911 1768
14328 4 2 1 7 2034 2080 2107 3368
14329 4 2 1 7 2091 2058 2090 3316
14330 4 2 1 7 3558 1158 1040 2964
14331 4 2 1 7 264 263 3654 1522
14332 4 2 1 7 1654 1702 1652 3454
14333 4 2 1 7 3557 1797 292 1821
14334 4 2 1 7 38 401 494 3281
14335 4 2 1 7 743 830 818 1989
14336 4 2 1 7 3537 181 182 1051
14337 4 2 1 7 658 1658 627 544
14338 4 2 1 7 538 75 74 3098
14339 4 2 1 7 55 582 3540 3662
14340 4 2 1 7 3559 285 286 1592
14341 4 2 1 7 738 2952 741 3268
14342 4 2 1 7 36 416 35 3151
14343 4 2 1 7 3663 169 168 1007
14344 4 2 1 7 1891 1940 1941 3346
14345 4 2 1 7 188 187 1057 2911
14346 4 2 1 7 1648 1800 1808 3339
14347 4 2 1 7 1786 1785 1696 3487
14348 4 2 1 7 3517 274 1811 1597
14349 4 2 1 7 827 761 743 3346
14350 4 2 1 7 735 103 104 3287
14351 4 2 1 7 65 535 64 3123
14352 4 2 1 7 364 471 447 3253
14353 4 2 1 7 31 447 376 3347
14354 4 2 1 7 953 947 910 3327
14355 4 2 1 7 1718 3688 284 3560
14356 4 2 1 7 240 241 3207 1359
14357 4 2 1 7 277 278 1765 3576
14358 4 2 1 7 505 422 501 3514
14359 4 2 1 7 491 3599 47 384
14360 4 2 1 7 811 3251 730 3303
14361 4 2 1 7 1235 1304 1299 3359
14362 4 2 1 7 3665 2159 3599 2051
14363 4 2 1 7 574 644 571 3495
14364 4 2 1 7 745 792 826 3261
14365 4 2 1 7 830 743 111 3282
14366 4 2 1 7 251 3664 1555 1580
14367 4 2 1 7 912 947 917 3326
14368 4 2 1 7 3545 1157 1128 2906
14369 4 2 1 7 786 790 795 3134
14370 4 2 1 7 182 3693 1085 183
14371 4 2 1 7 3613 197 196 1031
14372 4 2 1 7 2161 2074 2086 3444
14373 4 2 1 7 1163 56 184 3574
14374 4 2 1 7 505 501 423 3514
14375 4 2 1 7 1692 396 392 1690
14376 4 2 1 7 826 784 742 3341
14377 4 2 1 7 1597 975 3517 3518
14378 4 2 1 7 1182 805 806 748
14379 4 2 1 7 3525 217 218 1277
14380 4 2 1 7 3666 8 144 3523
14381 4 2 1 7 1687 1760 1689 3514
14382 4 2 1 7 741 738 751 2952
14383 4 2 1 7 1265 1209 1264 3402
14384 4 2 1 7 1117 197 198 3527
14385 4 2 1 7 3574 3535 184 1598
14386 4 2 1 7 255 256 1556 3531
14387 4 2 1 7 93 94 765 3477
14388 4 2 1 7 1921 1946 1988 3279
14389 4 2 1 7 3662 54 582 660
14390 4 2 1 7 3408 1802 1799 228
14391 4 2 1 7 1327 1344 1237 3494
14392 4 2 1 7 543 2993 633 3468
14393 4 2 1 7 889 884 856 3409
14394 4 2 1 7 97 370 96 3198
14395 4 2 1 7 1206 1196 1197 3330
14396 4 2 1 7 2120 2063 2101 3340
14397 4 2 1 7 1205 1228 1203 3404
14398 4 2 1 7 3631 209 210 1304
14399 4 2 1 7 3519 118 117 724
14400 4 2 1 7 493 478 36 3151
14401 4 2 1 7 1096 3228 1098 3459
14402 4 2 1 7 475 384 456 3379
14403 4 2 1 7 536 2050 3691 2023
14404 4 2 1 7 107 2993 106 3468
14405 4 2 1 7 577 79 638 3501
14406 4 2 1 7 876 880 875 3235
14407 4 2 1 7 702 762 709 3193
14408 4 2 1 7 1542 1395 1543 3427
14409 4 2 1 7 1683 1681 1754 3395
14410 4 2 1 7 185 3535 1611 1598
14411 4 2 1 7 741 737 489 3430
14412 4 2 1 7 975 3194 1597 3517
14413 4 2 1 7 103 3287 705 3492
14414 4 2 1 7 882 884 883 3441
14415 4 2 1 7 1431 1438 1439 3334
14416 4 2 1 7 719 760 788 3314
14417 4 2 1 7 967 884 889 3129
14418 4 2 1 7 57 185 184 3535
14419 4 2 1 7 1520 1479 1392 3499
14420 4 2 1 7 1191 206 205 3530
14421 4 2 1 7 98 3037 710 3260
14422 4 2 1 7 3621 238 239 1367
14423 4 2 1 7 698 718 714 3275
14424 4 2 1 7 211 212 3555 1230
14425 4 2 1 7 2173 3654 2900 2115
14426 4 2 1 7 129 845 969 3244
14427 4 2 1 7 1103 1138 994 3254
14428 4 2 1 7 1688 480 505 1690
14429 4 2 1 7 1978 1927 1841 3396
14430 4 2 1 7 564 560 3143 3485
14431 4 2 1 7 1858 1861 1859 3467
14432 4 2 1 7 3674 1203 3597 696
14433 4 2 1 7 1507 240 239 3621
14434 4 2 1 7 3665 2159 2051 2012
14435 4 2 1 7 282 283 50 3685
14436 4 2 1 7 253 252 3546 1368
14437 4 2 1 7 67 616 68 3464
14438 4 2 1 7 1091 179 178 3606
14439 4 2 1 7 658 547 635 3309
14440 4 2 1 7 3549 266 265 1794
14441 4 2 1 7 694 700 688 3342
14442 4 2 1 7 751 754 741 3386
14443 4 2 1 7 703 700 808 3186
14444 4 2 1 7 381 436 439 3383
14445 4 2 1 7 733 813 796 3253
14446 4 2 1 7 256 257 1560 3622
14447 4 2 1 7 3544 249 250 1552
14448 4 2 1 7 921 3494 922 1208
14449 4 2 1 7 976 899 965 3283
14450 4 2 1 7 1525 1378 1392 3513
14451 4 2 1 7 88 226 227 3649
14452 4 2 1 7 3653 231 230 1176
14453 4 2 1 7 3419 295 294 1937
14454 4 2 1 7 1764 480 393 462
14455 4 2 1 7 3535 3233 1611 1598
14456 4 2 1 7 791 829 810 3292
14457 4 2 1 7 1182 1183 805 748
14458 4 2 1 7 3528 196 195 1104
14459 4 2 1 7 1812 1719 1714 3355
14460 4 2 1 7 1663 1745 1662 3325
14461 4 2 1 7 200 199 1231 3543
14462 4 2 1 7 1718 284 1829 3560
14463 4 2 1 7 975 3194 3517 978
14464 4 2 1 7 136 844 952 3506
14465 4 2 1 7 1521 1375 1377 3442
14466 4 2 1 7 194 193 3533 1115
14467 4 2 1 7 510 380 365 3367
14468 4 2 1 7 469 451 3232 3399
14469 4 2 1 7 793 792 746 3172
14470 4 2 1 7 385 3586 1036 1146
14471 4 2 1 7 646 655 622 3438
14472 4 2 1 7 1170 202 201 3526
14473 4 2 1 7 1888 1939 1975 3344
14474 4 2 1 7 1320 1234 1289 3225
14475 4 2 1 7 632 3252 633 3394
14476 4 2 1 7 22 1015 3661 3586
14477 4 2 1 7 1174 232 233 3572
14478 4 2 1 7 3535 3233 550 3044
14479 4 2 1 7 1614 1726 1640 3445
14480 4 2 1 7 2905 151 152 1118
14481 4 2 1 7 3662 998 54 3591
14482 4 2 1 7 584 586 587 3292
14483 4 2 1 7 3547 164 163 1110
14484 4 2 1 7 1793 1661 1766 3462
14485 4 2 1 7 2113 2111 2112 3388
14486 4 2 1 7 1255 1254 1241 3456
14487 4 2 1 7 988 864 138 3363
14488 4 2 1 7 878 986 920 3204
14489 4 2 1 7 75 538 579 3098
14490 4 2 1 7 2984 145 8 892
14491 4 2 1 7 1843 297 298 3551
14492 4 2 1 7 1982 1934 888 983
14493 4 2 1 7 1694 392 480 1690
14494 4 2 1 7 1227 209 208 3538
14495 4 2 1 7 288 287 1758 3534
14496 4 2 1 7 971 1644 865 868
14497 4 2 1 7 1964 1915 1902 3504
14498 4 2 1 7 1804 1745 1746 3457
14499 4 2 1 7 549 680 670 3449
14500 4 2 1 7 1849 1848 1875 3429
14501 4 2 1 7 758 101 3094 3259
14502 4 2 1 7 1351 244 243 3323
14503 4 2 1 7 948 917 947 3183
14504 4 2 1 7 1688 480 423 505
14505 4 2 1 7 3607 152 153 1010
14506 4 2 1 7 894 1197 982 3330
14507 4 2 1 7 952 2999 988 3506
14508 4 2 1 7 1123 186 185 3694
14509 4 2 1 7 548 557 757 3089
14510 4 2 1 7 2964 159 160 1124
14511 4 2 1 7 159 158 1122 3682
14512 4 2 1 7 550 58 57 3535
14513 4 2 1 7 3605 180 181 1089
14514 4 2 1 7 3675 536 2029 673
14515 4 2 1 7 47 453 3601 506
14516 4 2 1 7 98 698 2989 3260
14517 4 2 1 7 125 7 3587 3667
14518 4 2 1 7 1733 1600 1818 3455
14519 4 2 1 7 1312 1238 1269 759
14520 4 2 1 7 1536 1561 1437 3472
14521 4 2 1 7 296 295 3641 1835
14522 4 2 1 7 1913 1990 1948 3335
14523 4 2 1 7 721 766 767 3224
14524 4 2 1 7 434 436 435 3326
14525 4 2 1 7 1156 1160 1095 3373
14526 4 2 1 7 1942 300 301 3609
14527 4 2 1 7 911 913 942 3139
14528 4 2 1 7 940 921 850 3166
14529 4 2 1 7 1016 1018 1062 3361
14530 4 2 1 7 1339 1254 1255 3456
14531 4 2 1 7 1114 1038 1019 3420
14532 4 2 1 7 158 157 999 3637
14533 4 2 1 7 522 564 3143 3485
14534 4 2 1 7 36 492 37 3384
14535 4 2 1 7 1523 1439 1562 3498
14536 4 2 1 7 3643 214 215 1201
14537 4 2 1 7 819 773 777 3276
14538 4 2 1 7 1300 894 1197 982
14539 4 2 1 7 701 3596 1269 759
14540 4 2 1 7 1128 173 174 3545
14541 4 2 1 7 43 42 3168 3428
14542 4 2 1 7 41 42 483 3280
14543 4 2 1 7 219 220 3570 1173
14544 4 2 1 7 95 3238 701 3303
14545 4 2 1 7 1109 1048 1090 3473
14546 4 2 1 7 148 3687 3619 1917
14547 4 2 1 7 2053 2120 2086 3515
14548 4 2 1 7 3625 289 3455 1600
14549 4 2 1 7 3458 3619 3137 3025
14550 4 2 1 7 745 826 740 3261
14551 4 2 1 7 1362 262 263 3578
14552 4 2 1 7 3650 279 280 1796
14553 4 2 1 7 200 201 3623 1267
14554 4 2 1 7 663 629 628 3486
14555 4 2 1 7 148 3687 1917 1852
14556 4 2 1 7 781 815 824 3277
14557 4 2 1 7 3687 1917 1852 3137
14558 4 2 1 7 1750 1814 1724 3353
14559 4 2 1 7 465 28 486 3341
14560 4 2 1 7 1097 167 168 3459
14561 4 2 1 7 532 576 574 3162
14562 4 2 1 7 709 829 706 3365
14563 4 2 1 7 759 701 95 3238
14564 4 2 1 7 1280 1213 1283 3418
14565 4 2 1 7 163 162 3689 1025
14566 4 2 1 7 931 933 970 3273
14567 4 2 1 7 133 134 919 2975
14568 4 2 1 7 113 3588 693 3668
14569 4 2 1 7 936 979 935 3205
14570 4 2 1 7 1704 1809 1747 3224
14571 4 2 1 7 859 147 148 3619
14572 4 2 1 7 1294 1295 957 1240
14573 4 2 1 7 1555 1491 1580 3190
14574 4 2 1 7 1808 1800 1752 3339
14575 4 2 1 7 957 1300 1294 1240
14576 4 2 1 7 3588 693 3668 1989
14577 4 2 1 7 526 648 601 3503
14578 4 2 1 7 3646 273 272 1720
14579 4 2 1 7 835 768 769 3360
14580 4 2 1 7 581 534 580 2968
14581 4 2 1 7 1152 1037 1093 3503
14582 4 2 1 7 439 366 381 3242
14583 4 2 1 7 922 938 957 3158
14584 4 2 1 7 610 78 606 3491
14585 4 2 1 7 500 369 457 3250
14586 4 2 1 7 254 255 1360 2956
14587 4 2 1 7 1898 1940 1879 3451
14588 4 2 1 7 789 3430 3320 737
14589 4 2 1 7 3639 176 177 1092
14590 4 2 1 7 245 244 1495 3652
14591 4 2 1 7 801 763 762 3467
14592 4 2 1 7 259 258 3573 1477
14593 4 2 1 7 247 246 1358 3642
14594 4 2 1 7 1175 204 203 3103
14595 4 2 1 7 1052 165 166 3552
14596 4 2 1 7 2993 633 2946 3309
14597 4 2 1 7 1901 925 1986 1851
14598 4 2 1 7 281 282 3620 1744
14599 4 2 1 7 3220 235 234 1190
14600 4 2 1 7 1311 225 226 3658
14601 4 2 1 7 930 3598 1321 879
14602 4 2 1 7 3561 294 293 1958
14603 4 2 1 7 818 693 1949 1989
14604 4 2 1 7 280 281 3577 1610
14605 4 2 1 7 1047 1121 1054 3453
14606 4 2 1 7 267 266 3248 1609
14607 4 2 1 7 103 735 705 3287
14608 4 2 1 7 3619 3137 3025 1917
14609 4 2 1 7 3560 3390 3685 1829
14610 4 2 1 7 1829 283 3685 3560
14611 4 2 1 7 1029 190 191 2927
14612 4 2 1 7 2900 1999 3561 15
14613 4 2 1 7 1344 1285 1237 3494
14614 4 2 1 7 1553 238 237 3529
14615 4 2 1 7 261 260 3554 1356
14616 4 2 1 7 1647 1831 1701 3336
14617 4 2 1 7 834 771 752 3108
14618 4 2 1 7 955 964 965 3370
14619 4 2 1 7 804 698 710 3260
14620 4 2 1 7 421 516 3174 3473
14621 4 2 1 7 125 891 857 3349
14622 4 2 1 7 936 979 3205 3435
14623 4 2 1 7 2014 3677 2104 3602
14624 4 2 1 7 1856 1943 1998 3452
14625 4 2 1 7 758 817 756 3313
14626 4 2 1 7 3681 254 253 1508
14627 4 2 1 7 1037 650 1080 3591
14628 4 2 1 7 922 985 938 3158
14629 4 2 1 7 3696 59 3567 1011
14630 4 2 1 7 290 291 3630 1607
14631 4 2 1 7 1198 217 216 3648
14632 4 2 1 7 221 222 3548 1226
14633 4 2 1 7 78 3501 577 3502
14634 4 2 1 7 1885 1914 1896 3471
14635 4 2 1 7 881 882 883 3354
14636 4 2 1 7 505 396 507 3411
14637 4 2 1 7 678 86 4 3539
14638 4 2 1 7 881 876 882 3354
14639 4 2 1 7 42 2887 41 383
14640 4 2 1 7 66 672 67 3300
14641 4 2 1 7 106 780 816 3089
14642 4 2 1 7 385 3661 22 446
14643 4 2 1 7 564 631 560 3485
14644 4 2 1 7 39 3281 38 2864
14645 4 2 1 7 763 782 810 3392
14646 4 2 1 7 711 744 712 3474
14647 4 2 1 7 633 632 634 3252
14648 4 2 1 7 135 851 907 3267
14649 4 2 1 7 880 945 986 3356
14650 4 2 1 7 860 148 3592 3687
14651 4 2 1 7 2122 2035 2052 3509
14652 4 2 1 7 633 634 549 3468
14653 4 2 1 7 480 393 392 1694
14654 4 2 1 7 3553 156 157 1119
14655 4 2 1 7 2084 2144 2124 3372
14656 4 2 1 7 1 3536 504 3165
14657 4 2 1 7 154 155 3612 1044
14658 4 2 1 7 45 455 46 3368
14659 4 2 1 7 1934 887 1986 1963
14660 4 2 1 7 910 947 912 3326
14661 4 2 1 7 1006 172 173 3615
14662 4 2 1 7 1 1069 1149 3165
14663 4 2 1 7 2084 2083 2046 3505
14664 4 2 1 7 97 98 493 494
14665 4 2 1 7 1033 1130 1032 3405
14666 4 2 1 7 154 153 1086 3562
14667 4 2 1 7 364 507 471 3253
14668 4 2 1 7 1348 3408 228 1322
14669 4 2 1 7 516 421 391 3473
14670 4 2 1 7 902 901 908 3383
14671 4 2 1 7 3415 248 249 1365
14672 4 2 1 7 655 615 622 3438
14673 4 2 1 7 193 192 3611 997
14674 4 2 1 7 1886 301 302 3568
14675 4 2 1 7 211 210 1270 3684
14676 4 2 1 7 270 271 1803 3618
14677 4 2 1 7 1099 166 167 3632
14678 4 2 1 7 392 396 480 1690
14679 4 2 1 7 427 512 413 3328
14680 4 2 1 7 27 486 28 3042
14681 4 2 1 7 726 730 811 3251
14682 4 2 1 7 1644 1639 868 1768
14683 4 2 1 7 709 762 763 3467
14684 4 2 1 7 3037 97 2826 3198
14685 4 2 1 7 1856 1987 1943 3452
14686 4 2 1 7 3593 1126 995 59
14687 4 2 1 7 803 93 765 3477
14688 4 2 1 7 98 97 493 3151
14689 4 2 1 7 921 894 127 3330
14690 4 2 1 7 207 208 3683 1309
14691 4 2 1 7 533 530 71 3370
14692 4 2 1 7 98 2989 99 3281
14693 4 2 1 7 779 834 752 3107
14694 4 2 1 7 186 187 3651 1136
14695 4 2 1 7 1559 3632 2914 3459
14696 4 2 1 7 823 806 747 3404
14697 4 2 1 7 3654 264 1522 2900
14698 4 2 1 7 3603 382 1161 388
14699 4 2 1 7 651 547 544 3369
14700 4 2 1 7 286 287 3633 1738
14701 4 2 1 7 2120 2179 2086 3515
14702 4 2 1 7 64 63 604 3465
14703 4 2 1 7 2128 2033 2031 3478
14704 4 2 1 7 830 693 818 1989
14705 4 2 1 7 773 780 690 3277
14706 4 2 1 7 3566 87 88 722
14707 4 2 1 7 3664 252 251 1555
14708 4 2 1 7 224 225 1271 3581
14709 4 2 1 7 3571 300 299 1966
14710 4 2 1 7 887 3590 983 1934
14711 4 2 1 7 75 640 522 3143
14712 4 2 1 7 507 396 398 3411
14713 4 2 1 7 2923 234 233 1262
14714 4 2 1 7 383 439 441 3125
14715 4 2 1 7 3653 1594 1719 3122
14716 4 2 1 7 1140 164 165 3628
14717 4 2 1 7 1134 1093 1037 3503
14718 4 2 1 7 481 383 441 3413
14719 4 2 1 7 2016 2162 2105 3455
14720 4 2 1 7 662 633 543 2993
14721 4 2 1 7 860 876 875 3458
14722 4 2 1 7 3590 1977 1934 1833
14723 4 2 1 7 242 243 3659 1573
14724 4 2 1 7 714 788 837 3200
14725 4 2 1 7 177 178 2861 1002
14726 4 2 1 7 98 3198 97 3037
14727 4 2 1 7 3634 297 296 1951
14728 4 2 1 7 3685 283 1829 1602
14729 4 2 1 7 3685 3390 426 496
14730 4 2 1 7 779 736 739 3337
14731 4 2 1 7 137 962 136 3502
14732 4 2 1 7 451 469 379 3399
14733 4 2 1 7 3626 2013 299 3571
14734 4 2 1 7 549 670 669 3449
14735 4 2 1 7 833 3597 90 3645
14736 4 2 1 7 830 3668 693 1989
14737 4 2 1 7 867 869 1638 954
14738 4 2 1 7 136 135 907 3267
14739 4 2 1 7 453 3601 506 378
14740 4 2 1 7 748 3596 701 759
14741 4 2 1 7 582 55 54 3662
14742 4 2 1 7 1248 1218 1249 3516
14743 4 2 1 7 635 633 2993 3309
14744 4 2 1 7 849 982 1300 3676
14745 4 2 1 7 246 245 1497 3541
14746 4 2 1 7 632 633 555 3394
14747 4 2 1 7 104 103 757 548
14748 4 2 1 7 60 1080 648 650
14749 4 2 1 7 879 897 874 3345
14750 4 2 1 7 566 56 55 3636
14751 4 2 1 7 862 138 864 3363
14752 4 2 1 7 435 381 377 3093
14753 4 2 1 7 3688 284 285 1815
14754 4 2 1 7 1601 268 269 3647
14755 4 2 1 7 811 730 701 3303
14756 4 2 1 7 93 92 3670 3584
14757 4 2 1 7 2125 2059 2097 3414
14758 4 2 1 7 195 3364 1008 194
14759 4 2 1 7 1103 171 172 3579
14760 4 2 1 7 221 220 1298 3671
14761 4 2 1 7 496 426 474 3390
14762 4 2 1 7 720 114 3589 764
14763 4 2 1 7 1078 156 155 3686
14764 4 2 1 7 713 825 794 3172
14765 4 2 1 7 690 757 2881 3089
14766 4 2 1 7 3597 3011 833 828
14767 4 2 1 7 3645 1252 1239 1341
14768 4 2 1 7 1326 1244 123 3331
14769 4 2 1 7 183 3574 1163 184
14770 4 2 1 7 1992 298 299 3626
14771 4 2 1 7 561 631 565 3480
14772 4 2 1 7 78 577 576 3502
14773 4 2 1 7 292 291 1797 3557
14774 4 2 1 7 3051 170 169 1094
14775 4 2 1 7 711 712 836 3474
14776 4 2 1 7 700 703 688 3342
14777 4 2 1 7 3564 270 269 1798
14778 4 2 1 7 3558 175 176 1040
14779 4 2 1 7 552 536 610 3490
14780 4 2 1 7 277 276 1906 3644
14781 4 2 1 7 162 161 3582 1101
14782 4 2 1 7 417 431 419 3483
14783 4 2 1 7 1097 1096 1098 3459
14784 4 2 1 7 85 677 673 3565
14785 4 2 1 7 87 5 832 3522
14786 4 2 1 7 387 389 392 3487
14787 4 2 1 7 1135 191 192 3563
14788 4 2 1 7 896 890 123 3331
14789 4 2 1 7 916 919 926 3485
14790 4 2 1 7 3408 1802 3638 3064
14791 4 2 1 7 437 436 434 3328
14792 4 2 1 7 41 40 479 3315
14793 4 2 1 7 262 261 3372 1565
14794 4 2 1 7 3598 3690 1172 1321
14795 4 2 1 7 3668 693 113 830
14796 4 2 1 7 1131 189 190 2906
14797 4 2 1 7 771 690 757 2881
14798 4 2 1 7 405 49 50 3550
14799 4 2 1 7 3691 531 84 3602
14800 4 2 1 7 3556 213 214 1291
14801 4 2 1 7 757 103 557 548
14802 4 2 1 7 3644 2003 276 1906
14803 4 2 1 7 416 36 478 3151
14804 4 2 1 7 15 264 2900 1581
14805 4 2 1 7 887 3590 1934 1986
14806 4 2 1 7 3685 283 51 3560
14807 4 2 1 7 3660 161 9 1155
14808 4 2 1 7 705 736 737 3320
14809 4 2 1 7 1096 3228 3459 3373
14810 4 2 1 7 3644 3518 1806 276
14811 4 2 1 7 3590 150 854 983
14812 4 2 1 7 492 377 37 3384
14813 4 2 1 7 3629 241 242 1587
14814 4 2 1 7 82 81 2966 578
14815 4 2 1 7 753 757 695 3029
14816 4 2 1 7 633 3252 634 3468
14817 4 2 1 7 789 713 101 3384
14818 4 2 1 7 38 39 401 3281
14819 4 2 1 7 1312 1269 3596 759
14820 4 2 1 7 650 54 3 3591
14821 4 2 1 7 3640 218 219 1278
14822 4 2 1 7 662 635 633 2993
14823 4 2 1 7 763 810 709 3392
14824 4 2 1 7 251 3669 13 2171
14825 4 2 1 7 3669 212 13 1324
14826 4 2 1 7 148 984 860 3592
14827 4 2 1 7 15 250 1581 3544
14828 4 2 1 7 3673 636 3593 3
14829 4 2 1 7 42 2887 383 3168
14830 4 2 1 7 888 983 143 3249
14831 4 2 1 7 647 601 648 3503
14832 4 2 1 7 3590 1977 1833 150
14833 4 2 1 7 3601 47 2094 2095
14834 4 2 1 7 3686 1177 156 1308
14835 4 2 1 7 385 23 22 3586
14836 4 2 1 7 277 276 3644 1606
14837 4 2 1 7 3542 230 229 1279
14838 4 2 1 7 621 619 679 3313
14839 4 2 1 7 984 148 149 3592
14840 4 2 1 7 3691 531 3602 537
14841 4 2 1 7 59 636 3593 681
14842 4 2 1 7 3610 11 237 1579
14843 4 2 1 7 3589 764 3692 1858
14844 4 2 1 7 13 213 3669 1324
14845 4 2 1 7 954 852 918 3443
14846 4 2 1 7 189 11 3610 1157
14847 4 2 1 7 1331 199 9 3660
14848 4 2 1 7 591 59 3696 681
14849 4 2 1 7 3686 1177 1308 3061
14850 4 2 1 7 636 3 59 3593
14851 4 2 1 7 575 532 574 3162
14852 4 2 1 7 2165 2078 2151 3475
14853 4 2 1 7 710 3037 97 3199
14854 4 2 1 7 720 1853 3589 3672
14855 4 2 1 7 419 418 417 3483
14856 4 2 1 7 635 662 561 3425
14857 4 2 1 7 705 789 102 3492
14858 4 2 1 7 755 741 754 3386
14859 4 2 1 7 3028 215 216 1274
14860 4 2 1 7 894 126 127 3330
14861 4 2 1 7 421 388 391 3473
14862 4 2 1 7 82 2027 3594 2966
14863 4 2 1 7 98 698 99 2989
14864 4 2 1 7 1941 1984 1891 3346
14865 4 2 1 7 916 926 956 3485
14866 4 2 1 7 23 385 3603 3586
14867 4 2 1 7 417 418 473 3306
14868 4 2 1 7 260 259 3573 1569
14869 4 2 1 7 143 142 888 3249
14870 4 2 1 7 3686 156 155 1308
14871 4 2 1 7 543 548 540 3201
14872 4 2 1 7 3600 849 1300 3676
14873 4 2 1 7 3112 52 373 3595
14874 4 2 1 7 954 989 132 3231
14875 4 2 1 7 42 481 43 3168
14876 4 2 1 7 9 151 3660 1155
14877 4 2 1 7 3566 228 1348 3408
14878 4 2 1 7 91 92 3596 748
14879 4 2 1 7 3610 11 174 1157
14880 4 2 1 7 3565 2029 3490 673
14881 4 2 1 7 3612 3686 155 1308
14882 4 2 1 7 3612 3686 1308 3167
14883 4 2 1 7 3655 188 12 1153
14884 4 2 1 7 150 8 144 3666
14885 4 2 1 7 3677 2082 2176 3594
14886 4 2 1 7 3617 223 10 1323
14887 4 2 1 7 3686 3061 1308 3167
14888 4 2 1 7 654 593 620 3438
14889 4 2 1 7 125 119 7 3667
14890 4 2 1 7 3617 10 175 1158
14891 4 2 1 7 3616 292 16 1821
14892 4 2 1 7 887 3590 1986 854
14893 4 2 1 7 3627 236 14 1823
14894 4 2 1 7 272 271 3569 1593
14895 4 2 1 7 501 367 473 3437
14896 4 2 1 7 3561 293 15 1999
14897 4 2 1 7 3679 449 382 24
14898 4 2 1 7 1822 12 265 3655
14899 4 2 1 7 3583 117 116 750
14900 4 2 1 7 149 150 854 3590
14901 4 2 1 7 65 641 66 3424
14902 4 2 1 7 2023 536 3675 3691
14903 4 2 1 7 108 687 790 3449
14904 4 2 1 7 756 695 758 3313
14905 4 2 1 7 753 695 756 3313
14906 4 2 1 7 16 278 3616 1821
14907 4 2 1 7 3690 874 121 3635
14908 4 2 1 7 547 555 633 3309
14909 4 2 1 7 90 3674 3597 696
14910 4 2 1 7 78 79 577 3501
14911 4 2 1 7 1996 302 16 3616
14912 4 2 1 7 696 3674 806 748
14913 4 2 1 7 1328 14 222 3627
14914 4 2 1 7 620 646 622 3438
14915 4 2 1 7 3656 3627 1823 236
14916 4 2 1 7 92 93 5 3584
14917 4 2 1 7 887 3590 854 983
14918 4 2 1 7 654 620 622 3438
14919 4 2 1 7 90 3674 696 91
14920 4 2 1 7 396 505 480 1690
14921 4 2 1 7 764 114 3589 3692
14922 4 2 1 7 3655 12 198 1153
14923 4 2 1 7 3599 47 2 491
14924 4 2 1 7 982 1300 894 849
14925 4 2 1 7 1328 236 14 3627
14926 4 2 1 7 978 146 147 3517
14927 4 2 1 7 3617 160 10 1158
14928 4 2 1 7 91 3674 696 748
14929 4 2 1 7 930 957 1295 928
14930 4 2 1 7 472 501 1685 423
14931 4 2 1 7 121 928 3598 120
14932 4 2 1 7 59 58 591 3567
14933 4 2 1 7 665 620 593 3438
14934 4 2 1 7 275 276 1806 3518
14935 4 2 1 7 3679 25 3585 449
14936 4 2 1 7 3591 998 54 1145
14937 4 2 1 7 1934 887 888 983
14938 4 2 1 7 802 763 801 3467
14939 4 2 1 7 96 97 807 3151
14940 4 2 1 7 84 536 3675 673
14941 4 2 1 7 3627 279 1823 14
14942 4 2 1 7 650 3 60 3673
14943 4 2 1 7 145 146 975 3518
14944 4 2 1 7 693 3692 764 818
14945 4 2 1 7 849 120 119 3600
14946 4 2 1 7 693 3588 1949 1989
14947 4 2 1 7 137 952 988 3506
14948 4 2 1 7 547 633 635 3309
14949 4 2 1 7 3575 21 22 446
14950 4 2 1 7 89 3649 3224 1340
14951 4 2 1 7 646 3313 619 621
14952 4 2 1 7 51 52 426 3560
14953 4 2 1 7 759 1312 3670 3596
14954 4 2 1 7 83 605 3594 551
14955 4 2 1 7 982 126 894 3330
14956 4 2 1 7 1183 1182 3596 748
14957 4 2 1 7 49 48 3322 371
14958 4 2 1 7 849 119 982 3676
14959 4 2 1 7 1080 650 3673 3591
14960 4 2 1 7 102 103 705 3492
14961 4 2 1 7 437 438 436 3328
14962 4 2 1 7 758 102 101 3259
14963 4 2 1 7 97 699 807 3151
14964 4 2 1 7 522 663 564 3485
14965 4 2 1 7 771 773 690 3277
14966 4 2 1 7 2 53 3599 491
14967 4 2 1 7 29 445 28 3261
14968 4 2 1 7 708 769 768 3360
14969 4 2 1 7 1811 273 274 3695
14970 4 2 1 7 1829 284 283 3560
14971 4 2 1 7 677 85 86 3565
14972 4 2 1 7 114 113 3588 693
14973 4 2 1 7 874 122 121 3635
14974 4 2 1 7 3692 764 114 693
14975 4 2 1 7 748 91 3674 3596
14976 4 2 1 7 3591 650 54 660
14977 4 2 1 7 98 3198 3037 3281
14978 4 2 1 7 119 849 3600 3676
14979 4 2 1 7 748 92 3596 759
14980 4 2 1 7 716 799 106 3332
14981 4 2 1 7 373 52 53 3595
14982 4 2 1 7 515 469 451 3232
14983 4 2 1 7 3675 85 84 673
14984 4 2 1 7 664 4 81 3052
14985 4 2 1 7 504 1 26 3536
14986 4 2 1 7 3520 25 26 503
14987 4 2 1 7 3665 2159 2012 53
14988 4 2 1 7 836 710 697 3199
14989 4 2 1 7 928 957 1295 3680
14990 4 2 1 7 730 95 701 3303
14991 4 2 1 7 92 93 3670 759
14992 4 2 1 7 910 851 953 3327
14993 4 2 1 7 427 438 512 3328
14994 4 2 1 7 481 42 383 3168
14995 4 2 1 7 605 82 83 3594
14996 4 2 1 7 6 113 112 3532
14997 4 2 1 7 551 3677 83 531
14998 4 2 1 7 849 1300 1240 3600
14999 4 2 1 7 3603 382 388 374
15000 4 2 1 7 48 3601 378 506
15001 4 2 1 7 3677 2082 3594 83
15002 4 2 1 7 984 149 854 3592
15003 4 2 1 7 3656 3627 3067 1823
15004 4 2 1 7 3632 1559 2914 2998
15005 4 2 1 7 3679 382 1162 1161
15006 4 2 1 7 1986 149 3592 3590
15007 4 2 1 7 925 854 887 1986
15008 4 2 1 7 114 1949 3692 3588
15009 4 2 1 7 3601 48 2 506
15010 4 2 1 7 2014 3677 3602 83
15011 4 2 1 7 1163 3636 3574 3693
15012 4 2 1 7 3603 382 374 24
15013 4 2 1 7 3589 115 114 720
15014 4 2 1 7 1161 382 3603 3679
15015 4 2 1 7 564 663 631 3485
15016 4 2 1 7 27 1 504 3165
15017 4 2 1 7 710 98 97 3037
15018 4 2 1 7 85 2029 3565 3675
15019 4 2 1 7 115 720 3589 3672
15020 4 2 1 7 854 925 984 3592
15021 4 2 1 7 84 83 3602 531
15022 4 2 1 7 121 928 879 3598
15023 4 2 1 7 98 710 698 3260
15024 4 2 1 7 3665 491 53 475
15025 4 2 1 7 3052 2966 81 578
15026 4 2 1 7 1295 3598 928 3680
15027 4 2 1 7 23 24 3603 374
15028 4 2 1 7 799 105 106 3332
15029 4 2 1 7 100 101 713 3384
15030 4 2 1 7 699 793 807 3151
15031 4 2 1 7 3598 3690 1321 879
15032 4 2 1 7 120 849 3680 3600
15033 4 2 1 7 1240 120 3600 1336
15034 4 2 1 7 532 575 76 3604
15035 4 2 1 7 928 3598 120 3680
15036 4 2 1 7 120 3680 849 928
15037 4 2 1 7 697 710 97 3199
15038 4 2 1 7 133 954 132 3231
15039 4 2 1 7 381 40 39 3120
15040 4 2 1 7 757 106 105 3089
15041 4 2 1 7 98 794 97 3151
15042 4 2 1 7 794 699 97 3151
15043 4 2 1 7 2823 1281 3066 2943
15044 4 2 1 7 3066 1281 2823 3185
15045 4 2 1 7 3004 3040 3279 2920
15046 4 2 1 7 3279 3040 3004 2867
15047 4 2 1 7 3011 1332 1319 1252
15048 4 2 1 7 3011 1319 1332 2964
15049 4 2 1 7 975 3194 978 877
15050 4 2 1 7 1716 975 3194 1597
15051 4 2 1 7 3488 3104 483 3171
15052 4 2 1 7 3131 3231 3336 2975
15053 4 2 1 7 3336 3231 3131 2932
15054 4 2 1 7 2857 467 450 514
15055 4 2 1 7 2857 450 467 3244
15056 4 2 1 7 3486 1652 1650 2980
15057 4 2 1 7 3486 1650 1652 1651
15058 4 2 1 7 3032 3088 3123 2810
15059 4 2 1 7 3032 3088 2810 3209
15060 4 2 1 7 842 579 528 944
15061 4 2 1 7 842 579 944 3098
15062 4 2 1 7 3061 1228 3404 2916
15063 4 2 1 7 3061 1228 2916 1305
15064 4 2 1 7 3061 1228 1305 1247
15065 4 2 1 7 3061 1228 1247 3404
15066 4 2 1 7 3124 1346 1281 1215
15067 4 2 1 7 1281 3185 3124 2823
15068 4 2 1 7 3351 2122 2899 2049
15069 4 2 1 7 3351 2899 2122 3509
15070 4 2 1 7 2037 2899 2122 2049
15071 4 2 1 7 2037 2122 2899 3509
15072 4 2 1 7 3241 2948 3073 2796
15073 4 2 1 7 3241 3073 2948 2814
15074 4 2 1 7 1332 3645 1204 1252
15075 4 2 1 7 1332 3645 1252 3011
15076 4 2 1 7 64 3211 617 2838
15077 4 2 1 7 64 2838 617 63
15078 4 2 1 7 3189 1437 1473 2909
15079 4 2 1 7 3189 1473 1437 1435
15080 4 2 1 7 2908 3272 1800 843
15081 4 2 1 7 1800 3272 2908 1676
15082 4 2 1 7 1800 1645 2908 843
15083 4 2 1 7 2908 1645 1800 1676
15084 4 2 1 7 139 3095 78 961
15085 4 2 1 7 139 78 3095 3502
15086 4 2 1 7 77 78 3095 961
15087 4 2 1 7 3653 1594 230 1719
15088 4 2 1 7 3279 3004 3301 2867
15089 4 2 1 7 3279 3301 3004 2808
15090 4 2 1 7 3020 1217 3167 2856
15091 4 2 1 7 81 2966 3052 2040
15092 4 2 1 7 3604 3143 926 640
15093 4 2 1 7 3028 1256 1201 1318
15094 4 2 1 7 3028 1201 1256 2921
15095 4 2 1 7 2825 704 2919 3114
15096 4 2 1 7 2825 2919 704 3287
15097 4 2 1 7 3117 3336 3112 1816
15098 4 2 1 7 3112 3336 3117 2822
15099 4 2 1 7 2874 1944 1919 1910
15100 4 2 1 7 2874 1919 1944 3040
15101 4 2 1 7 3320 2919 735 3240
15102 4 2 1 7 3320 735 2919 3287
15103 4 2 1 7 514 3069 413 508
15104 4 2 1 7 413 3069 514 2857
15105 4 2 1 7 3234 3112 2065 2822
15106 4 2 1 7 3060 3334 1431 1440
15107 4 2 1 7 1431 3334 3060 2835
15108 4 2 1 7 1431 1533 3060 1440
15109 4 2 1 7 3060 1533 1431 2835
15110 4 2 1 7 129 2908 3203 3329
15111 4 2 1 7 129 2908 3329 130
15112 4 2 1 7 129 2908 130 843
15113 4 2 1 7 129 2908 843 3203
15114 4 2 1 7 1065 2828 3000 3038
15115 4 2 1 7 3000 2828 1065 3364
15116 4 2 1 7 408 3244 409 130
15117 4 2 1 7 409 3244 408 411
15118 4 2 1 7 3100 578 2878 638
15119 4 2 1 7 3100 2878 578 2966
15120 4 2 1 7 1616 772 1618 1617
15121 4 2 1 7 1616 772 776 822
15122 4 2 1 7 1616 772 822 1763
15123 4 2 1 7 3201 3287 704 104
15124 4 2 1 7 704 3287 3201 2825
15125 4 2 1 7 3020 1257 3061 3167
15126 4 2 1 7 1719 231 230 3653
15127 4 2 1 7 3020 1257 3167 1284
15128 4 2 1 7 3167 3020 2827 3061
15129 4 2 1 7 3020 1257 1284 1247
15130 4 2 1 7 3144 1790 1774 3113
15131 4 2 1 7 3144 1774 1790 1788
15132 4 2 1 7 3142 1223 1301 1221
15133 4 2 1 7 3142 1301 1223 2915
15134 4 2 1 7 3241 3206 3504 2927
15135 4 2 1 7 3653 1719 231 3355
15136 4 2 1 7 3653 3122 1719 3355
15137 4 2 1 7 3241 2948 3504 2814
15138 4 2 1 7 1641 2932 3231 1646
15139 4 2 1 7 1641 2932 1646 1780
15140 4 2 1 7 1641 2932 1780 989
15141 4 2 1 7 1641 2932 989 3231
15142 4 2 1 7 3037 2925 2853 2793
15143 4 2 1 7 3037 2853 2925 3230
15144 4 2 1 7 1716 975 1597 3289
15145 4 2 1 7 1716 975 3289 877
15146 4 2 1 7 3087 3110 449 465
15147 4 2 1 7 3484 3102 2867 967
15148 4 2 1 7 2867 3102 3484 2829
15149 4 2 1 7 2867 3048 3484 967
15150 4 2 1 7 3484 3048 2867 2829
15151 4 2 1 7 3234 2087 2065 2119
15152 4 2 1 7 3478 2028 2030 2031
15153 4 2 1 7 3478 2030 2028 2847
15154 4 2 1 7 3104 3232 858 857
15155 4 2 1 7 858 3232 3104 515
15156 4 2 1 7 3133 477 2935 448
15157 4 2 1 7 3133 477 448 400
15158 4 2 1 7 3133 477 400 3453
15159 4 2 1 7 2979 2034 2890 3368
15160 4 2 1 7 2979 2890 2034 3509
15161 4 2 1 7 3275 3260 3389 2850
15162 4 2 1 7 3275 3389 3260 698
15163 4 2 1 7 3260 3275 2989 2961
15164 4 2 1 7 2989 3275 3260 698
15165 4 2 1 7 3194 1716 1597 1715
15166 4 2 1 7 1716 975 877 3194
15167 4 2 1 7 3097 2824 893 2855
15168 4 2 1 7 3097 2824 2855 2960
15169 4 2 1 7 3261 826 3172 792
15170 4 2 1 7 3261 3172 3341 29
15171 4 2 1 7 3172 746 3261 792
15172 4 2 1 7 3261 746 3172 29
15173 4 2 1 7 1143 3070 1059 1108
15174 4 2 1 7 1143 2950 1038 3215
15175 4 2 1 7 3069 415 939 927
15176 4 2 1 7 3069 415 927 451
15177 4 2 1 7 3069 415 451 450
15178 4 2 1 7 3069 415 450 939
15179 4 2 1 7 3516 1217 3167 1248
15180 4 2 1 7 3516 3167 1217 2856
15181 4 2 1 7 1284 3167 1217 1248
15182 4 2 1 7 3020 3167 1217 1284
15183 4 2 1 7 3110 3256 3087 449
15184 4 2 1 7 3087 3256 3110 2834
15185 4 2 1 7 3448 2963 2997 2793
15186 4 2 1 7 3448 2997 2963 2831
15187 4 2 1 7 3146 2963 2997 2831
15188 4 2 1 7 2948 835 720 3068
15189 4 2 1 7 835 2814 2948 3360
15190 4 2 1 7 3455 1607 1734 1733
15191 4 2 1 7 3630 1734 2892 3455
15192 4 2 1 7 3638 228 3408 1322
15193 4 2 1 7 3638 1322 229 228
15194 4 2 1 7 1685 3514 423 501
15195 4 2 1 7 1685 3514 501 2976
15196 4 2 1 7 3110 1111 3174 2996
15197 4 2 1 7 3110 3174 1111 1045
15198 4 2 1 7 3410 2869 3275 3163
15199 4 2 1 7 3410 3275 2869 2891
15200 4 2 1 7 123 3331 124 1326
15201 4 2 1 7 666 1613 3233 1598
15202 4 2 1 7 3233 3391 3036 1613
15203 4 2 1 7 3121 608 572 569
15204 4 2 1 7 3121 572 608 3054
15205 4 2 1 7 608 3121 562 569
15206 4 2 1 7 562 3121 608 2892
15207 4 2 1 7 3301 958 2855 2971
15208 4 2 1 7 3301 2855 958 863
15209 4 2 1 7 290 2106 2016 3455
15210 4 2 1 7 3630 1734 3455 1607
15211 4 2 1 7 2146 2106 3455 2016
15212 4 2 1 7 2146 3455 2106 2892
15213 4 2 1 7 3256 2798 3228 2959
15214 4 2 1 7 3256 3228 2798 2913
15215 4 2 1 7 2121 2833 3054 3035
15216 4 2 1 7 3221 2121 3054 2057
15217 4 2 1 7 2096 2121 3054 3035
15218 4 2 1 7 2096 3054 2121 2057
15219 4 2 1 7 3406 3155 3189 2849
15220 4 2 1 7 3406 3189 3155 2820
15221 4 2 1 7 3189 1437 1420 1435
15222 4 2 1 7 3472 3189 1420 2951
15223 4 2 1 7 3476 3181 3300 2846
15224 4 2 1 7 3476 3300 3181 2839
15225 4 2 1 7 1616 3036 2898 1615
15226 4 2 1 7 2898 3036 1616 776
15227 4 2 1 7 2898 1617 1616 1615
15228 4 2 1 7 1616 1617 2898 776
15229 4 2 1 7 3147 3255 3152 2969
15230 4 2 1 7 1590 3529 3010 1367
15231 4 2 1 7 1590 3529 1367 1553
15232 4 2 1 7 1510 3529 1553 1579
15233 4 2 1 7 3545 3529 2906 3470
15234 4 2 1 7 3604 3143 640 76
15235 4 2 1 7 3638 1594 229 3542
15236 4 2 1 7 3604 3095 3143 76
15237 4 2 1 7 3604 3095 76 532
15238 4 2 1 7 563 3486 629 1652
15239 4 2 1 7 563 3486 1652 1653
15240 4 2 1 7 3260 2961 3448 2850
15241 4 2 1 7 3260 3448 2961 2989
15242 4 2 1 7 408 3329 130 409
15243 4 2 1 7 130 3329 408 2908
15244 4 2 1 7 3307 1781 3022 1779
15245 4 2 1 7 3307 3022 1781 460
15246 4 2 1 7 1756 3022 1781 1779
15247 4 2 1 7 1756 1781 3022 460
15248 4 2 1 7 3286 3340 3028 3084
15249 4 2 1 7 3028 3340 3286 2818
15250 4 2 1 7 3028 2795 3084 2921
15251 4 2 1 7 3286 3016 3028 2818
15252 4 2 1 7 3096 3195 725 3400
15253 4 2 1 7 3096 3195 3400 2897
15254 4 2 1 7 3074 2829 3400 3219
15255 4 2 1 7 3400 2829 3074 3484
15256 4 2 1 7 3074 612 3400 545
15257 4 2 1 7 3074 545 3400 3484
15258 4 2 1 7 1790 2870 3023 1699
15259 4 2 1 7 1790 2870 1699 1784
15260 4 2 1 7 3279 1868 2867 2971
15261 4 2 1 7 3279 2867 1868 1946
15262 4 2 1 7 1855 2867 1868 2971
15263 4 2 1 7 1855 1868 2867 1946
15264 4 2 1 7 2935 2870 1133 1004
15265 4 2 1 7 2935 1133 2870 3453
15266 4 2 1 7 1121 1133 2870 1004
15267 4 2 1 7 1121 2870 1133 3453
15268 4 2 1 7 3054 2096 2077 2057
15269 4 2 1 7 3054 2077 2096 3295
15270 4 2 1 7 2909 3573 3388 1477
15271 4 2 1 7 2113 2909 3573 3388
15272 4 2 1 7 3503 647 3361 2991
15273 4 2 1 7 529 647 3361 597
15274 4 2 1 7 529 3361 647 2991
15275 4 2 1 7 3020 731 3127 729
15276 4 2 1 7 3020 731 729 727
15277 4 2 1 7 3139 3183 942 430
15278 4 2 1 7 429 430 3139 419
15279 4 2 1 7 3139 3183 430 429
15280 4 2 1 7 3169 1484 2844 1398
15281 4 2 1 7 3626 2013 2132 299
15282 4 2 1 7 1483 2844 1484 1398
15283 4 2 1 7 1697 389 392 395
15284 4 2 1 7 392 389 1697 1696
15285 4 2 1 7 392 1692 1697 395
15286 4 2 1 7 1697 1692 392 1696
15287 4 2 1 7 751 618 665 753
15288 4 2 1 7 665 618 751 659
15289 4 2 1 7 665 752 751 753
15290 4 2 1 7 751 752 665 659
15291 4 2 1 7 3360 642 593 653
15292 4 2 1 7 3360 593 642 723
15293 4 2 1 7 3020 731 727 3027
15294 4 2 1 7 3127 3027 3020 2827
15295 4 2 1 7 3517 3194 1597 1811
15296 4 2 1 7 1811 3194 1597 1715
15297 4 2 1 7 2916 828 3404 747
15298 4 2 1 7 2916 828 747 2990
15299 4 2 1 7 3265 3187 750 749
15300 4 2 1 7 3265 750 3187 2962
15301 4 2 1 7 724 750 3187 749
15302 4 2 1 7 724 3187 750 2962
15303 4 2 1 7 3058 3439 3237 2836
15304 4 2 1 7 3237 3439 3058 1424
15305 4 2 1 7 3511 1511 2872 1400
15306 4 2 1 7 3511 2872 1511 3130
15307 4 2 1 7 1302 3230 2853 1273
15308 4 2 1 7 2853 1303 1302 1273
15309 4 2 1 7 1302 1303 2853 3159
15310 4 2 1 7 811 3412 805 728
15311 4 2 1 7 805 3412 811 1185
15312 4 2 1 7 3438 3292 594 2881
15313 4 2 1 7 3438 594 3292 584
15314 4 2 1 7 3040 3102 3004 2867
15315 4 2 1 7 3004 3102 3040 2797
15316 4 2 1 7 2121 2833 3035 3434
15317 4 2 1 7 3538 1369 3631 209
15318 4 2 1 7 3023 3423 3297 2870
15319 4 2 1 7 3023 3297 3423 499
15320 4 2 1 7 3453 3297 477 3423
15321 4 2 1 7 477 3423 3297 499
15322 4 2 1 7 183 3574 184 1771
15323 4 2 1 7 3636 666 3391 566
15324 4 2 1 7 1390 2846 1389 3262
15325 4 2 1 7 1390 2846 3262 3476
15326 4 2 1 7 3063 2802 3476 3262
15327 4 2 1 7 3181 3476 2802 3262
15328 4 2 1 7 3076 1390 3476 2846
15329 4 2 1 7 3076 1390 2846 1391
15330 4 2 1 7 3076 1390 1391 1396
15331 4 2 1 7 3117 3336 2980 2822
15332 4 2 1 7 2980 3336 3117 1739
15333 4 2 1 7 3496 1455 3043 3227
15334 4 2 1 7 3496 3043 1455 1542
15335 4 2 1 7 3124 1346 1215 1314
15336 4 2 1 7 3124 1346 1314 3185
15337 4 2 1 7 484 2884 444 402
15338 4 2 1 7 484 2884 402 3104
15339 4 2 1 7 3040 2867 2897 3102
15340 4 2 1 7 3040 2897 2867 3429
15341 4 2 1 7 2829 2897 2867 3102
15342 4 2 1 7 2829 2867 2897 3429
15343 4 2 1 7 3028 2795 2921 3016
15344 4 2 1 7 3028 2795 3016 3286
15345 4 2 1 7 1018 2991 1019 1020
15346 4 2 1 7 3638 1594 1802 229
15347 4 2 1 7 515 3232 3069 847
15348 4 2 1 7 515 3069 3232 451
15349 4 2 1 7 927 3069 3232 847
15350 4 2 1 7 927 3232 3069 451
15351 4 2 1 7 3014 3497 3249 2928
15352 4 2 1 7 3249 3497 3014 2833
15353 4 2 1 7 2832 1961 3207 3010
15354 4 2 1 7 2832 1961 3010 3265
15355 4 2 1 7 2984 1950 3452 1998
15356 4 2 1 7 2984 3452 1950 2977
15357 4 2 1 7 1943 3452 1950 1998
15358 4 2 1 7 1943 1950 3452 2977
15359 4 2 1 7 746 30 29 463
15360 4 2 1 7 746 30 463 3347
15361 4 2 1 7 3028 1225 1256 1318
15362 4 2 1 7 3028 1256 1225 3016
15363 4 2 1 7 526 3107 652 3263
15364 4 2 1 7 3479 3223 3063 2841
15365 4 2 1 7 3479 3063 3223 2802
15366 4 2 1 7 2954 885 968 959
15367 4 2 1 7 3095 900 964 2954
15368 4 2 1 7 3095 964 900 962
15369 4 2 1 7 2848 3123 65 3032
15370 4 2 1 7 65 3123 2848 3424
15371 4 2 1 7 65 525 2848 3032
15372 4 2 1 7 3355 232 1596 1812
15373 4 2 1 7 3441 2859 1909 1970
15374 4 2 1 7 3441 1909 2859 3291
15375 4 2 1 7 1926 1909 2859 1970
15376 4 2 1 7 1926 2859 1909 3291
15377 4 2 1 7 458 2919 460 3287
15378 4 2 1 7 3320 363 2919 3240
15379 4 2 1 7 3478 3109 3367 2890
15380 4 2 1 7 3367 3109 3478 2847
15381 4 2 1 7 3367 2974 3478 2890
15382 4 2 1 7 3478 2974 3367 2847
15383 4 2 1 7 3184 943 934 933
15384 4 2 1 7 3184 934 943 3170
15385 4 2 1 7 3496 1455 1454 1453
15386 4 2 1 7 3496 1454 1455 3227
15387 4 2 1 7 3249 3434 3115 2833
15388 4 2 1 7 3115 3434 3249 1887
15389 4 2 1 7 3312 1024 1142 1055
15390 4 2 1 7 3312 1142 1024 3128
15391 4 2 1 7 1449 3296 3210 1456
15392 4 2 1 7 3210 3296 1449 2852
15393 4 2 1 7 3256 1116 2913 1001
15394 4 2 1 7 3256 2913 1116 3228
15395 4 2 1 7 1026 2913 1116 1001
15396 4 2 1 7 1026 1116 2913 3228
15397 4 2 1 7 3255 1502 3152 1574
15398 4 2 1 7 3255 3152 1502 3147
15399 4 2 1 7 1419 3152 1502 1574
15400 4 2 1 7 1419 1502 3152 3147
15401 4 2 1 7 1616 776 3445 822
15402 4 2 1 7 3445 776 1616 3036
15403 4 2 1 7 3308 3252 688 108
15404 4 2 1 7 107 688 3252 108
15405 4 2 1 7 107 3252 688 2946
15406 4 2 1 7 3319 34 363 33
15407 4 2 1 7 3319 363 34 458
15408 4 2 1 7 1273 1283 2853 1303
15409 4 2 1 7 1273 2853 1283 3418
15410 4 2 1 7 3247 2853 1283 1303
15411 4 2 1 7 3247 1283 2853 3418
15412 4 2 1 7 3504 1960 3269 2927
15413 4 2 1 7 3504 3269 1960 1915
15414 4 2 1 7 2852 2879 2800 3296
15415 4 2 1 7 2852 2805 3296 3057
15416 4 2 1 7 2852 2879 3229 3081
15417 4 2 1 7 2852 2879 3081 2800
15418 4 2 1 7 2994 2933 2109 3099
15419 4 2 1 7 2794 3094 2912 3056
15420 4 2 1 7 2912 3094 2794 3378
15421 4 2 1 7 391 3453 3133 400
15422 4 2 1 7 391 3453 400 424
15423 4 2 1 7 3121 2146 3455 2162
15424 4 2 1 7 3121 3455 2146 2892
15425 4 2 1 7 586 3055 675 676
15426 4 2 1 7 586 3055 676 809
15427 4 2 1 7 3363 2951 3417 2999
15428 4 2 1 7 3363 3417 2951 2820
15429 4 2 1 7 460 1781 1629 394
15430 4 2 1 7 1629 1781 460 3307
15431 4 2 1 7 1629 461 460 394
15432 4 2 1 7 470 3127 3274 2947
15433 4 2 1 7 2804 3274 3127 2947
15434 4 2 1 7 2804 3127 3274 2990
15435 4 2 1 7 3207 1503 2832 1584
15436 4 2 1 7 3207 2832 1503 3130
15437 4 2 1 7 3511 1503 2832 3130
15438 4 2 1 7 3181 3324 2912 567
15439 4 2 1 7 2912 3324 3181 2846
15440 4 2 1 7 158 157 3637 1266
15441 4 2 1 7 3246 2835 535 645
15442 4 2 1 7 65 535 2835 645
15443 4 2 1 7 3273 929 511 3069
15444 4 2 1 7 3273 511 929 932
15445 4 2 1 7 3377 3449 786 613
15446 4 2 1 7 786 3449 3377 109
15447 4 2 1 7 3317 1372 2978 1371
15448 4 2 1 7 3317 2978 1372 3116
15449 4 2 1 7 2999 3333 952 864
15450 4 2 1 7 3302 2880 3460 2794
15451 4 2 1 7 3302 3460 2880 3053
15452 4 2 1 7 3279 1868 1965 1946
15453 4 2 1 7 3279 1965 1868 3191
15454 4 2 1 7 3178 3351 3509 2830
15455 4 2 1 7 3509 3351 3178 2158
15456 4 2 1 7 3312 1024 1039 2968
15457 4 2 1 7 3312 1039 1024 1055
15458 4 2 1 7 2173 3654 2115 2039
15459 4 2 1 7 3072 1522 1500 2900
15460 4 2 1 7 2173 3654 2039 3072
15461 4 2 1 7 3654 3578 3072 1362
15462 4 2 1 7 2980 3021 630 570
15463 4 2 1 7 2980 630 3021 2975
15464 4 2 1 7 575 630 3021 570
15465 4 2 1 7 575 3021 630 2975
15466 4 2 1 7 232 231 1812 3355
15467 4 2 1 7 2903 2939 3418 3199
15468 4 2 1 7 3244 468 408 411
15469 4 2 1 7 3244 408 468 131
15470 4 2 1 7 1827 3625 3455 1600
15471 4 2 1 7 1827 3625 1600 1758
15472 4 2 1 7 1827 3625 1758 2894
15473 4 2 1 7 1827 3625 2894 3455
15474 4 2 1 7 3630 1734 1607 3239
15475 4 2 1 7 3557 3239 1607 1797
15476 4 2 1 7 529 3031 3338 2834
15477 4 2 1 7 529 3338 3031 659
15478 4 2 1 7 3636 666 566 56
15479 4 2 1 7 529 597 2834 3338
15480 4 2 1 7 3475 2150 2067 3003
15481 4 2 1 7 3475 2067 2150 2165
15482 4 2 1 7 3553 3637 157 1266
15483 4 2 1 7 3637 1192 158 1266
15484 4 2 1 7 2824 3236 893 140
15485 4 2 1 7 2824 3236 140 3491
15486 4 2 1 7 2852 2805 3057 3229
15487 4 2 1 7 2852 2805 3229 2879
15488 4 2 1 7 3689 1101 3582 3030
15489 4 2 1 7 3030 1025 1101 1159
15490 4 2 1 7 3030 2905 1101 3582
15491 4 2 1 7 1101 2905 3030 1159
15492 4 2 1 7 2860 591 637 3044
15493 4 2 1 7 2860 591 3044 3266
15494 4 2 1 7 2860 591 3266 599
15495 4 2 1 7 2860 591 599 637
15496 4 2 1 7 3230 1212 1213 1272
15497 4 2 1 7 3230 1213 1212 2939
15498 4 2 1 7 3048 1855 1854 3129
15499 4 2 1 7 2867 3048 1849 3429
15500 4 2 1 7 3318 46 453 2156
15501 4 2 1 7 3318 453 46 454
15502 4 2 1 7 2051 3033 2107 384
15503 4 2 1 7 2107 3033 2051 2148
15504 4 2 1 7 3164 3507 1441 2843
15505 4 2 1 7 1441 3507 3164 1443
15506 4 2 1 7 3448 2961 2831 3427
15507 4 2 1 7 3448 2831 2961 2989
15508 4 2 1 7 3083 2831 2961 3427
15509 4 2 1 7 3083 2961 2831 2989
15510 4 2 1 7 3266 1151 1137 1064
15511 4 2 1 7 3266 1137 1151 2911
15512 4 2 1 7 866 1671 3205 1672
15513 4 2 1 7 866 3205 1671 941
15514 4 2 1 7 3392 2817 3365 2987
15515 4 2 1 7 3392 3365 2817 3055
15516 4 2 1 7 3223 3479 3343 2841
15517 4 2 1 7 3343 3479 3223 2885
15518 4 2 1 7 1897 3467 1995 1861
15519 4 2 1 7 1995 3467 1897 762
15520 4 2 1 7 1555 3157 1368 1490
15521 4 2 1 7 1555 3157 1490 3190
15522 4 2 1 7 2940 2133 3052 2909
15523 4 2 1 7 3573 2133 2940 2909
15524 4 2 1 7 2940 2133 2066 2180
15525 4 2 1 7 2940 2133 2180 3052
15526 4 2 1 7 3022 419 459 429
15527 4 2 1 7 3022 459 419 428
15528 4 2 1 7 3257 3209 3511 1403
15529 4 2 1 7 3257 3511 3209 2848
15530 4 2 1 7 393 1785 461 387
15531 4 2 1 7 393 461 1785 1783
15532 4 2 1 7 3587 891 3349 3016
15533 4 2 1 7 3587 891 3016 7
15534 4 2 1 7 3587 3016 3456 1241
15535 4 2 1 7 3587 891 7 125
15536 4 2 1 7 1413 3007 3426 1414
15537 4 2 1 7 1413 3007 1414 1415
15538 4 2 1 7 606 3497 141 528
15539 4 2 1 7 141 3497 606 3236
15540 4 2 1 7 3495 671 3208 2081
15541 4 2 1 7 3495 3208 671 571
15542 4 2 1 7 572 671 3208 571
15543 4 2 1 7 3082 70 903 3180
15544 4 2 1 7 3082 903 70 976
15545 4 2 1 7 2888 94 3142 3091
15546 4 2 1 7 2888 94 3091 95
15547 4 2 1 7 3323 1918 1910 1864
15548 4 2 1 7 3323 1910 1918 2874
15549 4 2 1 7 2845 1030 3026 1028
15550 4 2 1 7 2845 1030 1028 1012
15551 4 2 1 7 2845 1003 1012 1028
15552 4 2 1 7 3106 1028 2845 3026
15553 4 2 1 7 1945 1869 3471 1885
15554 4 2 1 7 3097 3471 3191 1869
15555 4 2 1 7 3373 1096 1164 1160
15556 4 2 1 7 1164 1046 3373 1160
15557 4 2 1 7 3373 1046 1164 3228
15558 4 2 1 7 2960 1889 2896 3138
15559 4 2 1 7 1900 1889 2896 1954
15560 4 2 1 7 1900 2896 1889 3138
15561 4 2 1 7 3449 3377 3252 680
15562 4 2 1 7 3449 3252 3377 109
15563 4 2 1 7 3368 3033 384 2107
15564 4 2 1 7 3368 384 3033 455
15565 4 2 1 7 2168 3234 2065 2119
15566 4 2 1 7 2065 3234 2168 3112
15567 4 2 1 7 3405 1069 3165 3299
15568 4 2 1 7 1070 3405 3299 1069
15569 4 2 1 7 1070 3405 1069 1032
15570 4 2 1 7 3290 1568 2862 1465
15571 4 2 1 7 3290 2862 1568 2956
15572 4 2 1 7 3090 2862 1568 1465
15573 4 2 1 7 3090 1568 2862 2956
15574 4 2 1 7 3489 2903 3474 3059
15575 4 2 1 7 3489 3474 2903 2879
15576 4 2 1 7 1105 3026 1073 1028
15577 4 2 1 7 1105 3026 1028 3106
15578 4 2 1 7 3338 597 595 529
15579 4 2 1 7 3338 595 597 2952
15580 4 2 1 7 2841 3118 3479 3004
15581 4 2 1 7 2841 3479 3118 3086
15582 4 2 1 7 2797 3479 3118 3004
15583 4 2 1 7 2797 3118 3479 3086
15584 4 2 1 7 3426 3243 3063 1409
15585 4 2 1 7 3063 3243 3426 2841
15586 4 2 1 7 3063 3086 3426 1409
15587 4 2 1 7 3426 3086 3063 2841
15588 4 2 1 7 776 772 1617 775
15589 4 2 1 7 3625 2147 2018 2894
15590 4 2 1 7 3074 612 545 613
15591 4 2 1 7 3074 612 613 3219
15592 4 2 1 7 3345 3230 3037 2925
15593 4 2 1 7 3345 3037 3230 2826
15594 4 2 1 7 3344 3078 802 3392
15595 4 2 1 7 3344 3078 3392 2828
15596 4 2 1 7 3344 2814 2828 3017
15597 4 2 1 7 835 3344 802 1857
15598 4 2 1 7 524 3055 599 600
15599 4 2 1 7 524 3055 600 3038
15600 4 2 1 7 3194 1716 1677 2967
15601 4 2 1 7 3194 1677 1716 1715
15602 4 2 1 7 3153 1710 3408 2976
15603 4 2 1 7 3408 1799 3153 722
15604 4 2 1 7 1599 1799 3153 1709
15605 4 2 1 7 1599 3153 1799 722
15606 4 2 1 7 3582 1550 1364 3512
15607 4 2 1 7 3582 1554 1582 1518
15608 4 2 1 7 3582 1550 3512 1554
15609 4 2 1 7 3582 1550 1554 1518
15610 4 2 1 7 3467 1880 1892 1861
15611 4 2 1 7 1892 1880 3467 3193
15612 4 2 1 7 1892 1995 3467 1861
15613 4 2 1 7 3467 1995 1892 3193
15614 4 2 1 7 3118 2920 1460 1577
15615 4 2 1 7 3118 1460 2920 3148
15616 4 2 1 7 1588 1460 2920 1577
15617 4 2 1 7 1588 2920 1460 3148
15618 4 2 1 7 98 3384 3281 99
15619 4 2 1 7 98 3281 3384 37
15620 4 2 1 7 38 3384 3281 37
15621 4 2 1 7 597 3107 595 596
15622 4 2 1 7 595 3107 597 2952
15623 4 2 1 7 468 3131 420 500
15624 4 2 1 7 468 3131 500 133
15625 4 2 1 7 468 3131 133 132
15626 4 2 1 7 131 3131 468 132
15627 4 2 1 7 3514 1685 1688 1687
15628 4 2 1 7 3514 1688 1685 423
15629 4 2 1 7 1683 3176 1685 1684
15630 4 2 1 7 1683 1685 3176 3306
15631 4 2 1 7 1755 3176 472 1756
15632 4 2 1 7 3637 1192 1266 3049
15633 4 2 1 7 2801 2942 2840 3447
15634 4 2 1 7 3553 3637 1266 3061
15635 4 2 1 7 2801 2942 3447 3397
15636 4 2 1 7 392 387 1694 393
15637 4 2 1 7 392 1694 387 3487
15638 4 2 1 7 1785 1694 387 393
15639 4 2 1 7 1785 387 1694 3487
15640 4 2 1 7 3409 2928 888 856
15641 4 2 1 7 3409 888 1899 1930
15642 4 2 1 7 3210 2837 1462 3047
15643 4 2 1 7 3210 1462 2837 3105
15644 4 2 1 7 747 3404 729 823
15645 4 2 1 7 2041 3221 552 2050
15646 4 2 1 7 552 3221 2041 3154
15647 4 2 1 7 3169 3171 3116 2844
15648 4 2 1 7 3116 3171 3169 2876
15649 4 2 1 7 3498 1349 2873 1562
15650 4 2 1 7 3498 2873 1349 3459
15651 4 2 1 7 1478 2873 1349 1562
15652 4 2 1 7 3663 1349 168 1478
15653 4 2 1 7 2144 3072 2093 2039
15654 4 2 1 7 2093 2866 2047 3156
15655 4 2 1 7 2173 2093 3072 2039
15656 4 2 1 7 2173 3072 2093 3156
15657 4 2 1 7 3401 1707 703 3186
15658 4 2 1 7 3401 703 1707 1721
15659 4 2 1 7 3192 1997 1947 1904
15660 4 2 1 7 3192 1997 1904 1971
15661 4 2 1 7 614 3096 3400 3015
15662 4 2 1 7 614 3096 3015 541
15663 4 2 1 7 3172 783 699 793
15664 4 2 1 7 3368 2890 510 3109
15665 4 2 1 7 3368 510 2890 2979
15666 4 2 1 7 3259 3283 3378 625
15667 4 2 1 7 3378 3283 3259 2851
15668 4 2 1 7 3216 2880 1538 3214
15669 4 2 1 7 3216 1538 2880 3397
15670 4 2 1 7 3388 1560 1537 1350
15671 4 2 1 7 3388 1537 1560 2933
15672 4 2 1 7 3453 3297 3423 2870
15673 4 2 1 7 3133 477 3453 2935
15674 4 2 1 7 3160 1944 1969 2897
15675 4 2 1 7 3160 1969 1944 1884
15676 4 2 1 7 3107 3482 2996 2845
15677 4 2 1 7 2996 3482 3107 601
15678 4 2 1 7 2996 2952 3107 2845
15679 4 2 1 7 3637 3049 1266 3061
15680 4 2 1 7 3456 3515 2179 3028
15681 4 2 1 7 2179 3515 3456 2934
15682 4 2 1 7 3456 2179 2011 3028
15683 4 2 1 7 2011 2179 3456 2934
15684 4 2 1 7 3456 3648 1198 3028
15685 4 2 1 7 1198 3648 3456 2934
15686 4 2 1 7 855 893 2855 958
15687 4 2 1 7 855 2855 893 2824
15688 4 2 1 7 3171 3280 41 483
15689 4 2 1 7 41 3280 3171 2876
15690 4 2 1 7 1436 3132 1422 1481
15691 4 2 1 7 1422 3132 1436 3046
15692 4 2 1 7 1777 563 1653 3486
15693 4 2 1 7 2864 837 2989 99
15694 4 2 1 7 2864 2989 837 3200
15695 4 2 1 7 714 2989 837 99
15696 4 2 1 7 714 837 2989 3200
15697 4 2 1 7 3185 2127 2118 2181
15698 4 2 1 7 2127 3570 3185 2118
15699 4 2 1 7 776 2898 589 819
15700 4 2 1 7 589 2898 776 3036
15701 4 2 1 7 3104 410 3488 483
15702 4 2 1 7 3104 3488 410 2958
15703 4 2 1 7 3175 476 2997 401
15704 4 2 1 7 3175 2997 476 2884
15705 4 2 1 7 3223 974 870 3422
15706 4 2 1 7 870 3223 3422 3333
15707 4 2 1 7 3208 2147 2134 2068
15708 4 2 1 7 3208 2134 2147 2894
15709 4 2 1 7 774 3270 775 797
15710 4 2 1 7 775 3270 774 1619
15711 4 2 1 7 2090 3154 2091 3316
15712 4 2 1 7 3316 2090 3490 2944
15713 4 2 1 7 2088 2090 3490 2029
15714 4 2 1 7 2088 3490 2090 2944
15715 4 2 1 7 3451 694 2924 3177
15716 4 2 1 7 3451 2924 694 3308
15717 4 2 1 7 3494 1208 1233 1237
15718 4 2 1 7 3494 1233 1208 3166
15719 4 2 1 7 2898 820 3144 3463
15720 4 2 1 7 2898 820 3463 819
15721 4 2 1 7 2898 820 819 775
15722 4 2 1 7 2898 820 775 3144
15723 4 2 1 7 944 3497 579 528
15724 4 2 1 7 944 579 3497 3039
15725 4 2 1 7 608 579 3497 528
15726 4 2 1 7 608 3497 579 3039
15727 4 2 1 7 3404 3127 747 729
15728 4 2 1 7 3404 747 3127 2916
15729 4 2 1 7 3557 3239 1797 2977
15730 4 2 1 7 3557 3239 2977 3295
15731 4 2 1 7 1609 3396 1814 3248
15732 4 2 1 7 3248 3396 1814 2865
15733 4 2 1 7 563 1652 1654 1653
15734 4 2 1 7 639 1654 563 1652
15735 4 2 1 7 3490 3565 677 2944
15736 4 2 1 7 3490 677 3565 673
15737 4 2 1 7 3051 1007 1094 169
15738 4 2 1 7 3051 1007 169 3663
15739 4 2 1 7 3527 1994 1957 198
15740 4 2 1 7 1153 198 3527 1117
15741 4 2 1 7 1503 1461 2832 1584
15742 4 2 1 7 2832 1461 1503 3511
15743 4 2 1 7 3306 3477 3437 3091
15744 4 2 1 7 3437 3477 3306 2976
15745 4 2 1 7 588 582 3391 585
15746 4 2 1 7 3391 582 588 3002
15747 4 2 1 7 1412 3426 1410 1411
15748 4 2 1 7 3497 552 3154 3221
15749 4 2 1 7 3497 3154 552 3236
15750 4 2 1 7 730 2988 95 3303
15751 4 2 1 7 2826 730 2988 96
15752 4 2 1 7 3337 499 3023 3423
15753 4 2 1 7 3337 499 3423 425
15754 4 2 1 7 3337 499 425 389
15755 4 2 1 7 3337 499 389 3023
15756 4 2 1 7 486 3087 3042 2913
15757 4 2 1 7 3042 3087 486 3341
15758 4 2 1 7 3123 535 2835 65
15759 4 2 1 7 3123 2835 535 3211
15760 4 2 1 7 25 1001 1013 3256
15761 4 2 1 7 2879 1219 3304 3489
15762 4 2 1 7 2879 1219 3489 1286
15763 4 2 1 7 2879 1219 1286 1310
15764 4 2 1 7 2879 1219 1310 3304
15765 4 2 1 7 3426 1412 1413 1411
15766 4 2 1 7 3426 1413 1412 2871
15767 4 2 1 7 3311 558 3462 546
15768 4 2 1 7 3311 3462 558 1661
15769 4 2 1 7 2865 706 3193 3186
15770 4 2 1 7 2865 706 3186 3401
15771 4 2 1 7 3058 3472 3393 2951
15772 4 2 1 7 3058 3393 3472 1536
15773 4 2 1 7 1420 3393 3472 2951
15774 4 2 1 7 1420 3472 3393 1536
15775 4 2 1 7 526 3107 3263 3482
15776 4 2 1 7 3263 3482 3107 2845
15777 4 2 1 7 3241 1058 1084 3222
15778 4 2 1 7 3241 1084 1058 1049
15779 4 2 1 7 3585 3256 25 1013
15780 4 2 1 7 2875 3376 124 1202
15781 4 2 1 7 1602 3550 282 1744
15782 4 2 1 7 1179 124 3376 1202
15783 4 2 1 7 3355 1174 1285 2972
15784 4 2 1 7 3355 1285 1174 1258
15785 4 2 1 7 1276 3122 2915 1301
15786 4 2 1 7 1276 3122 1301 1176
15787 4 2 1 7 3529 1993 1925 237
15788 4 2 1 7 1579 237 3529 1553
15789 4 2 1 7 3425 565 3480 561
15790 4 2 1 7 1670 3425 3480 1731
15791 4 2 1 7 2994 2110 2933 3382
15792 4 2 1 7 2994 2110 3382 2174
15793 4 2 1 7 2994 2110 2174 2109
15794 4 2 1 7 2994 2110 2109 2933
15795 4 2 1 7 3375 1415 3189 1417
15796 4 2 1 7 3375 3189 1415 2882
15797 4 2 1 7 745 3027 3081 744
15798 4 2 1 7 3081 3027 745 3006
15799 4 2 1 7 1602 3550 1744 3305
15800 4 2 1 7 725 3195 6 112
15801 4 2 1 7 3217 3085 3274 2861
15802 4 2 1 7 3274 3085 448 513
15803 4 2 1 7 3401 1707 1723 1722
15804 4 2 1 7 3401 1723 1707 3186
15805 4 2 1 7 756 753 3403 751
15806 4 2 1 7 756 3403 753 3313
15807 4 2 1 7 618 3403 753 751
15808 4 2 1 7 618 753 3403 3313
15809 4 2 1 7 3391 1774 1740 3002
15810 4 2 1 7 3391 1740 1774 1769
15811 4 2 1 7 2876 3513 1376 3077
15812 4 2 1 7 1376 3513 2876 3499
15813 4 2 1 7 3133 1148 1133 1071
15814 4 2 1 7 3133 1133 1148 2935
15815 4 2 1 7 3277 816 781 780
15816 4 2 1 7 3277 781 816 824
15817 4 2 1 7 3079 1573 1459 1476
15818 4 2 1 7 3079 1459 1573 2874
15819 4 2 1 7 3483 430 3139 942
15820 4 2 1 7 3483 3139 430 419
15821 4 2 1 7 3584 3238 3142 1211
15822 4 2 1 7 3584 3238 1211 1238
15823 4 2 1 7 3584 1211 1210 1178
15824 4 2 1 7 3584 3238 1238 93
15825 4 2 1 7 3266 1137 1113 1064
15826 4 2 1 7 3266 1113 1137 3161
15827 4 2 1 7 613 786 3219 612
15828 4 2 1 7 613 3219 786 3377
15829 4 2 1 7 572 3208 2155 3121
15830 4 2 1 7 2085 2155 3208 3121
15831 4 2 1 7 2085 3208 2155 2081
15832 4 2 1 7 33 34 3321 2907
15833 4 2 1 7 35 34 3321 502
15834 4 2 1 7 35 3321 34 2907
15835 4 2 1 7 3356 667 3235 881
15836 4 2 1 7 3356 3235 667 554
15837 4 2 1 7 3255 1410 2871 3118
15838 4 2 1 7 3255 2871 1410 1412
15839 4 2 1 7 3426 2871 1410 3118
15840 4 2 1 7 3426 1410 2871 1412
15841 4 2 1 7 3515 2899 2818 3399
15842 4 2 1 7 3515 2818 2899 3340
15843 4 2 1 7 1342 3304 3013 1236
15844 4 2 1 7 3013 3304 1342 3103
15845 4 2 1 7 3013 1261 1342 1236
15846 4 2 1 7 1342 1261 3013 3103
15847 4 2 1 7 3453 424 3423 400
15848 4 2 1 7 3453 3423 424 3026
15849 4 2 1 7 3176 3395 1682 1683
15850 4 2 1 7 1682 3395 3176 2983
15851 4 2 1 7 3331 3461 2803 2978
15852 4 2 1 7 3385 3331 3461 2803
15853 4 2 1 7 3492 2929 103 3288
15854 4 2 1 7 3492 103 2929 102
15855 4 2 1 7 2918 3377 3308 109
15856 4 2 1 7 2918 3308 3377 3009
15857 4 2 1 7 3252 3308 3377 109
15858 4 2 1 7 3252 3377 3308 3009
15859 4 2 1 7 1096 3228 3373 1164
15860 4 2 1 7 1096 3228 1164 1098
15861 4 2 1 7 3134 3449 623 670
15862 4 2 1 7 3134 623 3449 3089
15863 4 2 1 7 669 623 3449 670
15864 4 2 1 7 669 3449 623 3089
15865 4 2 1 7 2875 1299 3359 1202
15866 4 2 1 7 2875 1299 1202 1326
15867 4 2 1 7 2875 1299 1326 3331
15868 4 2 1 7 1369 209 210 3631
15869 4 2 1 7 715 3342 3188 688
15870 4 2 1 7 3188 3342 715 1667
15871 4 2 1 7 3188 2946 715 688
15872 4 2 1 7 715 2946 3188 1667
15873 4 2 1 7 805 3412 823 728
15874 4 2 1 7 823 3412 805 1184
15875 4 2 1 7 3384 2864 3281 99
15876 4 2 1 7 3384 3281 2864 38
15877 4 2 1 7 464 3027 385 445
15878 4 2 1 7 464 385 3027 2827
15879 4 2 1 7 2891 2852 3431 3210
15880 4 2 1 7 2891 2852 3210 1449
15881 4 2 1 7 2891 2852 1449 3057
15882 4 2 1 7 2891 2852 3057 3431
15883 4 2 1 7 3652 1834 1920 3148
15884 4 2 1 7 3341 29 3172 466
15885 4 2 1 7 2939 3230 3199 2826
15886 4 2 1 7 3037 3199 3230 2826
15887 4 2 1 7 3037 3230 3199 2853
15888 4 2 1 7 2897 3400 3446 3271
15889 4 2 1 7 2897 3446 3400 3096
15890 4 2 1 7 3015 3446 3400 3271
15891 4 2 1 7 3015 3400 3446 3096
15892 4 2 1 7 569 3121 2894 3208
15893 4 2 1 7 569 570 2894 568
15894 4 2 1 7 2894 570 569 3208
15895 4 2 1 7 3327 3440 908 907
15896 4 2 1 7 3327 3440 907 482
15897 4 2 1 7 3327 3440 482 441
15898 4 2 1 7 3327 3440 441 908
15899 4 2 1 7 3322 3678 2982 378
15900 4 2 1 7 3322 2982 2140 2126
15901 4 2 1 7 3173 2982 3678 378
15902 4 2 1 7 3173 2140 2982 2126
15903 4 2 1 7 3246 535 619 645
15904 4 2 1 7 3246 3403 619 535
15905 4 2 1 7 3288 104 548 103
15906 4 2 1 7 3288 548 104 3201
15907 4 2 1 7 3104 410 515 2958
15908 4 2 1 7 3302 3149 3065 2917
15909 4 2 1 7 3302 3065 3149 2802
15910 4 2 1 7 2858 3065 3149 2917
15911 4 2 1 7 2858 3149 3065 2802
15912 4 2 1 7 3275 3431 3389 718
15913 4 2 1 7 3389 3431 3275 2891
15914 4 2 1 7 3225 3500 3284 2988
15915 4 2 1 7 257 2021 2111 3388
15916 4 2 1 7 1560 3622 3388 2933
15917 4 2 1 7 2110 2021 3388 2111
15918 4 2 1 7 2110 3388 2021 2933
15919 4 2 1 7 752 2952 3338 751
15920 4 2 1 7 3338 2952 752 595
15921 4 2 1 7 3338 659 752 751
15922 4 2 1 7 752 659 3338 595
15923 4 2 1 7 3188 3394 3252 2816
15924 4 2 1 7 3252 3394 3188 2946
15925 4 2 1 7 1423 3393 3439 3058
15926 4 2 1 7 1423 3439 3393 3046
15927 4 2 1 7 2836 3439 3393 3058
15928 4 2 1 7 2836 3393 3439 3046
15929 4 2 1 7 850 2972 3339 935
15930 4 2 1 7 850 2972 935 940
15931 4 2 1 7 3151 812 800 686
15932 4 2 1 7 3151 800 812 2907
15933 4 2 1 7 3353 3365 3401 2860
15934 4 2 1 7 3401 3365 3353 2865
15935 4 2 1 7 2996 2845 1111 3174
15936 4 2 1 7 2996 1111 2845 3482
15937 4 2 1 7 1012 1111 2845 3174
15938 4 2 1 7 1012 2845 1111 3482
15939 4 2 1 7 1521 2963 3043 1432
15940 4 2 1 7 1521 2963 1432 1375
15941 4 2 1 7 2936 2999 2878 2792
15942 4 2 1 7 2936 2878 2999 3506
15943 4 2 1 7 3104 857 891 2958
15944 4 2 1 7 3104 891 857 895
15945 4 2 1 7 1697 3023 1699 1698
15946 4 2 1 7 1697 1699 3023 3297
15947 4 2 1 7 667 3235 3354 632
15948 4 2 1 7 3354 3235 667 881
15949 4 2 1 7 3354 527 667 632
15950 4 2 1 7 667 527 3354 881
15951 4 2 1 7 2920 1408 1496 1577
15952 4 2 1 7 2920 1496 1408 3508
15953 4 2 1 7 3454 1830 1827 1702
15954 4 2 1 7 3454 1827 1830 2894
15955 4 2 1 7 3081 2852 3431 3229
15956 4 2 1 7 3431 2852 3081 3285
15957 4 2 1 7 3431 798 3081 3229
15958 4 2 1 7 3081 798 3431 3285
15959 4 2 1 7 3277 816 687 824
15960 4 2 1 7 3277 687 816 3089
15961 4 2 1 7 3582 1155 2905 1101
15962 4 2 1 7 3582 1155 1101 161
15963 4 2 1 7 3241 1058 1035 1049
15964 4 2 1 7 3241 1035 1058 3070
15965 4 2 1 7 2906 3545 3470 1006
15966 4 2 1 7 3545 3529 3470 1510
15967 4 2 1 7 3359 3684 2965 1270
15968 4 2 1 7 3573 2133 2909 2113
15969 4 2 1 7 3221 2041 2064 2055
15970 4 2 1 7 3221 2064 2041 3154
15971 4 2 1 7 3481 3130 3357 2872
15972 4 2 1 7 3652 1834 245 1920
15973 4 2 1 7 3346 818 1984 743
15974 4 2 1 7 3346 818 743 827
15975 4 2 1 7 3538 1369 3359 3631
15976 4 2 1 7 3346 818 1897 1984
15977 4 2 1 7 262 3372 1362 1565
15978 4 2 1 7 3578 1362 3372 3072
15979 4 2 1 7 1566 1362 3372 1565
15980 4 2 1 7 1566 3372 1362 3072
15981 4 2 1 7 953 3244 132 846
15982 4 2 1 7 3244 457 133 468
15983 4 2 1 7 1185 805 1184 1183
15984 4 2 1 7 1185 1184 805 3412
15985 4 2 1 7 245 244 3652 1920
15986 4 2 1 7 3173 2153 2140 2075
15987 4 2 1 7 2944 3398 2902 2866
15988 4 2 1 7 3398 3539 2944 678
15989 4 2 1 7 2944 3398 678 553
15990 4 2 1 7 2944 3398 553 2902
15991 4 2 1 7 2889 3314 760 2985
15992 4 2 1 7 3625 289 288 2105
15993 4 2 1 7 760 3381 2889 2985
15994 4 2 1 7 3305 3685 405 496
15995 4 2 1 7 2932 131 420 3050
15996 4 2 1 7 2932 131 3050 989
15997 4 2 1 7 2932 131 989 132
15998 4 2 1 7 131 3131 132 2932
15999 4 2 1 7 565 627 1658 1670
16000 4 2 1 7 1658 627 565 658
16001 4 2 1 7 1658 1759 565 1670
16002 4 2 1 7 565 1759 1658 658
16003 4 2 1 7 3331 891 3104 890
16004 4 2 1 7 3331 3104 891 2875
16005 4 2 1 7 3436 3422 3278 973
16006 4 2 1 7 3436 3278 3422 2871
16007 4 2 1 7 3403 535 3031 618
16008 4 2 1 7 3403 3031 535 2889
16009 4 2 1 7 3340 2098 3028 3084
16010 4 2 1 7 3340 3028 2098 2101
16011 4 2 1 7 3473 424 3174 3026
16012 4 2 1 7 3473 3174 424 516
16013 4 2 1 7 3377 3282 3219 110
16014 4 2 1 7 3377 3219 3282 2859
16015 4 2 1 7 3501 139 3502 78
16016 4 2 1 7 3501 3502 139 138
16017 4 2 1 7 3187 642 707 708
16018 4 2 1 7 723 707 642 708
16019 4 2 1 7 723 642 707 656
16020 4 2 1 7 3143 73 564 74
16021 4 2 1 7 3143 564 73 560
16022 4 2 1 7 3348 3253 471 2973
16023 4 2 1 7 471 3253 3348 2990
16024 4 2 1 7 471 3274 3348 2973
16025 4 2 1 7 3348 3274 471 2990
16026 4 2 1 7 1085 3636 3002 55
16027 4 2 1 7 3636 56 55 1163
16028 4 2 1 7 3359 1489 1370 3141
16029 4 2 1 7 3359 1370 1489 1369
16030 4 2 1 7 3499 3315 3280 2887
16031 4 2 1 7 3499 3280 3315 2876
16032 4 2 1 7 3329 3003 407 2908
16033 4 2 1 7 3329 407 3003 3322
16034 4 2 1 7 3356 539 2967 651
16035 4 2 1 7 3356 2967 539 3204
16036 4 2 1 7 3007 1416 1428 1414
16037 4 2 1 7 3007 1428 1416 3212
16038 4 2 1 7 3269 1915 1865 1908
16039 4 2 1 7 3269 1865 1915 2948
16040 4 2 1 7 1016 3256 1083 1013
16041 4 2 1 7 1016 1083 3256 3361
16042 4 2 1 7 3497 552 606 3236
16043 4 2 1 7 3497 606 552 607
16044 4 2 1 7 1648 1800 971 1645
16045 4 2 1 7 1648 971 1800 3339
16046 4 2 1 7 843 971 1800 1645
16047 4 2 1 7 843 1800 971 3339
16048 4 2 1 7 3377 680 3074 527
16049 4 2 1 7 3377 3074 680 613
16050 4 2 1 7 649 3074 680 527
16051 4 2 1 7 649 680 3074 613
16052 4 2 1 7 722 87 3408 3566
16053 4 2 1 7 722 3408 87 832
16054 4 2 1 7 3243 2802 2858 3223
16055 4 2 1 7 3243 2858 2802 3149
16056 4 2 1 7 3302 3262 3149 3053
16057 4 2 1 7 3302 3149 3262 2802
16058 4 2 1 7 3314 3056 2880 2815
16059 4 2 1 7 3652 1920 244 3323
16060 4 2 1 7 2880 3214 3314 2815
16061 4 2 1 7 3314 3214 2880 2863
16062 4 2 1 7 3352 3460 3374 2942
16063 4 2 1 7 3374 3460 3352 2917
16064 4 2 1 7 3315 402 2876 41
16065 4 2 1 7 3315 2876 402 3146
16066 4 2 1 7 753 3108 665 752
16067 4 2 1 7 665 3108 753 3029
16068 4 2 1 7 2147 3208 2085 2068
16069 4 2 1 7 2085 3208 2147 3121
16070 4 2 1 7 3163 3314 3507 2843
16071 4 2 1 7 3507 3314 3163 2863
16072 4 2 1 7 3200 2801 2880 3056
16073 4 2 1 7 1163 3636 56 3574
16074 4 2 1 7 1085 3636 55 1163
16075 4 2 1 7 3002 55 3636 566
16076 4 2 1 7 462 1688 1764 480
16077 4 2 1 7 462 1688 480 423
16078 4 2 1 7 462 1688 423 1755
16079 4 2 1 7 462 1688 1755 1764
16080 4 2 1 7 3494 1327 2915 3158
16081 4 2 1 7 3494 2915 1327 1344
16082 4 2 1 7 1223 2915 1327 3158
16083 4 2 1 7 1223 1327 2915 1344
16084 4 2 1 7 3410 1543 3496 1452
16085 4 2 1 7 3410 3496 1543 2961
16086 4 2 1 7 3119 3162 3021 574
16087 4 2 1 7 3021 3162 3119 2854
16088 4 2 1 7 1827 3455 1713 1600
16089 4 2 1 7 1713 3455 1827 3197
16090 4 2 1 7 1229 3581 224 1271
16091 4 2 1 7 3581 3657 2895 1229
16092 4 2 1 7 3510 2893 2795 3157
16093 4 2 1 7 3510 2795 2893 3090
16094 4 2 1 7 3352 3466 3125 3041
16095 4 2 1 7 3125 3466 3352 2807
16096 4 2 1 7 3125 2910 3352 3041
16097 4 2 1 7 3352 2910 3125 2807
16098 4 2 1 7 3483 3306 2812 2983
16099 4 2 1 7 2812 3306 3483 3170
16100 4 2 1 7 2812 3435 3483 2983
16101 4 2 1 7 3483 3435 2812 3170
16102 4 2 1 7 3335 1889 2896 2960
16103 4 2 1 7 3335 2896 1889 1954
16104 4 2 1 7 3459 3373 1007 1096
16105 4 2 1 7 3663 3373 3459 2873
16106 4 2 1 7 3023 1696 1786 1698
16107 4 2 1 7 3023 1786 1696 3487
16108 4 2 1 7 3363 3506 3501 988
16109 4 2 1 7 3501 3506 3363 2878
16110 4 2 1 7 3371 1406 1402 1429
16111 4 2 1 7 3470 1510 1590 1558
16112 4 2 1 7 3529 3470 1510 1590
16113 4 2 1 7 3263 3002 3391 588
16114 4 2 1 7 3391 3002 3263 2898
16115 4 2 1 7 3391 585 3263 588
16116 4 2 1 7 3263 585 3391 2898
16117 4 2 1 7 3091 765 3437 692
16118 4 2 1 7 3091 765 692 94
16119 4 2 1 7 3446 3508 2920 2797
16120 4 2 1 7 2920 3508 3446 2874
16121 4 2 1 7 2920 3040 3446 2797
16122 4 2 1 7 3446 3040 2920 2874
16123 4 2 1 7 3438 3134 654 593
16124 4 2 1 7 3438 654 3134 656
16125 4 2 1 7 642 654 3134 593
16126 4 2 1 7 642 3134 654 656
16127 4 2 1 7 3359 3684 3631 1369
16128 4 2 1 7 3668 2005 1989 1842
16129 4 2 1 7 3252 3188 688 2946
16130 4 2 1 7 3252 688 3188 3308
16131 4 2 1 7 1679 3369 3194 1677
16132 4 2 1 7 3194 3369 1679 2930
16133 4 2 1 7 3283 2929 556 3259
16134 4 2 1 7 3283 2929 3259 2851
16135 4 2 1 7 3491 961 606 140
16136 4 2 1 7 3491 961 140 139
16137 4 2 1 7 3491 961 139 78
16138 4 2 1 7 3491 961 78 606
16139 4 2 1 7 595 834 3107 752
16140 4 2 1 7 3107 834 595 596
16141 4 2 1 7 3580 1311 3224 2895
16142 4 2 1 7 3580 2895 3224 721
16143 4 2 1 7 3580 1311 2895 1204
16144 4 2 1 7 3224 89 3580 721
16145 4 2 1 7 2886 3257 3371 3088
16146 4 2 1 7 2886 3371 3257 1402
16147 4 2 1 7 1406 3371 3257 3088
16148 4 2 1 7 1406 3257 3371 1402
16149 4 2 1 7 1710 2976 1709 1686
16150 4 2 1 7 3514 1709 1686 1687
16151 4 2 1 7 3493 3204 546 2926
16152 4 2 1 7 3493 546 3204 609
16153 4 2 1 7 3465 3215 3070 2810
16154 4 2 1 7 3465 3070 3215 2950
16155 4 2 1 7 381 3041 3120 2864
16156 4 2 1 7 1608 176 177 3639
16157 4 2 1 7 2931 972 3264 980
16158 4 2 1 7 2931 3264 972 3024
16159 4 2 1 7 3074 649 883 527
16160 4 2 1 7 1920 3652 3148 3323
16161 4 2 1 7 885 883 649 527
16162 4 2 1 7 885 649 883 886
16163 4 2 1 7 3499 3513 1480 1392
16164 4 2 1 7 3364 1846 1973 1932
16165 4 2 1 7 3364 1973 1846 3000
16166 4 2 1 7 1777 3480 1670 565
16167 4 2 1 7 1670 3480 1777 1776
16168 4 2 1 7 3244 949 2857 951
16169 4 2 1 7 3244 2857 949 846
16170 4 2 1 7 948 2857 949 951
16171 4 2 1 7 948 949 2857 846
16172 4 2 1 7 660 3482 1037 526
16173 4 2 1 7 3582 3512 1364 3030
16174 4 2 1 7 3543 3660 199 1331
16175 4 2 1 7 3543 2905 1331 1231
16176 4 2 1 7 3365 829 809 3055
16177 4 2 1 7 3365 809 829 706
16178 4 2 1 7 3045 3385 3461 2901
16179 4 2 1 7 3385 3331 2803 2884
16180 4 2 1 7 3317 3461 3385 2901
16181 4 2 1 7 3317 3385 3461 2803
16182 4 2 1 7 2890 2033 2052 3478
16183 4 2 1 7 2890 2052 2033 3509
16184 4 2 1 7 2026 3379 2125 2019
16185 4 2 1 7 2148 2125 3379 2019
16186 4 2 1 7 2148 3379 2125 3033
16187 4 2 1 7 439 3125 3440 441
16188 4 2 1 7 3440 3125 439 3383
16189 4 2 1 7 3440 908 439 441
16190 4 2 1 7 439 908 3440 3383
16191 4 2 1 7 3213 2999 3333 952
16192 4 2 1 7 3213 3333 2999 2842
16193 4 2 1 7 3126 610 3398 2902
16194 4 2 1 7 3126 3398 610 79
16195 4 2 1 7 3343 3180 3082 904
16196 4 2 1 7 3343 3082 3180 2885
16197 4 2 1 7 3310 973 862 855
16198 4 2 1 7 3310 862 973 3278
16199 4 2 1 7 3177 1978 3193 2995
16200 4 2 1 7 3193 1978 1892 1947
16201 4 2 1 7 3177 1978 2995 1928
16202 4 2 1 7 2879 2805 3304 3013
16203 4 2 1 7 2879 2805 3013 3296
16204 4 2 1 7 3300 3476 3357 2839
16205 4 2 1 7 3357 3476 3300 3076
16206 4 2 1 7 1922 3279 1965 1921
16207 4 2 1 7 1965 3279 1922 3191
16208 4 2 1 7 3485 914 3143 956
16209 4 2 1 7 3485 3143 914 3350
16210 4 2 1 7 955 3143 914 956
16211 4 2 1 7 3197 569 2894 568
16212 4 2 1 7 3197 2894 569 3121
16213 4 2 1 7 1390 2846 1391 1389
16214 4 2 1 7 3076 1390 1396 3476
16215 4 2 1 7 3470 3545 3615 1006
16216 4 2 1 7 1277 3640 1278 218
16217 4 2 1 7 892 920 3289 981
16218 4 2 1 7 892 3289 920 3362
16219 4 2 1 7 3204 3289 920 981
16220 4 2 1 7 3204 920 3289 3362
16221 4 2 1 7 3233 1613 1614 1612
16222 4 2 1 7 3233 1614 1613 3036
16223 4 2 1 7 3689 1101 1025 162
16224 4 2 1 7 3639 2861 177 1608
16225 4 2 1 7 967 923 3102 966
16226 4 2 1 7 967 3102 923 3484
16227 4 2 1 7 3042 3405 27 3165
16228 4 2 1 7 3042 3006 3005 3261
16229 4 2 1 7 3042 3006 3261 28
16230 4 2 1 7 3042 3006 28 27
16231 4 2 1 7 3153 1710 2976 1709
16232 4 2 1 7 1710 2976 1686 1754
16233 4 2 1 7 3496 1542 1543 3427
16234 4 2 1 7 3496 1543 1542 1453
16235 4 2 1 7 3583 2962 3519 750
16236 4 2 1 7 750 3519 117 724
16237 4 2 1 7 750 3519 724 2962
16238 4 2 1 7 3583 2962 750 3265
16239 4 2 1 7 3667 1181 119 1180
16240 4 2 1 7 3667 1181 1180 1196
16241 4 2 1 7 3667 982 1196 125
16242 4 2 1 7 3667 982 125 119
16243 4 2 1 7 3327 907 403 482
16244 4 2 1 7 3327 403 907 851
16245 4 2 1 7 3498 3416 1559 1523
16246 4 2 1 7 3498 1559 3416 2914
16247 4 2 1 7 3511 1400 1403 1433
16248 4 2 1 7 3511 1403 1400 3257
16249 4 2 1 7 3378 679 668 2912
16250 4 2 1 7 3378 668 679 523
16251 4 2 1 7 3227 2850 3057 3389
16252 4 2 1 7 3227 3057 2850 3496
16253 4 2 1 7 2891 3057 2850 3389
16254 4 2 1 7 2891 2850 3057 3496
16255 4 2 1 7 3585 3256 449 25
16256 4 2 1 7 3209 1403 1406 1563
16257 4 2 1 7 638 3398 79 80
16258 4 2 1 7 79 3398 638 3126
16259 4 2 1 7 1618 775 1619 1617
16260 4 2 1 7 1618 775 1617 772
16261 4 2 1 7 1618 775 772 774
16262 4 2 1 7 1618 775 774 1619
16263 4 2 1 7 3333 3375 2951 2842
16264 4 2 1 7 2951 3375 3333 2882
16265 4 2 1 7 2951 2999 3333 2842
16266 4 2 1 7 3333 2999 2951 2882
16267 4 2 1 7 3513 3466 3315 2887
16268 4 2 1 7 3513 3315 3466 2840
16269 4 2 1 7 3511 1511 1503 3130
16270 4 2 1 7 3511 1503 1511 1433
16271 4 2 1 7 1608 3639 2861 3135
16272 4 2 1 7 3505 3052 2083 4
16273 4 2 1 7 3689 1101 3030 1025
16274 4 2 1 7 3552 1353 3628 165
16275 4 2 1 7 2915 1344 3355 1276
16276 4 2 1 7 2915 3355 1344 3494
16277 4 2 1 7 1285 3355 1344 1276
16278 4 2 1 7 1285 1344 3355 3494
16279 4 2 1 7 3120 3315 3466 40
16280 4 2 1 7 3466 3315 3120 2840
16281 4 2 1 7 3447 1516 3397 1381
16282 4 2 1 7 3447 3397 1516 3083
16283 4 2 1 7 3193 1880 1947 1892
16284 4 2 1 7 3193 1947 1880 3192
16285 4 2 1 7 2886 645 66 65
16286 4 2 1 7 2886 66 645 3324
16287 4 2 1 7 367 3321 501 502
16288 4 2 1 7 367 501 3321 3437
16289 4 2 1 7 1384 2917 3053 3460
16290 4 2 1 7 1384 3053 2917 1526
16291 4 2 1 7 1384 3053 1526 1388
16292 4 2 1 7 1384 3053 1388 1386
16293 4 2 1 7 3421 1845 1839 1844
16294 4 2 1 7 3421 1839 1845 3195
16295 4 2 1 7 1593 3618 1803 271
16296 4 2 1 7 1593 3618 271 3569
16297 4 2 1 7 3278 3422 2882 870
16298 4 2 1 7 3278 2882 3422 3007
16299 4 2 1 7 3333 2882 3422 870
16300 4 2 1 7 3333 3422 2882 3007
16301 4 2 1 7 3433 2851 3242 2794
16302 4 2 1 7 3433 2851 2794 3094
16303 4 2 1 7 3433 2851 3094 3432
16304 4 2 1 7 3433 2851 3432 3242
16305 4 2 1 7 1783 394 1764 393
16306 4 2 1 7 1783 1764 394 1781
16307 4 2 1 7 1863 3115 1887 1860
16308 4 2 1 7 1863 1887 3115 3249
16309 4 2 1 7 3293 548 3288 540
16310 4 2 1 7 3293 3288 548 2929
16311 4 2 1 7 3390 1602 1829 1819
16312 4 2 1 7 3685 3390 1602 1829
16313 4 2 1 7 547 1659 658 544
16314 4 2 1 7 547 658 1659 1660
16315 4 2 1 7 1658 658 1659 544
16316 4 2 1 7 1658 1659 658 1660
16317 4 2 1 7 3390 406 3305 3050
16318 4 2 1 7 3390 3305 406 496
16319 4 2 1 7 3360 782 3078 583
16320 4 2 1 7 3360 3078 782 769
16321 4 2 1 7 3488 3286 3016 2795
16322 4 2 1 7 3488 3016 3286 2958
16323 4 2 1 7 2844 3090 1483 1484
16324 4 2 1 7 2844 1483 3090 3510
16325 4 2 1 7 1485 1483 3090 1484
16326 4 2 1 7 1485 3090 1483 3510
16327 4 2 1 7 1085 3636 1163 3693
16328 4 2 1 7 3412 3020 729 727
16329 4 2 1 7 3412 728 729 823
16330 4 2 1 7 729 728 3412 727
16331 4 2 1 7 2998 1353 3552 1557
16332 4 2 1 7 2998 1353 1557 1467
16333 4 2 1 7 3502 577 3100 3501
16334 4 2 1 7 3502 3100 577 576
16335 4 2 1 7 3408 87 1243 1322
16336 4 2 1 7 3408 3522 87 832
16337 4 2 1 7 3383 435 381 436
16338 4 2 1 7 3383 381 435 3093
16339 4 2 1 7 3201 3332 3114 2992
16340 4 2 1 7 3468 3201 543 2993
16341 4 2 1 7 662 2993 3201 2992
16342 4 2 1 7 662 3201 2993 543
16343 4 2 1 7 3435 942 3483 2983
16344 4 2 1 7 3435 3483 942 943
16345 4 2 1 7 3645 3597 90 1341
16346 4 2 1 7 3597 828 696 1203
16347 4 2 1 7 3645 3597 1341 1239
16348 4 2 1 7 833 3597 696 90
16349 4 2 1 7 3666 3249 143 983
16350 4 2 1 7 983 143 3666 144
16351 4 2 1 7 3666 3249 983 1863
16352 4 2 1 7 3115 3666 143 144
16353 4 2 1 7 1913 3316 1951 3014
16354 4 2 1 7 1913 3316 3014 3335
16355 4 2 1 7 2034 3109 2107 2032
16356 4 2 1 7 2107 3109 2034 3368
16357 4 2 1 7 3198 485 401 494
16358 4 2 1 7 3198 401 485 3175
16359 4 2 1 7 3237 1427 1425 1426
16360 4 2 1 7 3237 1425 1427 3071
16361 4 2 1 7 2824 139 140 855
16362 4 2 1 7 2824 140 139 3491
16363 4 2 1 7 3151 493 37 36
16364 4 2 1 7 3690 874 3635 3345
16365 4 2 1 7 2975 926 630 575
16366 4 2 1 7 2975 630 926 3485
16367 4 2 1 7 640 630 926 575
16368 4 2 1 7 640 926 630 3485
16369 4 2 1 7 2938 3092 2796 3209
16370 4 2 1 7 2938 3092 3209 1470
16371 4 2 1 7 3104 483 402 484
16372 4 2 1 7 3104 402 483 3171
16373 4 2 1 7 3125 366 2910 3041
16374 4 2 1 7 3125 2910 366 439
16375 4 2 1 7 3242 2910 366 3041
16376 4 2 1 7 3242 366 2910 439
16377 4 2 1 7 185 3535 1123 3694
16378 4 2 1 7 3635 122 121 1169
16379 4 2 1 7 1732 3264 1638 1632
16380 4 2 1 7 3443 869 1638 3264
16381 4 2 1 7 3443 869 3264 918
16382 4 2 1 7 3474 727 2856 3059
16383 4 2 1 7 3474 2856 727 744
16384 4 2 1 7 3441 882 1963 1901
16385 4 2 1 7 925 882 1963 887
16386 4 2 1 7 925 1963 882 1901
16387 4 2 1 7 909 3366 955 902
16388 4 2 1 7 955 3366 909 3293
16389 4 2 1 7 2851 3283 902 899
16390 4 2 1 7 2851 902 3283 3366
16391 4 2 1 7 965 902 3283 899
16392 4 2 1 7 965 3283 902 3366
16393 4 2 1 7 441 436 908 439
16394 4 2 1 7 441 908 436 3327
16395 4 2 1 7 3443 972 3226 852
16396 4 2 1 7 3443 3226 972 3024
16397 4 2 1 7 1090 1109 388 1161
16398 4 2 1 7 1090 388 1109 3473
16399 4 2 1 7 382 388 1109 1161
16400 4 2 1 7 382 1109 388 3473
16401 4 2 1 7 637 3218 592 590
16402 4 2 1 7 637 592 3218 3233
16403 4 2 1 7 3036 592 3218 590
16404 4 2 1 7 3036 3218 592 3233
16405 4 2 1 7 3217 3411 3274 398
16406 4 2 1 7 3217 3274 3411 2973
16407 4 2 1 7 471 3274 3411 398
16408 4 2 1 7 471 3411 3274 2973
16409 4 2 1 7 713 741 3430 737
16410 4 2 1 7 713 3430 741 755
16411 4 2 1 7 2902 2944 3490 553
16412 4 2 1 7 3490 610 2902 553
16413 4 2 1 7 2902 610 3490 3491
16414 4 2 1 7 447 376 732 498
16415 4 2 1 7 447 732 376 3347
16416 4 2 1 7 3628 164 165 1353
16417 4 2 1 7 3094 3259 679 3313
16418 4 2 1 7 657 3259 679 523
16419 4 2 1 7 657 679 3259 3313
16420 4 2 1 7 381 3041 2864 3242
16421 4 2 1 7 381 3041 3242 366
16422 4 2 1 7 3641 2058 3634 3316
16423 4 2 1 7 3641 2058 296 3634
16424 4 2 1 7 1768 971 1671 941
16425 4 2 1 7 1768 1671 971 1644
16426 4 2 1 7 1371 3461 1531 1527
16427 4 2 1 7 1531 3461 1371 3317
16428 4 2 1 7 3392 802 782 3078
16429 4 2 1 7 3392 782 802 763
16430 4 2 1 7 1620 716 1770 799
16431 4 2 1 7 1620 716 799 774
16432 4 2 1 7 1620 716 774 1634
16433 4 2 1 7 3602 573 537 531
16434 4 2 1 7 3677 573 531 551
16435 4 2 1 7 3677 573 551 2123
16436 4 2 1 7 3677 573 2123 2104
16437 4 2 1 7 3183 913 948 917
16438 4 2 1 7 3183 948 913 950
16439 4 2 1 7 3515 2074 2945 3444
16440 4 2 1 7 3515 2945 2074 2053
16441 4 2 1 7 782 593 3360 723
16442 4 2 1 7 782 3360 593 583
16443 4 2 1 7 1777 563 3486 628
16444 4 2 1 7 1777 563 627 1656
16445 4 2 1 7 1777 627 563 628
16446 4 2 1 7 2911 1605 187 3651
16447 4 2 1 7 3276 587 596 602
16448 4 2 1 7 3276 596 587 3108
16449 4 2 1 7 3233 1614 1726 1612
16450 4 2 1 7 3233 1726 1614 3445
16451 4 2 1 7 527 634 3009 680
16452 4 2 1 7 3009 634 527 632
16453 4 2 1 7 1718 3688 3560 3112
16454 4 2 1 7 3552 1353 3299 3628
16455 4 2 1 7 186 187 1605 3651
16456 4 2 1 7 2058 297 296 3634
16457 4 2 1 7 3012 917 3288 912
16458 4 2 1 7 3012 3288 917 3111
16459 4 2 1 7 497 3288 917 912
16460 4 2 1 7 497 917 3288 3111
16461 4 2 1 7 107 3252 3449 108
16462 4 2 1 7 107 3449 3252 3468
16463 4 2 1 7 3384 99 713 100
16464 4 2 1 7 3328 452 440 512
16465 4 2 1 7 3328 440 452 3069
16466 4 2 1 7 3037 710 3196 3199
16467 4 2 1 7 3037 3196 710 3260
16468 4 2 1 7 3407 3321 364 422
16469 4 2 1 7 364 3321 3407 3253
16470 4 2 1 7 364 507 3407 422
16471 4 2 1 7 3407 507 364 3253
16472 4 2 1 7 789 3430 737 713
16473 4 2 1 7 789 3430 713 3319
16474 4 2 1 7 1134 3482 1037 1005
16475 4 2 1 7 1037 3482 1134 3503
16476 4 2 1 7 1243 3638 3408 1322
16477 4 2 1 7 3408 3638 1243 3064
16478 4 2 1 7 3345 879 3175 3225
16479 4 2 1 7 3345 3175 879 897
16480 4 2 1 7 937 3175 879 3225
16481 4 2 1 7 937 879 3175 897
16482 4 2 1 7 3485 919 972 916
16483 4 2 1 7 3485 972 919 3226
16484 4 2 1 7 1640 3401 1726 1722
16485 4 2 1 7 1640 1726 3401 3445
16486 4 2 1 7 3050 1642 1675 1780
16487 4 2 1 7 1780 3050 867 989
16488 4 2 1 7 131 3050 867 865
16489 4 2 1 7 131 867 3050 989
16490 4 2 1 7 1822 3549 1794 2911
16491 4 2 1 7 1822 3549 2911 3655
16492 4 2 1 7 2913 504 3042 486
16493 4 2 1 7 2913 3042 504 3165
16494 4 2 1 7 27 3042 504 486
16495 4 2 1 7 27 504 3042 3165
16496 4 2 1 7 3651 3694 1123 3044
16497 4 2 1 7 3387 985 938 934
16498 4 2 1 7 3387 938 985 3158
16499 4 2 1 7 3591 998 1145 1037
16500 4 2 1 7 3591 660 1037 650
16501 4 2 1 7 382 3174 3473 421
16502 4 2 1 7 382 3174 421 3110
16503 4 2 1 7 382 3473 1162 1109
16504 4 2 1 7 367 3306 3091 417
16505 4 2 1 7 367 3306 417 473
16506 4 2 1 7 367 3306 473 3437
16507 4 2 1 7 367 3306 3437 3091
16508 4 2 1 7 3651 3694 186 1123
16509 4 2 1 7 1823 279 3650 1796
16510 4 2 1 7 1605 3651 2911 3044
16511 4 2 1 7 3443 869 918 954
16512 4 2 1 7 3350 561 560 542
16513 4 2 1 7 3350 560 561 631
16514 4 2 1 7 809 3292 598 586
16515 4 2 1 7 809 598 3292 3276
16516 4 2 1 7 602 598 3292 586
16517 4 2 1 7 602 3292 598 3276
16518 4 2 1 7 93 1238 3670 759
16519 4 2 1 7 93 3670 1238 3584
16520 4 2 1 7 1640 770 822 778
16521 4 2 1 7 1640 822 770 1763
16522 4 2 1 7 494 97 370 493
16523 4 2 1 7 370 97 494 3198
16524 4 2 1 7 475 3234 456 490
16525 4 2 1 7 456 3234 475 3379
16526 4 2 1 7 558 1656 1657 627
16527 4 2 1 7 558 1656 627 563
16528 4 2 1 7 926 532 3162 135
16529 4 2 1 7 926 3162 532 575
16530 4 2 1 7 926 532 3604 575
16531 4 2 1 7 926 3604 532 853
16532 4 2 1 7 720 764 1857 835
16533 4 2 1 7 1857 764 720 3589
16534 4 2 1 7 3356 521 539 651
16535 4 2 1 7 3356 539 521 538
16536 4 2 1 7 3384 98 713 99
16537 4 2 1 7 3384 713 98 3151
16538 4 2 1 7 60 1080 650 3673
16539 4 2 1 7 1152 60 1080 648
16540 4 2 1 7 1152 60 648 61
16541 4 2 1 7 1152 60 61 1081
16542 4 2 1 7 995 603 3673 1081
16543 4 2 1 7 603 3673 1081 60
16544 4 2 1 7 3673 636 3 60
16545 4 2 1 7 603 3673 60 636
16546 4 2 1 7 794 3172 783 699
16547 4 2 1 7 783 3172 794 825
16548 4 2 1 7 3435 2915 985 979
16549 4 2 1 7 985 2915 3435 3387
16550 4 2 1 7 985 934 3435 979
16551 4 2 1 7 3435 934 985 3387
16552 4 2 1 7 438 444 3328 437
16553 4 2 1 7 438 3328 444 440
16554 4 2 1 7 3069 3328 444 437
16555 4 2 1 7 3069 444 3328 440
16556 4 2 1 7 441 3328 438 427
16557 4 2 1 7 438 3328 441 436
16558 4 2 1 7 150 983 3590 3666
16559 4 2 1 7 150 983 3666 144
16560 4 2 1 7 211 210 3684 1361
16561 4 2 1 7 3602 537 2104 2139
16562 4 2 1 7 3602 573 531 3677
16563 4 2 1 7 2071 279 280 3650
16564 4 2 1 7 689 758 3094 817
16565 4 2 1 7 3094 3018 689 817
16566 4 2 1 7 689 3018 3094 3433
16567 4 2 1 7 3603 1125 1000 1146
16568 4 2 1 7 388 386 3603 374
16569 4 2 1 7 3603 1125 1146 386
16570 4 2 1 7 459 368 3492 495
16571 4 2 1 7 3492 368 459 458
16572 4 2 1 7 930 3598 879 928
16573 4 2 1 7 930 3598 928 1295
16574 4 2 1 7 1842 830 3668 3532
16575 4 2 1 7 830 113 3532 112
16576 4 2 1 7 776 773 3276 781
16577 4 2 1 7 776 3276 773 819
16578 4 2 1 7 105 757 548 104
16579 4 2 1 7 105 548 757 3089
16580 4 2 1 7 3690 874 3345 879
16581 4 2 1 7 3628 1509 1353 3299
16582 4 2 1 7 2927 2906 190 1850
16583 4 2 1 7 3593 524 681 636
16584 4 2 1 7 101 3094 689 758
16585 4 2 1 7 101 689 3094 3433
16586 4 2 1 7 472 460 1756 428
16587 4 2 1 7 3322 3678 378 48
16588 4 2 1 7 3322 48 407 371
16589 4 2 1 7 2140 3322 48 3678
16590 4 2 1 7 2927 190 191 1850
16591 4 2 1 7 24 1161 3603 3679
16592 4 2 1 7 3603 1090 1125 388
16593 4 2 1 7 809 791 3292 829
16594 4 2 1 7 809 3292 791 815
16595 4 2 1 7 2826 730 96 97
16596 4 2 1 7 697 2826 730 2939
16597 4 2 1 7 697 2826 2939 3199
16598 4 2 1 7 3198 97 2826 96
16599 4 2 1 7 2071 280 2150 3650
16600 4 2 1 7 490 53 3595 373
16601 4 2 1 7 3595 475 3665 53
16602 4 2 1 7 2 47 3599 3601
16603 4 2 1 7 2 47 3601 506
16604 4 2 1 7 553 536 3490 610
16605 4 2 1 7 3490 536 553 673
16606 4 2 1 7 3151 794 3172 713
16607 4 2 1 7 3151 3172 794 699
16608 4 2 1 7 377 39 2864 381
16609 4 2 1 7 377 2864 39 38
16610 4 2 1 7 980 912 3012 915
16611 4 2 1 7 980 3012 912 917
16612 4 2 1 7 64 3032 65 3123
16613 4 2 1 7 3560 283 51 2177
16614 4 2 1 7 790 815 3277 687
16615 4 2 1 7 790 3277 815 791
16616 4 2 1 7 504 449 2913 503
16617 4 2 1 7 504 2913 449 486
16618 4 2 1 7 700 709 3193 702
16619 4 2 1 7 700 3193 709 706
16620 4 2 1 7 633 548 3468 549
16621 4 2 1 7 633 3468 548 543
16622 4 2 1 7 3468 3201 2993 105
16623 4 2 1 7 629 640 3485 522
16624 4 2 1 7 629 3485 640 630
16625 4 2 1 7 891 123 3331 124
16626 4 2 1 7 891 3331 123 890
16627 4 2 1 7 957 921 1208 894
16628 4 2 1 7 957 1208 921 922
16629 4 2 1 7 42 469 3062 43
16630 4 2 1 7 42 3062 469 410
16631 4 2 1 7 3684 210 1369 1361
16632 4 2 1 7 3684 3555 211 1361
16633 4 2 1 7 1489 3684 1361 2965
16634 4 2 1 7 1 446 3405 27
16635 4 2 1 7 928 894 3680 849
16636 4 2 1 7 928 3680 894 957
16637 4 2 1 7 1300 1240 894 849
16638 4 2 1 7 1300 894 1240 957
16639 4 2 1 7 671 2155 3208 2081
16640 4 2 1 7 671 3208 2155 572
16641 4 2 1 7 1781 460 472 394
16642 4 2 1 7 1781 472 460 1756
16643 4 2 1 7 115 116 717 2948
16644 4 2 1 7 3672 2948 115 720
16645 4 2 1 7 768 2948 115 717
16646 4 2 1 7 768 115 2948 720
16647 4 2 1 7 3385 2997 2963 2793
16648 4 2 1 7 3385 2963 2997 3146
16649 4 2 1 7 473 3176 472 1685
16650 4 2 1 7 473 3176 1685 3306
16651 4 2 1 7 473 3176 3306 418
16652 4 2 1 7 473 3176 418 472
16653 4 2 1 7 3650 3475 2071 3067
16654 4 2 1 7 1869 3471 3191 1945
16655 4 2 1 7 3095 900 977 962
16656 4 2 1 7 2853 2925 1302 3159
16657 4 2 1 7 1302 2925 2853 3230
16658 4 2 1 7 515 483 3104 484
16659 4 2 1 7 515 3104 483 410
16660 4 2 1 7 412 129 939 128
16661 4 2 1 7 412 939 129 3244
16662 4 2 1 7 3225 937 3500 930
16663 4 2 1 7 3225 3500 937 3284
16664 4 2 1 7 3230 3345 1169 2925
16665 4 2 1 7 1169 3345 3230 3225
16666 4 2 1 7 3224 3649 226 1340
16667 4 2 1 7 707 642 541 656
16668 4 2 1 7 541 642 707 3187
16669 4 2 1 7 469 2830 3062 43
16670 4 2 1 7 469 3062 2830 3286
16671 4 2 1 7 1282 3412 1205 1184
16672 4 2 1 7 1282 1205 3412 3020
16673 4 2 1 7 3404 1205 3412 1184
16674 4 2 1 7 3404 3412 1205 3020
16675 4 2 1 7 3127 498 3274 2990
16676 4 2 1 7 3127 3274 498 470
16677 4 2 1 7 3430 3347 32 31
16678 4 2 1 7 3430 32 3347 2907
16679 4 2 1 7 3455 1734 3311 1818
16680 4 2 1 7 3455 3311 1734 2892
16681 4 2 1 7 3439 3513 3499 2887
16682 4 2 1 7 3499 3513 3439 1480
16683 4 2 1 7 3319 3151 3430 713
16684 4 2 1 7 3319 3430 3151 2907
16685 4 2 1 7 3172 3430 3151 713
16686 4 2 1 7 3172 3151 3430 2907
16687 4 2 1 7 2982 3329 407 487
16688 4 2 1 7 407 3329 2982 3322
16689 4 2 1 7 407 378 2982 487
16690 4 2 1 7 2982 378 407 3322
16691 4 2 1 7 3502 3100 137 3501
16692 4 2 1 7 3502 137 3100 136
16693 4 2 1 7 674 3075 541 641
16694 4 2 1 7 674 541 3075 3187
16695 4 2 1 7 3481 541 3075 641
16696 4 2 1 7 3481 3075 541 3187
16697 4 2 1 7 3303 1186 1193 1199
16698 4 2 1 7 3303 1193 1186 3251
16699 4 2 1 7 963 977 3095 900
16700 4 2 1 7 3684 3555 1361 2965
16701 4 2 1 7 3608 1527 3683 207
16702 4 2 1 7 963 977 861 3095
16703 4 2 1 7 697 2826 3199 97
16704 4 2 1 7 697 2826 97 730
16705 4 2 1 7 3251 2939 697 730
16706 4 2 1 7 2903 2939 3199 697
16707 4 2 1 7 3690 874 879 121
16708 4 2 1 7 3345 3690 879 3225
16709 4 2 1 7 2826 2988 2939 3225
16710 4 2 1 7 3649 226 227 1599
16711 4 2 1 7 1212 2939 2988 3225
16712 4 2 1 7 1212 2988 2939 3303
16713 4 2 1 7 3021 2822 2087 3117
16714 4 2 1 7 3021 2087 2822 3234
16715 4 2 1 7 2065 2087 2822 3117
16716 4 2 1 7 2065 2822 2087 3234
16717 4 2 1 7 1616 772 1763 1618
16718 4 2 1 7 772 1763 1618 1634
16719 4 2 1 7 772 1763 1634 770
16720 4 2 1 7 772 1763 770 822
16721 4 2 1 7 3020 1257 1247 3061
16722 4 2 1 7 3560 284 283 2177
16723 4 2 1 7 629 639 1652 2980
16724 4 2 1 7 629 1652 639 563
16725 4 2 1 7 3454 1652 639 2980
16726 4 2 1 7 639 1654 1652 3454
16727 4 2 1 7 614 691 707 656
16728 4 2 1 7 707 691 614 3400
16729 4 2 1 7 707 541 614 656
16730 4 2 1 7 614 3096 541 707
16731 4 2 1 7 207 208 1527 3683
16732 4 2 1 7 3370 963 900 976
16733 4 2 1 7 903 70 3370 905
16734 4 2 1 7 3370 70 903 976
16735 4 2 1 7 903 3180 70 905
16736 4 2 1 7 3566 227 1599 3649
16737 4 2 1 7 1777 563 1656 1653
16738 4 2 1 7 1653 1777 3486 1651
16739 4 2 1 7 563 3486 628 629
16740 4 2 1 7 3486 1652 1653 1651
16741 4 2 1 7 601 647 2996 3503
16742 4 2 1 7 601 2996 647 597
16743 4 2 1 7 3361 2996 647 3503
16744 4 2 1 7 3361 647 2996 597
16745 4 2 1 7 3098 885 968 2954
16746 4 2 1 7 3098 885 2954 667
16747 4 2 1 7 3098 885 667 881
16748 4 2 1 7 3098 885 881 968
16749 4 2 1 7 2933 2109 2021 2110
16750 4 2 1 7 2933 2021 2109 3099
16751 4 2 1 7 2802 3476 2839 3063
16752 4 2 1 7 2839 3476 2802 3181
16753 4 2 1 7 766 3566 1599 3649
16754 4 2 1 7 2802 3464 2839 3181
16755 4 2 1 7 460 1629 2919 461
16756 4 2 1 7 2919 1629 460 3307
16757 4 2 1 7 1871 1869 2960 3097
16758 4 2 1 7 1871 2960 1869 1885
16759 4 2 1 7 3471 2960 1869 3097
16760 4 2 1 7 3471 1869 2960 1885
16761 4 2 1 7 1070 3405 1032 1130
16762 4 2 1 7 1070 3405 1130 3299
16763 4 2 1 7 34 3321 399 33
16764 4 2 1 7 34 399 3321 502
16765 4 2 1 7 404 467 2857 514
16766 4 2 1 7 2857 467 404 953
16767 4 2 1 7 766 3649 1599 3224
16768 4 2 1 7 404 3327 2857 953
16769 4 2 1 7 3230 3199 3418 2939
16770 4 2 1 7 3230 3418 3199 2853
16771 4 2 1 7 954 989 1641 867
16772 4 2 1 7 954 1638 1641 1643
16773 4 2 1 7 1641 1638 954 867
16774 4 2 1 7 3231 1641 954 989
16775 4 2 1 7 3231 954 1641 1643
16776 4 2 1 7 102 789 492 3492
16777 4 2 1 7 492 789 102 101
16778 4 2 1 7 492 442 102 3492
16779 4 2 1 7 492 3432 102 442
16780 4 2 1 7 492 102 3432 101
16781 4 2 1 7 2854 3379 3414 2026
16782 4 2 1 7 2854 3414 3379 3033
16783 4 2 1 7 2125 3414 3379 2026
16784 4 2 1 7 2125 3379 3414 3033
16785 4 2 1 7 3177 1978 1928 1892
16786 4 2 1 7 3177 1978 1892 3193
16787 4 2 1 7 1892 3177 3193 1995
16788 4 2 1 7 1892 3177 1995 1928
16789 4 2 1 7 3143 914 533 955
16790 4 2 1 7 3143 533 914 3350
16791 4 2 1 7 3293 533 914 955
16792 4 2 1 7 3293 914 533 3350
16793 4 2 1 7 3608 1527 3461 3683
16794 4 2 1 7 3319 36 3151 3384
16795 4 2 1 7 1355 3683 208 3538
16796 4 2 1 7 37 3151 36 3384
16797 4 2 1 7 766 3566 722 1599
16798 4 2 1 7 1631 1633 3264 1632
16799 4 2 1 7 1638 1633 3264 869
16800 4 2 1 7 1638 3264 1633 1632
16801 4 2 1 7 882 1963 884 3441
16802 4 2 1 7 882 884 1963 887
16803 4 2 1 7 3490 2902 2824 2944
16804 4 2 1 7 2824 2902 3490 3491
16805 4 2 1 7 3551 297 2092 3634
16806 4 2 1 7 2092 3551 3634 3014
16807 4 2 1 7 1620 799 1770 1622
16808 4 2 1 7 1620 799 1622 1621
16809 4 2 1 7 1620 799 1621 774
16810 4 2 1 7 1620 716 1634 1770
16811 4 2 1 7 3089 105 3468 106
16812 4 2 1 7 3089 3449 3468 549
16813 4 2 1 7 3468 687 816 107
16814 4 2 1 7 1030 3473 1045 3174
16815 4 2 1 7 1030 1045 3473 1109
16816 4 2 1 7 1162 1045 3473 3174
16817 4 2 1 7 1162 3473 1045 1109
16818 4 2 1 7 3603 1125 386 388
16819 4 2 1 7 386 385 3603 374
16820 4 2 1 7 3603 1146 1000 23
16821 4 2 1 7 23 3603 385 374
16822 4 2 1 7 3468 105 2993 106
16823 4 2 1 7 3468 3201 105 548
16824 4 2 1 7 548 3468 3089 105
16825 4 2 1 7 3089 3468 548 549
16826 4 2 1 7 3488 3062 2958 3286
16827 4 2 1 7 3488 2958 3062 410
16828 4 2 1 7 469 2958 3062 3286
16829 4 2 1 7 469 3062 2958 410
16830 4 2 1 7 147 3517 1985 3194
16831 4 2 1 7 1811 3695 3517 3194
16832 4 2 1 7 2058 2092 297 3634
16833 4 2 1 7 3517 146 147 1985
16834 4 2 1 7 1527 3683 2978 3461
16835 4 2 1 7 3646 147 3194 3025
16836 4 2 1 7 1355 3683 3538 2978
16837 4 2 1 7 147 1953 1917 3025
16838 4 2 1 7 3634 2091 2058 2092
16839 4 2 1 7 472 501 473 1685
16840 4 2 1 7 3634 2091 2092 3014
16841 4 2 1 7 1685 473 2976 501
16842 4 2 1 7 1591 181 182 3537
16843 4 2 1 7 3537 3605 1591 181
16844 4 2 1 7 3525 2011 3648 2934
16845 4 2 1 7 3525 2011 217 3648
16846 4 2 1 7 3537 1774 1740 1591
16847 4 2 1 7 3537 3605 3113 1591
16848 4 2 1 7 89 3649 1340 88
16849 4 2 1 7 89 3649 88 766
16850 4 2 1 7 1969 2897 3195 3160
16851 4 2 1 7 2964 1192 159 3682
16852 4 2 1 7 6 3160 118 1969
16853 4 2 1 7 6 3160 1969 3195
16854 4 2 1 7 159 158 3682 1192
16855 4 2 1 7 3682 3637 1192 158
16856 4 2 1 7 3518 145 2007 2003
16857 4 2 1 7 3682 3637 3049 1192
16858 4 2 1 7 3682 2964 1192 3049
16859 4 2 1 7 145 146 3518 2007
16860 4 2 1 7 122 123 1200 3045
16861 4 2 1 7 1200 3045 123 3331
16862 4 2 1 7 963 3095 861 906
16863 4 2 1 7 906 2954 963 3095
16864 4 2 1 7 2117 254 253 3681
16865 4 2 1 7 2020 3681 253 3546
16866 4 2 1 7 963 903 3370 905
16867 4 2 1 7 3370 903 963 976
16868 4 2 1 7 1872 3519 2962 3160
16869 4 2 1 7 1872 118 3519 3160
16870 4 2 1 7 1872 118 117 3519
16871 4 2 1 7 1872 2000 3519 117
16872 4 2 1 7 1872 3519 2000 2962
16873 4 2 1 7 3520 1026 1001 2913
16874 4 2 1 7 3520 2913 1001 3256
16875 4 2 1 7 3520 26 1001 1026
16876 4 2 1 7 25 1001 3256 3520
16877 4 2 1 7 3554 2066 3573 260
16878 4 2 1 7 1001 25 26 3520
16879 4 2 1 7 3521 2870 1787 2935
16880 4 2 1 7 1787 3521 1784 2870
16881 4 2 1 7 3606 1004 1091 179
16882 4 2 1 7 3521 1784 180 1787
16883 4 2 1 7 3606 1004 179 3521
16884 4 2 1 7 180 179 3521 1787
16885 4 2 1 7 1334 3522 1243 3064
16886 4 2 1 7 3522 5 1210 1243
16887 4 2 1 7 1243 3064 3522 3408
16888 4 2 1 7 87 5 3522 1243
16889 4 2 1 7 3408 1243 87 3522
16890 4 2 1 7 3523 1856 8 2984
16891 4 2 1 7 3523 1987 1860 1856
16892 4 2 1 7 3523 1856 2984 3452
16893 4 2 1 7 3523 1987 1856 3452
16894 4 2 1 7 1847 8 3523 1856
16895 4 2 1 7 2020 3681 3546 2893
16896 4 2 1 7 3681 2956 2117 254
16897 4 2 1 7 203 3103 1519 1357
16898 4 2 1 7 3103 1545 204 1519
16899 4 2 1 7 3103 204 203 1519
16900 4 2 1 7 1840 3524 2904 3080
16901 4 2 1 7 1840 2904 3524 3415
16902 4 2 1 7 1840 1959 3524 3080
16903 4 2 1 7 248 1840 3415 1924
16904 4 2 1 7 3648 2011 3456 2934
16905 4 2 1 7 3524 1840 247 1959
16906 4 2 1 7 247 248 1840 3524
16907 4 2 1 7 3615 3545 3470 1510
16908 4 2 1 7 3525 3648 217 1198
16909 4 2 1 7 3525 3648 1198 2934
16910 4 2 1 7 2129 217 218 3525
16911 4 2 1 7 3615 3545 173 1006
16912 4 2 1 7 3526 3623 201 1267
16913 4 2 1 7 1493 2970 3526 3013
16914 4 2 1 7 3614 1493 3526 3013
16915 4 2 1 7 3614 1493 3013 1357
16916 4 2 1 7 3526 3623 1267 2970
16917 4 2 1 7 3526 202 201 1493
16918 4 2 1 7 3681 2893 2117 2956
16919 4 2 1 7 1181 119 3676 3667
16920 4 2 1 7 81 2015 2966 2040
16921 4 2 1 7 2027 82 2015 2966
16922 4 2 1 7 82 81 2015 2966
16923 4 2 1 7 3527 3655 198 1153
16924 4 2 1 7 3527 1957 2911 3161
16925 4 2 1 7 3613 1957 3527 3161
16926 4 2 1 7 3613 1957 3161 1935
16927 4 2 1 7 3527 197 198 1957
16928 4 2 1 7 3527 3655 1153 2911
16929 4 2 1 7 3528 1972 1846 1935
16930 4 2 1 7 3528 1972 1935 3161
16931 4 2 1 7 1846 3000 3528 3364
16932 4 2 1 7 195 3364 194 1932
16933 4 2 1 7 3528 1846 196 1935
16934 4 2 1 7 3456 2011 3648 3028
16935 4 2 1 7 1846 196 195 3528
16936 4 2 1 7 3529 3610 237 1579
16937 4 2 1 7 3529 3621 1367 238
16938 4 2 1 7 3529 238 237 1925
16939 4 2 1 7 3529 1883 238 1925
16940 4 2 1 7 1983 3529 1925 1883
16941 4 2 1 7 3545 3610 3529 1579
16942 4 2 1 7 1352 2868 3530 3182
16943 4 2 1 7 3530 1534 1352 3182
16944 4 2 1 7 3624 1191 1259 205
16945 4 2 1 7 3530 1534 3182 2901
16946 4 2 1 7 206 3530 1494 1352
16947 4 2 1 7 3624 1191 205 3530
16948 4 2 1 7 3530 206 205 1352
16949 4 2 1 7 1179 124 7 3016
16950 4 2 1 7 1179 124 3016 3376
16951 4 2 1 7 849 1240 3680 3600
16952 4 2 1 7 2029 673 3565 3675
16953 4 2 1 7 2108 3531 2956 3099
16954 4 2 1 7 3531 2108 2021 3099
16955 4 2 1 7 3531 256 2021 2108
16956 4 2 1 7 2108 255 2956 3531
16957 4 2 1 7 255 256 3531 2108
16958 4 2 1 7 2108 2956 255 2008
16959 4 2 1 7 6 1839 3532 3195
16960 4 2 1 7 1844 3532 1839 3421
16961 4 2 1 7 3532 3195 1839 3421
16962 4 2 1 7 1839 6 3532 1838
16963 4 2 1 7 1874 1931 3533 3017
16964 4 2 1 7 1931 193 1874 3533
16965 4 2 1 7 1931 3533 3017 3364
16966 4 2 1 7 3533 1931 194 3364
16967 4 2 1 7 194 193 1931 3533
16968 4 2 1 7 3625 2018 3534 2894
16969 4 2 1 7 2134 3534 2894 3117
16970 4 2 1 7 3534 3633 287 1738
16971 4 2 1 7 3534 3633 1738 3117
16972 4 2 1 7 3625 2147 2105 2018
16973 4 2 1 7 288 287 3534 2018
16974 4 2 1 7 3535 1123 3694 3044
16975 4 2 1 7 260 259 2066 3573
16976 4 2 1 7 58 1123 3535 3044
16977 4 2 1 7 3535 58 57 1123
16978 4 2 1 7 3419 3641 295 1835
16979 4 2 1 7 382 24 3603 3679
16980 4 2 1 7 149 854 3592 3590
16981 4 2 1 7 2024 295 294 3419
16982 4 2 1 7 3536 1149 1026 3165
16983 4 2 1 7 1026 3536 26 1149
16984 4 2 1 7 1 1149 3536 3165
16985 4 2 1 7 3536 1 26 1149
16986 4 2 1 7 3537 1774 1591 3113
16987 4 2 1 7 3693 1085 183 1163
16988 4 2 1 7 1591 182 1740 3537
16989 4 2 1 7 1085 3636 3693 3002
16990 4 2 1 7 182 3693 183 1740
16991 4 2 1 7 1355 3683 2978 1527
16992 4 2 1 7 3538 1355 2978 3359
16993 4 2 1 7 3538 3631 1304 209
16994 4 2 1 7 1355 3683 1527 208
16995 4 2 1 7 3538 1369 209 1355
16996 4 2 1 7 3538 209 208 1355
16997 4 2 1 7 91 1182 3674 3596
16998 4 2 1 7 3112 52 3595 2168
16999 4 2 1 7 1974 2003 145 2984
17000 4 2 1 7 1974 145 8 2984
17001 4 2 1 7 3220 2923 1262 234
17002 4 2 1 7 3220 3656 235 1288
17003 4 2 1 7 3220 1751 234 1603
17004 4 2 1 7 1853 115 3589 3672
17005 4 2 1 7 1603 235 234 3220
17006 4 2 1 7 3539 2144 2046 3505
17007 4 2 1 7 3539 2144 3505 2866
17008 4 2 1 7 86 3539 2047 2046
17009 4 2 1 7 3539 2046 4 3505
17010 4 2 1 7 3539 86 4 2046
17011 4 2 1 7 3459 3663 168 1007
17012 4 2 1 7 3459 3632 1099 167
17013 4 2 1 7 1015 385 3661 3586
17014 4 2 1 7 3459 1559 167 1349
17015 4 2 1 7 3459 167 168 1349
17016 4 2 1 7 3540 1105 1154 996
17017 4 2 1 7 3540 1105 996 3106
17018 4 2 1 7 3540 55 1154 3002
17019 4 2 1 7 55 3540 1154 996
17020 4 2 1 7 267 1923 1841 3396
17021 4 2 1 7 3554 2066 2940 3573
17022 4 2 1 7 267 1841 268 3396
17023 4 2 1 7 3003 49 371 3550
17024 4 2 1 7 2861 1789 1595 1748
17025 4 2 1 7 3628 1509 164 1353
17026 4 2 1 7 3627 14 222 2167
17027 4 2 1 7 178 1595 1748 2861
17028 4 2 1 7 177 1748 1608 2861
17029 4 2 1 7 177 178 1748 2861
17030 4 2 1 7 1922 3541 1834 1959
17031 4 2 1 7 3541 3642 1358 246
17032 4 2 1 7 3652 1497 1495 245
17033 4 2 1 7 3541 1959 246 1834
17034 4 2 1 7 3652 1497 245 3541
17035 4 2 1 7 246 245 3541 1834
17036 4 2 1 7 3653 1279 1176 230
17037 4 2 1 7 3542 3064 1594 3122
17038 4 2 1 7 3653 1279 230 3542
17039 4 2 1 7 3638 1594 3542 3064
17040 4 2 1 7 3638 1594 3064 1802
17041 4 2 1 7 1594 230 229 3542
17042 4 2 1 7 3207 3621 240 1507
17043 4 2 1 7 3207 3629 1587 241
17044 4 2 1 7 3539 2944 86 2047
17045 4 2 1 7 3207 1962 241 1894
17046 4 2 1 7 240 241 1894 3207
17047 4 2 1 7 3623 1554 3543 2905
17048 4 2 1 7 3623 1554 2905 1366
17049 4 2 1 7 3543 3660 1331 2905
17050 4 2 1 7 200 199 3543 1554
17051 4 2 1 7 3543 1582 2905 1554
17052 4 2 1 7 3398 3539 678 3505
17053 4 2 1 7 1881 3544 2900 3415
17054 4 2 1 7 3544 1881 249 3415
17055 4 2 1 7 3544 1999 250 1881
17056 4 2 1 7 1881 249 250 3544
17057 4 2 1 7 173 3545 3615 1510
17058 4 2 1 7 3545 3529 1510 1579
17059 4 2 1 7 145 2984 3518 892
17060 4 2 1 7 174 1579 3545 1510
17061 4 2 1 7 3545 173 174 1510
17062 4 2 1 7 3546 2020 2893 3157
17063 4 2 1 7 2142 3157 3546 3190
17064 4 2 1 7 2020 3681 2893 2117
17065 4 2 1 7 3546 3664 1555 252
17066 4 2 1 7 2020 3681 2117 253
17067 4 2 1 7 3546 2142 252 2020
17068 4 2 1 7 253 252 2020 3546
17069 4 2 1 7 3547 3030 1509 3299
17070 4 2 1 7 3547 3689 1025 163
17071 4 2 1 7 1364 3547 163 3689
17072 4 2 1 7 3628 1509 3299 3547
17073 4 2 1 7 3628 1509 3547 164
17074 4 2 1 7 1509 164 163 3547
17075 4 2 1 7 2866 2944 3539 2047
17076 4 2 1 7 2905 3660 151 1155
17077 4 2 1 7 152 1292 2905 1189
17078 4 2 1 7 133 954 3231 852
17079 4 2 1 7 1292 151 152 2905
17080 4 2 1 7 3671 1226 1298 221
17081 4 2 1 7 3548 2167 2131 3067
17082 4 2 1 7 3671 1226 221 3548
17083 4 2 1 7 222 2131 3548 2167
17084 4 2 1 7 221 222 2131 3548
17085 4 2 1 7 3231 133 852 2975
17086 4 2 1 7 86 2944 3539 678
17087 4 2 1 7 3680 1240 894 957
17088 4 2 1 7 1570 170 169 3051
17089 4 2 1 7 3051 1478 169 1570
17090 4 2 1 7 3549 2911 1882 3248
17091 4 2 1 7 1882 266 3549 3248
17092 4 2 1 7 3549 265 1882 1994
17093 4 2 1 7 1882 266 265 3549
17094 4 2 1 7 2911 1994 3549 1882
17095 4 2 1 7 3550 3003 3620 3305
17096 4 2 1 7 3550 3620 1744 3305
17097 4 2 1 7 290 2106 3455 3630
17098 4 2 1 7 3550 282 3620 2137
17099 4 2 1 7 6 113 3532 1838
17100 4 2 1 7 3550 49 50 2137
17101 4 2 1 7 3634 1843 297 1951
17102 4 2 1 7 3551 2064 2132 3434
17103 4 2 1 7 3551 3626 298 1992
17104 4 2 1 7 3634 1843 1951 3014
17105 4 2 1 7 3551 3626 1992 3434
17106 4 2 1 7 3551 297 298 2092
17107 4 2 1 7 3632 1557 2998 3552
17108 4 2 1 7 3552 3628 1140 165
17109 4 2 1 7 2998 1353 1467 3299
17110 4 2 1 7 3632 1557 3552 166
17111 4 2 1 7 3552 1353 165 1557
17112 4 2 1 7 3552 165 166 1557
17113 4 2 1 7 3553 1266 1177 3061
17114 4 2 1 7 3686 1119 1078 156
17115 4 2 1 7 1177 157 1266 3553
17116 4 2 1 7 3686 1119 156 3553
17117 4 2 1 7 1177 156 157 3553
17118 4 2 1 7 3554 3573 1569 260
17119 4 2 1 7 2154 3554 2940 3372
17120 4 2 1 7 2154 3372 261 3554
17121 4 2 1 7 2154 261 3372 2124
17122 4 2 1 7 3554 2066 260 2154
17123 4 2 1 7 261 260 2154 3554
17124 4 2 1 7 3555 1491 2965 3190
17125 4 2 1 7 1361 3555 1491 2965
17126 4 2 1 7 1491 1361 211 3555
17127 4 2 1 7 3555 3669 1324 212
17128 4 2 1 7 3555 1580 212 1491
17129 4 2 1 7 211 212 1491 3555
17130 4 2 1 7 3680 894 1240 849
17131 4 2 1 7 2040 3052 81 2163
17132 4 2 1 7 3052 4 81 2163
17133 4 2 1 7 1240 120 3680 3600
17134 4 2 1 7 4 3052 2083 2163
17135 4 2 1 7 2964 3682 159 1122
17136 4 2 1 7 1172 3680 120 3598
17137 4 2 1 7 1172 3680 3598 1295
17138 4 2 1 7 1290 160 1323 2964
17139 4 2 1 7 1290 159 160 2964
17140 4 2 1 7 3643 1291 1201 2921
17141 4 2 1 7 2145 3556 2921 3190
17142 4 2 1 7 3643 2145 2921 2043
17143 4 2 1 7 3556 3669 213 1324
17144 4 2 1 7 3556 3669 1324 3190
17145 4 2 1 7 2145 213 214 3556
17146 4 2 1 7 3557 3616 1821 292
17147 4 2 1 7 3557 291 2106 2054
17148 4 2 1 7 3557 2172 292 2054
17149 4 2 1 7 292 291 3557 2054
17150 4 2 1 7 3295 2054 3557 2106
17151 4 2 1 7 3295 3557 2054 2977
17152 4 2 1 7 3639 1040 176 1092
17153 4 2 1 7 1824 3558 1795 2964
17154 4 2 1 7 1127 3639 1040 2964
17155 4 2 1 7 1795 1824 175 3558
17156 4 2 1 7 1795 175 176 3558
17157 4 2 1 7 3559 2065 3112 3117
17158 4 2 1 7 3633 2065 3559 3117
17159 4 2 1 7 3559 3688 285 1815
17160 4 2 1 7 3633 2065 3117 2103
17161 4 2 1 7 3559 3688 1815 3112
17162 4 2 1 7 2065 285 286 3559
17163 4 2 1 7 3560 3390 1829 1718
17164 4 2 1 7 52 3560 2177 2099
17165 4 2 1 7 3647 1927 2995 3396
17166 4 2 1 7 51 52 3560 2177
17167 4 2 1 7 113 1842 3668 3532
17168 4 2 1 7 3680 957 1295 1240
17169 4 2 1 7 2136 3561 2169 2900
17170 4 2 1 7 3561 2900 2136 3419
17171 4 2 1 7 294 3561 2136 3419
17172 4 2 1 7 2169 2136 293 3561
17173 4 2 1 7 2136 294 293 3561
17174 4 2 1 7 3679 25 449 24
17175 4 2 1 7 1068 1083 3679 3585
17176 4 2 1 7 190 2906 1955 1850
17177 4 2 1 7 1955 2906 189 1993
17178 4 2 1 7 2906 189 190 1955
17179 4 2 1 7 3562 1249 1171 1296
17180 4 2 1 7 3562 1249 1296 2922
17181 4 2 1 7 3607 1086 1010 153
17182 4 2 1 7 1296 3562 154 1171
17183 4 2 1 7 3607 1086 153 3562
17184 4 2 1 7 154 153 3562 1296
17185 4 2 1 7 257 3622 3388 1560
17186 4 2 1 7 3679 1068 24 1161
17187 4 2 1 7 257 2111 258 3388
17188 4 2 1 7 1068 3679 1162 1161
17189 4 2 1 7 3563 2927 1929 3206
17190 4 2 1 7 3648 217 216 2011
17191 4 2 1 7 1874 3563 1929 3206
17192 4 2 1 7 192 1874 3563 1929
17193 4 2 1 7 2927 191 1929 1850
17194 4 2 1 7 3563 191 192 1929
17195 4 2 1 7 1837 2924 3564 2995
17196 4 2 1 7 1803 3564 1798 270
17197 4 2 1 7 3647 1798 1601 2995
17198 4 2 1 7 1803 3564 270 3618
17199 4 2 1 7 3647 1837 2995 1927
17200 4 2 1 7 1837 270 269 3564
17201 4 2 1 7 2088 2944 86 3565
17202 4 2 1 7 2088 86 2944 2047
17203 4 2 1 7 673 85 3565 3675
17204 4 2 1 7 3565 85 86 2088
17205 4 2 1 7 3490 2088 3565 2944
17206 4 2 1 7 3565 2029 85 2088
17207 4 2 1 7 3679 1083 1068 1162
17208 4 2 1 7 3566 228 3408 1799
17209 4 2 1 7 3566 227 1799 1599
17210 4 2 1 7 1348 87 88 3566
17211 4 2 1 7 3566 87 3408 1348
17212 4 2 1 7 3567 1011 1053 3266
17213 4 2 1 7 3567 1053 3044 3266
17214 4 2 1 7 58 3567 1053 3044
17215 4 2 1 7 1011 58 3567 1053
17216 4 2 1 7 3609 2138 3568 2977
17217 4 2 1 7 3568 3616 302 1996
17218 4 2 1 7 3609 2141 2135 2138
17219 4 2 1 7 3568 3616 1996 2977
17220 4 2 1 7 3568 301 302 2138
17221 4 2 1 7 3678 2009 48 2140
17222 4 2 1 7 378 2153 453 3601
17223 4 2 1 7 3028 2149 215 2043
17224 4 2 1 7 2149 216 2011 3028
17225 4 2 1 7 2149 215 216 3028
17226 4 2 1 7 3618 2001 3569 3258
17227 4 2 1 7 3569 1905 2001 1953
17228 4 2 1 7 3569 1905 1953 3025
17229 4 2 1 7 3569 2001 272 1953
17230 4 2 1 7 272 271 2001 3569
17231 4 2 1 7 3618 2001 3258 1933
17232 4 2 1 7 3570 3671 1298 220
17233 4 2 1 7 2127 3570 2118 2045
17234 4 2 1 7 2118 219 3570 3185
17235 4 2 1 7 3570 2045 220 2118
17236 4 2 1 7 219 220 2118 3570
17237 4 2 1 7 2911 3651 187 1136
17238 4 2 1 7 3678 48 2009 3601
17239 4 2 1 7 3678 2153 2009 2140
17240 4 2 1 7 2911 1822 188 1749
17241 4 2 1 7 188 187 2911 1749
17242 4 2 1 7 2013 3035 3571 3434
17243 4 2 1 7 3571 3609 300 1942
17244 4 2 1 7 3626 2013 3571 3434
17245 4 2 1 7 3571 3609 1942 3035
17246 4 2 1 7 3626 2013 3434 2132
17247 4 2 1 7 2013 300 299 3571
17248 4 2 1 7 3572 1596 2923 2972
17249 4 2 1 7 1596 2923 233 3572
17250 4 2 1 7 1596 2972 3572 3355
17251 4 2 1 7 232 1174 1258 3355
17252 4 2 1 7 1596 233 2923 1751
17253 4 2 1 7 3572 232 233 1596
17254 4 2 1 7 3630 2106 3455 2892
17255 4 2 1 7 2113 2066 259 3573
17256 4 2 1 7 3573 258 2113 3388
17257 4 2 1 7 259 258 2113 3573
17258 4 2 1 7 3573 2133 2113 2066
17259 4 2 1 7 290 3630 3455 1607
17260 4 2 1 7 2153 3601 3678 2009
17261 4 2 1 7 289 290 2016 3455
17262 4 2 1 7 3677 2082 83 2175
17263 4 2 1 7 1598 3574 666 1771
17264 4 2 1 7 3677 2082 2175 2176
17265 4 2 1 7 666 57 3574 3535
17266 4 2 1 7 56 57 3574 666
17267 4 2 1 7 3575 2957 1074 3019
17268 4 2 1 7 1015 1074 3575 2957
17269 4 2 1 7 1074 21 3575 3019
17270 4 2 1 7 1015 1074 22 3575
17271 4 2 1 7 1074 21 22 3575
17272 4 2 1 7 1606 3644 3576 2977
17273 4 2 1 7 1996 3576 1950 2977
17274 4 2 1 7 3644 3576 277 1606
17275 4 2 1 7 3576 278 1996 1950
17276 4 2 1 7 277 278 3576 1950
17277 4 2 1 7 3650 1610 1796 280
17278 4 2 1 7 2150 3577 2137 3003
17279 4 2 1 7 2150 281 2137 3577
17280 4 2 1 7 3650 1610 280 3577
17281 4 2 1 7 280 281 2150 3577
17282 4 2 1 7 3028 3648 216 2011
17283 4 2 1 7 3654 2039 3578 263
17284 4 2 1 7 3578 262 263 2039
17285 4 2 1 7 3654 2039 263 2115
17286 4 2 1 7 3372 262 2039 2124
17287 4 2 1 7 2039 3578 3372 3072
17288 4 2 1 7 1363 3579 1505 2938
17289 4 2 1 7 3579 1505 2938 3254
17290 4 2 1 7 172 1363 3579 1505
17291 4 2 1 7 3579 171 1505 3254
17292 4 2 1 7 3579 171 172 1505
17293 4 2 1 7 3645 3580 833 2895
17294 4 2 1 7 833 3645 90 3580
17295 4 2 1 7 89 90 1204 3580
17296 4 2 1 7 3580 1311 1204 89
17297 4 2 1 7 3580 1311 89 3224
17298 4 2 1 7 3581 3657 1229 224
17299 4 2 1 7 3658 1271 1311 225
17300 4 2 1 7 3658 1271 225 3581
17301 4 2 1 7 224 225 3581 1604
17302 4 2 1 7 3581 1757 224 1604
17303 4 2 1 7 1865 116 1952 2948
17304 4 2 1 7 1865 116 2948 3265
17305 4 2 1 7 2123 3677 2104 2175
17306 4 2 1 7 3602 573 3677 2104
17307 4 2 1 7 3323 3659 243 1573
17308 4 2 1 7 3677 3602 83 531
17309 4 2 1 7 2175 2176 2123 3677
17310 4 2 1 7 3323 244 243 1864
17311 4 2 1 7 3582 1550 1518 1364
17312 4 2 1 7 3582 1518 162 1364
17313 4 2 1 7 1518 161 1582 3582
17314 4 2 1 7 162 161 1518 3582
17315 4 2 1 7 3582 1554 3512 2905
17316 4 2 1 7 657 3029 655 3313
17317 4 2 1 7 1336 3676 119 3600
17318 4 2 1 7 657 655 679 3313
17319 4 2 1 7 119 982 3676 3667
17320 4 2 1 7 3583 1961 2000 2962
17321 4 2 1 7 1862 3583 116 3265
17322 4 2 1 7 2000 117 1862 3583
17323 4 2 1 7 1862 117 116 3583
17324 4 2 1 7 1336 3676 3600 1300
17325 4 2 1 7 3676 982 1300 1181
17326 4 2 1 7 2023 2029 85 3675
17327 4 2 1 7 2023 85 84 3675
17328 4 2 1 7 84 2023 3675 3691
17329 4 2 1 7 3405 1069 1032 1
17330 4 2 1 7 3405 21 446 1
17331 4 2 1 7 3405 21 1 1032
17332 4 2 1 7 3584 1211 1178 1238
17333 4 2 1 7 1178 3584 5 1210
17334 4 2 1 7 3670 1178 3584 92
17335 4 2 1 7 92 3584 5 1178
17336 4 2 1 7 3584 3238 93 3142
17337 4 2 1 7 3670 1178 92 1312
17338 4 2 1 7 2023 536 2029 3675
17339 4 2 1 7 381 3041 366 3120
17340 4 2 1 7 2094 2 3599 3601
17341 4 2 1 7 381 40 3120 366
17342 4 2 1 7 3679 3110 3585 1083
17343 4 2 1 7 1068 1083 3585 1013
17344 4 2 1 7 3585 25 1068 1013
17345 4 2 1 7 3679 25 24 1068
17346 4 2 1 7 3679 25 1068 3585
17347 4 2 1 7 1036 1009 3586 1027
17348 4 2 1 7 1015 3586 1009 1027
17349 4 2 1 7 3586 1009 1036 1146
17350 4 2 1 7 22 1015 3586 1009
17351 4 2 1 7 3586 23 22 1009
17352 4 2 1 7 1009 3586 23 1146
17353 4 2 1 7 1255 3587 1325 3124
17354 4 2 1 7 3587 3016 1241 7
17355 4 2 1 7 1180 1241 3587 1325
17356 4 2 1 7 3587 7 1241 1180
17357 4 2 1 7 3587 891 125 3349
17358 4 2 1 7 3599 2094 47 384
17359 4 2 1 7 3599 2051 2094 384
17360 4 2 1 7 1718 3688 3112 1815
17361 4 2 1 7 3338 529 595 659
17362 4 2 1 7 3668 2005 113 3588
17363 4 2 1 7 3668 2005 3588 1989
17364 4 2 1 7 3588 2005 1949 1989
17365 4 2 1 7 114 113 2005 3588
17366 4 2 1 7 2005 1949 114 3588
17367 4 2 1 7 3589 1836 1853 1857
17368 4 2 1 7 1836 3692 1949 1858
17369 4 2 1 7 1836 115 114 3589
17370 4 2 1 7 1836 1853 115 3589
17371 4 2 1 7 1836 3692 1858 3589
17372 4 2 1 7 1977 150 3590 3666
17373 4 2 1 7 1986 3590 1934 1833
17374 4 2 1 7 3590 1977 983 1934
17375 4 2 1 7 149 150 3590 1833
17376 4 2 1 7 1986 149 3590 1833
17377 4 2 1 7 1037 3591 1080 1145
17378 4 2 1 7 3591 54 3 1145
17379 4 2 1 7 1080 3591 3 1145
17380 4 2 1 7 3589 1836 1857 1858
17381 4 2 1 7 1182 748 3674 3596
17382 4 2 1 7 860 3592 925 1851
17383 4 2 1 7 1851 860 3592 3687
17384 4 2 1 7 3592 148 149 1851
17385 4 2 1 7 925 3592 1986 1851
17386 4 2 1 7 1986 3592 149 1851
17387 4 2 1 7 3593 603 524 636
17388 4 2 1 7 3593 603 636 3673
17389 4 2 1 7 3593 3 59 995
17390 4 2 1 7 995 603 1081 1139
17391 4 2 1 7 3593 1126 1139 995
17392 4 2 1 7 2082 3594 2097 2176
17393 4 2 1 7 3594 3677 83 551
17394 4 2 1 7 2097 3594 2082 2027
17395 4 2 1 7 2082 3594 82 2027
17396 4 2 1 7 3594 3677 551 2176
17397 4 2 1 7 3594 82 83 2082
17398 4 2 1 7 2168 2010 3595 3234
17399 4 2 1 7 3595 475 53 490
17400 4 2 1 7 52 3595 2168 2010
17401 4 2 1 7 3595 52 53 2010
17402 4 2 1 7 3595 475 490 3234
17403 4 2 1 7 3573 2133 2066 2940
17404 4 2 1 7 3534 2103 3633 3117
17405 4 2 1 7 91 92 1168 3596
17406 4 2 1 7 1183 1182 1168 3596
17407 4 2 1 7 1182 91 1168 3596
17408 4 2 1 7 3534 2103 287 3633
17409 4 2 1 7 1239 1316 1203 3597
17410 4 2 1 7 3674 1316 3597 1203
17411 4 2 1 7 3674 1316 1203 1182
17412 4 2 1 7 90 3674 91 1316
17413 4 2 1 7 3597 90 1341 1316
17414 4 2 1 7 1341 1239 3597 1316
17415 4 2 1 7 1321 1295 1172 3598
17416 4 2 1 7 121 3598 1172 120
17417 4 2 1 7 3598 3690 879 121
17418 4 2 1 7 1172 3680 1295 1240
17419 4 2 1 7 1172 3680 1240 120
17420 4 2 1 7 3598 3690 121 1172
17421 4 2 1 7 2051 2094 2159 3599
17422 4 2 1 7 3665 491 475 2051
17423 4 2 1 7 2159 2094 2 3599
17424 4 2 1 7 2 53 2159 3599
17425 4 2 1 7 3665 2159 53 3599
17426 4 2 1 7 1336 3676 1300 1181
17427 4 2 1 7 3600 120 119 1336
17428 4 2 1 7 1336 3676 1181 119
17429 4 2 1 7 3600 1300 1240 1336
17430 4 2 1 7 926 3604 640 575
17431 4 2 1 7 3604 3095 532 853
17432 4 2 1 7 3674 1182 806 748
17433 4 2 1 7 378 2153 3601 3678
17434 4 2 1 7 3674 1316 1182 91
17435 4 2 1 7 2009 48 2 3601
17436 4 2 1 7 3604 575 76 640
17437 4 2 1 7 90 3674 1316 3597
17438 4 2 1 7 2014 3677 83 2175
17439 4 2 1 7 2014 3677 2175 2104
17440 4 2 1 7 3602 2014 84 2160
17441 4 2 1 7 84 83 2014 3602
17442 4 2 1 7 3602 2160 2139 2014
17443 4 2 1 7 2139 2104 3602 2014
17444 4 2 1 7 1161 1000 24 3603
17445 4 2 1 7 23 24 1000 3603
17446 4 2 1 7 3603 1090 388 1161
17447 4 2 1 7 3603 1090 1161 1000
17448 4 2 1 7 1146 23 3603 3586
17449 4 2 1 7 3603 1146 385 386
17450 4 2 1 7 3536 2913 3165 1026
17451 4 2 1 7 93 5 3584 3522
17452 4 2 1 7 605 82 3594 2966
17453 4 2 1 7 117 2000 3519 3583
17454 4 2 1 7 385 1146 3603 3586
17455 4 2 1 7 3605 3521 2870 1784
17456 4 2 1 7 3605 3521 1784 180
17457 4 2 1 7 3605 1784 2870 3113
17458 4 2 1 7 3605 1591 1784 3113
17459 4 2 1 7 1784 181 1591 3605
17460 4 2 1 7 1784 180 181 3605
17461 4 2 1 7 3606 2861 2935 1595
17462 4 2 1 7 3606 2861 1595 178
17463 4 2 1 7 3606 179 178 1595
17464 4 2 1 7 3606 1787 179 1595
17465 4 2 1 7 3606 1787 1595 2935
17466 4 2 1 7 1189 2905 3607 2922
17467 4 2 1 7 1182 806 1203 3674
17468 4 2 1 7 3607 2905 1189 152
17469 4 2 1 7 1189 152 153 3607
17470 4 2 1 7 3607 1296 153 1189
17471 4 2 1 7 3607 1296 1189 2922
17472 4 2 1 7 854 925 3592 1986
17473 4 2 1 7 3647 1837 269 3564
17474 4 2 1 7 854 1986 3592 3590
17475 4 2 1 7 995 603 1139 3593
17476 4 2 1 7 1751 234 233 2923
17477 4 2 1 7 3220 1751 2923 234
17478 4 2 1 7 3608 3530 2901 1494
17479 4 2 1 7 3608 3530 1494 206
17480 4 2 1 7 1494 2901 3608 3461
17481 4 2 1 7 3608 3683 1309 207
17482 4 2 1 7 3608 1527 207 1494
17483 4 2 1 7 207 206 3608 1494
17484 4 2 1 7 3609 2141 2138 2977
17485 4 2 1 7 3609 2138 2135 301
17486 4 2 1 7 3609 2138 301 3568
17487 4 2 1 7 3609 300 301 2135
17488 4 2 1 7 2135 3571 300 2013
17489 4 2 1 7 2135 3571 2013 3035
17490 4 2 1 7 3593 3673 3 995
17491 4 2 1 7 3625 289 1600 288
17492 4 2 1 7 3545 3610 1579 174
17493 4 2 1 7 995 603 3593 3673
17494 4 2 1 7 1579 11 174 3610
17495 4 2 1 7 963 906 905 2954
17496 4 2 1 7 963 2954 905 3370
17497 4 2 1 7 995 3673 3 1080
17498 4 2 1 7 995 1081 3673 1080
17499 4 2 1 7 1952 2948 115 3672
17500 4 2 1 7 3611 3533 3017 1874
17501 4 2 1 7 3611 3533 1874 193
17502 4 2 1 7 1874 3017 3611 3206
17503 4 2 1 7 3611 3563 1874 3206
17504 4 2 1 7 3611 3563 192 1874
17505 4 2 1 7 193 192 1874 3611
17506 4 2 1 7 3612 3562 3167 1171
17507 4 2 1 7 3612 3562 1171 154
17508 4 2 1 7 3612 1308 1171 3167
17509 4 2 1 7 155 1171 3612 1308
17510 4 2 1 7 154 155 1171 3612
17511 4 2 1 7 1952 2948 3672 3504
17512 4 2 1 7 3518 2984 145 2003
17513 4 2 1 7 1853 1952 115 3672
17514 4 2 1 7 290 291 2106 3630
17515 4 2 1 7 3672 1902 1952 3504
17516 4 2 1 7 3672 1902 3504 3068
17517 4 2 1 7 2139 2160 3602 537
17518 4 2 1 7 3647 268 269 1927
17519 4 2 1 7 3613 3528 1935 3161
17520 4 2 1 7 3613 1957 1935 197
17521 4 2 1 7 3613 1957 197 3527
17522 4 2 1 7 3613 3528 196 1935
17523 4 2 1 7 1935 197 196 3613
17524 4 2 1 7 3614 1493 1357 202
17525 4 2 1 7 3614 1493 202 3526
17526 4 2 1 7 3691 531 537 536
17527 4 2 1 7 1357 3013 3614 3103
17528 4 2 1 7 3614 3103 203 1357
17529 4 2 1 7 202 203 1357 3614
17530 4 2 1 7 3615 2938 1363 3470
17531 4 2 1 7 3579 3615 2938 1363
17532 4 2 1 7 3579 3615 1363 172
17533 4 2 1 7 3615 173 1510 1363
17534 4 2 1 7 3615 172 173 1363
17535 4 2 1 7 3470 3615 1510 1363
17536 4 2 1 7 3691 531 536 84
17537 4 2 1 7 3576 3616 2977 1996
17538 4 2 1 7 3576 3616 1996 278
17539 4 2 1 7 3570 2045 3671 220
17540 4 2 1 7 16 278 1996 3616
17541 4 2 1 7 3671 2131 221 2045
17542 4 2 1 7 3558 3617 2964 1824
17543 4 2 1 7 3558 3617 1824 175
17544 4 2 1 7 3671 2151 2045 3066
17545 4 2 1 7 1824 10 175 3617
17546 4 2 1 7 1933 3618 2924 3258
17547 4 2 1 7 3618 2001 1933 271
17548 4 2 1 7 3618 2001 271 3569
17549 4 2 1 7 270 271 3618 1933
17550 4 2 1 7 1933 3564 270 1837
17551 4 2 1 7 1933 3564 1837 2924
17552 4 2 1 7 3619 3137 1917 3687
17553 4 2 1 7 221 220 3671 2045
17554 4 2 1 7 3619 147 1917 3025
17555 4 2 1 7 148 860 3619 3687
17556 4 2 1 7 3619 147 148 1917
17557 4 2 1 7 3550 3620 3003 2137
17558 4 2 1 7 3620 3577 3003 2137
17559 4 2 1 7 3620 3577 2137 281
17560 4 2 1 7 3550 282 2137 50
17561 4 2 1 7 281 282 2137 3620
17562 4 2 1 7 3647 1837 1927 269
17563 4 2 1 7 3550 282 50 3685
17564 4 2 1 7 3557 3630 2106 291
17565 4 2 1 7 3557 3630 3295 2106
17566 4 2 1 7 3570 2045 3066 3671
17567 4 2 1 7 1718 3688 1815 284
17568 4 2 1 7 3671 2151 3066 3067
17569 4 2 1 7 3670 1178 1312 1238
17570 4 2 1 7 3647 268 1927 3396
17571 4 2 1 7 2008 2956 254 2117
17572 4 2 1 7 254 255 2956 2008
17573 4 2 1 7 3670 1238 1312 759
17574 4 2 1 7 92 759 3670 3596
17575 4 2 1 7 267 3248 1923 3396
17576 4 2 1 7 3670 1178 1238 3584
17577 4 2 1 7 3566 228 1799 227
17578 4 2 1 7 3566 228 227 1348
17579 4 2 1 7 3556 2171 3669 3190
17580 4 2 1 7 3529 1883 3010 3621
17581 4 2 1 7 3621 1916 239 1883
17582 4 2 1 7 1883 238 239 3621
17583 4 2 1 7 3529 1883 3621 238
17584 4 2 1 7 2021 2933 3622 3099
17585 4 2 1 7 3622 3531 2021 3099
17586 4 2 1 7 3622 3531 256 2021
17587 4 2 1 7 256 257 3622 2021
17588 4 2 1 7 3622 2021 3388 2933
17589 4 2 1 7 257 2021 3388 3622
17590 4 2 1 7 3556 2171 213 3669
17591 4 2 1 7 1366 2905 3623 2970
17592 4 2 1 7 3623 1554 1366 200
17593 4 2 1 7 3623 1554 200 3543
17594 4 2 1 7 200 201 1366 3623
17595 4 2 1 7 3526 1366 201 3623
17596 4 2 1 7 3526 1366 3623 2970
17597 4 2 1 7 1545 3624 2868 3103
17598 4 2 1 7 13 213 2171 3669
17599 4 2 1 7 3103 3624 204 1545
17600 4 2 1 7 1545 204 205 3624
17601 4 2 1 7 3624 1352 205 1545
17602 4 2 1 7 3624 1352 1545 2868
17603 4 2 1 7 3625 2018 2105 288
17604 4 2 1 7 3625 2018 288 3534
$EndElements
