$MeshFormat
2.2 0 8
$EndMeshFormat
$PhysicalNames
4
2 4 "top"
3 1 "cathode"
3 2 "cat_inside"
3 3 "block_0"
$EndPhysicalNames
$Nodes
1791
1 -1.5 -1.05 0.07064515861139108
2 1.5 -1.05 -0.6261160496135521
3 -1.5 1.05 -0.6261160496135528
4 1.5 1.05 0.0706451586113908
5 -0.7699999999999999 -1.5 -0.348569509479718
6 -0.7700000000000001 1.5 0.348569509479718
7 1.33 -1.5 0.3485695094797182
8 1.33 1.5 -0.3485695094797176
9 -1.5 -1.5 -1.281
10 -1.5 -1.5 0.665
11 -1.5 1.5 -1.281
12 -1.5 1.5 0.665
13 1.5 -1.5 -1.281
14 1.5 -1.5 0.665
15 1.5 1.5 -1.281
16 1.5 1.5 0.665
17 -1.5 -1.5 0.895
18 -1.5 1.5 0.895
19 1.5 -1.5 0.895
20 1.5 1.5 0.895
21 -1.5 -1.268531859087773 0.1748517977058089
22 -1.5 -1.322951342215641 0.4104890982311077
23 -1.5 -1.171098850895979 0.5988350872720669
24 -1.5 -0.9289011494243593 0.5988350878706523
25 -1.5 -0.7770486583818165 0.4104890987105713
26 -1.5 -0.8314681409256617 0.1748517977177658
27 -1.240985834574584 -1.05 0.0638579515166498
28 -0.9831457434137858 -1.05 0.04452613356609002
29 -0.7345941498262156 -1.05 -0.02815207813483746
30 -0.4908186242925738 -1.05 -0.1160464017969794
31 -0.2473392343782119 -1.05 -0.2047622456973477
32 -0.003935014015181247 -1.05 -0.293684193124623
33 0.2395141732899913 -1.05 -0.3824829208975679
34 0.4831299267655996 -1.05 -0.4708233766212312
35 0.7291842735010423 -1.05 -0.5519649225169533
36 0.9823861114763062 -1.05 -0.6059748971576243
37 1.241029512332653 -1.05 -0.6184065414211689
38 1.5 -1.268606840768715 -0.5220472850553088
39 1.5 -1.322899064878103 -0.2864048979448001
40 1.5 -1.171080500315016 -0.09798839876467855
41 1.5 -0.9289195000383389 -0.09798839818270276
42 1.5 -0.7771009357295272 -0.2864048974499121
43 1.5 -0.8313931592349634 -0.5220472850332802
44 -1.5 0.8313931592312882 -0.5220472850553096
45 -1.5 0.777100935121915 -0.2864048979447832
46 -1.5 0.9289194996850068 -0.09798839876467143
47 -1.5 1.171080499961663 -0.0979883981826615
48 -1.5 1.322899064270449 -0.2864048974498974
49 -1.5 1.268606840765036 -0.5220472850332816
50 -1.241029512332654 1.05 -0.6184065414211696
51 -0.9823861114763048 1.05 -0.6059748971576248
52 -0.7291842735010426 1.05 -0.5519649225169536
53 -0.4831299267655954 1.05 -0.47082337662123
54 -0.2395141732899874 1.05 -0.3824829208975666
55 0.003935014015183856 1.05 -0.2936841931246224
56 0.2473392343782138 1.05 -0.2047622456973473
57 0.4908186242925745 1.05 -0.1160464017969795
58 0.7345941498262166 1.05 -0.02815207813483733
59 0.9831457434137898 1.05 0.04452613356609061
60 1.24098583457459 1.05 0.06385795151664954
61 1.5 0.8314681409122296 0.1748517977058087
62 1.5 0.7770486577843281 0.4104890982310971
63 1.5 0.9289011491040117 0.598835087272047
64 1.5 1.171098850575642 0.5988350878706595
65 1.5 1.322951341618179 0.4104890987105692
66 1.5 1.268531859074339 0.1748517977177652
67 -0.8757786750639988 -1.499999999999999 -0.1310257313956192
68 -1.111943429509925 -1.5 -0.0775352762515799
69 -1.301984490860829 -1.5 -0.2274342368642062
70 -1.30217455850958 -1.5 -0.4692436327064276
71 -1.112190692329682 -1.5 -0.6191888502909045
72 -0.8759281622878337 -1.5 -0.5659999732516096
73 -0.77 -1.241037669663111 -0.3411165052584691
74 -0.7699999999999999 -0.9827025978031181 -0.32541048347195
75 -0.7700000000000001 -0.7315175148962405 -0.2628100797961465
76 -0.77 -0.4869042147512097 -0.1774115352143638
77 -0.77 -0.2433924567015944 -0.0888695435404474
78 -0.77 7.380901445586064e-16 2.455674552592778e-16
79 -0.7700000000000001 0.2433924567015959 0.08886954354044789
80 -0.7699999999999998 0.4869042147512115 0.1774115352143646
81 -0.7699999999999997 0.7315175148962402 0.2628100797961463
82 -0.77 0.9827025978031161 0.3254104834719496
83 -0.77 1.241037669663114 0.341116505258469
84 -0.8759281612830188 1.5 0.5659999743068671
85 -1.112190692290467 1.5 0.6191888505358847
86 -1.302174558151806 1.5 0.4692436340033732
87 -1.301984491096773 1.5 0.2274342379232258
88 -1.111943431060418 1.5 0.07753527558417882
89 -0.8757786766403535 1.5 0.1310257328321981
90 1.224071838716955 -1.499999999999999 0.5659999743068398
91 0.9878093077095267 -1.5 0.6191888505358822
92 0.7978254418482025 -1.5 0.4692436340033845
93 0.7980155089032251 -1.5 0.2274342379232314
94 0.9880565689395731 -1.5 0.077535275584181
95 1.224221323359642 -1.5 0.131025732832207
96 1.33 -1.241037669663112 0.3411165052584693
97 1.33 -0.9827025978031183 0.3254104834719503
98 1.33 -0.7315175148962404 0.2628100797961468
99 1.33 -0.4869042147512096 0.1774115352143641
100 1.33 -0.2433924567015943 0.0888695435404476
101 1.33 7.990309802696786e-16 -6.751543768501753e-17
102 1.33 0.2433924567015957 -0.08886954354044758
103 1.33 0.4869042147512113 -0.1774115352143641
104 1.33 0.7315175148962398 -0.2628100797961461
105 1.33 0.9827025978031151 -0.3254104834719492
106 1.33 1.241037669663114 -0.3411165052584688
107 1.22422132493598 1.5 -0.1310257313956421
108 0.9880565704900675 1.5 -0.0775352762515739
109 0.7980155091391692 1.5 -0.2274342368642118
110 0.7978254414904221 1.5 -0.4692436327064337
111 0.9878093076703138 1.5 -0.619188850290906
112 1.224071837712149 1.5 -0.5659999732515878
113 -1.5 -1.5 -1.002999999999999
114 -1.5 -1.5 -0.7249999999999982
115 -1.5 -1.5 -0.4469999999999974
116 -1.5 -1.5 -0.1689999999999965
117 -1.5 -1.5 0.109000000000002
118 -1.5 -1.5 0.3870000000000011
119 -1.5 -1.227272727272727 -1.281
120 -1.5 -0.9545454545454547 -1.281
121 -1.5 -0.6818181818181821 -1.281
122 -1.5 -0.4090909090909096 -1.281
123 -1.5 -0.1363636363636358 -1.281
124 -1.5 0.1363636363636382 -1.281
125 -1.5 0.4090909090909121 -1.281
126 -1.5 0.6818181818181861 -1.281
127 -1.5 0.9545454545454581 -1.281
128 -1.5 1.227272727272729 -1.281
129 -1.5 -1.227272727272727 0.665
130 -1.5 -0.9545454545454547 0.665
131 -1.5 -0.6818181818181821 0.665
132 -1.5 -0.4090909090909096 0.665
133 -1.5 -0.1363636363636358 0.665
134 -1.5 0.1363636363636382 0.665
135 -1.5 0.4090909090909121 0.665
136 -1.5 0.6818181818181861 0.665
137 -1.5 0.9545454545454581 0.665
138 -1.5 1.227272727272729 0.665
139 -1.5 1.5 -1.002999999999999
140 -1.5 1.5 -0.7249999999999982
141 -1.5 1.5 -0.4469999999999974
142 -1.5 1.5 -0.1689999999999965
143 -1.5 1.5 0.109000000000002
144 -1.5 1.5 0.3870000000000011
145 -1.227272727272727 -1.5 -1.281
146 -0.9545454545454547 -1.5 -1.281
147 -0.6818181818181821 -1.5 -1.281
148 -0.4090909090909096 -1.5 -1.281
149 -0.1363636363636358 -1.5 -1.281
150 0.1363636363636382 -1.5 -1.281
151 0.4090909090909121 -1.5 -1.281
152 0.6818181818181861 -1.5 -1.281
153 0.9545454545454581 -1.5 -1.281
154 1.227272727272729 -1.5 -1.281
155 1.5 -1.5 -1.002999999999999
156 1.5 -1.5 -0.7249999999999982
157 1.5 -1.5 -0.4469999999999974
158 1.5 -1.5 -0.1689999999999965
159 1.5 -1.5 0.109000000000002
160 1.5 -1.5 0.3870000000000011
161 -1.227272727272727 -1.5 0.665
162 -0.9545454545454547 -1.5 0.665
163 -0.6818181818181821 -1.5 0.665
164 -0.4090909090909096 -1.5 0.665
165 -0.1363636363636358 -1.5 0.665
166 0.1363636363636382 -1.5 0.665
167 0.4090909090909121 -1.5 0.665
168 0.6818181818181861 -1.5 0.665
169 0.9545454545454581 -1.5 0.665
170 1.227272727272729 -1.5 0.665
171 -1.227272727272727 1.5 -1.281
172 -0.9545454545454547 1.5 -1.281
173 -0.6818181818181821 1.5 -1.281
174 -0.4090909090909096 1.5 -1.281
175 -0.1363636363636358 1.5 -1.281
176 0.1363636363636382 1.5 -1.281
177 0.4090909090909121 1.5 -1.281
178 0.6818181818181861 1.5 -1.281
179 0.9545454545454581 1.5 -1.281
180 1.227272727272729 1.5 -1.281
181 1.5 -1.227272727272727 -1.281
182 1.5 -0.9545454545454547 -1.281
183 1.5 -0.6818181818181821 -1.281
184 1.5 -0.4090909090909096 -1.281
185 1.5 -0.1363636363636358 -1.281
186 1.5 0.1363636363636382 -1.281
187 1.5 0.4090909090909121 -1.281
188 1.5 0.6818181818181861 -1.281
189 1.5 0.9545454545454581 -1.281
190 1.5 1.227272727272729 -1.281
191 -1.227272727272727 1.5 0.665
192 -0.9545454545454547 1.5 0.665
193 -0.6818181818181821 1.5 0.665
194 -0.4090909090909096 1.5 0.665
195 -0.1363636363636358 1.5 0.665
196 0.1363636363636382 1.5 0.665
197 0.4090909090909121 1.5 0.665
198 0.6818181818181861 1.5 0.665
199 0.9545454545454581 1.5 0.665
200 1.227272727272729 1.5 0.665
201 1.5 -1.227272727272727 0.665
202 1.5 -0.9545454545454547 0.665
203 1.5 -0.6818181818181821 0.665
204 1.5 -0.4090909090909096 0.665
205 1.5 -0.1363636363636358 0.665
206 1.5 0.1363636363636382 0.665
207 1.5 0.4090909090909121 0.665
208 1.5 0.6818181818181861 0.665
209 1.5 0.9545454545454581 0.665
210 1.5 1.227272727272729 0.665
211 1.5 1.5 -1.002999999999999
212 1.5 1.5 -0.7249999999999982
213 1.5 1.5 -0.4469999999999974
214 1.5 1.5 -0.1689999999999965
215 1.5 1.5 0.109000000000002
216 1.5 1.5 0.3870000000000011
217 -1.5 -1.227272727272727 0.895
218 -1.5 -0.9545454545454547 0.895
219 -1.5 -0.6818181818181821 0.895
220 -1.5 -0.4090909090909096 0.895
221 -1.5 -0.1363636363636358 0.895
222 -1.5 0.1363636363636382 0.895
223 -1.5 0.4090909090909121 0.895
224 -1.5 0.6818181818181861 0.895
225 -1.5 0.9545454545454581 0.895
226 -1.5 1.227272727272729 0.895
227 1.5 -1.227272727272727 0.895
228 1.5 -0.9545454545454547 0.895
229 1.5 -0.6818181818181821 0.895
230 1.5 -0.4090909090909096 0.895
231 1.5 -0.1363636363636358 0.895
232 1.5 0.1363636363636382 0.895
233 1.5 0.4090909090909121 0.895
234 1.5 0.6818181818181861 0.895
235 1.5 0.9545454545454581 0.895
236 1.5 1.227272727272729 0.895
237 -1.227272727272727 -1.5 0.895
238 -0.9545454545454547 -1.5 0.895
239 -0.6818181818181821 -1.5 0.895
240 -0.4090909090909096 -1.5 0.895
241 -0.1363636363636358 -1.5 0.895
242 0.1363636363636382 -1.5 0.895
243 0.4090909090909121 -1.5 0.895
244 0.6818181818181861 -1.5 0.895
245 0.9545454545454581 -1.5 0.895
246 1.227272727272729 -1.5 0.895
247 -1.227272727272727 1.5 0.895
248 -0.9545454545454547 1.5 0.895
249 -0.6818181818181821 1.5 0.895
250 -0.4090909090909096 1.5 0.895
251 -0.1363636363636358 1.5 0.895
252 0.1363636363636382 1.5 0.895
253 0.4090909090909121 1.5 0.895
254 0.6818181818181861 1.5 0.895
255 0.9545454545454581 1.5 0.895
256 1.227272727272729 1.5 0.895
257 -0.3448495882207456 -1.273004049764458 -0.05256335076841422
258 -0.586197197448358 -0.8311239114237622 0.02951754576529674
259 0.3899112722524897 -0.846732086320278 -0.3450345853022256
260 -0.08184116802496157 -0.822855800279745 -0.1426636937989972
261 -1.264296978416449 -1.255063810651229 0.5300310530460914
262 0.1483894703192825 -1.255888978767255 -0.2541913807954254
263 0.6336521460375382 -1.256398943312877 -0.4280179273877051
264 -1.272406767277582 -0.8504871079809418 0.5358277871981064
265 1.255462939864094 -0.8030056860111162 -0.2106309773966911
266 -0.8331390814967115 -1.254481492760825 0.09618379292315025
267 1.289703327719674 -1.285256012021985 -0.1911303761710464
268 1.11585653083088 -1.256911068213545 -0.5258756068574822
269 1.13601977167692 -0.8648900574099193 -0.547815355740115
270 -1.111156433649448 -0.8385499072244489 0.1568093285653598
271 -1.10209707632876 -1.25968056568039 0.1543100651996452
272 -0.9130743422365363 -1.329966074541926 0.3166637552079188
273 -0.6687218026037103 -1.328740297627806 0.2698289094446167
274 -0.761079684109877 -1.234408505132337 0.4895426851534513
275 -0.5143366619604278 -1.213757458685698 0.4263829467745262
276 -0.640577486182949 -1.024051823026852 0.5237256631831809
277 -0.4025590272725547 -0.9870247816983854 0.4341389489958273
278 -0.878241738655838 -1.049718690357629 0.5885976719152628
279 -0.7823766120945808 -0.8532611065705994 0.4835850316731197
280 -0.2725838328296515 -1.187080742542659 0.3567458073484823
281 -0.1728899503453043 -0.9536456939341991 0.3401965689258934
282 -0.03147597467088275 -1.157699819276607 0.2839138903207791
283 0.05892309293596905 -0.9225984934605385 0.2412750461185151
284 0.2034541199680575 -1.121022348335178 0.2111369936439633
285 0.2935837327365233 -0.8950330470324525 0.1385717277416824
286 0.43494501814004 -1.088567131028033 0.1335534021223422
287 0.07150557673703652 -1.299221801037992 0.1083929818473352
288 -1.297657441225656 -1.324005372720722 0.2845124960912911
289 0.526392366917881 -0.8707585508047956 0.03479011229009177
290 0.6726445871979924 -1.060040965021094 0.0499236049531707
291 0.7542337111646743 -0.8462000912269176 -0.0704350192522174
292 0.903456462314896 -1.017909494933864 -0.027108346830814
293 1.313282157051279 -1.123849610837377 -0.07421341891267977
294 0.5290804392185704 -1.259844129761194 0.002506594705337186
295 0.9954491578596021 -0.825607268662088 -0.1597177344395583
296 0.8179347974880103 -0.7702853925565613 -0.3016346908041849
297 -0.8473449339858898 -0.8406051061778365 0.1059136049036828
298 -0.3947141592671669 -0.7920631154143206 0.2587050756903497
299 0.1513401740183187 -0.8345715314154922 -0.2437776502716067
300 -0.5896744431105477 -1.27272666797474 0.03597618516030433
301 0.766459253572665 -1.242501652584395 -0.06269153921423369
302 -0.664425072935299 -0.7708719297778133 0.2637233066197555
303 -0.3258897214359662 -0.8169514309318798 -0.04459900666307691
304 -1.028928856265178 -0.8613926099871614 0.5382968692463652
305 -0.06718011818609071 -1.287812443386769 -0.1312380774253453
306 0.3035852124887849 -1.274309554107617 0.06577643867179725
307 0.1011206861708568 -0.7768513310081743 0.02794081884545002
308 0.3906219977134958 -1.25276236265647 -0.3458529222526143
309 -1.121995987468204 -1.058112459029251 0.6167191385883234
310 1.059784964967283 -1.218037220492196 -0.1128063120628237
311 0.8454241568777021 -1.329443620697454 -0.2780011197729517
312 0.3373143513513575 -0.7720403233637686 -0.08753732021225785
313 -0.1809795291108162 -1.315548614729309 0.1596743587039605
314 -0.4255156979772622 -1.324914994176616 0.2110913245656011
315 -0.1322065257524305 -0.784836705568167 0.1430813855284531
316 -1.314803145681058 -0.7751399407091524 0.2889031736162093
317 0.8901845671516583 -1.254619265339311 -0.5010168268009184
318 0.892070019243831 -0.851721995437641 -0.5080554883293966
319 -0.9303547405555377 -0.7706077826850904 0.3344955715056664
320 1.295952175738923 -0.7803155290838414 -0.4161013719567623
321 1.301651027828472 -1.321963713648413 -0.4075520086881315
322 -1.007123369482626 -1.24252414292006 0.5322932063802394
323 0.5760602928233763 -0.7701108304627874 -0.2013312303351368
324 0.6379806466839205 -0.8517994187825757 -0.4384045927666131
325 1.086243924308806 -1.329454474574385 -0.3197856315007624
326 -1.325618726013059 -1.051328471245779 0.619051203323339
327 1.069748427009511 -0.771631961709087 -0.36590566675865
328 -1.109893578726373 -1.328374712811926 0.3683220629146711
329 0.5872563926225404 -1.329991612265826 -0.2113432821757013
330 1.168204352619586 -0.9626769840274997 -0.0770697166603941
331 0.3572936850360706 -1.329829882755486 -0.1406335273811459
332 -0.5629669457473812 -0.8548364179952858 0.4159283726365993
333 -1.327661429039402 -1.217894228720783 0.1200039839858685
334 -1.315384479170359 -0.882802618875728 0.1193192684395839
335 -1.135474836388285 -0.7748142135289523 0.3907117782318692
336 1.325190335023545 -0.8837084535226656 -0.5648975484982568
337 1.328079761304036 -1.216675243571743 -0.5646614240407204
338 0.173820702849491 -1.329724690753752 -0.07657111566430617
339 -1.5 -1.050000000133033 0.3484281608741948
340 1.5 -1.050000000137809 -0.3484281731491763
341 0.346804394222951 1.269528584103204 -0.05657395389683503
342 0.5924084465586837 0.8292013356611975 0.03433315393829584
343 -0.3901354369350711 0.8467888925048564 -0.3451790290369557
344 0.08185370123462404 0.8179428758306497 -0.1352377068332597
345 1.264521560409057 1.254977905819111 0.5301239003175368
346 -0.1752628740341194 1.249407366891492 -0.2711585188015571
347 -0.6527746354024199 1.247859298551805 -0.4436207881635162
348 1.272474752783855 0.8504037171993535 0.5357443718701309
349 -1.25839516474706 0.8050575012627407 -0.206914072490772
350 0.8331390814969443 1.254481492760289 0.09618379292262848
351 -1.291502478031816 1.28876129724941 -0.1966681944260463
352 -1.11585653083088 0.8430889317864549 -0.5258756068574819
353 -1.134629052962509 1.23588772528427 -0.5470936468937844
354 1.11120304405143 0.8385855637786516 0.1567711183534922
355 1.10209879225343 1.259694568369984 0.1543258172087006
356 0.9130633605480492 1.329965097464358 0.316724500537524
357 0.6704040304728935 1.328724924604113 0.2705645584402325
358 0.7611222492659998 1.234126299511938 0.4898084401049465
359 0.5141351627392849 1.213515570940926 0.4264941276880218
360 0.6404541744571703 1.023655040922719 0.5236471732382711
361 0.4023004884594488 0.9865931301278782 0.4339399909488177
362 0.8782524394872396 1.049322579981246 0.5885991467978792
363 0.7834494472646553 0.852083163085635 0.4826717935934669
364 0.2760170939905306 1.186991466406873 0.3580474563840264
365 0.1779615328504287 0.9517205833144963 0.3412932048863469
366 0.02964032748554815 1.158000710800509 0.283111113724254
367 -0.06235912570882265 0.9238185130505775 0.2406726475843751
368 -0.2056904546223612 1.123368440118513 0.2096603339564396
369 -0.2967120299960509 0.8953475118237327 0.1376504302470154
370 -0.4399806400842063 1.09022972005307 0.131472126307475
371 -0.06649858650928787 1.305898512709061 0.09548945688066295
372 1.298110720427513 1.323964326720508 0.2843244579870977
373 -0.5269974714012609 0.8704700887156815 0.03431714762884561
374 -0.6779250815835831 1.060812593816156 0.04799656999579165
375 -0.7597129697045831 0.8447251481328739 -0.07389638388238585
376 -0.912949791248545 1.018153305070821 -0.02963039823274083
377 -1.314568680206961 1.125903192737471 -0.074793835853392
378 -0.5390285343371123 1.261107941329313 -0.002616830803149387
379 -1.003842242530755 0.8276939164126245 -0.1583899882931009
380 -0.8213872121891269 0.7700216761715922 -0.2860287588991521
381 0.8467842372916835 0.8388637108387961 0.1077878311647116
382 0.3965405341423684 0.7909699199316619 0.2566028922530988
383 -0.1557145209818773 0.8338251954659138 -0.2444220401750502
384 0.5911085056049145 1.262279795155145 0.02291511039923174
385 -0.7706992981488989 1.241986678859884 -0.0635808585544141
386 0.6646167344128192 0.7708540581445648 0.2635508779967241
387 0.3165402918745142 0.7931157166461249 -0.001853386230982106
388 1.029099015522196 0.861151163896696 0.5380939754453035
389 0.06278979368978201 1.283116072833234 -0.1405381232420463
390 -0.3095294465323212 1.277695907373237 0.05872980992595995
391 -0.1111008297529666 0.7768049292306678 0.02407778056389613
392 -0.4119659502049485 1.246367464618169 -0.3604367837626101
393 1.122118057621021 1.057896971142206 0.6167291657253986
394 -1.061112995027123 1.222133490091195 -0.116053304770358
395 -0.8447566217060387 1.329995810952101 -0.2943159227246403
396 -0.3437376278465052 0.7719164332877093 -0.09096758559441651
397 0.173891277491649 1.319780620273649 0.1425080075801478
398 0.4252936636387268 1.325926723759812 0.2051825544241813
399 0.1309298287904098 0.7882026730036037 0.1524932882300765
400 1.314924113243434 0.7751460363487628 0.2888737485466589
401 -0.8976693526114503 1.244065901731021 -0.5133671601660547
402 -0.8737265204528972 0.8429376707609781 -0.494859942252933
403 0.9330763099440986 0.7704983568610136 0.333280816726741
404 -1.302683433121694 0.7783215365562917 -0.408706439311575
405 -1.300829711200706 1.320270071380482 -0.4140465426191694
406 1.007230206588079 1.242367298049404 0.5324541286390505
407 -0.5709754690152538 0.770233543414075 -0.1957646115148728
408 -0.6351621845549148 0.8469260684277026 -0.4322425136161229
409 -1.08733734674281 1.329828193002225 -0.3469184912463874
410 1.325700552912172 1.051304441013855 0.6190525160014629
411 -1.068251588897624 0.7700834565855227 -0.3425893003829462
412 1.110406705790053 1.328368811993204 0.3684002335709509
413 -0.5990411221971091 1.329971102495112 -0.2220457042524842
414 -1.16992696637775 0.9631105460306043 -0.07695732237239185
415 -0.3705925415018698 1.329639941002741 -0.1501427736514751
416 0.5627926092573113 0.8546303754776917 0.4156568294774243
417 1.325580021974623 1.218119582092638 0.1201408734828328
418 1.328759730948935 0.8807887736432904 0.1210044648697523
419 1.135728506580027 0.7748048791022052 0.3906706157794669
420 -1.331160968609482 0.8820263947071161 -0.5637536641230841
421 -1.32026122357772 1.2099491653589 -0.569324666295384
422 -0.1784335717649503 1.329386713741283 -0.08469207967021221
423 -1.5 1.049999999862194 -0.3484281731491654
424 1.5 1.04999999986696 0.3484281608741906
425 -0.8645599229048943 0.2066340311761089 -0.1456303561571075
426 -0.8740886388179578 -0.6770971250059213 -0.01676839797645404
427 -1.328343076948129 1.292343033047593 0.3716302911304969
428 -0.8655608604542948 0.3207580783459411 0.3389941308068006
429 -0.8454266883434463 -0.8184571265995919 -0.4847020986499418
430 -0.8714125345489765 -0.3200979834041592 -0.3440030870090857
431 -0.8614564349913202 -0.1919771433732487 0.1480478705968399
432 -0.8524512699912421 0.6501898425396283 0.02755678147128799
433 -1.324770433666034 -1.322439680893932 -0.3952172598055588
434 -0.8571156625134606 1.099337735200071 0.5393983208424475
435 -0.85512959281222 1.101359072536258 0.1389406268769029
436 -0.9172306882880934 -1.259974428215086 -0.09712053590336109
437 -1.018296372966745 -1.274159200137284 -0.6167743278759096
438 -0.8718603674240466 0.8438105457345285 0.5161591957472162
439 -1.076931749565561 0.9863994379282333 0.6051848544776892
440 -1.090955714751744 0.732442475996387 0.5497861101870564
441 -1.271172604657574 0.8992102898278393 0.4831885055257313
442 -1.281592428280566 0.6562861894192048 0.4022797727654838
443 -1.326083886063462 0.8367360434581682 0.2459231290304821
444 -1.217148948483388 -1.274516950054498 -0.1188928532745314
445 -1.318345604217583 -1.168110883081576 -0.2611866442920693
446 -0.9007024139720877 -0.9576452545843342 -0.08245192194310605
447 -1.109849577341905 -0.8610266286315494 -0.01976257612111304
448 -1.072372338167145 -0.5650418255082414 0.08816200945519
449 -1.276588798538804 -0.6363995676523123 -0.05828681734448304
450 -1.246801395005347 -0.3880195643453689 0.06829207116237013
451 -1.329464111311941 -0.4194726250364601 -0.1711880299934429
452 -1.321630843508491 -0.6545996331065669 -0.3083459815802906
453 -1.329507033915591 -0.1593416576376835 -0.04070045634143801
454 -1.222330147038156 -0.4572751426661489 -0.3990477259807268
455 -1.323922992736683 0.6010300481725087 0.1575508900025933
456 -1.282402410363987 0.4187582430311111 0.3171651192886412
457 -1.323938829549972 0.3658147851302638 0.07241055047234013
458 -1.287439515365031 0.1916038365174362 0.2263644689710346
459 -1.205160494941802 -0.1809480388405054 0.1795547288533968
460 -1.321733668078516 0.1162993002673801 -0.02869105047648859
461 -1.212654573785508 0.5389118306829366 -0.04372913823357132
462 -1.183915915114413 -0.6678711792117392 -0.4981979752188191
463 -1.005963644377957 -0.4977667102049826 -0.4724105016751599
464 -1.080406109428993 1.238027974680678 0.6167538303156052
465 -0.8676760184642018 -1.07964655484847 -0.5478335043008475
466 -1.062295432154123 -0.9015236288077356 -0.592854209481493
467 -0.8716618876381067 0.5919833290915181 0.4418056323160026
468 -0.860934040834087 0.05305503031850305 0.2370625721688235
469 -0.8607787444829194 -0.05956845330298265 -0.2392912387238529
470 -1.062059163941098 -0.1367186971729618 -0.344755069715255
471 -1.050031116605038 0.07086560669044663 -0.2692308092927838
472 -1.259148030907739 -0.04690509145209451 -0.2133531115840282
473 -1.215042783744458 0.3219028742060206 -0.120847367476065
474 -0.995865518107295 0.4482118431379002 -0.125972612898813
475 -1.206030577515245 0.7719882174313929 0.03416111839504184
476 -1.22469433955127 0.9996190046854343 0.109063877311138
477 -1.231886627951339 1.242361215709213 0.1303451062365202
478 -1.04175598103204 -0.3291287681569246 0.1747884198702152
479 -1.297071137756653 -0.927472788489865 -0.4483016970951791
480 -1.200126425211448 -1.116902260017583 -0.5732957178462085
481 -0.8616637418936173 -0.4251824859698743 0.06321978449992249
482 -0.9998060336218759 0.8896566451688904 0.02604612555214523
483 -1.092256404994933 0.4827208973033591 0.4673028693662411
484 -1.307049795581473 -0.8899389310345581 -0.1940783233582642
485 -0.8233692036346633 0.8752448604797958 0.1357223463620659
486 -1.329464576145309 1.069928551817658 0.3187461598406564
487 -1.255749233183304 1.135971743905871 0.5277973750191762
488 -0.9864227585595332 1.294499760579512 0.07143982063502576
489 -1.090826943093901 0.2388483034885715 0.379087767187657
490 -1.133934709903823 0.01950517821210558 0.2886745635511891
491 -1.208809323956817 -1.049031722648144 -0.1049710112752734
492 -1.230957847638672 -1.306150957507093 -0.5531650812548617
493 -1.248234860059049 -0.2447296133215912 -0.2977179121521496
494 -0.8825505688197662 1.30142056482036 0.5637460522562582
495 -1.242515321105932 1.322748971323658 0.5431375029373278
496 -1.066759530386924 -0.3228045282500087 -0.4122363496949807
497 -0.8288353264082797 -0.5746851062116868 -0.3895335306979594
498 -0.8326344621837632 -1.314381198226006 -0.5164827419303966
499 -0.8162859772830937 0.4013178736719679 -0.01607547859648473
500 -1.048462533297181 0.6665190101073564 -0.05231388646957457
501 -0.8255343935080067 1.323213136608093 0.1761262689652008
502 -1.023250528469783 -0.1481327559313299 0.2396480866471948
503 -1.212431990038482 0.1447852387764001 -0.1874869130052375
504 -1.052495311628697 1.09957525992916 0.06082239830262595
505 -1.293239874678485 0.0009806049709035142 0.1465371552365292
506 -1.054766473257784 0.2506072454114233 -0.2035263517781403
507 -1.304436092267122 -1.155293622434121 -0.4558524829847595
508 -0.9825591576357956 -0.6810130710460689 -0.5291445501083666
509 -0.8107899749313472 -1.325781839592664 -0.1978109466048586
510 -0.8123866372994653 -1.139674812514421 -0.1930156764349271
511 -1.071116365447787 -1.13765734058423 -0.0633393977904804
512 -1.037207838295574 -1.092787970948287 -0.6153860456502985
513 -1.050000001223121 -1.5 -0.3484281728914382
514 -1.050000001503262 1.5 0.348428173523635
515 1.246819289082679 -0.1979656137128604 -0.1375854828921172
516 1.237675481048731 0.6765824353287117 -0.0271334883030589
517 0.7700046705541178 -1.280879073359939 0.3430111389820813
518 1.222449140911259 -0.3152862198123954 0.3474574261249608
519 1.24312434000252 0.8104483115458219 -0.4945088192508384
520 1.234230775447569 0.3177965376521911 -0.3381097843577792
521 1.238070416348015 0.1872754282267079 0.1502181383723704
522 1.237675481046819 -0.676582435329347 0.02713348830147221
523 0.7710701887553615 1.289999205115356 -0.365707885900367
524 1.230098028889812 -1.058951436470984 0.5483263457879842
525 1.178640425242096 -1.250116608858767 0.09490766815751357
526 1.187307247525012 1.233750732322171 -0.0994558410028662
527 1.110345523645483 1.291432091978086 -0.6121610000335372
528 1.229453671187041 -0.8200351503965484 0.5093680402413571
529 1.035920351340179 -0.9452426475841976 0.600287136256036
530 1.023165430784366 -0.698728130494313 0.5417267039865223
531 0.8564142348086796 -0.8653803901719138 0.5070705661666581
532 0.8325217574456243 -0.6190542442562242 0.4096866913520917
533 0.7703111394966105 -0.8256514646570623 0.2772307362109259
534 1.01842249567056 -1.195481111107392 0.6163935368536847
535 0.836008644656994 -1.286721155332857 0.1626361417140642
536 0.8285955898035881 1.308092266475202 -0.1719370367099186
537 0.7840430198766357 1.091204518040966 -0.250631322250608
538 0.8240991944504389 1.059878899711574 -0.4996522629961073
539 0.7735085813837406 0.8688080880429186 -0.3470302971888961
540 0.8274629526455585 0.8828536622778039 -0.1321341114565656
541 0.7703357953796538 0.6603971905235994 -0.2249094731698212
542 0.8495971356797163 0.6540988696830637 -0.4413690779085507
543 0.8224941997407019 0.4407395014573207 -0.332555778399293
544 0.7823442834345813 0.449092962748578 -0.07710768931285836
545 0.7933722880891683 0.2230909317630271 -0.199479048117562
546 0.8258558748958297 0.2240295863671463 0.09503376056128808
547 0.9446553417942256 0.4457267912502265 0.1107700552650808
548 0.7789588132868975 0.006219918792748197 -0.07632919256858682
549 0.771518711545362 -0.5763540520040501 0.1790885948936267
550 0.8250229478464277 0.004135842276904453 0.1741814027534017
551 0.8222031965674226 -0.3913458323729336 0.3142205368948819
552 0.7732757403905971 -0.3559610270863269 0.08487979303115632
553 0.9366441847270254 0.01713116187725083 -0.2761132918450979
554 0.8968813709488189 -0.533903094587091 -0.05240436371769204
555 0.8709956773762368 -0.2295357524359636 -0.1430834467775632
556 1.205430469428304 -0.9545110087650798 0.08576839633883175
557 1.205430469564558 0.9545110086793879 -0.08576839641144846
558 1.034241956782871 0.4678354171607622 -0.464843893605239
559 1.212483711220226 -0.5593180767977906 0.4432577051971458
560 0.7943662207251154 -1.067697437454713 0.2223584364143528
561 1.007636793165843 -0.7808097776180455 -0.009008587300115676
562 1.228090588833636 1.098590759226256 -0.5523797880322251
563 1.032755066071247 0.920687843952088 -0.5960473270315191
564 1.230720387778472 -0.06350578743017199 0.2486158538992758
565 0.9793938351226982 -0.1732344997103102 0.3488075977169374
566 1.019688844949835 0.08605833785036666 0.2619450340757229
567 1.20770064628874 0.04908375729352924 -0.2617905244365795
568 1.251724140827391 -0.4302923856949423 -0.04765583876901171
569 1.211800411048915 0.4340018822253648 0.08247498519970876
570 0.8734425797262126 0.6596775590263249 -0.01110511951012929
571 0.9843574714441548 0.2449294995998874 -0.3762325633884531
572 0.9629010606477176 1.126822007123083 -0.07590251563410531
573 0.8864369039781976 1.292313972957292 -0.5664772573414436
574 1.008363253485796 -0.4414460856898784 0.4524922008629765
575 0.7867361252395552 -1.067936571457747 0.4305391616112438
576 0.968813142699947 -1.06444586245415 0.0697533121705058
577 1.023565025706718 0.8384623936090129 -0.00753228598380915
578 1.245288867682294 0.5663636411220762 -0.4169905963662617
579 1.009068212473073 1.122284219408629 -0.6138562848651854
580 0.8561219378809155 -1.28686775383484 0.541444495243209
581 1.044551028939941 0.6993116039608592 -0.5431804772976327
582 1.188905313024749 -1.280060123767397 0.5820759520857619
583 1.057818061766844 0.6291569178587134 0.06572313129625741
584 1.057425038832282 -0.1587766618289693 -0.2370052872097602
585 0.8039141493460148 -0.2075281747136981 0.2165466317181818
586 1.060938613081775 0.2832695912639058 0.1914215140951088
587 1.071056225708946 -0.3689372011274031 -0.1595681988446908
588 1.095305265594941 -0.5652262661567338 -0.08515267160839836
589 1.269700102451289 1.322106721081308 -0.5137066674235462
590 0.835574493536175 -0.7275942870912221 0.07392972294004452
591 0.7702135673435871 -0.1509555473094502 0.04361844047632298
592 0.8673977873007174 0.8392084744312671 -0.5112562956429314
593 1.299203150451505 -1.385067162785431 0.4696701167621258
594 1.291887966917116 -1.342492711883077 0.2025451307646075
595 1.291887965938388 1.342492711893463 -0.2025451291016097
596 1.283441934033401 -1.109460556864532 0.185338569888141
597 1.281084281215799 1.089774709637729 -0.1806683127803332
598 0.8481977401658967 -0.8946522804566378 0.1105637390810176
599 0.8916704336846605 -1.075738186408488 0.56593572762615
600 1.049999998496732 -1.5 0.3484281735236345
601 1.049999998776871 1.5 -0.3484281728914391
602 -1.5 -0.2749682258229007 -1.033866971312078
603 -1.5 -0.01439168845818251 0.4385425577617188
604 -1.5 -0.8444207913700803 -0.07230293528056042
605 -1.5 0.5969672878541092 -0.4520075943752031
606 -1.5 -0.8181974497604954 -1.05329976500698
607 -1.5 0.5454978380722011 -0.2174722057735818
608 -1.5 0.3659127790403653 -0.3808311855812352
609 -1.5 -0.634394601162981 0.02920511158681971
610 -1.5 -0.6401383712746073 -0.2046708948614
611 -1.5 -0.4256088192706402 -0.1066815334522964
612 -1.5 -0.8464340646510442 -0.3164556317990572
613 -1.5 -0.4391403900509128 -0.3483380783158883
614 -1.5 0.4163796218793454 -0.6215526329904515
615 -1.5 0.1850251884524081 -0.5524234232295206
616 -1.5 0.3226050984039479 -0.1252671685161053
617 -1.5 0.545125350369382 0.04314377171251738
618 -1.5 1.082073892189862 0.1115868617574154
619 -1.5 0.847433895168975 -0.7718678471324377
620 -1.5 -0.2312054625892208 -0.2823433210071997
621 -1.5 -0.4126980207299018 0.1688356621538247
622 -1.5 -0.2508263099214625 -0.5313802389602539
623 -1.5 -0.5120574030684675 -0.6212098373138198
624 -1.5 -1.278797457763352 -0.574176775688109
625 -1.5 0.231877882349744 -0.8023280502011286
626 -1.5 0.4704393605635595 -0.8520056562513486
627 -1.5 1.057157289149294 -0.8890216790145845
628 -1.5 0.8129038261489869 0.455061167580318
629 -1.5 0.2939302507957628 0.1295656596545767
630 -1.5 0.4643364969269137 0.2592360963244258
631 -1.5 -0.01745693258687764 -0.7204819538945137
632 -1.5 0.8069052281706148 0.0894847368784546
633 -1.5 0.06348497294578337 -0.03452863566418185
634 -1.5 0.01652383627030329 -1.011334392859128
635 -1.5 0.8347424228995965 -1.039674684463147
636 -1.5 -1.275997765403687 -0.05168770206151341
637 -1.5 -0.5548693605716254 -1.05717666706484
638 -1.5 -0.6849648684700966 -0.8303417527770681
639 -1.5 -0.9534950462981329 -0.835969172945065
640 -1.5 -0.8249709356110857 -0.5863342800233463
641 -1.5 -1.084768059289164 -1.050880948441868
642 -1.5 1.086897214800563 0.4097996185441735
643 -1.5 -0.2794969824068143 0.4304022420260374
644 -1.5 -0.1363636363636362 0.2001053016344498
645 -1.5 -0.5704422839064341 0.4467841466450151
646 -1.5 0.1449143128398935 -0.2932876802740255
647 -1.5 0.3029014649250101 -1.054227768088595
648 -1.5 -1.278264196227639 -0.3104638521098889
649 -1.5 -1.240371522585218 -0.8451840574128767
650 -1.5 1.304346751128952 0.2413423079641375
651 -1.5 -0.2741035323258658 -0.7753022462535375
652 -1.5 -1.322274390267155 0.5460476610073453
653 -1.5 0.2752455242386869 0.4061725773048603
654 -1.5 0.6388462805785462 -0.6837391669464592
655 -1.5 -0.1954249252595675 -0.04689670707305371
656 -1.5 1.274467572552961 -0.8005467769408566
657 -1.5 -1.057518861197083 -0.4350900679039678
658 -1.5 -1.05919053710671 -0.1851593165763958
659 -1.5 0.7196212685375829 -0.09378482934363608
660 -1.5 1.27173421460056 -1.053061983276395
661 -1.5 -0.6525482329312234 -0.4154017444627023
662 -1.5 0.5419721447412291 0.4575891496914668
663 -1.5 0.5621660587020374 -1.067232179788003
664 -1.5 1.069611722139228 -1.104647099432995
665 -1.5 -0.4601926780517911 -0.8635794949442688
666 -1.5 -0.03227225977484638 -0.4387100420585162
667 -1.5 0.09610560908278343 0.2280580880135845
668 -1.5 1.357883981062209 -0.02999999999999736
669 -1.5 0.6701170206863498 0.260139040034302
670 -1.5 1.299225418721084 0.4606673674832313
671 -1.5 -1.394380524429276 0.2698901867946197
672 -1.5 0.670464358773998 -0.8829539858740048
673 -1.5 -1.297706658967236 -1.077320760625446
674 -1.5 -0.6471550308384286 0.2289311753809311
675 -1.5 0.918493442058244 0.2663884799031075
676 -1.5 -0.1365807550502762 -0.8865822951865061
677 -1.5 -1.067833435778639 -0.6499407441896504
678 -1.5 -0.7857882040789856 0.5588308482437427
679 -1.5 -0.04587580438493388 -0.2200183620148344
680 0.2736487281996447 -1.5 -1.066245184086208
681 -0.003086043720939013 -1.5 0.4373754793154103
682 0.7618769403204864 -1.5 -0.01462370554590509
683 0.8186152313401198 -1.5 -1.062378250425157
684 -0.625756251589824 -1.5 -0.5679681783243224
685 -0.5153117781977599 -1.5 -0.3414420636398983
686 -0.3808042690756954 -1.5 -0.5475358665626433
687 -0.2712759230004682 -1.5 -0.3165168948443307
688 -0.4063115189092881 -1.5 -0.1299054512837092
689 1.241124409182828 -1.5 -0.5288670442796011
690 -0.1396939636237464 -1.5 -0.5143188551656555
691 -0.02508635665592296 -1.5 -0.2900127880522329
692 0.5839180231020458 -1.5 0.1254342939389039
693 0.09823281964937047 -1.5 -0.4880227165003587
694 0.5428200147127344 -1.5 -0.09762693925545851
695 0.7285891278083758 -1.5 -0.2639974730712431
696 -0.9657186956030553 -1.5 0.119442425559336
697 0.3445635311630855 -1.5 0.05462937274716317
698 -0.5454545454545457 -1.5 0.4288112535133353
699 -0.2464921390427299 -1.5 -0.74927916518239
700 -0.7262271822534342 -1.5 -0.8085056766918157
701 -1.087943945025165 -1.5 -1.066342912020352
702 0.4731050341736907 -1.5 -0.3413584775141587
703 0.6981446286313986 -1.5 -0.5199640492312884
704 0.4685951573611926 -1.5 -0.6079800068253245
705 1.144974239331679 -1.5 -0.09384372635944627
706 0.4212221590844021 -1.5 0.273978508501604
707 -1.105802550227806 -1.5 0.4112275354001345
708 0.9576005276814232 -1.5 -0.4486768880365416
709 0.8731303301282587 -1.5 -0.6653283116639248
710 -0.7387603329887353 -1.5 0.07422175160187394
711 -0.5588226534128834 -1.5 -1.041295239011515
712 -1.218168126881655 -1.5 0.1427773185655516
713 -0.8181818181818182 -1.5 0.3521260106836126
714 1.356268913197937 -1.5 0.5263138967573118
715 0.2174057965958291 -1.5 -0.2968170903871542
716 0.1063476545298663 -1.5 -0.04743069495181573
717 -0.8310081381839994 -1.5 -1.051286042844368
718 -0.2709300550688021 -1.5 0.4358199824958329
719 -0.1343979615611999 -1.5 0.1887209479859608
720 -0.3978513488739108 -1.5 0.2305113626745692
721 0.1556820125795215 -1.5 0.2261791631265542
722 0.5456403091379958 -1.5 -1.057479971025953
723 -0.2761944591350491 -1.5 -1.012870872194526
724 0.005525430867474146 -1.5 -1.064938325864179
725 0.1363191970692963 -1.5 -0.8670699091030448
726 0.6817144545713001 -1.5 -0.8082406884127056
727 1.091268064043923 -1.5 -1.07404020192136
728 -0.1616339213496718 -1.5 -0.07706873167398709
729 -0.4863951693789041 -1.5 -0.7957103475833559
730 1.260358656758279 -1.5 -0.8518089444328731
731 1.305563642654913 -1.5 -0.260511667708857
732 -1.256553887393143 -1.5 -0.8548635061010261
733 0.5361294760349509 -1.5 0.4729803279282303
734 -1.324828706608556 -1.5 -0.04351458604774106
735 0.408954349807813 -1.5 -0.8460157032316451
736 0.9376313803299103 -1.5 -0.1626523732588552
737 -0.9794527186671593 -1.5 -0.8287742791357228
738 -0.6368569178198427 -1.5 -0.1375360179084766
739 0.2720111856907452 -1.5 0.4558415455141078
740 -1.311888537353817 -1.5 -0.6561888913250269
741 -1.300715379340585 -1.5 0.3380438127331604
742 0.9638148795364678 -1.5 -0.8721259862089406
743 -0.6040351194871846 -1.5 0.2283264354943415
744 0.3078903657627139 -1.5 -0.4733907546956597
745 -0.01290965976006286 -1.5 -0.6947145914315561
746 1.346230325996275 -1.5 -0.03358407471315039
747 -1.304401318376178 -1.5 -1.085549609935179
748 0.2417621112202413 -1.5 -0.6589103678664898
749 1.316237243429762 -1.5 -1.097381915948878
750 1.064020919220092 -1.5 -0.6785515408448972
751 1.101052881418696 -1.5 -0.2907751609009491
752 0.6350287259360656 -1.5 0.308806347754665
753 -1.401039762342602 -1.5 -0.328169467392657
754 -0.100620880929049 -1.5 -0.8814439898012929
755 -0.5149792017592738 -1.5 0.05150489674621173
756 0.3439452621152599 -1.5 -0.1406871106086987
757 -0.3173112099124584 -1.5 0.04988465981173307
758 -1.3389258548925 -1.5 0.5058697261671947
759 -1.264133792531065 -6.876530189492414e-05 -1.281
760 1.243603664496294 0.01267800469726055 -1.281
761 -0.0307452484394819 -1.242210160088227 -1.281
762 -0.0006291375512270658 1.268860251690149 -1.281
763 -1.265507458688811 -0.5454937104758144 -1.281
764 -0.5469623710858382 -1.253804760739905 -1.281
765 -0.5378047500907144 1.279410300253331 -1.281
766 1.293557500376521 -0.5909090909090922 -1.281
767 -1.265638359583293 0.5456363812354645 -1.281
768 0.5358750331559397 -1.284463556887872 -1.281
769 0.5456996589948107 1.266300767785769 -1.281
770 1.252205891678486 0.5454331626371833 -1.281
771 1.252991659788877 1.065865740257075 -1.281
772 1.265221849581211 -1.06552155784964 -1.281
773 -1.065865740257073 -1.252991659788875 -1.281
774 -1.06896805568404 1.241913558317027 -1.281
775 -1.270261777582047 0.8166423463437567 -1.281
776 -1.030660106386692 0.6840237015630555 -1.281
777 -1.028642320047278 0.4092647658573698 -1.281
778 -0.7914754661680747 0.5453823091877679 -1.281
779 -0.7919979416909689 0.2706575674109155 -1.281
780 -0.556222220993154 0.3995911065194426 -1.281
781 -0.5566288464446965 0.1321261864009875 -1.281
782 -0.3244666832232284 0.260434452761817 -1.281
783 -0.3217726737248099 -0.004463671625375421 -1.281
784 -0.09191831417639018 0.1258126779805828 -1.281
785 -0.08550806504746733 -0.1390061503734397 -1.281
786 0.1447092630129512 -0.006105960634194663 -1.281
787 0.1530420854489667 -0.2732107573164169 -1.281
788 0.1316313743590976 0.256112875985969 -1.281
789 -0.319402149638262 -0.273009170580099 -1.281
790 0.3863283027233355 -0.1357730325136328 -1.281
791 0.3870097146875007 -0.4068121501164448 -1.281
792 -0.3238961851269004 0.5198095743948623 -1.281
793 0.1545502106884873 -0.5387510366746842 -1.281
794 0.6165313053375714 -0.2747335144021492 -1.281
795 0.6395214192703973 0.02029384331128359 -1.281
796 0.6218847999758017 -0.5451730244240154 -1.281
797 -0.7918210624826724 -0.0008809140048642305 -1.281
798 -0.7880248291930445 0.839253919290289 -1.281
799 0.8399153533774686 -0.406454386759 -1.281
800 0.848780429662888 -0.6817171243842934 -1.281
801 0.6183287197120997 -0.8011412707563592 -1.281
802 0.8403378615125479 -0.9415059846864895 -1.281
803 1.098076211353319 -0.8181818181818209 -1.281
804 0.828459198174702 -1.231169634782236 -1.281
805 0.8175472379979967 1.268948051431553 -1.281
806 0.6829588707421044 1.032158915025692 -1.281
807 0.4102018118102344 1.030983133288744 -1.281
808 0.5477105823069373 0.7934036537284621 -1.281
809 0.2758128965804323 0.794023426821219 -1.281
810 0.8188505919787339 0.7942203842860716 -1.281
811 0.6820188623378223 0.5508836813489553 -1.281
812 0.9557268735805393 0.5440992810949563 -1.281
813 0.8071616489358453 0.2924004173384729 -1.281
814 0.542054443072725 0.3192651401501168 -1.281
815 0.9381524978758518 0.03493604489656854 -1.281
816 1.083460523589358 0.2851798818076949 -1.281
817 1.091977087273005 0.7992810311506129 -1.281
818 1.030264809093135 -0.2261516839664417 -1.281
819 0.4206090341521542 0.5619132114956527 -1.281
820 0.1351982122468396 0.5403823758476309 -1.281
821 -0.000104882864492728 0.8028289604636423 -1.281
822 0.2728277882799477 1.266625721833706 -1.281
823 -0.08239596831198392 -0.4073820126753471 -1.281
824 -0.3174920472085887 -0.5441803868892181 -1.281
825 -0.5551433797550483 -0.4092524401806799 -1.281
826 -0.5540040568505065 -0.6823656863594227 -1.281
827 -0.3135197342572207 -0.8168038951746206 -1.281
828 -0.7922355356738596 -0.5458010890259235 -1.281
829 -0.7931345108458878 -0.8189480294323532 -1.281
830 -0.5512757341700393 -0.9589578016049561 -1.281
831 -0.8011785753610171 -1.092426764978771 -1.281
832 -1.039367589881938 -0.9578552003848952 -1.281
833 -0.2983606564988421 -1.089293756782861 -1.281
834 -0.06256869041922242 -0.9461380369514587 -1.281
835 0.1864805827878397 -1.051791013767078 -1.281
836 -0.7917603029810436 -0.2729537638814592 -1.281
837 -1.264416459030065 -0.2728122478411663 -1.281
838 -0.2721567778885157 1.274178558531874 -1.281
839 -0.4083762875898425 1.057643627972833 -1.281
840 -0.7955734697310941 1.277944052177068 -1.281
841 -1.051631299998682 0.9561934506710448 -1.281
842 0.3894246270764035 -0.6681692004446118 -1.281
843 -0.555650515531513 -0.1371646283350327 -1.281
844 -0.1405374343334986 1.039143025385103 -1.281
845 -1.26435508641428 0.2728088463101179 -1.281
846 -0.5502549935148764 0.6646206414924545 -1.281
847 -0.07799855451039472 -0.6758607645850134 -1.281
848 -1.268708525396064 -0.817498398071378 -1.281
849 -1.028164177621697 0.1358746599886858 -1.281
850 -1.031296043480527 -0.6824865588109298 -1.281
851 -1.028875110403037 -0.4093468183958038 -1.281
852 -1.028076586917748 -0.1365763440063743 -1.281
853 0.9578127889221459 1.039429393885266 -1.281
854 0.1362618403202325 1.033744086580427 -1.281
855 -0.09838221187857865 0.3853690810263848 -1.281
856 -0.2977466777355826 0.7971179884765758 -1.281
857 -1.276148304463676 -1.082810653025002 -1.281
858 1.082551285752161 1.27610224116059 -1.281
859 -1.280813888369318 1.082167694983948 -1.281
860 1.090317266182474 -1.273935897514 -1.281
861 0.374098909244148 0.1288812045789993 -1.281
862 -0.6577419157672012 1.069544495086822 -1.281
863 0.2728585198003319 -1.284340543926 -1.281
864 0.1598441923432303 -0.8006500204214982 -1.281
865 0.3949245300334783 -0.9164255666753873 -1.281
866 1.277583900378577 -0.3034782246201606 -1.281
867 0.6148371770432046 -1.053560423289674 -1.281
868 0.8245282419909286 -0.1744823359110854 -1.281
869 -0.2760475993316032 -1.315948994345259 -1.281
870 -0.8102423634333151 -1.319858896147651 -1.281
871 1.317307368796966 0.8181818181818228 -1.281
872 1.318756673691577 0.2727272727272747 -1.281
873 1.33137111226221 -0.8221952206608378 -1.281
874 1.055888342081932 -0.5193326594318679 -1.281
875 -1.300349779753943 1.300349779753943 -1.281
876 -1.300349779753943 -1.300349779753943 -1.281
877 1.300349779753943 -1.300349779753943 -1.281
878 1.033545433129074 -1.063265636724553 -1.281
879 1.300349779753945 1.300349779753945 -1.281
880 -0.1169863490717431 0.6091015960418189 -1.281
881 0.3256911104984324 0.3613873684323516 -1.281
882 -0.544215285368578 0.8861175604396898 -1.281
883 0.4006318812380922 -1.123241471373102 -1.281
884 -0.8723879140748124 1.07696989510845 -1.281
885 -1.264026010917624 -2.21118032550649e-05 0.665
886 1.243603664496294 0.01267800469726055 0.665
887 -0.0307452484394819 -1.242210160088227 0.665
888 -0.0006291366728476966 1.268860250240876 0.665
889 -1.264696653923901 -0.5451285376970544 0.665
890 -0.5462872938135372 -1.252614679414735 0.665
891 -0.537804749836189 1.279410299805463 0.665
892 1.293557500376521 -0.5909090909090922 0.665
893 -1.265632969838558 0.5456385499818639 0.665
894 0.5358750331559397 -1.284463556887872 0.665
895 0.5456996590063201 1.266300767782963 0.665
896 1.252205891678486 0.5454331626371833 0.665
897 1.252991659788877 1.065865740257075 0.665
898 1.265221849581211 -1.06552155784964 0.665
899 -1.271268365195638 -1.081086463129994 0.665
900 -1.068968055667069 1.241913558286963 0.665
901 -1.270261777582047 0.8166423463437567 0.665
902 -1.030660106386692 0.6840237015630555 0.665
903 -1.028621754970309 0.4092733735204128 0.665
904 -0.7914754661680747 0.5453823091877679 0.665
905 -0.7919643668568264 0.2706718280422458 0.665
906 -0.5562129101828988 0.3995945760437052 0.665
907 -0.5566015462949401 0.1321374278498073 0.665
908 -0.32445864164022 0.2604373877517534 0.665
909 -0.3217598022350652 -0.004458541424155804 0.665
910 -0.09191435945677284 0.1258141284981336 0.665
911 -0.08550565237725305 -0.1390051160551531 0.665
912 0.1447104035738036 -0.006105533942521113 0.665
913 0.1530420854489667 -0.2732107573164169 0.665
914 0.1316324384115051 0.2561132284011927 0.665
915 -0.319402149638262 -0.273009170580099 0.665
916 0.3863283463703926 -0.1357730245353062 0.665
917 0.3870097163741546 -0.4068121505276778 0.665
918 -0.3238928233528227 0.5198107045893594 0.665
919 0.1545258575305346 -0.5387483359468235 0.665
920 0.6165313128931906 -0.2747335131409669 0.665
921 0.6395214192703973 0.02029384331128359 0.665
922 0.6218847999758017 -0.5451730244240154 0.665
923 -0.7917819384023022 -0.0009471509972009962 0.665
924 -0.7880248291930445 0.839253919290289 0.665
925 0.8399153533774686 -0.406454386759 0.665
926 0.848780429662888 -0.6817171243842934 0.665
927 0.6183301334005296 -0.8011403834420063 0.665
928 0.8403380971272858 -0.9415058368007638 0.665
929 1.098076211353319 -0.8181818181818209 0.665
930 0.828459198174702 -1.231169634782236 0.665
931 0.8175472379999151 1.268948051431085 0.665
932 0.6829588707489904 1.032158915024013 0.665
933 0.4102018119672555 1.030983133074016 0.665
934 0.5477105823069373 0.7934036537284621 0.665
935 0.2758128965804323 0.794023426821219 0.665
936 0.8188505919787339 0.7942203842860716 0.665
937 0.6820188623975572 0.5508836813343909 0.665
938 0.9557268735805393 0.5440992810949563 0.665
939 0.8071616489358453 0.2924004173384729 0.665
940 0.542054443431133 0.3192651400627311 0.665
941 0.9381524978758518 0.03493604489656854 0.665
942 1.083460523589358 0.2851798818076949 0.665
943 1.091977087273005 0.7992810311506129 0.665
944 1.030264809093135 -0.2261516839664417 0.665
945 0.4206090341521542 0.5619132114956527 0.665
946 0.1351982264147302 0.5403823723932701 0.665
947 -0.0001048820039550868 0.8028289602538292 0.665
948 0.2728277886015271 1.266625721343596 0.665
949 -0.0824071903440915 -0.4073701525351114 0.665
950 -0.3173065641809405 -0.5440532071652673 0.665
951 -0.5547867296218036 -0.409050017402049 0.665
952 -0.5531389149059949 -0.6818678641088933 0.665
953 -0.3131074161371084 -0.8165539088437406 0.665
954 -0.7913748177241775 -0.5453315347357911 0.665
955 -0.7914337605400059 -0.8181818181818186 0.665
956 -0.5493183050040258 -0.9576669623871628 0.665
957 -0.7948047031559499 -1.08814027622608 0.665
958 -0.2967546743590601 -1.088554181952097 0.665
959 -0.06225854181237001 -0.9459715040201127 0.665
960 0.1864805827878397 -1.051791013767078 0.665
961 -1.26407911978124 -0.2726633282103639 0.665
962 -0.7914861541207869 -0.2727997787641032 0.665
963 -0.272156776386701 1.274178555929462 0.665
964 -0.4083762382761416 1.057643628102295 0.665
965 -0.7955734695670457 1.277944051886962 0.665
966 -1.051631299998682 0.9561934506710448 0.665
967 -1.26676109205901 -0.8166667066635565 0.665
968 0.3894247848531154 -0.6681657962780435 0.665
969 -0.5555977584677645 -0.137141388178492 0.665
970 -0.07800945400204995 -0.6758142404332197 0.665
971 -0.1405374300194904 1.039143017981289 0.665
972 -1.264330507755471 0.2728187944410152 0.665
973 -1.028087159355711 0.1358928155342705 0.665
974 -0.5502528332145107 0.664621410159433 0.665
975 -1.029552875329632 -0.6816693211055384 0.665
976 -1.035117931453803 -0.9557781696453748 0.665
977 -1.027953676614178 -0.4089369343097335 0.665
978 -1.027798377231735 -0.136437839997595 0.665
979 -1.056886792442585 -1.24892443256526 0.665
980 0.9578127889236132 1.039429393884908 0.665
981 0.1362618414088201 1.033744084952471 0.665
982 -0.09837938020281101 0.3853700707537204 0.665
983 -0.2977458019755408 0.7971182692020728 0.665
984 1.082551285752161 1.27610224116059 0.665
985 -1.280813888369318 1.082167694983948 0.665
986 1.090317266182474 -1.273935897514 0.665
987 0.374098909244148 0.1288812045789993 0.665
988 -0.657741907458689 1.069544494950328 0.665
989 0.2728585198003322 -1.284340543926 0.665
990 0.1598639148100873 -0.8006360200758178 0.665
991 0.3949280790221448 -0.9164225180376204 0.665
992 1.277583900378577 -0.3034782246201606 0.665
993 0.6148371770432046 -1.053560423289674 0.665
994 0.8245282419909286 -0.1744823359110854 0.665
995 -0.2782291697935646 -1.316174224992344 0.665
996 -0.8115773044413885 -1.317680627046556 0.665
997 1.317307368796966 0.8181818181818228 0.665
998 1.318756673691577 0.2727272727272747 0.665
999 1.33137111226221 -0.8221952206608378 0.665
1000 1.055888342081932 -0.5193326594318679 0.665
1001 -1.300349779753943 1.300349779753943 0.665
1002 1.300349779753943 -1.300349779753943 0.665
1003 1.033545433129074 -1.063265636724553 0.665
1004 1.300349779753945 1.300349779753945 0.665
1005 -1.300349779753943 -1.300349779753943 0.665
1006 -0.1169849322240799 0.6091020754384506 0.665
1007 0.3256911381272072 0.3613873706893711 0.665
1008 -0.544215285368578 0.8861175604396898 0.665
1009 0.4006318812380922 -1.123241471373102 0.665
1010 -0.872387912376906 1.076969895017118 0.665
1011 0.6103081834041655 1.5 -0.3435201690447574
1012 -0.2814410776568046 1.5 -1.077591649649816
1013 -0.6378506926690357 1.5 0.1455916862427078
1014 -0.766357836588315 1.5 -0.09062942084616576
1015 -0.4987044358594321 1.5 -0.05768597909486606
1016 -0.8178395801891891 1.5 -1.080274828649241
1017 0.2667273716636469 1.5 0.4387192642464504
1018 -0.6029155001036709 1.5 -0.2752700930730028
1019 -0.3529139512776389 1.5 -0.2571685480688914
1020 0.2646342766823517 1.5 -1.067869613405112
1021 -0.2469233650203444 1.5 -0.03338129569360859
1022 -0.101896281712722 1.5 -0.2399108515619941
1023 -1.255109202841264 1.5 -0.5879984108251557
1024 0.7492745922847375 1.5 -0.00239577094035881
1025 0.793213383508208 1.5 -0.658253301323828
1026 -0.459806863633498 1.5 -0.4775352038974058
1027 -0.709188890008674 1.5 -0.5056433717868153
1028 0.007293387939881768 1.5 -0.01595342811408917
1029 1.093068166119277 1.5 0.4228457349542576
1030 0.1457058225061547 1.5 -0.2281338059528208
1031 0.04278171614606041 1.5 -0.4457113333253127
1032 0.2612586447783767 1.5 -0.003802270714098777
1033 -0.137928933643561 1.5 0.1984508970539236
1034 1.106673996286912 1.5 -1.043486050405079
1035 -0.5698085303108753 1.5 -0.6875714873690116
1036 -0.3103230923802052 1.5 -0.6721068847140039
1037 0.2694140032406163 1.5 -0.4364013401498836
1038 0.1994709174433043 1.5 -0.6502116193830625
1039 0.4244033591975462 1.5 -0.6346017980892814
1040 1.140941775023052 1.5 0.1158542289792379
1041 -0.8267792288908231 1.5 -0.7062513958053843
1042 -0.5564695838929063 1.5 0.3556076075888999
1043 -0.9814707000199779 1.5 -0.4773610841271354
1044 -0.008397717218371126 1.5 -1.074060941310285
1045 0.8068507423241398 1.5 -1.056173955381977
1046 0.5317568121176031 1.5 -1.058449576070055
1047 -0.5509745267244436 1.5 -1.080926979901004
1048 0.8062708078904093 1.5 0.433673017623935
1049 0.5342610877689573 1.5 0.4399884954145186
1050 -0.0008802779667285154 1.5 0.4313037267532291
1051 -0.3113120373867206 1.5 0.4324433355088124
1052 -1.081683880767562 1.5 -1.081179872439579
1053 -1.23897071620043 1.5 -0.2923863741064069
1054 -0.9835315842498331 1.5 -0.2249075655300321
1055 0.4098264518068599 1.5 -0.228710345914068
1056 0.5056539005019274 1.5 0.01642792415500405
1057 1.206336215927462 1.5 -0.7619821246275646
1058 -0.205392799831507 1.5 -0.4588422161095288
1059 -0.3959901832599555 1.5 0.1721506063566931
1060 -0.05019832613103725 1.5 -0.6606204750895655
1061 -1.236963114397916 1.5 -0.869743106795542
1062 0.1311882729466451 1.5 0.2113857467239957
1063 -1.315966604324687 1.5 -0.02999999999999736
1064 0.9043485545096992 1.5 0.1846278260825314
1065 0.39105971229382 1.5 0.2196222170957425
1066 0.6484781092082583 1.5 0.2153239515718954
1067 1.307771814036156 1.5 0.2682303162856423
1068 0.3857290962577216 1.5 -0.8579130095078321
1069 -1.052806391189684 1.5 -0.708385752373714
1070 0.9188530726714337 1.5 -0.8337351109963083
1071 0.1246956559489198 1.5 -0.8660217601364998
1072 -0.6859196343014641 1.5 0.4964385705562671
1073 0.6212932465267613 1.5 -0.5605460958793032
1074 -0.1586684507239791 1.5 -0.8715477304525423
1075 0.6147309674843013 1.5 -0.1564187127021714
1076 1.289150936039067 1.5 -0.9622296641952879
1077 0.6402999589433445 1.5 -0.8085246924640836
1078 -0.4267544904135849 1.5 -0.8794259102297108
1079 -0.8039088687928054 1.5 -0.3159547081190426
1080 -1.301271266256159 1.5 -1.080817759273834
1081 -0.6893112646852011 1.5 -0.8868107292918858
1082 -0.5424607374893458 1.5 0.5395905108089416
1083 -1.136716921967247 1.5 -0.1104375582625339
1084 -0.9618150978030739 1.5 -0.03720501918112284
1085 -0.9522111419439228 1.5 -0.8942435399188589
1086 1.328176383792749 1.5 0.02797608085343728
1087 1.327932959175071 1.5 0.4909737693316296
1088 1.380199418608043 1.5 -0.5800635282331521
1089 1.3437088252281 1.5 -1.128281497634418
1090 0.4617136407324764 1.5 -0.4491240469897481
1091 1.5 0.2749678583041093 -1.033866406910136
1092 1.5 0.01381607742337332 0.4390312461725019
1093 1.5 0.8443886888855463 -0.07225591681989196
1094 1.5 -0.5969673639648441 -0.4520073440892802
1095 1.5 0.8184630533982284 -1.054219444919762
1096 1.5 -0.5455006292344755 -0.21746933346525
1097 1.5 -0.3659134142049798 -0.3808290953121134
1098 1.5 0.6342340971688305 0.02944019098527462
1099 1.5 0.6400846929466573 -0.2045922734165968
1100 1.5 0.4255308685239909 -0.1065673540011292
1101 1.5 0.8463909642767651 -0.3163586156765008
1102 1.5 0.4391229400600976 -0.3483125183095581
1103 1.5 -0.4163796959501416 -0.6215524122154943
1104 1.5 -0.1850251877243951 -0.5524234212567025
1105 1.5 -0.3226213601180206 -0.1252304301093694
1106 1.5 -0.5451592884562928 0.04316948904102569
1107 1.5 -1.082194440795536 0.11180680590154
1108 1.5 -0.8474338950323976 -0.7718678469704819
1109 1.5 0.2311553039109966 -0.2822457812686215
1110 1.5 0.4124897178625244 0.1694033723214137
1111 1.5 0.2507755519302501 -0.5312508122442902
1112 1.5 0.512297010224172 -0.6212438274087876
1113 1.5 1.278797457760588 -0.5741767756891046
1114 1.5 -0.2318780164238841 -0.8023278509424091
1115 1.5 -0.4704394059945283 -0.8520055622187331
1116 1.5 -1.05715728918233 -0.88902167890661
1117 1.5 -0.8125505217126643 0.4546651384402278
1118 1.5 -0.2940094910272568 0.1296911107179459
1119 1.5 -0.4644101790237263 0.2592760372184777
1120 1.5 0.01745596087565415 -0.720480526719071
1121 1.5 -0.8069500770244948 0.08949917133417173
1122 1.5 -0.06352468797255306 -0.03437415148420997
1123 1.5 -0.01652397424391649 -1.011334188612299
1124 1.5 -0.8347424241066157 -1.039674682391072
1125 1.5 1.275997615060632 -0.05168748184005723
1126 1.5 0.5548760731689963 -1.057146200352917
1127 1.5 0.6848372264690941 -0.8295991009764425
1128 1.5 0.9535026569801115 -0.8359549238992671
1129 1.5 0.8249703532552184 -0.5861883267792666
1130 1.5 1.08476804694376 -1.050880930363609
1131 1.5 -1.087259093810404 0.4104648321577222
1132 1.5 0.2795717036905656 0.4310107863772765
1133 1.5 0.1363310314797337 0.2010404996062816
1134 1.5 0.570285625701358 0.4471536794622
1135 1.5 -0.1449280314850014 -0.2932464046490996
1136 1.5 -0.302901487502814 -1.054227733544008
1137 1.5 1.278264196227174 -0.3104638520628493
1138 1.5 1.24037260805748 -0.8451820192517305
1139 1.5 0.2740992816455838 -0.7752952730805032
1140 1.5 -1.304768130334114 0.2421815662221836
1141 1.5 1.322274389612315 0.5460476610593317
1142 1.5 -0.2753888565352007 0.4063108994086841
1143 1.5 -0.6388463139985645 -0.6837390713619204
1144 1.5 0.1952850009889897 -0.04659447394242289
1145 1.5 -1.274467572553272 -0.8005467769492438
1146 1.5 1.05751790723538 -0.435088670576304
1147 1.5 1.05918963506228 -0.1851579953066544
1148 1.5 -0.7196366364192601 -0.09377790571946454
1149 1.5 -1.27173421461054 -1.053061983290325
1150 1.5 0.6525731921525817 -0.415339112318142
1151 1.5 -0.5420765379545548 0.4575409325142672
1152 1.5 -0.5621660621264163 -1.067232173918655
1153 1.5 -1.069611722227016 -1.104647099297503
1154 1.5 0.4602154899623909 -0.8634301617457572
1155 1.5 0.03225645883652728 -0.4386762320367923
1156 1.5 -0.09627865229304144 0.228424791842343
1157 1.5 -1.357883981142584 -0.02999999999999714
1158 1.5 -0.6701201620096049 0.2600953721126598
1159 1.5 1.394380523885804 0.2698901873849728
1160 1.5 -0.6704643638145121 -0.8829539776442523
1161 1.5 1.297706658948976 -1.077320760607533
1162 1.5 -1.301271266256158 0.4648177592738338
1163 1.5 0.6461920059872002 0.2303416515127148
1164 1.5 -0.9185087018559248 0.2664095485431497
1165 1.5 0.1365795792277207 -0.8865804438064133
1166 1.5 1.067833435768926 -0.6499407442026026
1167 1.5 0.7857882036757915 0.5588308477928998
1168 1.5 0.04693368453473257 -0.2196921713945119
1169 -1.5 1.110223024625157e-15 0.78
1170 -1.5 0.545454545454549 0.78
1171 -1.5 -0.2727272727272727 0.78
1172 -1.5 0.2727272727272751 0.78
1173 -1.5 -1.363636363636364 0.78
1174 -1.5 -0.8181818181818183 0.78
1175 -1.5 -1.090909090909091 0.78
1176 -1.5 -0.5454545454545459 0.78
1177 -1.5 0.8181818181818223 0.78
1178 -1.5 1.363636363636364 0.78
1179 -1.5 1.090909090909093 0.78
1180 1.5 1.110223024625157e-15 0.78
1181 1.5 0.545454545454549 0.78
1182 1.5 -0.2727272727272727 0.78
1183 1.5 0.2727272727272751 0.78
1184 1.5 -1.090909090909091 0.78
1185 1.5 -0.8181818181818183 0.78
1186 1.5 -1.363636363636364 0.78
1187 1.5 -0.5454545454545459 0.78
1188 1.5 0.8181818181818223 0.78
1189 1.5 1.363636363636364 0.78
1190 1.5 1.090909090909093 0.78
1191 1.332267629550188e-15 -1.5 0.78
1192 0.545454545454549 -1.5 0.78
1193 -0.2727272727272727 -1.5 0.78
1194 0.2727272727272751 -1.5 0.78
1195 -1.363636363636364 -1.5 0.78
1196 -1.090909090909091 -1.5 0.78
1197 -0.8181818181818183 -1.5 0.78
1198 -0.5454545454545459 -1.5 0.78
1199 0.8181818181818223 -1.5 0.78
1200 1.363636363636364 -1.5 0.78
1201 1.090909090909093 -1.5 0.78
1202 1.332267629550188e-15 1.5 0.78
1203 0.545454545454549 1.5 0.78
1204 -0.2727272727272727 1.5 0.78
1205 0.2727272727272751 1.5 0.78
1206 -1.363636363636364 1.5 0.78
1207 -1.090909090909091 1.5 0.78
1208 -0.8181818181818183 1.5 0.78
1209 -0.5454545454545459 1.5 0.78
1210 0.8181818181818223 1.5 0.78
1211 1.363636363636364 1.5 0.78
1212 1.090909090909093 1.5 0.78
1213 -0.0006291375512268438 1.268860251690149 0.895
1214 -0.0307452484394819 -1.242210160088227 0.895
1215 -1.264133792531065 -6.876530189492414e-05 0.895
1216 1.243603664496294 0.01267800469726055 0.895
1217 -1.265507458688811 -0.5454937104758144 0.895
1218 1.293557500376521 -0.5909090909090922 0.895
1219 -0.5469623710858382 -1.253804760739905 0.895
1220 -0.5378047500907142 1.27941030025333 0.895
1221 -1.265638359583293 0.5456363812354645 0.895
1222 1.252205891678486 0.5454331626371833 0.895
1223 0.5358750331559397 -1.284463556887872 0.895
1224 0.5456996589948111 1.266300767785769 0.895
1225 1.252991659788877 1.065865740257075 0.895
1226 1.265221849581211 -1.06552155784964 0.895
1227 -1.06896805568404 1.241913558317027 0.895
1228 -1.065865740257073 -1.252991659788875 0.895
1229 -1.270261777582047 0.8166423463437567 0.895
1230 -1.030660106386692 0.684023701563055 0.895
1231 -1.028642320047278 0.4092647658573698 0.895
1232 -0.7914754661680747 0.5453823091877679 0.895
1233 -0.7919979416909689 0.2706575674109148 0.895
1234 -0.556222220993154 0.3995911065194426 0.895
1235 -0.5566288464446967 0.1321261864009875 0.895
1236 -0.3244666832232286 0.2604344527618168 0.895
1237 -0.3217726737248103 -0.004463671625375421 0.895
1238 -0.09191831417639085 0.1258126779805826 0.895
1239 -0.08550806504746733 -0.1390061503734397 0.895
1240 0.144709263012951 -0.006105960634194885 0.895
1241 0.1530420854489667 -0.2732107573164169 0.895
1242 0.1316313743590971 0.2561128759859685 0.895
1243 -0.319402149638262 -0.273009170580099 0.895
1244 0.3863283027233355 -0.1357730325136326 0.895
1245 0.3870097146875007 -0.4068121501164448 0.895
1246 -0.3238961851269 0.5198095743948623 0.895
1247 0.1545502106884873 -0.5387510366746842 0.895
1248 0.6165313053375714 -0.2747335144021492 0.895
1249 0.6395214192703973 0.02029384331128359 0.895
1250 0.6218847999758017 -0.5451730244240154 0.895
1251 -0.7918210624826724 -0.0008809140048642305 0.895
1252 -0.7880248291930444 0.839253919290289 0.895
1253 0.8399153533774686 -0.406454386759 0.895
1254 0.848780429662888 -0.6817171243842934 0.895
1255 0.6183287197121001 -0.801141270756359 0.895
1256 0.8403378615125479 -0.9415059846864895 0.895
1257 1.098076211353319 -0.8181818181818209 0.895
1258 0.828459198174702 -1.231169634782236 0.895
1259 0.8175472379979967 1.268948051431553 0.895
1260 0.6829588707421044 1.032158915025692 0.895
1261 0.4102018118102342 1.030983133288744 0.895
1262 0.5477105823069373 0.7934036537284621 0.895
1263 0.2758128965804318 0.7940234268212185 0.895
1264 0.8188505919787339 0.7942203842860716 0.895
1265 0.6820188623378223 0.5508836813489553 0.895
1266 0.9557268735805393 0.5440992810949563 0.895
1267 0.8071616489358453 0.2924004173384729 0.895
1268 0.542054443072725 0.3192651401501168 0.895
1269 0.9381524978758518 0.03493604489656854 0.895
1270 1.083460523589358 0.2851798818076949 0.895
1271 1.091977087273005 0.7992810311506129 0.895
1272 1.030264809093135 -0.2261516839664417 0.895
1273 0.4206090341521542 0.5619132114956527 0.895
1274 0.1351982122468391 0.5403823758476305 0.895
1275 -0.000104882864492728 0.8028289604636418 0.895
1276 0.2728277882799479 1.266625721833706 0.895
1277 -0.08239596831198392 -0.4073820126753471 0.895
1278 -0.3174920472085887 -0.5441803868892181 0.895
1279 -0.5551433797550483 -0.4092524401806799 0.895
1280 -0.5540040568505065 -0.6823656863594227 0.895
1281 -0.3135197342572207 -0.8168038951746206 0.895
1282 -0.7922355356738596 -0.5458010890259235 0.895
1283 -0.7931345108458878 -0.8189480294323532 0.895
1284 -0.5512757341700393 -0.9589578016049561 0.895
1285 -0.8011785753610171 -1.092426764978771 0.895
1286 -1.039367589881938 -0.9578552003848952 0.895
1287 -0.2983606564988421 -1.089293756782861 0.895
1288 -0.06256869041922242 -0.9461380369514587 0.895
1289 0.1864805827878397 -1.051791013767078 0.895
1290 -0.2721567778885154 1.274178558531874 0.895
1291 -0.4083762875898422 1.057643627972833 0.895
1292 -0.7917603029810436 -0.2729537638814592 0.895
1293 -1.264416459030065 -0.2728122478411663 0.895
1294 -0.7955734697310941 1.277944052177068 0.895
1295 -1.051631299998682 0.9561934506710448 0.895
1296 0.3894246270764035 -0.6681692004446118 0.895
1297 -0.555650515531513 -0.1371646283350327 0.895
1298 -1.26435508641428 0.2728088463101179 0.895
1299 -0.5502549935148764 0.664620641492454 0.895
1300 -0.07799855451039472 -0.6758607645850134 0.895
1301 -1.268708525396064 -0.817498398071378 0.895
1302 -1.028164177621697 0.1358746599886858 0.895
1303 -0.1405374343334986 1.039143025385102 0.895
1304 -1.031296043480527 -0.6824865588109298 0.895
1305 -1.028875110403037 -0.4093468183958038 0.895
1306 -1.028076586917748 -0.1365763440063743 0.895
1307 0.9578127889221459 1.039429393885266 0.895
1308 0.1362618403202323 1.033744086580427 0.895
1309 -0.0983822118785791 0.3853690810263846 0.895
1310 -0.2977466777355826 0.7971179884765753 0.895
1311 -1.276148304463676 -1.082810653025002 0.895
1312 1.082551285752161 1.27610224116059 0.895
1313 -1.280813888369318 1.082167694983948 0.895
1314 1.090317266182474 -1.273935897514 0.895
1315 0.374098909244148 0.1288812045789993 0.895
1316 -0.6577419157672009 1.069544495086822 0.895
1317 0.2728585198003322 -1.284340543926 0.895
1318 0.1598441923432303 -0.8006500204214982 0.895
1319 0.3949245300334785 -0.9164255666753872 0.895
1320 1.277583900378577 -0.3034782246201606 0.895
1321 0.6148371770432046 -1.053560423289674 0.895
1322 0.8245282419909286 -0.1744823359110854 0.895
1323 -0.2760475993316032 -1.315948994345259 0.895
1324 -0.8102423634333151 -1.319858896147651 0.895
1325 1.317307368796966 0.8181818181818228 0.895
1326 1.318756673691577 0.2727272727272747 0.895
1327 1.33137111226221 -0.8221952206608378 0.895
1328 1.055888342081932 -0.5193326594318679 0.895
1329 -1.300349779753943 1.300349779753943 0.895
1330 -1.300349779753943 -1.300349779753943 0.895
1331 1.300349779753943 -1.300349779753943 0.895
1332 1.033545433129074 -1.063265636724553 0.895
1333 1.300349779753945 1.300349779753945 0.895
1334 -0.1169863490717431 0.6091015960418189 0.895
1335 0.3256911104984321 0.3613873684323514 0.895
1336 -0.5442152853685776 0.8861175604396894 0.895
1337 0.4006318812380925 -1.123241471373102 0.895
1338 -0.8723879140748123 1.07696989510845 0.895
1339 0.4609512638225117 -1.0554792246824 -0.1644650424123456
1340 -1.093755648703091 -1.045320956299632 0.3448306865057942
1341 1.149350858534346 -1.042992773255159 -0.3408317981726097
1342 -0.6929574519775049 -1.045740714157909 0.2662763833350489
1343 0.8102670301134081 -1.045926728339378 -0.2879643003682587
1344 0.1298833458144915 -1.068692349107634 -0.04038208091226921
1345 -0.3709425257229452 -1.072202229311371 0.1430458482063622
1346 -0.1350658343342025 -0.9637607911344146 0.07832807691317087
1347 -1.34113802294604 -1.128359767753814 0.2400790465985955
1348 1.350112534572253 -1.118418293334089 -0.4390389919936836
1349 1.359284100559304 -0.9961134966777229 -0.2385788654317224
1350 -0.1303295096392615 -1.164368082385101 0.03780206296351239
1351 1.376960169930912 -0.9316763105105346 -0.3957298107680974
1352 -1.362934335761533 -1.131274894172059 0.4383441561992695
1353 1.36411443899566 -1.161939139158128 -0.2661254320499629
1354 -1.358426292563826 -0.9471495120779385 0.3481389391525237
1355 -0.4707035759470294 1.055937851618464 -0.1679629004626616
1356 -1.142106805990854 1.053019390201301 -0.3447803508156486
1357 1.091477771700091 1.055513847151521 0.3443001358019411
1358 -0.1757333594083304 1.067396068101419 -0.05855562771445513
1359 -0.8122685692553669 1.044635202649272 -0.2896070223046726
1360 0.6950009740950465 1.044945485602051 0.26631930527415
1361 0.09782062525594411 1.05801845785552 0.05830945473396176
1362 0.3906520308392327 1.051048344469767 0.1414654580831973
1363 1.343216595456445 1.013775000641477 0.2271022021952302
1364 -1.347753582994355 0.9727543006260957 -0.4510691224022362
1365 -1.351467768615186 0.9816447811865986 -0.2483343057550363
1366 -1.366779033049659 1.156191506642027 -0.3511122635180719
1367 1.35930077497496 1.154414429664262 0.3709741468668711
1368 1.366285386349575 0.9621201549860631 0.4164667675077744
1369 -1.049917682356754 -1.199163108952519 -0.3424575406262913
1370 -1.050274581019887 0.02063130111518633 -0.0006499905557820377
1371 -1.05830905001538 0.6325163514307905 0.210768725573603
1372 -1.035376997515561 1.070929698625468 0.3244914110578695
1373 -1.054442769594452 -0.5396213926041373 -0.2187558222973309
1374 -1.040872194246065 -0.2419054066350022 -0.08727701869110754
1375 -1.057299940461785 -0.8608354973691071 -0.2932347366917116
1376 -1.07230755097527 0.2655835882575232 0.08481880100460225
1377 -0.9251008792145371 -1.372770410195607 -0.4022879516602557
1378 -1.101803336600425 1.350036372856729 0.2498550619034572
1379 -1.195410109825734 -1.371466880843671 -0.3027376492063416
1380 -0.9340534068791554 1.361550475795321 0.354051453726719
1381 -1.097651719144513 1.335834500263154 0.4478749164176108
1382 -1.105969891265532 -1.380976844393939 -0.4675239125992802
1383 -0.9397213272160785 -1.39321344863413 -0.2444527668801919
1384 1.065083497593626 1.199203837458188 -0.333412823695442
1385 1.058237168607198 -1.16000825047708 0.3449359021819851
1386 1.029942435282038 -0.163772394610427 0.05056738035254223
1387 1.030378720194932 0.8529897697700726 -0.3012198703280818
1388 1.049479170523284 0.5488378320828389 -0.1980963421299696
1389 1.030587912038021 -0.8683969763449101 0.3044182987482201
1390 1.042558011869919 -0.5238333215965537 0.1867455829773095
1391 1.039423713822343 0.2192185086940016 -0.06757771904711488
1392 1.181244412944448 -1.37285126932362 0.371671240558699
1393 1.194510951628254 1.375690220548963 -0.3791991500828882
1394 1.032703991050803 -1.36393236563255 0.4538621770345212
1395 1.067612523419117 -1.339256538348263 0.2364763860573565
1396 1.04410823415489 1.379658505070489 -0.4822924894993294
1397 1.165412793504121 1.392953246962859 -0.2415471581544099
1398 0.9141818229295238 1.377646992894797 -0.3352432626512387
1399 0.925584983614492 -1.370865170921482 0.3209591414504776
1400 -0.718128931392797 1.385649445957341 0.7629323112847216
1401 -0.4904920363173988 1.387502846646888 0.7798483327561934
1402 -1.381288404322085 -0.222765825392924 0.7797508076184941
1403 -1.382141614226356 -0.4965350941572352 0.7797732860074453
1404 -1.381227587465479 0.04987073253210827 0.7797592301403258
1405 0.5269743865973004 1.386719500234632 0.773501589138251
1406 -1.387202330228375 0.5451558257971272 0.7799977762582953
1407 0.2938586456553605 1.385681976633125 0.7871590496888712
1408 0.816639882286899 1.390491926497397 0.7800647976930986
1409 -1.387645119059714 -0.7890464071711281 0.772512575220125
1410 0.04877606621915435 1.38325644947106 0.7796932446830221
1411 -1.383405404929904 0.7694128347724861 0.7797290388640827
1412 -0.2218912879863782 1.385427657112095 0.7797373867124712
1413 -1.381126138155927 0.3199605270327702 0.7797455512930432
1414 0.8209929108804541 -1.377686778033692 0.7799895860116997
1415 0.08382413722757087 -1.382730071149985 0.791680758732235
1416 -0.5896699841407023 -1.381995883743038 0.7800228234458485
1417 -1.389002680805614 1.029627900690126 0.7797288351966923
1418 1.109915187085401 1.385485028849599 0.7802192187737105
1419 1.384484567420809 -0.001721958202162083 0.7799895380414933
1420 -1.386482210584205 -1.091144882987161 0.7828384152168051
1421 1.395563533451728 -0.278860087866396 0.7799965322931596
1422 1.383989905167734 0.5453315664534925 0.7796367955347524
1423 1.127692176604827 -1.388464012484286 0.7798263811219046
1424 1.411319391964302 -0.7725235522310596 0.7803099814360213
1425 -1.125893843413425 1.377584180961928 0.7798483433659481
1426 -0.8147865197469057 -1.404149153873496 0.7796267278036541
1427 1.383172307067571 1.079626580704163 0.7796700880552305
1428 0.5471204415300953 -1.393537529969271 0.7800015742557007
1429 -0.3380473945775602 -1.382925488537884 0.7801406803624003
1430 1.406412608760329 0.8176755350023484 0.7799863934037217
1431 1.40324593736472 -0.5073656986834506 0.7799559353468621
1432 1.393029580812637 -1.076201364901702 0.7801038665155779
1433 -1.028437217727365 -1.38256511042675 0.7799653213680237
1434 1.407275057732245 0.2722365019050564 0.7799923446150003
1435 -0.8985139634950107 1.35519321628538 0.796807426448521
1436 -1.378709024230865 -1.380371881685849 0.7800551028074145
1437 1.373668000731332 -1.368730223975727 0.7799990097067734
1438 1.250969846569643 1.39597098317374 0.7800480480992364
1439 -0.09641714115693249 -1.382354479553224 0.7634623087207697
1440 -1.368242285068963 1.374418146948234 0.7799953153671703
1441 -1.392090908788499 -1.259734120832601 0.7803768856302462
1442 0.3206646480675364 -1.389850841005232 0.780203469742202
1443 1.382770463024732 1.373101180123421 0.7800041671077383
1444 -1.387727493324566 1.204405520367704 0.7798526783013333
1445 -0.4103799243625688 -1.183729545849869 0.7800133584607645
1446 -1.200499574730385 -1.380404736599721 0.7801355945993494
1447 0.06729018562926488 -0.1020076494994947 -0.2853833113455479
1448 0.3025949298665165 0.5240153062144333 -0.6961954145359978
1449 -0.6064420280877055 0.2889227547170792 -0.6634443511926438
1450 -0.289324241796476 -0.5387180340513869 -0.6626054409445691
1451 0.536956160115281 -0.2507969872764624 -0.7146721395333051
1452 0.1764309161264896 -0.1663844995954151 0.1545364921902174
1453 -0.2134626163457836 0.2474727838845167 0.1073668551961353
1454 1.130077324140639 -0.3819177573239527 -0.7437120012476829
1455 -1.07120764585229 0.3739178309237425 -0.6594332659717727
1456 -1.042505739662688 -0.06839754539223608 -0.7779694912505292
1457 -0.08426441132349374 0.661185901509578 -0.7426690102898725
1458 0.3730103485271145 0.9757483943241303 -0.7375622426221221
1459 -0.215104899399347 -0.9107302390034362 -0.7512136886467361
1460 -0.3073937685439733 -0.2293819040966936 0.1825935612839771
1461 0.3129178169684155 -0.7523828629839051 -0.8457145351273752
1462 -0.6014744082713243 -0.4727741249894721 -0.8035384957612508
1463 0.1408775079274914 0.2111581263927035 0.06923630431225151
1464 1.07558335246832 -0.002033461433403723 -0.8211523885767525
1465 -0.401887210264443 -0.1288899549586119 -0.7518431478192419
1466 0.6759242407600289 0.4540889099574492 -0.9669398158657135
1467 -0.2788518784684872 0.5178742250548997 -0.227364021277498
1468 0.2179140229836338 -0.4886440189046495 -0.3153298064009217
1469 -0.4699770539805331 0.9170619039921413 -0.9916873257824542
1470 0.2646594600700384 0.02612234490813563 -0.883498480898706
1471 -0.4911034525124746 -0.2016448474398741 -0.2467430668934153
1472 0.4080255528805201 0.2735206516922967 -0.27163133273421
1473 -0.5673402732303612 -0.9092917957203095 -0.8285893916617668
1474 0.7323062072055455 -0.7325302508017847 -0.9637586295456202
1475 -1.110565335899554 -0.5381850370870891 -0.8868381966971115
1476 0.3631998126000153 -0.5615916646090179 0.2357689795013306
1477 0.1893134927597058 -0.374607192618173 -0.9002018284826314
1478 0.4839892155715851 -1.171487577076547 -0.9650017595737967
1479 0.7939635195399209 0.9964661252612728 -0.8050990371054263
1480 -0.1221847743354755 0.3172138750684552 -0.6905386541157502
1481 -1.015156528760551 0.7728755093391955 -0.7599234891319677
1482 -0.2780410973422596 1.220729658108562 -0.7715823808532706
1483 0.5278588275854056 0.1151957247302056 -0.7052205665496317
1484 -0.6897447834874864 -0.00273593169381567 -0.9398075805021698
1485 -0.2038692451458074 -0.4748075744811185 -0.2238352473322017
1486 -0.8494447369708247 1.234872278476677 -0.9387849123497283
1487 1.116579880401085 -0.8019022506294837 -0.8856074466993621
1488 -0.8362939502956366 -1.230160078165573 -0.9622739134904659
1489 1.163693546909351 0.5313310382818252 -1.044007755541206
1490 -1.217006580848773 -1.189789545839783 -0.9484476478901493
1491 0.6016024812465485 0.7719356571762865 -0.6010966890886473
1492 -0.7039897697474644 0.4859832116599859 -0.2914113664528862
1493 -0.4695904112892779 -1.168263767617873 -0.5545571844908795
1494 -0.4714439141553484 0.5631564637699081 0.3077458680216261
1495 1.231462701974747 1.116828295479009 -0.9706836824300109
1496 0.5517644418467821 -0.06720301775410657 0.3522757821967142
1497 1.123191300041137 -1.249532273134152 -0.914792296862099
1498 -0.5355909745131302 0.2070447980002256 -0.1901462450593953
1499 0.002182645292821458 -0.4088710381479642 0.352208107581542
1500 0.2609685150235868 -1.224632813944273 -0.7569200586869634
1501 0.8046497932599086 -0.1438004071463173 -0.9613920194735042
1502 -0.4089746840904643 -0.0241291398940548 0.4115166437157568
1503 0.4804369521281709 -0.1824452694739569 -0.1154342862470595
1504 0.1385415761624973 0.8377750280569405 -0.4798791503564873
1505 0.0537091194839718 -0.6350183997947429 -0.5402632815364915
1506 0.5852751246062666 -0.4894493572422283 -0.3675318307080236
1507 0.5390703711339296 0.7887890475596784 -1.020145651704564
1508 -0.8820284081042383 -0.905648803223651 -0.9426840697131416
1509 -0.791366243914134 0.03415777617202752 -0.4928053786059652
1510 -0.1533117191910943 -0.06720013313460549 -0.05352611626603822
1511 -0.7281820631548706 0.3950757745933378 -0.9626770427101202
1512 -0.3847454480816246 0.5717355599038872 -0.9795050881996996
1513 -0.04115405756995134 -0.01193670990817259 0.370513383284551
1514 -0.5696390829320881 -0.3792424439918121 0.4029008837736273
1515 -1.208230770005947 1.14164696196133 -0.9756870909293951
1516 -1.227930033914583 0.5191134610355169 -0.336387871094859
1517 -0.03229049305829666 1.226996909558936 -0.9630576107362688
1518 -0.04574527112241038 0.5474630191427029 0.3685758497198681
1519 0.5850926777716542 1.224634364368132 -0.5898882460397743
1520 0.05421167022738582 0.5351216907934586 -0.06222305369793044
1521 1.251459215767484 -0.481365940145374 -0.3441524972723838
1522 -0.5522809796027681 0.511706013754033 0.002081769048499818
1523 -0.05776999312153247 -0.6683404835765755 -0.976083976486638
1524 -0.4947678026115819 -0.5790801816142945 -0.2769530050197644
1525 -1.196591020210151 0.2016762024467407 -0.9747629560059915
1526 0.8568786966766424 -0.1925885540792582 -0.536022046203421
1527 -0.4315991131584953 0.5518659847795711 -0.514793148330255
1528 -0.3796978812315386 -0.4377311677260357 -1.04126078834127
1529 -1.209571501452492 0.07913821848765536 -0.5670234858199884
1530 1.221320348577468 -0.1352118021915462 -0.5246954450916488
1531 0.6474159899828785 0.5067769620689025 0.3317008076883738
1532 -0.1797833368119666 -0.8566665848171425 -0.424877038141553
1533 0.6330012176777028 0.1506185643961002 -1.036707173278176
1534 0.1525368022250291 0.7200840588968644 -0.9942057103112703
1535 0.5084693050614585 -0.4873000362844065 -0.9761690152910013
1536 -0.7149973866312157 0.6218167769893952 -0.6472459943916837
1537 0.7846665015996958 -1.034618000811446 -0.883057030694665
1538 0.4784327327562178 0.6115429375558635 -0.3076714414253685
1539 -0.05191133204379987 1.265166518973643 -0.5296304891810353
1540 0.536424144567383 1.22234312317024 -0.9908901020577457
1541 -1.295100692000869 0.6237354322583649 -0.668604247404491
1542 -0.412600853086722 -1.205054249277941 -0.9571911862927546
1543 0.1081831609515495 0.4967256358165013 -0.4179046044156108
1544 -1.222914347773647 -0.2829247764719554 -0.6391729115423971
1545 0.5748286185501817 0.1136521334293453 0.0680928594271996
1546 0.3204440008095679 -0.1297962894563033 -0.4962317975130325
1547 0.1619618437415001 -0.4840742647129872 -0.007484457111877145
1548 -0.8852141190416488 -0.282186771505704 -0.6391497588748384
1549 -0.4029843714815213 0.2063050947739365 -1.014635144367094
1550 0.4439409230565943 -0.6417093203473432 -0.6204942912033558
1551 0.5961872121438674 -0.5482307599497397 -0.05081570193931639
1552 -0.9112179336450665 -0.312673990448854 -0.9708328695060437
1553 -0.5369834511086178 -0.5195948949459006 0.03590086184851912
1554 -0.04851086442952532 -0.2883479017519475 -0.5547334660127403
1555 0.7852675924530707 -0.5620386390303915 -0.6513430010643136
1556 0.538605127394408 -0.8146707326332372 0.4085546397656373
1557 0.1491065419215346 -0.976475277045518 -1.046955829823649
1558 0.2838050410380423 0.332162161738202 -1.028409470804754
1559 0.4303812905443767 -1.238211337579574 0.4167872274982621
1560 -1.257411311759909 -0.1701563585554024 -0.9788578261290386
1561 1.247069202161176 -0.2004197864053597 -1.021918986580002
1562 -0.2628197106339458 0.1017814236381953 -0.4417457691132701
1563 -0.5353212947837998 -0.805918679065378 -0.4537481753741511
1564 0.8906106155568226 0.6153430665059409 -0.7346811333400103
1565 -0.540903175330501 0.8874279769298782 0.3263976463625789
1566 -0.08462731132054227 0.09715180777157935 -1.046720530305571
1567 0.1192806237553109 -0.6832584657146327 0.3860043188656277
1568 0.6539606437263666 0.3948220275086299 -0.5550512243822029
1569 1.21892429825737 0.311134384728197 -0.6488134990770429
1570 -0.4470407628797797 1.238008654543072 0.4122682630684381
1571 -1.198527513230726 -0.8489960486011028 -0.8405346256934287
1572 0.4652126354823758 0.5469140622006975 0.06400855775949234
1573 -0.1035156812229673 -1.244616512019633 -0.510827937656666
1574 0.1751819303150519 0.1778871368004565 -0.5525551360076819
1575 -0.5710777337261996 1.257033661132602 -0.6912969963273972
1576 0.4760980344136655 -0.1412530468518204 -1.042603509578685
1577 0.9161950577827684 1.263772295568427 -0.9050421668807003
1578 -1.224252413212172 -0.4855648936151185 0.3444419497849955
1579 0.4851678552122984 -0.8548777073116032 -1.068467740885948
1580 -0.3081856900561448 -0.5657384676549916 0.4240258670943546
1581 -0.09538178019962514 -1.233793621730614 -0.9571472769326113
1582 0.2310331556325435 -0.2322358267511435 0.4422412085455832
1583 1.017747962459231 0.4320372471295169 0.4116242522136917
1584 -1.24613175173604 0.8481169416122889 -0.9800029510579557
1585 -0.3787350208380775 -0.7242639777150435 -1.031670066629016
1586 -0.923507930079886 0.1853624140570186 -0.8571506290800208
1587 0.1994338247707398 -1.259579716185029 -1.040228123314001
1588 0.5497707336906527 -0.9127788258889566 -0.6973110302327689
1589 -0.9698478134013462 0.3232800443025562 -0.4019857184091034
1590 0.1405122713230766 -0.9416982645279538 -0.6059350041880232
1591 -0.5435048560137477 1.236994437683141 -1.000427156743483
1592 0.2959563462583254 0.1753756547209533 0.3874677803517989
1593 -0.9058998934251836 -0.3798645161737181 0.3843563463688174
1594 -0.08156218622894881 0.4460056943194277 -1.032700766967482
1595 0.8740162985602665 -0.4308127465655791 -1.046655570623729
1596 -0.4006787549818351 0.8856613064858451 -0.654117185129824
1597 -0.1924210452676083 0.2549669134494192 0.4379716002099024
1598 -0.7016109639011737 -0.6505930342113477 -1.039875745956926
1599 -0.7131626884902409 -0.1157240634149579 0.41858088322901
1600 0.9608654859788368 -0.4975480239901097 -0.3708303487986176
1601 -1.107943243097163 0.535526870599852 -0.9977056196854923
1602 -0.1471999672446163 0.8987186201830777 -1.034595089933483
1603 1.273059573004516 0.1717585925973089 -0.9863932148906225
1604 -0.81628739125872 -0.6741918583638336 -0.7089926720483249
1605 -0.1018203150718261 -0.2825255701123348 -1.008209651342365
1606 -0.6758784573494885 -1.242149952569155 -0.6944705064517231
1607 -0.6033800382736951 0.3117265229813335 0.4302377949048737
1608 -1.089358203264279 1.296652260598232 -0.789570953213807
1609 0.6425345118267325 -0.008944386198436611 -0.3542196025371658
1610 0.2826923927319562 1.25387627539585 -0.4253366358914468
1611 0.5503050404418345 -0.3052479426884621 0.1825822534974736
1612 -0.630811609067164 -0.2701984858424175 -1.096504493270926
1613 1.264096432687888 -0.6493024658237418 -0.6302340138478677
1614 -0.1274211388604515 0.6888104598359569 -0.4425364837675795
1615 -0.2731124997905834 0.8006217643023427 0.4243102907371493
1616 0.950647775481845 0.2618799632073955 -0.9811066811245228
1617 0.2843509550079001 0.5438305878996283 0.402222704304636
1618 0.8857615751223353 -1.270585738645296 -0.7540803236177291
1619 0.7523006473718444 -1.278579549726032 -1.042156633715674
1620 0.8613802129227123 0.1828892478814419 -0.6109938068333139
1621 -0.1373240285439334 -0.5395106833339459 0.1021433436368509
1622 0.202230461214101 -0.1521680852974943 -1.086306532426173
1623 -0.6730730853841775 -0.4253102754883195 -0.4935747199756609
1624 0.2361533278707895 1.007627108712675 -1.031352407156906
1625 0.2759408715825467 -0.9878879825567736 0.4396781429640405
1626 1.230995429377507 0.7469874893041367 -0.8301478731426446
1627 -0.1588585912379754 -0.2530141505750336 0.4788189539642009
1628 0.5773017106479077 -0.4129107943347818 0.4598050671615508
1629 0.9084508351921908 0.7807034577171351 -1.027308092121695
1630 0.4620657737775927 0.9254079100251881 -0.3709977561508419
1631 0.2375543221008169 -1.289265783380456 -0.52463845204233
1632 -1.012512509970467 0.6124065913709683 -0.4826092163388158
1633 -0.2795362141702458 0.5989629353906982 0.101752598755089
1634 0.1815214131700714 -0.5691240945467676 -1.09149244247268
1635 -0.634885038871763 -0.1950239407646732 0.1607829490398374
1636 1.290293283927289 -0.553888493379264 -1.04791790538517
1637 -0.5200813560612276 0.1602720851097761 0.1519995918379388
1638 0.765678249998305 0.1807805722556994 0.3892632220633411
1639 0.5981720249407064 -1.254383482981883 -0.6723329591523866
1640 0.2335078582745385 1.276649757034213 -0.7873615260670208
1641 -0.8754118462778772 0.9382064204894189 -1.041601446273556
1642 -0.95116325511112 -0.02378202068984933 -1.072651894308553
1643 -0.003574562249791685 1.013789587349981 -0.6906304211515881
1644 -0.377575338432408 -0.1019644236580006 -1.070611110541217
1645 1.020757543228966 -1.037463681516456 -1.091586230275153
1646 1.309052937395306 -1.05052875602013 -1.010134491281116
1647 -0.04606202013181578 0.244736941950339 -0.2320775890542371
1648 -0.7341092349905448 0.694258546812303 -1.058110696746289
1649 -1.277541670855853 0.219940097966571 -0.3763633327697352
1650 -0.7276225371865491 0.9253510822282986 -0.7741452512172086
1651 -0.2428074639014716 -0.9265830855777302 -1.077924287349638
1652 0.01184978795755949 -0.0726726669676331 -0.7287567135950778
1653 1.303480331940734 0.275456149624729 0.4122111229738452
1654 0.7511476194778398 -0.1786227582395793 0.442179681892988
1655 0.281179457173791 -0.3832061013828914 -0.6295276599968117
1656 -0.4254928783119916 -1.283514327105175 -0.2991465823263201
1657 -0.996410617624486 1.383388862245776 0.6347673438816946
1658 -1.322908345078158 0.1316447138161574 0.4987787470067302
1659 0.1692973648404235 1.340580308448467 0.5015474088118941
1660 1.391338406412729 -0.2816605829615614 0.5335968578902716
1661 -1.384713100613813 -1.152689553253142 -1.153872936395979
1662 -1.367286379176685 0.112217108138938 -1.140956016990097
1663 1.376886668493692 -0.005474282777915219 -1.143463337414596
1664 -0.08780924345527726 1.339743300228986 -1.164817185304777
1665 -1.347695687311977 -0.6444236105300747 -1.083304867557737
1666 0.4731575306482136 1.382242056670087 -1.163789233710354
1667 1.155907312639866 1.367223494868839 -1.141786703161433
1668 -1.081039035564954 1.377291346597422 -1.078478062857989
1669 1.152808382028974 -1.325548786354721 -1.164243635217953
1670 -1.389144480092297 1.056497205748533 -1.129893571251275
1671 -0.5042409012803409 1.381198054399565 -1.162599102419621
1672 -0.2118811864124937 -1.380674612295776 0.5322045586250838
1673 -1.361084638741363 -0.6323748902763549 0.526495749739736
1674 -1.317566778069386 0.6283303656598779 -1.170120907244244
1675 1.36260083454051 0.4181715973477 -1.141980225397711
1676 -0.5607336042708372 -1.363611491921908 -1.159996260202261
1677 1.368323004979165 1.390297104114184 -0.5863687692522457
1678 -1.068312483503962 -1.383957367353537 -0.7685252483118545
1679 -0.1347075843064868 1.33443652055803 0.4937640493262774
1680 -1.065736432036023 -1.363973913125107 -1.152014622784395
1681 -0.6222530340295134 1.334750149066236 0.5357034773968171
1682 0.1120242110599513 -1.318590375243308 0.4785665494299832
1683 0.4269965555489658 -1.357225759006942 -1.132335799203812
1684 1.394206141956655 0.7222258688113604 -1.122799720502745
1685 -1.325543008107605 1.285984202799101 -0.720530278793489
1686 1.388639410131191 -0.6875497590026465 -0.3583052080115016
1687 1.332794582085038 -1.257800531531909 -0.716873212970028
1688 -1.386906733714672 0.6738038577432592 -0.3631864349683773
1689 0.002351174901464313 -1.364966423547055 -1.16976598611546
1690 0.6661173776783006 -1.324291521203148 0.5257487955171786
1691 -1.302090238489035 -1.387795490669354 -0.702950311936329
1692 -0.8187610956393431 -1.381039837381129 -0.6952263137507892
1693 -1.325567220584598 0.8623604661145758 -0.7147864562670274
1694 1.353346849287236 -0.9336253321825773 -0.7259028652636258
1695 1.395220955463178 0.8509246151362772 0.609523835803223
1696 -1.314424022098264 1.393935475494896 0.0215910727096226
1697 -1.371662201398952 -0.8702873988421155 -0.006686546018308809
1698 1.360401389705204 1.211454325835568 -0.02525677784818763
1699 0.790761463976061 1.409329026384228 -0.6699379376107971
1700 1.417269639836795 -0.7522064349112155 -0.1730432712536148
1701 0.5942520336306942 1.371116675921938 -0.2977416499413491
1702 1.379979048063493 1.396921040692963 0.2013995494329656
1703 -1.366597710013167 0.6978817238255055 -0.1786227910722765
1704 1.17420722177332 1.373301014763615 -0.7004120199180324
1705 -1.395456567406612 -0.6927754927133258 0.2286224069881297
1706 1.400747890532865 0.791250542071395 0.05230183053093079
1707 1.380732894561712 -1.324101891277135 0.5357689824727376
1708 1.369091041993427 0.6236502133334916 0.2369837498219756
1709 -1.282758919658576 -1.363080505553572 -0.02670354378460442
1710 1.199357718528413 -1.391812700734847 -0.01519189366779438
1711 0.7162977324981012 -1.36326329378406 0.1119843971562949
1712 -1.414678765903886 -1.372292144492143 -0.2173785426494737
1713 -0.6423924575766753 -1.396466025605266 -0.2315810820957069
1714 1.143521622529681 1.384066264486148 0.541102551122417
1715 1.362321566891537 -1.193012009218794 0.01898977854416812
1716 -0.8882764903437781 -1.381776490881942 0.506882049427789
1717 -1.392981169089614 1.148565643064569 -0.0009305105716022772
1718 1.396247526046984 -1.403103162546401 -0.3533596094228548
1719 -1.390077218044931 1.381400524843325 0.5493586274151377
1720 -1.407055706846939 -1.039754918263189 0.6346363358697269
1721 -1.390921383769596 1.391795570852465 -0.4999924382301262
1722 -1.421777838103842 -1.430316806344927 0.3397518629858668
1723 1.415358488762628 1.380579820606327 -0.3652681389481253
1724 0.7522630740629329 1.396914369156587 -0.09531309777888551
1725 1.379618366055272 1.271697348046788 0.6077610413266881
1726 -0.8032005345386678 1.408003830483088 0.5878954764296325
1727 1.136685407838173 -1.377559540194583 0.6322883719143477
1728 1.414143401621726 -1.364808958195011 0.3546283967939332
1729 -1.379454000779472 -1.273784306151591 0.6079490471406412
1730 -1.40575030294565 1.399191083371161 0.2920853903421685
1731 -1.351206985452212 -0.9362347114175733 -1.110409129420959
1732 -0.716673365378086 1.356314739950188 -1.132235868480655
1733 -0.7876731264252912 -1.407221997904256 -1.15040832067733
1734 -1.361720916336373 -1.359260556686146 -1.137262234753145
1735 0.7954110000959905 1.38152351955103 -1.150773436087534
1736 -0.2714051597860944 -1.395907563969061 -1.122671809491329
1737 -1.396445685382598 0.798950552272306 -1.152611809691422
1738 1.353404762320555 1.285803415640368 -0.7416070683992858
1739 1.376648009147602 -0.09858751776629263 0.4813168478864323
1740 0.1883386078858429 1.324370783351793 -1.107201186260066
1741 1.346205359948439 -1.309552264958007 -1.125641359257002
1742 -1.334908946669443 0.3816227837644215 -1.136207200841452
1743 0.2171942346657009 -1.40310520500485 -1.163860381886855
1744 -1.355663864007471 -0.2635268940742366 0.4906185372301122
1745 -0.3110875299933318 1.256199141789923 -1.11202608422244
1746 -0.6419478717155678 -1.367193726920073 -0.4522199366656619
1747 -1.370569824351163 1.0506084165182 -0.7866003575815491
1748 0.8244682388068888 -1.390535056755397 0.5891280105732436
1749 1.364006352079461 -0.4296951016436242 0.5038343179294451
1750 -1.41961830043765 -0.7485972280224684 0.4888971168515397
1751 1.384344080317356 0.7150271746644858 0.4945831561367253
1752 -1.351263626704051 1.344045101821867 -1.122803062536419
1753 -1.325724179243257 -0.3918815465372322 -1.090713036198335
1754 0.9452988981010554 -1.342511056916684 -1.120451403509873
1755 -1.380264837277303 -1.371946208457722 -0.9201479656664819
1756 -1.402385033605768 -1.38394268390999 0.04220553613745767
1757 1.303203353301603 -0.8350748451481217 -1.127118466618109
1758 -1.324496290351579 1.361695134766712 -0.9314115285069388
1759 -0.7240684346995989 1.403027592977874 0.1007710600575919
1760 1.395452167952789 -1.389135600382691 -0.548454183010067
1761 1.353323006813531 -1.389114393731774 0.005895630774775218
1762 1.362803771536121 -1.321382504787991 -0.9233634609877237
1763 1.296948622511367 -1.402568132419112 0.5953899665849723
1764 1.377653655406472 1.41642550088551 -0.153093601305541
1765 1.244804058653229 1.3690073228635 0.01597822277365698
1766 1.407938042022294 1.038514352494441 0.6338672491026283
1767 -1.382938359713169 1.403711818372099 -0.305949456399085
1768 -1.398049268417142 -1.38506522245935 0.2196423846156672
1769 -1.364355044006441 -1.439886264555776 -0.3813135965118407
1770 -1.18343829639692 1.357968805865903 0.634487805158076
1771 0.5712611322595632 -1.36790977495599 0.2613421400200524
1772 1.37565579688925 -0.6307955895766885 0.5304805674994496
1773 -1.381415134184847 -1.187531261041246 -0.01718316913340234
1774 1.373327092673868 1.338143574883655 -1.082959577840987
1775 -0.6275247254017553 1.371217738716757 0.298936443763837
1776 1.394281685939676 1.354144938477518 0.01762103904190552
1777 -0.7460101273061331 1.378049388298824 0.479519830931341
1778 -1.384439240755957 -0.8440821066465567 0.6093694980304056
1779 1.402163819777931 1.4054163450843 0.4407050984711969
1780 -1.354720928812481 1.398189739094138 -0.1586452040781202
1781 -1.445821012456263 -1.445441603546444 0.504899508806635
1782 1.420298642151063 -1.41826050173303 0.4549016315062379
1783 -1.258283754072456 1.40964521361629 0.5887585924580914
1784 -1.378509470723146 -1.413674470055272 -0.5441031810113682
1785 1.243688277935639 0.6040770253517703 0.4733565311910695
1786 1.405791036306234 -1.419652473216958 0.1978691692162723
1787 1.400910220132909 -1.396376282124212 -0.166846495422062
1788 -1.378942697666117 1.273933122921198 -0.07606674813245481
1789 1.329519079598402 -1.433506580881264 0.4994113652146908
1790 0.9434774592939532 -1.332466877911634 0.6397301486308183
1791 1.413811404965116 -1.303449954595637 -0.1069681307226068
$EndNodes
$Elements
8170
1 2 2 4 51 17 1330 217
2 2 2 4 51 237 1330 17
3 2 2 4 51 226 1329 18
4 2 2 4 51 18 1329 247
5 2 2 4 51 227 1331 19
6 2 2 4 51 19 1331 246
7 2 2 4 51 20 1333 236
8 2 2 4 51 256 1333 20
9 2 2 4 51 217 1311 218
10 2 2 4 51 217 1330 1311
11 2 2 4 51 218 1301 219
12 2 2 4 51 218 1311 1301
13 2 2 4 51 219 1217 220
14 2 2 4 51 219 1301 1217
15 2 2 4 51 220 1293 221
16 2 2 4 51 1217 1293 220
17 2 2 4 51 221 1215 222
18 2 2 4 51 221 1293 1215
19 2 2 4 51 222 1298 223
20 2 2 4 51 1215 1298 222
21 2 2 4 51 223 1221 224
22 2 2 4 51 223 1298 1221
23 2 2 4 51 224 1229 225
24 2 2 4 51 1221 1229 224
25 2 2 4 51 225 1313 226
26 2 2 4 51 1229 1313 225
27 2 2 4 51 1313 1329 226
28 2 2 4 51 228 1226 227
29 2 2 4 51 1226 1331 227
30 2 2 4 51 229 1327 228
31 2 2 4 51 228 1327 1226
32 2 2 4 51 230 1218 229
33 2 2 4 51 1218 1327 229
34 2 2 4 51 231 1320 230
35 2 2 4 51 230 1320 1218
36 2 2 4 51 232 1216 231
37 2 2 4 51 1216 1320 231
38 2 2 4 51 233 1326 232
39 2 2 4 51 232 1326 1216
40 2 2 4 51 234 1222 233
41 2 2 4 51 1222 1326 233
42 2 2 4 51 235 1325 234
43 2 2 4 51 234 1325 1222
44 2 2 4 51 236 1225 235
45 2 2 4 51 1225 1325 235
46 2 2 4 51 236 1333 1225
47 2 2 4 51 238 1228 237
48 2 2 4 51 1228 1330 237
49 2 2 4 51 239 1324 238
50 2 2 4 51 238 1324 1228
51 2 2 4 51 240 1219 239
52 2 2 4 51 1219 1324 239
53 2 2 4 51 241 1323 240
54 2 2 4 51 240 1323 1219
55 2 2 4 51 242 1214 241
56 2 2 4 51 1214 1323 241
57 2 2 4 51 243 1317 242
58 2 2 4 51 242 1317 1214
59 2 2 4 51 244 1223 243
60 2 2 4 51 1223 1317 243
61 2 2 4 51 245 1258 244
62 2 2 4 51 244 1258 1223
63 2 2 4 51 246 1314 245
64 2 2 4 51 245 1314 1258
65 2 2 4 51 246 1331 1314
66 2 2 4 51 247 1227 248
67 2 2 4 51 247 1329 1227
68 2 2 4 51 248 1294 249
69 2 2 4 51 1227 1294 248
70 2 2 4 51 249 1220 250
71 2 2 4 51 249 1294 1220
72 2 2 4 51 250 1290 251
73 2 2 4 51 1220 1290 250
74 2 2 4 51 251 1213 252
75 2 2 4 51 251 1290 1213
76 2 2 4 51 252 1276 253
77 2 2 4 51 1213 1276 252
78 2 2 4 51 253 1224 254
79 2 2 4 51 253 1276 1224
80 2 2 4 51 254 1259 255
81 2 2 4 51 1224 1259 254
82 2 2 4 51 255 1312 256
83 2 2 4 51 1259 1312 255
84 2 2 4 51 1312 1333 256
85 2 2 4 51 1213 1308 1276
86 2 2 4 51 1290 1303 1213
87 2 2 4 51 1303 1308 1213
88 2 2 4 51 1214 1288 1287
89 2 2 4 51 1287 1323 1214
90 2 2 4 51 1214 1289 1288
91 2 2 4 51 1214 1317 1289
92 2 2 4 51 1293 1306 1215
93 2 2 4 51 1215 1302 1298
94 2 2 4 51 1215 1306 1302
95 2 2 4 51 1216 1270 1269
96 2 2 4 51 1269 1272 1216
97 2 2 4 51 1216 1326 1270
98 2 2 4 51 1272 1320 1216
99 2 2 4 51 1217 1305 1293
100 2 2 4 51 1301 1304 1217
101 2 2 4 51 1304 1305 1217
102 2 2 4 51 1257 1327 1218
103 2 2 4 51 1218 1328 1257
104 2 2 4 51 1320 1328 1218
105 2 2 4 51 1284 1285 1219
106 2 2 4 51 1219 1287 1284
107 2 2 4 51 1285 1324 1219
108 2 2 4 51 1219 1323 1287
109 2 2 4 51 1220 1291 1290
110 2 2 4 51 1220 1316 1291
111 2 2 4 51 1294 1316 1220
112 2 2 4 51 1221 1230 1229
113 2 2 4 51 1221 1231 1230
114 2 2 4 51 1221 1298 1231
115 2 2 4 51 1266 1270 1222
116 2 2 4 51 1222 1271 1266
117 2 2 4 51 1270 1326 1222
118 2 2 4 51 1222 1325 1271
119 2 2 4 51 1258 1321 1223
120 2 2 4 51 1223 1337 1317
121 2 2 4 51 1321 1337 1223
122 2 2 4 51 1224 1260 1259
123 2 2 4 51 1224 1261 1260
124 2 2 4 51 1224 1276 1261
125 2 2 4 51 1225 1307 1271
126 2 2 4 51 1271 1325 1225
127 2 2 4 51 1225 1312 1307
128 2 2 4 51 1225 1333 1312
129 2 2 4 51 1226 1327 1257
130 2 2 4 51 1257 1332 1226
131 2 2 4 51 1314 1331 1226
132 2 2 4 51 1226 1332 1314
133 2 2 4 51 1227 1338 1294
134 2 2 4 51 1227 1313 1295
135 2 2 4 51 1295 1338 1227
136 2 2 4 51 1227 1329 1313
137 2 2 4 51 1285 1286 1228
138 2 2 4 51 1228 1324 1285
139 2 2 4 51 1286 1311 1228
140 2 2 4 51 1311 1330 1228
141 2 2 4 51 1230 1295 1229
142 2 2 4 51 1295 1313 1229
143 2 2 4 51 1231 1232 1230
144 2 2 4 51 1232 1252 1230
145 2 2 4 51 1252 1295 1230
146 2 2 4 51 1231 1233 1232
147 2 2 4 51 1231 1302 1233
148 2 2 4 51 1298 1302 1231
149 2 2 4 51 1233 1234 1232
150 2 2 4 51 1234 1299 1232
151 2 2 4 51 1232 1299 1252
152 2 2 4 51 1233 1235 1234
153 2 2 4 51 1233 1251 1235
154 2 2 4 51 1233 1302 1251
155 2 2 4 51 1235 1236 1234
156 2 2 4 51 1236 1246 1234
157 2 2 4 51 1246 1299 1234
158 2 2 4 51 1235 1237 1236
159 2 2 4 51 1235 1297 1237
160 2 2 4 51 1251 1297 1235
161 2 2 4 51 1237 1238 1236
162 2 2 4 51 1238 1309 1236
163 2 2 4 51 1236 1309 1246
164 2 2 4 51 1237 1239 1238
165 2 2 4 51 1237 1243 1239
166 2 2 4 51 1237 1297 1243
167 2 2 4 51 1239 1240 1238
168 2 2 4 51 1240 1242 1238
169 2 2 4 51 1242 1309 1238
170 2 2 4 51 1239 1241 1240
171 2 2 4 51 1239 1277 1241
172 2 2 4 51 1243 1277 1239
173 2 2 4 51 1241 1244 1240
174 2 2 4 51 1240 1315 1242
175 2 2 4 51 1244 1315 1240
176 2 2 4 51 1241 1245 1244
177 2 2 4 51 1241 1247 1245
178 2 2 4 51 1241 1277 1247
179 2 2 4 51 1274 1309 1242
180 2 2 4 51 1242 1335 1274
181 2 2 4 51 1315 1335 1242
182 2 2 4 51 1243 1278 1277
183 2 2 4 51 1243 1279 1278
184 2 2 4 51 1243 1297 1279
185 2 2 4 51 1245 1248 1244
186 2 2 4 51 1248 1249 1244
187 2 2 4 51 1249 1315 1244
188 2 2 4 51 1247 1296 1245
189 2 2 4 51 1245 1250 1248
190 2 2 4 51 1245 1296 1250
191 2 2 4 51 1246 1310 1299
192 2 2 4 51 1309 1334 1246
193 2 2 4 51 1246 1334 1310
194 2 2 4 51 1277 1300 1247
195 2 2 4 51 1247 1318 1296
196 2 2 4 51 1300 1318 1247
197 2 2 4 51 1248 1322 1249
198 2 2 4 51 1250 1253 1248
199 2 2 4 51 1253 1322 1248
200 2 2 4 51 1267 1268 1249
201 2 2 4 51 1249 1269 1267
202 2 2 4 51 1268 1315 1249
203 2 2 4 51 1249 1322 1269
204 2 2 4 51 1250 1254 1253
205 2 2 4 51 1250 1255 1254
206 2 2 4 51 1250 1296 1255
207 2 2 4 51 1292 1297 1251
208 2 2 4 51 1251 1306 1292
209 2 2 4 51 1302 1306 1251
210 2 2 4 51 1252 1338 1295
211 2 2 4 51 1299 1336 1252
212 2 2 4 51 1252 1336 1316
213 2 2 4 51 1316 1338 1252
214 2 2 4 51 1254 1328 1253
215 2 2 4 51 1272 1322 1253
216 2 2 4 51 1253 1328 1272
217 2 2 4 51 1255 1256 1254
218 2 2 4 51 1256 1257 1254
219 2 2 4 51 1257 1328 1254
220 2 2 4 51 1255 1321 1256
221 2 2 4 51 1296 1319 1255
222 2 2 4 51 1319 1321 1255
223 2 2 4 51 1256 1332 1257
224 2 2 4 51 1256 1321 1258
225 2 2 4 51 1258 1332 1256
226 2 2 4 51 1314 1332 1258
227 2 2 4 51 1260 1307 1259
228 2 2 4 51 1307 1312 1259
229 2 2 4 51 1261 1262 1260
230 2 2 4 51 1262 1264 1260
231 2 2 4 51 1264 1307 1260
232 2 2 4 51 1261 1263 1262
233 2 2 4 51 1261 1308 1263
234 2 2 4 51 1276 1308 1261
235 2 2 4 51 1263 1273 1262
236 2 2 4 51 1262 1265 1264
237 2 2 4 51 1262 1273 1265
238 2 2 4 51 1263 1274 1273
239 2 2 4 51 1263 1275 1274
240 2 2 4 51 1263 1308 1275
241 2 2 4 51 1265 1266 1264
242 2 2 4 51 1266 1271 1264
243 2 2 4 51 1271 1307 1264
244 2 2 4 51 1265 1267 1266
245 2 2 4 51 1265 1268 1267
246 2 2 4 51 1265 1273 1268
247 2 2 4 51 1267 1270 1266
248 2 2 4 51 1269 1270 1267
249 2 2 4 51 1273 1335 1268
250 2 2 4 51 1268 1335 1315
251 2 2 4 51 1269 1322 1272
252 2 2 4 51 1272 1328 1320
253 2 2 4 51 1274 1335 1273
254 2 2 4 51 1275 1334 1274
255 2 2 4 51 1274 1334 1309
256 2 2 4 51 1275 1308 1303
257 2 2 4 51 1303 1310 1275
258 2 2 4 51 1310 1334 1275
259 2 2 4 51 1278 1300 1277
260 2 2 4 51 1279 1280 1278
261 2 2 4 51 1280 1281 1278
262 2 2 4 51 1281 1300 1278
263 2 2 4 51 1279 1282 1280
264 2 2 4 51 1279 1292 1282
265 2 2 4 51 1279 1297 1292
266 2 2 4 51 1280 1284 1281
267 2 2 4 51 1282 1283 1280
268 2 2 4 51 1283 1284 1280
269 2 2 4 51 1284 1287 1281
270 2 2 4 51 1287 1288 1281
271 2 2 4 51 1288 1300 1281
272 2 2 4 51 1282 1304 1283
273 2 2 4 51 1292 1305 1282
274 2 2 4 51 1282 1305 1304
275 2 2 4 51 1283 1285 1284
276 2 2 4 51 1283 1286 1285
277 2 2 4 51 1283 1304 1286
278 2 2 4 51 1286 1304 1301
279 2 2 4 51 1301 1311 1286
280 2 2 4 51 1289 1318 1288
281 2 2 4 51 1288 1318 1300
282 2 2 4 51 1317 1337 1289
283 2 2 4 51 1289 1319 1318
284 2 2 4 51 1289 1337 1319
285 2 2 4 51 1291 1303 1290
286 2 2 4 51 1291 1310 1303
287 2 2 4 51 1291 1336 1310
288 2 2 4 51 1316 1336 1291
289 2 2 4 51 1292 1306 1305
290 2 2 4 51 1305 1306 1293
291 2 2 4 51 1294 1338 1316
292 2 2 4 51 1318 1319 1296
293 2 2 4 51 1310 1336 1299
294 2 2 4 51 1319 1337 1321
295 4 2 2 1 1350 1346 282 1344
296 4 2 2 1 1350 1346 1344 31
297 4 2 2 1 1346 283 282 1344
298 4 2 2 1 1350 1346 31 1345
299 4 2 2 1 1350 1346 1345 282
300 4 2 2 1 260 1346 31 1344
301 4 2 2 1 1353 1349 40 340
302 4 2 2 1 1346 282 281 1345
303 4 2 2 1 282 287 1350 1344
304 4 2 2 1 318 1341 327 1343
305 4 2 2 1 36 1341 318 1343
306 4 2 2 1 327 1341 295 1343
307 4 2 2 1 317 1341 36 1343
308 4 2 2 1 274 1340 278 1342
309 4 2 2 1 278 1340 279 1342
310 4 2 2 1 31 1346 303 1345
311 4 2 2 1 317 325 1341 1343
312 4 2 2 1 272 1340 274 1342
313 4 2 2 1 282 313 1350 287
314 4 2 2 1 257 1350 31 1345
315 4 2 2 1 282 1346 281 283
316 4 2 2 1 271 1347 288 1340
317 4 2 2 1 326 1354 264 1340
318 4 2 2 1 261 1352 326 1340
319 4 2 2 1 271 1347 1340 27
320 4 2 2 1 292 295 1341 1343
321 4 2 2 1 334 316 1354 1340
322 4 2 2 1 266 1340 272 1342
323 4 2 2 1 310 1341 325 1343
324 4 2 2 1 279 1340 319 1342
325 4 2 2 1 1347 334 1354 1340
326 4 2 2 1 1348 1349 1341 1353
327 4 2 2 1 297 319 1340 1342
328 4 2 2 1 1354 316 264 1340
329 4 2 2 1 1352 261 288 1340
330 4 2 2 1 28 1340 266 1342
331 4 2 2 1 297 1340 28 1342
332 4 2 2 1 311 325 317 1343
333 4 2 2 1 324 1339 34 1343
334 4 2 2 1 34 324 259 1339
335 4 2 2 1 323 1339 324 1343
336 4 2 2 1 323 259 324 1339
337 4 2 2 1 34 308 263 1339
338 4 2 2 1 263 34 1339 1343
339 4 2 2 1 290 1339 291 1343
340 4 2 2 1 269 318 36 1341
341 4 2 2 1 31 260 303 1346
342 4 2 2 1 289 291 290 1339
343 4 2 2 1 269 327 318 1341
344 4 2 2 1 308 329 263 1339
345 4 2 2 1 323 291 1339 1343
346 4 2 2 1 263 1339 329 1343
347 4 2 2 1 311 310 325 1343
348 4 2 2 1 289 323 291 1339
349 4 2 2 1 294 290 301 1339
350 4 2 2 1 257 305 31 1350
351 4 2 2 1 1346 307 283 1344
352 4 2 2 1 294 301 329 1339
353 4 2 2 1 278 276 274 1342
354 4 2 2 1 279 276 278 1342
355 4 2 2 1 290 301 1339 1343
356 4 2 2 1 281 282 280 1345
357 4 2 2 1 1346 307 1344 260
358 4 2 2 1 329 1339 301 1343
359 4 2 2 1 317 268 36 1341
360 4 2 2 1 274 322 278 1340
361 4 2 2 1 274 272 322 1340
362 4 2 2 1 282 283 284 1344
363 4 2 2 1 313 280 282 1345
364 4 2 2 1 36 318 35 1343
365 4 2 2 1 317 325 268 1341
366 4 2 2 1 317 36 35 1343
367 4 2 2 1 264 316 335 1340
368 4 2 2 1 304 279 278 1340
369 4 2 2 1 292 295 330 1341
370 4 2 2 1 266 271 272 1340
371 4 2 2 1 282 284 287 1344
372 4 2 2 1 266 28 271 1340
373 4 2 2 1 309 326 264 1340
374 4 2 2 1 309 261 326 1340
375 4 2 2 1 274 273 272 1342
376 4 2 2 1 260 31 32 1344
377 4 2 2 1 304 319 279 1340
378 4 2 2 1 334 270 316 1340
379 4 2 2 1 1349 41 40 340
380 4 2 2 1 328 288 261 1340
381 4 2 2 1 331 338 306 1344
382 4 2 2 1 271 1347 27 333
383 4 2 2 1 297 270 28 1340
384 4 2 2 1 279 319 302 1342
385 4 2 2 1 331 306 1339 1344
386 4 2 2 1 297 319 270 1340
387 4 2 2 1 31 305 32 1344
388 4 2 2 1 297 302 319 1342
389 4 2 2 1 1347 1 27 333
390 4 2 2 1 331 262 338 1344
391 4 2 2 1 331 1339 262 1344
392 4 2 2 1 266 272 273 1342
393 4 2 2 1 1347 334 1340 27
394 4 2 2 1 286 1339 306 1344
395 4 2 2 1 335 316 270 1340
396 4 2 2 1 268 1348 37 1341
397 4 2 2 1 1348 336 1341 1351
398 4 2 2 1 267 1353 321 1341
399 4 2 2 1 1351 320 336 1341
400 4 2 2 1 271 1347 333 288
401 4 2 2 1 277 1342 298 1345
402 4 2 2 1 320 1351 265 1341
403 4 2 2 1 286 285 1339 1344
404 4 2 2 1 314 273 275 1342
405 4 2 2 1 37 2 1348 337
406 4 2 2 1 1348 336 1351 2
407 4 2 2 1 1352 261 22 288
408 4 2 2 1 1354 1352 24 339
409 4 2 2 1 262 1339 33 1344
410 4 2 2 1 286 306 284 1344
411 4 2 2 1 321 267 39 1353
412 4 2 2 1 312 1339 285 1344
413 4 2 2 1 298 332 302 1342
414 4 2 2 1 297 28 29 1342
415 4 2 2 1 314 1342 275 1345
416 4 2 2 1 268 1348 1341 321
417 4 2 2 1 334 27 270 1340
418 4 2 2 1 326 261 23 1352
419 4 2 2 1 29 1342 300 1345
420 4 2 2 1 277 298 1342 332
421 4 2 2 1 28 266 29 1342
422 4 2 2 1 42 265 320 1351
423 4 2 2 1 262 331 308 1339
424 4 2 2 1 33 1339 299 1344
425 4 2 2 1 1349 1351 1341 265
426 4 2 2 1 271 288 328 1340
427 4 2 2 1 314 300 273 1342
428 4 2 2 1 1354 25 264 316
429 4 2 2 1 42 1349 265 1351
430 4 2 2 1 277 275 1342 1345
431 4 2 2 1 327 265 295 1341
432 4 2 2 1 264 326 24 1354
433 4 2 2 1 312 299 1339 1344
434 4 2 2 1 258 1342 29 1345
435 4 2 2 1 262 308 33 1339
436 4 2 2 1 267 293 1353 1341
437 4 2 2 1 286 284 285 1344
438 4 2 2 1 37 269 36 1341
439 4 2 2 1 298 302 258 1342
440 4 2 2 1 300 1342 314 1345
441 4 2 2 1 289 286 285 1339
442 4 2 2 1 298 1342 258 1345
443 4 2 2 1 292 310 301 1343
444 4 2 2 1 30 257 31 1345
445 4 2 2 1 289 285 312 1339
446 4 2 2 1 269 320 327 1341
447 4 2 2 1 294 329 331 1339
448 4 2 2 1 331 306 294 1339
449 4 2 2 1 290 294 286 1339
450 4 2 2 1 268 37 36 1341
451 4 2 2 1 308 34 33 1339
452 4 2 2 1 286 294 306 1339
453 4 2 2 1 29 300 30 1345
454 4 2 2 1 21 1347 288 333
455 4 2 2 1 308 331 329 1339
456 4 2 2 1 310 311 301 1343
457 4 2 2 1 304 264 335 1340
458 4 2 2 1 277 276 332 1342
459 4 2 2 1 1354 326 24 1352
460 4 2 2 1 277 275 276 1342
461 4 2 2 1 299 33 259 1339
462 4 2 2 1 1351 320 43 336
463 4 2 2 1 267 293 40 1353
464 4 2 2 1 30 31 303 1345
465 4 2 2 1 289 312 323 1339
466 4 2 2 1 322 328 261 1340
467 4 2 2 1 35 34 263 1343
468 4 2 2 1 283 285 284 1344
469 4 2 2 1 277 280 275 1345
470 4 2 2 1 309 264 304 1340
471 4 2 2 1 290 286 289 1339
472 4 2 2 1 299 259 312 1339
473 4 2 2 1 34 259 33 1339
474 4 2 2 1 1346 298 1345 281
475 4 2 2 1 35 324 34 1343
476 4 2 2 1 291 296 295 1343
477 4 2 2 1 312 259 323 1339
478 4 2 2 1 258 29 30 1345
479 4 2 2 1 274 275 273 1342
480 4 2 2 1 322 272 328 1340
481 4 2 2 1 323 296 291 1343
482 4 2 2 1 324 296 323 1343
483 4 2 2 1 334 26 1354 316
484 4 2 2 1 22 23 261 1352
485 4 2 2 1 270 27 28 1340
486 4 2 2 1 276 275 274 1342
487 4 2 2 1 307 312 285 1344
488 4 2 2 1 318 324 35 1343
489 4 2 2 1 35 263 317 1343
490 4 2 2 1 291 295 292 1343
491 4 2 2 1 332 276 279 1342
492 4 2 2 1 27 271 28 1340
493 4 2 2 1 332 279 302 1342
494 4 2 2 1 283 307 285 1344
495 4 2 2 1 271 328 272 1340
496 4 2 2 1 264 24 25 1354
497 4 2 2 1 318 296 324 1343
498 4 2 2 1 1346 298 281 315
499 4 2 2 1 38 321 1348 337
500 4 2 2 1 290 291 292 1343
501 4 2 2 1 314 275 280 1345
502 4 2 2 1 322 261 309 1340
503 4 2 2 1 320 269 336 1341
504 4 2 2 1 267 40 39 1353
505 4 2 2 1 309 304 278 1340
506 4 2 2 1 26 1354 25 339
507 4 2 2 1 329 311 263 1343
508 4 2 2 1 32 262 33 1344
509 4 2 2 1 327 320 265 1341
510 4 2 2 1 322 309 278 1340
511 4 2 2 1 307 299 312 1344
512 4 2 2 1 265 1349 330 1341
513 4 2 2 1 306 287 284 1344
514 4 2 2 1 270 319 335 1340
515 4 2 2 1 263 311 317 1343
516 4 2 2 1 335 319 304 1340
517 4 2 2 1 258 297 29 1342
518 4 2 2 1 295 265 330 1341
519 4 2 2 1 21 1347 22 288
520 4 2 2 1 32 33 299 1344
521 4 2 2 1 42 1349 1351 340
522 4 2 2 1 266 273 300 1342
523 4 2 2 1 306 338 287 1344
524 4 2 2 1 29 266 300 1342
525 4 2 2 1 1354 1 26 334
526 4 2 2 1 258 302 297 1342
527 4 2 2 1 281 280 277 1345
528 4 2 2 1 287 338 305 1344
529 4 2 2 1 329 301 311 1343
530 4 2 2 1 1341 1348 1353 321
531 4 2 2 1 314 280 313 1345
532 4 2 2 1 290 292 301 1343
533 4 2 2 1 314 313 257 1345
534 4 2 2 1 21 1 1347 333
535 4 2 2 1 37 336 269 1341
536 4 2 2 1 307 260 299 1344
537 4 2 2 1 32 299 260 1344
538 4 2 2 1 338 262 305 1344
539 4 2 2 1 25 1354 26 316
540 4 2 2 1 23 24 326 1352
541 4 2 2 1 305 262 32 1344
542 4 2 2 1 310 293 267 1341
543 4 2 2 1 268 1348 321 337
544 4 2 2 1 30 300 257 1345
545 4 2 2 1 1351 43 2 336
546 4 2 2 1 300 314 257 1345
547 4 2 2 1 325 267 321 1341
548 4 2 2 1 298 281 277 1345
549 4 2 2 1 268 1348 337 37
550 4 2 2 1 303 298 258 1345
551 4 2 2 1 325 321 268 1341
552 4 2 2 1 30 303 258 1345
553 4 2 2 1 267 325 310 1341
554 4 2 2 1 293 41 40 1349
555 4 2 2 1 1348 2 38 337
556 4 2 2 1 41 1349 330 265
557 4 2 2 1 310 330 293 1341
558 4 2 2 1 327 1343 296 318
559 4 2 2 1 296 1343 327 295
560 4 2 2 1 326 1352 1354 1340
561 4 2 2 1 23 24 1352 339
562 4 2 2 1 1346 307 260 315
563 4 2 2 1 1346 298 315 303
564 4 2 2 1 1346 315 281 283
565 4 2 2 1 310 292 1341 1343
566 4 2 2 1 43 1351 42 320
567 4 2 2 1 310 292 330 1341
568 4 2 2 1 42 1351 43 340
569 4 2 2 1 22 1347 21 339
570 4 2 2 1 1347 334 27 1
571 4 2 2 1 1347 334 1 1354
572 4 2 2 1 22 1347 1352 288
573 4 2 2 1 21 1 339 1347
574 4 2 2 1 1348 336 2 37
575 4 2 2 1 1348 336 37 1341
576 4 2 2 1 1348 1349 1353 340
577 4 2 2 1 1353 1348 39 321
578 4 2 2 1 340 2 38 1348
579 4 2 2 1 1347 1354 1 339
580 4 2 2 1 1349 293 330 1341
581 4 2 2 1 41 293 330 1349
582 4 2 2 1 1346 307 315 283
583 4 2 2 1 1346 298 303 1345
584 4 2 2 1 1346 260 303 315
585 4 2 2 1 339 1 26 1354
586 4 2 2 1 1347 1354 339 1352
587 4 2 2 1 31 1350 305 1344
588 4 2 2 1 42 1349 340 41
589 4 2 2 1 1350 287 305 1344
590 4 2 2 1 1350 313 305 287
591 4 2 2 1 1348 1349 340 1351
592 4 2 2 1 1353 40 39 340
593 4 2 2 1 1348 1351 340 2
594 4 2 2 1 1353 293 40 1349
595 4 2 2 1 340 43 2 1351
596 4 2 2 1 42 1349 41 265
597 4 2 2 1 1352 1347 22 339
598 4 2 2 1 1352 1347 1340 288
599 4 2 2 1 1348 1349 1351 1341
600 4 2 2 1 22 23 1352 339
601 4 2 2 1 1347 1354 1352 1340
602 4 2 2 1 1350 313 282 1345
603 4 2 2 1 38 1348 39 340
604 4 2 2 1 257 313 1350 1345
605 4 2 2 1 257 305 1350 313
606 4 2 2 1 1354 24 25 339
607 4 2 2 1 39 1348 1353 340
608 4 2 2 1 39 1348 38 321
609 4 2 2 1 1353 293 1349 1341
610 4 2 2 2 359 1362 1360 361
611 4 2 2 2 1367 1363 66 424
612 4 2 2 2 365 364 1362 1361
613 4 2 2 2 1365 1364 45 423
614 4 2 2 2 66 65 1367 424
615 4 2 2 2 56 1362 341 1361
616 4 2 2 2 1368 61 400 1363
617 4 2 2 2 411 402 1356 1359
618 4 2 2 2 51 1356 402 1359
619 4 2 2 2 411 1356 379 1359
620 4 2 2 2 401 1356 51 1359
621 4 2 2 2 56 1362 1361 387
622 4 2 2 2 401 409 1356 1359
623 4 2 2 2 58 1362 1360 384
624 4 2 2 2 364 361 365 1362
625 4 2 2 2 394 1356 409 1359
626 4 2 2 2 1368 61 1363 424
627 4 2 2 2 362 358 1357 1360
628 4 2 2 2 379 1356 376 1359
629 4 2 2 2 58 1362 384 57
630 4 2 2 2 362 1357 363 1360
631 4 2 2 2 395 409 401 1359
632 4 2 2 2 352 411 402 1356
633 4 2 2 2 352 402 51 1356
634 4 2 2 2 358 356 1357 1360
635 4 2 2 2 359 1362 361 364
636 4 2 2 2 410 1368 348 1357
637 4 2 2 2 354 1363 1357 400
638 4 2 2 2 1367 417 1363 1357
639 4 2 2 2 1362 397 341 1361
640 4 2 2 2 345 1367 410 1357
641 4 2 2 2 354 1363 400 418
642 4 2 2 2 47 423 1366 1365
643 4 2 2 2 359 1362 364 398
644 4 2 2 2 395 394 409 1359
645 4 2 2 2 350 1357 356 1360
646 4 2 2 2 403 363 1357 1360
647 4 2 2 2 1368 400 348 1357
648 4 2 2 2 372 1367 345 1357
649 4 2 2 2 397 398 1362 341
650 4 2 2 2 59 1357 350 1360
651 4 2 2 2 403 1357 381 1360
652 4 2 2 2 59 381 1357 1360
653 4 2 2 2 1362 384 57 341
654 4 2 2 2 385 1355 1359 413
655 4 2 2 2 385 1355 413 378
656 4 2 2 2 51 402 52 1359
657 4 2 2 2 347 1355 413 1359
658 4 2 2 2 51 401 353 1356
659 4 2 2 2 53 408 1355 1359
660 4 2 2 2 374 373 375 1355
661 4 2 2 2 374 1355 375 1359
662 4 2 2 2 360 358 362 1360
663 4 2 2 2 408 407 1355 1359
664 4 2 2 2 347 1355 1359 53
665 4 2 2 2 363 360 362 1360
666 4 2 2 2 401 51 52 1359
667 4 2 2 2 375 1355 407 1359
668 4 2 2 2 407 375 373 1355
669 4 2 2 2 53 408 343 1355
670 4 2 2 2 1362 387 57 342
671 4 2 2 2 358 406 362 1357
672 4 2 2 2 408 407 343 1355
673 4 2 2 2 401 409 353 1356
674 4 2 2 2 347 1355 53 392
675 4 2 2 2 358 356 406 1357
676 4 2 2 2 347 1355 392 413
677 4 2 2 2 385 1355 378 374
678 4 2 2 2 385 1355 374 1359
679 4 2 2 2 348 400 419 1357
680 4 2 2 2 414 376 379 1356
681 4 2 2 2 363 362 388 1357
682 4 2 2 2 350 355 356 1357
683 4 2 2 2 1364 1366 1365 1356
684 4 2 2 2 354 1363 418 60
685 4 2 2 2 350 59 355 1357
686 4 2 2 2 410 348 393 1357
687 4 2 2 2 410 393 345 1357
688 4 2 2 2 390 1355 415 1358
689 4 2 2 2 382 361 416 1360
690 4 2 2 2 412 372 345 1357
691 4 2 2 2 363 388 403 1357
692 4 2 2 2 390 415 422 1358
693 4 2 2 2 381 354 59 1357
694 4 2 2 2 417 372 355 1357
695 4 2 2 2 403 386 363 1360
696 4 2 2 2 358 357 356 1360
697 4 2 2 2 381 403 354 1357
698 4 2 2 2 1363 60 4 418
699 4 2 2 2 364 365 366 1361
700 4 2 2 2 346 415 1355 1358
701 4 2 2 2 423 47 46 1365
702 4 2 2 2 370 1355 390 1358
703 4 2 2 2 354 1363 60 1357
704 4 2 2 2 381 386 403 1360
705 4 2 2 2 370 369 1355 1358
706 4 2 2 2 346 422 415 1358
707 4 2 2 2 58 1362 57 342
708 4 2 2 2 396 1355 369 1358
709 4 2 2 2 56 1362 387 57
710 4 2 2 2 400 354 419 1357
711 4 2 2 2 352 1364 1356 50
712 4 2 2 2 1364 421 1366 1356
713 4 2 2 2 397 364 366 1361
714 4 2 2 2 356 357 350 1360
715 4 2 2 2 417 355 60 1357
716 4 2 2 2 1366 405 351 1356
717 4 2 2 2 383 54 1355 1358
718 4 2 2 2 420 50 3 1364
719 4 2 2 2 1364 421 1356 50
720 4 2 2 2 352 1364 50 420
721 4 2 2 2 373 370 369 1355
722 4 2 2 2 404 1365 349 1356
723 4 2 2 2 396 383 1355 1358
724 4 2 2 2 372 65 345 1367
725 4 2 2 2 373 369 396 1355
726 4 2 2 2 386 382 416 1360
727 4 2 2 2 58 1362 342 1360
728 4 2 2 2 351 1366 48 405
729 4 2 2 2 345 64 410 1367
730 4 2 2 2 56 1362 57 341
731 4 2 2 2 357 398 384 1360
732 4 2 2 2 1366 421 405 1356
733 4 2 2 2 58 381 59 1360
734 4 2 2 2 357 359 398 1360
735 4 2 2 2 355 372 412 1357
736 4 2 2 2 385 376 394 1359
737 4 2 2 2 62 348 1368 400
738 4 2 2 2 58 59 350 1360
739 4 2 2 2 45 349 404 1365
740 4 2 2 2 346 1355 54 1358
741 4 2 2 2 63 62 1368 424
742 4 2 2 2 368 370 390 1358
743 4 2 2 2 50 352 51 1356
744 4 2 2 2 410 63 348 1368
745 4 2 2 2 349 379 411 1356
746 4 2 2 2 371 368 1358 1361
747 4 2 2 2 390 378 415 1355
748 4 2 2 2 413 415 378 1355
749 4 2 2 2 343 383 54 1355
750 4 2 2 2 371 366 368 1361
751 4 2 2 2 1368 61 424 62
752 4 2 2 2 370 378 390 1355
753 4 2 2 2 343 396 383 1355
754 4 2 2 2 353 50 51 1356
755 4 2 2 2 386 342 382 1360
756 4 2 2 2 1368 61 62 400
757 4 2 2 2 379 376 375 1359
758 4 2 2 2 413 392 415 1355
759 4 2 2 2 380 379 375 1359
760 4 2 2 2 395 385 394 1359
761 4 2 2 2 351 377 1366 1356
762 4 2 2 2 368 367 1358 1361
763 4 2 2 2 374 378 370 1355
764 4 2 2 2 368 369 370 1358
765 4 2 2 2 346 415 392 1355
766 4 2 2 2 352 404 411 1356
767 4 2 2 2 419 388 348 1357
768 4 2 2 2 52 347 401 1359
769 4 2 2 2 1367 417 1357 372
770 4 2 2 2 373 374 370 1355
771 4 2 2 2 345 406 412 1357
772 4 2 2 2 368 366 367 1361
773 4 2 2 2 369 368 367 1358
774 4 2 2 2 407 408 380 1359
775 4 2 2 2 393 348 388 1357
776 4 2 2 2 52 408 53 1359
777 4 2 2 2 47 1366 351 377
778 4 2 2 2 360 416 361 1360
779 4 2 2 2 52 53 347 1359
780 4 2 2 2 404 420 44 1364
781 4 2 2 2 346 392 54 1355
782 4 2 2 2 412 406 356 1357
783 4 2 2 2 360 361 359 1360
784 4 2 2 2 407 380 375 1359
785 4 2 2 2 65 64 345 1367
786 4 2 2 2 391 1358 367 1361
787 4 2 2 2 59 354 60 1357
788 4 2 2 2 369 367 391 1358
789 4 2 2 2 402 408 52 1359
790 4 2 2 2 373 396 407 1355
791 4 2 2 2 390 371 368 1358
792 4 2 2 2 61 1363 418 400
793 4 2 2 2 55 1358 344 1361
794 4 2 2 2 53 54 392 1355
795 4 2 2 2 371 1358 389 1361
796 4 2 2 2 53 343 54 1355
797 4 2 2 2 352 1364 420 404
798 4 2 2 2 59 60 355 1357
799 4 2 2 2 407 396 343 1355
800 4 2 2 2 1366 421 49 405
801 4 2 2 2 55 389 1358 1361
802 4 2 2 2 375 376 374 1359
803 4 2 2 2 412 356 355 1357
804 4 2 2 2 363 416 360 1360
805 4 2 2 2 371 422 389 1358
806 4 2 2 2 63 62 348 1368
807 4 2 2 2 396 369 391 1358
808 4 2 2 2 393 406 345 1357
809 4 2 2 2 360 359 358 1360
810 4 2 2 2 388 362 393 1357
811 4 2 2 2 411 404 349 1356
812 4 2 2 2 363 386 416 1360
813 4 2 2 2 390 422 371 1358
814 4 2 2 2 1366 48 47 351
815 4 2 2 2 395 401 347 1359
816 4 2 2 2 380 408 402 1359
817 4 2 2 2 359 357 358 1360
818 4 2 2 2 362 406 393 1357
819 4 2 2 2 341 397 389 1361
820 4 2 2 2 391 344 1358 1361
821 4 2 2 2 396 391 383 1358
822 4 2 2 2 383 344 55 1358
823 4 2 2 2 414 379 349 1356
824 4 2 2 2 414 349 1365 1356
825 4 2 2 2 352 1364 404 1356
826 4 2 2 2 346 389 422 1358
827 4 2 2 2 44 1364 45 404
828 4 2 2 2 54 383 55 1358
829 4 2 2 2 66 65 372 1367
830 4 2 2 2 403 419 354 1357
831 4 2 2 2 384 350 357 1360
832 4 2 2 2 403 388 419 1357
833 4 2 2 2 391 344 383 1358
834 4 2 2 2 347 413 395 1359
835 4 2 2 2 349 45 46 1365
836 4 2 2 2 54 55 346 1358
837 4 2 2 2 384 58 350 1360
838 4 2 2 2 55 389 346 1358
839 4 2 2 2 58 342 381 1360
840 4 2 2 2 374 376 385 1359
841 4 2 2 2 341 389 56 1361
842 4 2 2 2 1365 1364 1356 404
843 4 2 2 2 417 4 66 1363
844 4 2 2 2 1363 4 61 418
845 4 2 2 2 397 371 389 1361
846 4 2 2 2 365 367 366 1361
847 4 2 2 2 367 399 391 1361
848 4 2 2 2 405 409 351 1356
849 4 2 2 2 413 385 395 1359
850 4 2 2 2 386 381 342 1360
851 4 2 2 2 1368 64 1367 410
852 4 2 2 2 351 409 394 1356
853 4 2 2 2 405 353 409 1356
854 4 2 2 2 397 366 371 1361
855 4 2 2 2 1368 64 410 63
856 4 2 2 2 55 56 389 1361
857 4 2 2 2 344 391 399 1361
858 4 2 2 2 394 377 351 1356
859 4 2 2 2 55 344 56 1361
860 4 2 2 2 353 405 421 1356
861 4 2 2 2 420 3 44 1364
862 4 2 2 2 387 56 344 1361
863 4 2 2 2 365 399 367 1361
864 4 2 2 2 1365 47 46 377
865 4 2 2 2 421 49 3 1366
866 4 2 2 2 50 353 421 1356
867 4 2 2 2 349 46 414 1365
868 4 2 2 2 414 377 394 1356
869 4 2 2 2 387 344 399 1361
870 4 2 2 2 1359 411 380 379
871 4 2 2 2 1359 380 411 402
872 4 2 2 2 1362 399 365 1361
873 4 2 2 2 1362 399 1361 387
874 4 2 2 2 361 382 1362 1360
875 4 2 2 2 1362 399 387 382
876 4 2 2 2 1363 1368 1367 1357
877 4 2 2 2 1357 1363 1368 400
878 4 2 2 2 1362 361 365 382
879 4 2 2 2 49 1366 48 423
880 4 2 2 2 376 1356 394 1359
881 4 2 2 2 414 394 376 1356
882 4 2 2 2 1364 1366 3 423
883 4 2 2 2 1368 64 63 424
884 4 2 2 2 1363 417 4 60
885 4 2 2 2 1363 417 60 1357
886 4 2 2 2 1368 64 424 1367
887 4 2 2 2 424 4 61 1363
888 4 2 2 2 1364 421 50 3
889 4 2 2 2 1364 421 3 1366
890 4 2 2 2 45 1364 44 423
891 4 2 2 2 45 1364 1365 404
892 4 2 2 2 1364 3 44 423
893 4 2 2 2 1366 49 3 423
894 4 2 2 2 414 1365 377 1356
895 4 2 2 2 1365 46 414 377
896 4 2 2 2 359 1362 398 1360
897 4 2 2 2 48 1366 49 405
898 4 2 2 2 384 398 1362 1360
899 4 2 2 2 398 384 1362 341
900 4 2 2 2 1367 417 372 66
901 4 2 2 2 1365 45 46 423
902 4 2 2 2 1364 1366 423 1365
903 4 2 2 2 1367 417 66 1363
904 4 2 2 2 1363 4 66 424
905 4 2 2 2 397 398 364 1362
906 4 2 2 2 364 397 1362 1361
907 4 2 2 2 1366 377 1365 1356
908 4 2 2 2 47 1365 1366 377
909 4 2 2 2 423 48 47 1366
910 4 2 2 2 1362 399 382 365
911 4 2 2 2 382 342 1362 1360
912 4 2 2 2 382 387 1362 342
913 4 2 2 2 65 64 1367 424
914 4 2 2 2 1363 1367 1368 424
915 4 2 2 2 1368 1367 1357 410
916 4 2 2 3 476 1371 1372 443
917 4 2 2 3 441 1371 443 1372
918 4 2 2 3 485 482 1371 1372
919 4 2 2 3 487 1381 1372 427
920 4 2 2 3 476 1371 443 475
921 4 2 2 3 441 1371 1372 440
922 4 2 2 3 487 1381 427 495
923 4 2 2 3 485 1371 81 1372
924 4 2 2 3 1378 488 501 1372
925 4 2 2 3 1380 501 83 1372
926 4 2 2 3 438 1371 1372 81
927 4 2 2 3 487 1381 495 464
928 4 2 2 3 487 1381 464 1372
929 4 2 2 3 488 1378 477 1372
930 4 2 2 3 1378 427 477 1372
931 4 2 2 3 1381 84 1380 514
932 4 2 2 3 6 84 514 1380
933 4 2 2 3 1381 494 1372 1380
934 4 2 2 3 438 1371 81 467
935 4 2 2 3 441 1371 440 442
936 4 2 2 3 441 1371 442 443
937 4 2 2 3 455 475 443 1371
938 4 2 2 3 435 501 488 1372
939 4 2 2 3 476 1371 475 482
940 4 2 2 3 455 443 442 1371
941 4 2 2 3 1381 84 514 85
942 4 2 2 3 435 83 501 1372
943 4 2 2 3 482 432 485 1371
944 4 2 2 3 476 1371 482 1372
945 4 2 2 3 488 477 504 1372
946 4 2 2 3 81 485 432 1371
947 4 2 2 3 500 482 475 1371
948 4 2 2 3 83 434 494 1372
949 4 2 2 3 445 1375 1369 479
950 4 2 2 3 480 512 466 1369
951 4 2 2 3 427 487 486 1372
952 4 2 2 3 488 504 435 1372
953 4 2 2 3 465 466 512 1369
954 4 2 2 3 494 434 464 1372
955 4 2 2 3 1378 1381 1372 1380
956 4 2 2 3 427 486 477 1372
957 4 2 2 3 485 81 82 1372
958 4 2 2 3 432 482 500 1371
959 4 2 2 3 503 1370 506 1376
960 4 2 2 3 440 483 442 1371
961 4 2 2 3 1382 433 1379 1369
962 4 2 2 3 74 465 1369 1375
963 4 2 2 3 503 506 473 1376
964 4 2 2 3 510 446 74 1369
965 4 2 2 3 449 1373 447 1375
966 4 2 2 3 1377 1383 1369 513
967 4 2 2 3 445 1375 479 484
968 4 2 2 3 465 466 1369 1375
969 4 2 2 3 81 438 82 1372
970 4 2 2 3 1373 508 1375 462
971 4 2 2 3 447 1373 426 1375
972 4 2 2 3 479 480 466 1369
973 4 2 2 3 440 467 483 1371
974 4 2 2 3 492 1382 437 1369
975 4 2 2 3 431 1370 78 1374
976 4 2 2 3 1373 508 462 463
977 4 2 2 3 76 1373 481 1374
978 4 2 2 3 466 479 1369 1375
979 4 2 2 3 471 1370 472 1374
980 4 2 2 3 5 513 1383 1377
981 4 2 2 3 74 1369 446 1375
982 4 2 2 3 503 460 1370 1376
983 4 2 2 3 449 452 1373 1375
984 4 2 2 3 511 1369 491 1375
985 4 2 2 3 76 481 77 1374
986 4 2 2 3 509 1383 436 1369
987 4 2 2 3 498 437 1377 1369
988 4 2 2 3 469 78 1370 1374
989 4 2 2 3 74 429 465 1375
990 4 2 2 3 426 1373 75 1375
991 4 2 2 3 497 75 1373 1375
992 4 2 2 3 1377 73 5 498
993 4 2 2 3 480 479 507 1369
994 4 2 2 3 439 487 464 1372
995 4 2 2 3 503 473 460 1376
996 4 2 2 3 477 488 88 1378
997 4 2 2 3 87 477 1378 427
998 4 2 2 3 465 429 466 1375
999 4 2 2 3 459 1370 502 1374
1000 4 2 2 3 470 471 472 1374
1001 4 2 2 3 505 1370 460 1376
1002 4 2 2 3 77 431 78 1374
1003 4 2 2 3 447 449 448 1373
1004 4 2 2 3 490 1370 505 1376
1005 4 2 2 3 79 425 1370 1376
1006 4 2 2 3 439 464 434 1372
1007 4 2 2 3 82 434 83 1372
1008 4 2 2 3 452 462 1373 1375
1009 4 2 2 3 469 1370 471 1374
1010 4 2 2 3 453 1370 459 1374
1011 4 2 2 3 502 1370 431 1374
1012 4 2 2 3 506 1370 425 1376
1013 4 2 2 3 447 448 426 1373
1014 4 2 2 3 454 462 463 1373
1015 4 2 2 3 80 499 79 1376
1016 4 2 2 3 493 1373 496 1374
1017 4 2 2 3 445 507 479 1369
1018 4 2 2 3 499 80 1371 1376
1019 4 2 2 3 82 83 435 1372
1020 4 2 2 3 1380 6 83 501
1021 4 2 2 3 458 490 505 1376
1022 4 2 2 3 513 67 5 1383
1023 4 2 2 3 481 1373 448 1374
1024 4 2 2 3 1383 68 1369 513
1025 4 2 2 3 85 1381 464 495
1026 4 2 2 3 478 481 448 1374
1027 4 2 2 3 472 1370 453 1374
1028 4 2 2 3 439 440 441 1372
1029 4 2 2 3 469 77 78 1374
1030 4 2 2 3 508 429 497 1375
1031 4 2 2 3 458 505 460 1376
1032 4 2 2 3 450 1373 451 1374
1033 4 2 2 3 1382 71 492 437
1034 4 2 2 3 454 452 462 1373
1035 4 2 2 3 79 425 78 1370
1036 4 2 2 3 496 1373 430 1374
1037 4 2 2 3 471 506 503 1370
1038 4 2 2 3 448 1373 450 1374
1039 4 2 2 3 507 433 492 1369
1040 4 2 2 3 472 471 503 1370
1041 4 2 2 3 503 460 472 1370
1042 4 2 2 3 476 504 477 1372
1043 4 2 2 3 505 459 453 1370
1044 4 2 2 3 509 1383 67 436
1045 4 2 2 3 486 441 443 1372
1046 4 2 2 3 88 87 477 1378
1047 4 2 2 3 478 448 450 1374
1048 4 2 2 3 469 471 470 1374
1049 4 2 2 3 470 496 430 1374
1050 4 2 2 3 468 79 1370 1376
1051 4 2 2 3 459 502 478 1374
1052 4 2 2 3 474 499 1371 1376
1053 4 2 2 3 511 446 1369 1375
1054 4 2 2 3 1375 511 447 491
1055 4 2 2 3 1378 488 89 501
1056 4 2 2 3 1381 86 427 495
1057 4 2 2 3 452 449 484 1375
1058 4 2 2 3 461 1371 457 1376
1059 4 2 2 3 493 451 1373 1374
1060 4 2 2 3 428 1371 80 1376
1061 4 2 2 3 438 440 439 1372
1062 4 2 2 3 1380 494 1372 83
1063 4 2 2 3 476 477 486 1372
1064 4 2 2 3 461 474 1371 1376
1065 4 2 2 3 510 74 73 1369
1066 4 2 2 3 484 449 447 1375
1067 4 2 2 3 428 80 79 1376
1068 4 2 2 3 1382 433 1369 492
1069 4 2 2 3 457 1371 456 1376
1070 4 2 2 3 461 500 475 1371
1071 4 2 2 3 460 453 472 1370
1072 4 2 2 3 470 493 496 1374
1073 4 2 2 3 461 475 455 1371
1074 4 2 2 3 476 486 443 1372
1075 4 2 2 3 505 453 460 1370
1076 4 2 2 3 498 72 1377 437
1077 4 2 2 3 490 468 1370 1376
1078 4 2 2 3 502 431 478 1374
1079 4 2 2 3 487 439 441 1372
1080 4 2 2 3 451 450 449 1373
1081 4 2 2 3 474 506 425 1376
1082 4 2 2 3 485 435 482 1372
1083 4 2 2 3 482 435 504 1372
1084 4 2 2 3 455 442 456 1371
1085 4 2 2 3 504 476 482 1372
1086 4 2 2 3 78 425 469 1370
1087 4 2 2 3 496 493 454 1373
1088 4 2 2 3 457 461 455 1371
1089 4 2 2 3 445 1379 433 1369
1090 4 2 2 3 451 453 450 1374
1091 4 2 2 3 468 79 78 1370
1092 4 2 2 3 469 425 471 1370
1093 4 2 2 3 486 487 441 1372
1094 4 2 2 3 446 426 75 1375
1095 4 2 2 3 461 473 474 1376
1096 4 2 2 3 471 425 506 1370
1097 4 2 2 3 451 493 453 1374
1098 4 2 2 3 461 457 473 1376
1099 4 2 2 3 1375 447 511 446
1100 4 2 2 3 447 426 446 1375
1101 4 2 2 3 497 75 76 1373
1102 4 2 2 3 499 432 474 1371
1103 4 2 2 3 74 465 73 1369
1104 4 2 2 3 457 455 456 1371
1105 4 2 2 3 492 480 507 1369
1106 4 2 2 3 1381 84 85 494
1107 4 2 2 3 431 481 478 1374
1108 4 2 2 3 456 1371 489 1376
1109 4 2 2 3 430 469 470 1374
1110 4 2 2 3 512 480 437 1369
1111 4 2 2 3 450 448 449 1373
1112 4 2 2 3 79 499 425 1376
1113 4 2 2 3 500 461 474 1371
1114 4 2 2 3 75 426 76 1373
1115 4 2 2 3 87 1378 86 427
1116 4 2 2 3 75 497 429 1375
1117 4 2 2 3 457 456 458 1376
1118 4 2 2 3 1383 68 436 1369
1119 4 2 2 3 432 500 474 1371
1120 4 2 2 3 82 435 485 1372
1121 4 2 2 3 474 425 499 1376
1122 4 2 2 3 430 77 469 1374
1123 4 2 2 3 426 481 76 1373
1124 4 2 2 3 488 89 88 1378
1125 4 2 2 3 512 437 465 1369
1126 4 2 2 3 450 459 478 1374
1127 4 2 2 3 492 437 480 1369
1128 4 2 2 3 505 490 459 1370
1129 4 2 2 3 460 473 457 1376
1130 4 2 2 3 73 509 510 1369
1131 4 2 2 3 80 467 81 1371
1132 4 2 2 3 450 453 459 1374
1133 4 2 2 3 86 1378 87 514
1134 4 2 2 3 431 77 481 1374
1135 4 2 2 3 70 71 492 1382
1136 4 2 2 3 454 451 452 1373
1137 4 2 2 3 460 457 458 1376
1138 4 2 2 3 434 82 438 1372
1139 4 2 2 3 490 502 459 1370
1140 4 2 2 3 80 81 432 1371
1141 4 2 2 3 483 456 442 1371
1142 4 2 2 3 434 438 439 1372
1143 4 2 2 3 493 451 454 1373
1144 4 2 2 3 1383 67 5 509
1145 4 2 2 3 79 468 428 1376
1146 4 2 2 3 506 474 473 1376
1147 4 2 2 3 78 431 468 1370
1148 4 2 2 3 452 451 449 1373
1149 4 2 2 3 489 1371 428 1376
1150 4 2 2 3 472 493 470 1374
1151 4 2 2 3 502 468 431 1370
1152 4 2 2 3 74 446 75 1375
1153 4 2 2 3 490 489 468 1376
1154 4 2 2 3 445 491 444 1369
1155 4 2 2 3 472 453 493 1374
1156 4 2 2 3 498 465 437 1369
1157 4 2 2 3 456 489 458 1376
1158 4 2 2 3 499 80 432 1371
1159 4 2 2 3 509 436 510 1369
1160 4 2 2 3 5 72 1377 498
1161 4 2 2 3 498 73 465 1369
1162 4 2 2 3 1383 68 513 67
1163 4 2 2 3 426 448 481 1373
1164 4 2 2 3 80 428 467 1371
1165 4 2 2 3 429 74 75 1375
1166 4 2 2 3 6 84 1380 494
1167 4 2 2 3 447 491 484 1375
1168 4 2 2 3 433 507 445 1369
1169 4 2 2 3 428 483 467 1371
1170 4 2 2 3 1381 84 494 1380
1171 4 2 2 3 468 489 428 1376
1172 4 2 2 3 1380 89 6 501
1173 4 2 2 3 468 502 490 1370
1174 4 2 2 3 1381 85 86 495
1175 4 2 2 3 456 483 489 1371
1176 4 2 2 3 497 430 463 1373
1177 4 2 2 3 444 491 511 1369
1178 4 2 2 3 497 76 430 1373
1179 4 2 2 3 466 508 462 1375
1180 4 2 2 3 466 429 508 1375
1181 4 2 2 3 428 489 483 1371
1182 4 2 2 3 466 462 479 1375
1183 4 2 2 3 479 462 452 1375
1184 4 2 2 3 496 454 463 1373
1185 4 2 2 3 484 479 452 1375
1186 4 2 2 3 430 496 463 1373
1187 4 2 2 3 433 69 70 1379
1188 4 2 2 3 458 489 490 1376
1189 4 2 2 3 1379 68 69 513
1190 4 2 2 3 445 69 433 1379
1191 4 2 2 3 446 510 436 1369
1192 4 2 2 3 1382 72 437 1377
1193 4 2 2 3 1382 72 1377 513
1194 4 2 2 3 1373 508 463 497
1195 4 2 2 3 1373 508 497 1375
1196 4 2 2 3 1379 70 1382 513
1197 4 2 2 3 498 1369 1377 73
1198 4 2 2 3 1374 76 430 77
1199 4 2 2 3 1374 430 76 1373
1200 4 2 2 3 1379 68 513 1369
1201 4 2 2 3 1383 68 67 436
1202 4 2 2 3 1369 68 436 511
1203 4 2 2 3 1369 68 511 444
1204 4 2 2 3 438 1371 467 440
1205 4 2 2 3 1379 513 1382 1369
1206 4 2 2 3 438 1371 440 1372
1207 4 2 2 3 70 71 1382 513
1208 4 2 2 3 445 1375 484 491
1209 4 2 2 3 1382 72 513 71
1210 4 2 2 3 445 1375 491 1369
1211 4 2 2 3 1382 72 71 437
1212 4 2 2 3 5 1383 509 1377
1213 4 2 2 3 509 73 5 1377
1214 4 2 2 3 1377 509 1369 1383
1215 4 2 2 3 1377 1369 509 73
1216 4 2 2 3 1380 1378 501 1372
1217 4 2 2 3 1382 433 70 1379
1218 4 2 2 3 1379 69 70 513
1219 4 2 2 3 1380 1378 89 501
1220 4 2 2 3 1378 89 88 514
1221 4 2 2 3 1379 68 1369 444
1222 4 2 2 3 1379 68 444 69
1223 4 2 2 3 445 444 1379 1369
1224 4 2 2 3 445 69 1379 444
1225 4 2 2 3 514 85 86 1381
1226 4 2 2 3 511 446 436 1369
1227 4 2 2 3 1382 1377 1369 513
1228 4 2 2 3 86 1378 1381 427
1229 4 2 2 3 1381 1378 86 514
1230 4 2 2 3 5 72 513 1377
1231 4 2 2 3 1381 494 464 1372
1232 4 2 2 3 1381 1378 1372 427
1233 4 2 2 3 1378 1381 1380 514
1234 4 2 2 3 88 87 1378 514
1235 4 2 2 3 1382 433 492 70
1236 4 2 2 3 1369 1377 1382 437
1237 4 2 2 3 1380 494 83 6
1238 4 2 2 3 1381 494 85 464
1239 4 2 2 3 514 89 6 1380
1240 4 2 2 3 514 1378 89 1380
1241 4 2 2 4 521 1386 566 1391
1242 4 2 2 4 101 1386 521 1391
1243 4 2 2 4 548 1386 553 1391
1244 4 2 2 4 550 1386 548 1391
1245 4 2 2 4 566 1386 550 1391
1246 4 2 2 4 553 584 567 1386
1247 4 2 2 4 567 553 1386 1391
1248 4 2 2 4 587 1390 568 1386
1249 4 2 2 4 567 1386 101 1391
1250 4 2 2 4 565 1390 1386 518
1251 4 2 2 4 546 550 548 1391
1252 4 2 2 4 100 1390 1386 568
1253 4 2 2 4 552 1386 551 1390
1254 4 2 2 4 546 566 550 1391
1255 4 2 2 4 587 1390 1386 554
1256 4 2 2 4 587 1390 554 588
1257 4 2 2 4 1395 1399 1385 535
1258 4 2 2 4 100 1390 568 99
1259 4 2 2 4 565 1390 518 574
1260 4 2 2 4 1394 1395 1399 1385
1261 4 2 2 4 515 101 567 1386
1262 4 2 2 4 553 1386 555 584
1263 4 2 2 4 554 1386 552 1390
1264 4 2 2 4 92 600 1399 1394
1265 4 2 2 4 587 1390 588 568
1266 4 2 2 4 538 1384 537 1387
1267 4 2 2 4 586 521 566 1391
1268 4 2 2 4 563 1384 538 1387
1269 4 2 2 4 566 521 564 1386
1270 4 2 2 4 562 1384 563 1387
1271 4 2 2 4 1394 1395 1385 1392
1272 4 2 2 4 564 521 101 1386
1273 4 2 2 4 1384 105 557 1387
1274 4 2 2 4 1385 1392 1395 594
1275 4 2 2 4 105 1384 562 1387
1276 4 2 2 4 539 538 537 1387
1277 4 2 2 4 600 93 92 1399
1278 4 2 2 4 100 1390 99 518
1279 4 2 2 4 579 538 563 1384
1280 4 2 2 4 1392 582 96 1385
1281 4 2 2 4 585 551 552 1386
1282 4 2 2 4 1384 557 105 597
1283 4 2 2 4 592 563 538 1387
1284 4 2 2 4 546 586 566 1391
1285 4 2 2 4 594 1385 525 1395
1286 4 2 2 4 100 1390 518 1386
1287 4 2 2 4 592 538 539 1387
1288 4 2 2 4 565 551 585 1386
1289 4 2 2 4 1399 580 1394 1385
1290 4 2 2 4 579 563 562 1384
1291 4 2 2 4 529 1385 599 1389
1292 4 2 2 4 1384 1393 1397 595
1293 4 2 2 4 1395 1399 94 600
1294 4 2 2 4 529 599 531 1389
1295 4 2 2 4 519 562 563 1387
1296 4 2 2 4 519 105 562 1387
1297 4 2 2 4 553 555 1386 548
1298 4 2 2 4 535 517 1399 1385
1299 4 2 2 4 551 549 552 1390
1300 4 2 2 4 594 1385 596 525
1301 4 2 2 4 521 102 101 1391
1302 4 2 2 4 531 599 575 1389
1303 4 2 2 4 599 1385 575 1389
1304 4 2 2 4 94 1399 1395 535
1305 4 2 2 4 106 1393 589 1384
1306 4 2 2 4 541 1387 570 1388
1307 4 2 2 4 537 1384 572 1387
1308 4 2 2 4 588 522 568 1390
1309 4 2 2 4 578 1387 581 1388
1310 4 2 2 4 534 1394 580 1385
1311 4 2 2 4 581 542 558 1388
1312 4 2 2 4 581 1387 542 1388
1313 4 2 2 4 1392 96 582 593
1314 4 2 2 4 578 581 558 1388
1315 4 2 2 4 550 591 548 1386
1316 4 2 2 4 1396 573 527 1384
1317 4 2 2 4 1385 97 556 1389
1318 4 2 2 4 601 109 110 1398
1319 4 2 2 4 1398 108 536 1384
1320 4 2 2 4 102 567 101 1391
1321 4 2 2 4 540 539 537 1387
1322 4 2 2 4 561 1389 522 1390
1323 4 2 2 4 554 555 552 1386
1324 4 2 2 4 570 541 540 1387
1325 4 2 2 4 552 549 554 1390
1326 4 2 2 4 1398 108 109 536
1327 4 2 2 4 590 598 561 1389
1328 4 2 2 4 533 598 590 1389
1329 4 2 2 4 583 569 547 1388
1330 4 2 2 4 543 1388 544 1391
1331 4 2 2 4 94 1399 93 600
1332 4 2 2 4 1396 111 527 573
1333 4 2 2 4 523 573 1398 1384
1334 4 2 2 4 524 1385 529 1389
1335 4 2 2 4 1396 589 1393 1384
1336 4 2 2 4 557 572 1384 1387
1337 4 2 2 4 530 559 1389 1390
1338 4 2 2 4 98 522 1389 1390
1339 4 2 2 4 107 526 1397 595
1340 4 2 2 4 1399 580 1385 517
1341 4 2 2 4 590 533 1389 1390
1342 4 2 2 4 559 528 530 1389
1343 4 2 2 4 95 594 525 1395
1344 4 2 2 4 530 1389 532 1390
1345 4 2 2 4 524 97 1385 1389
1346 4 2 2 4 1397 595 526 1384
1347 4 2 2 4 542 1387 541 1388
1348 4 2 2 4 560 575 1385 1389
1349 4 2 2 4 545 548 553 1391
1350 4 2 2 4 1399 580 92 1394
1351 4 2 2 4 570 1387 577 1388
1352 4 2 2 4 522 561 556 1389
1353 4 2 2 4 93 1399 94 535
1354 4 2 2 4 523 110 1398 573
1355 4 2 2 4 532 1389 533 1390
1356 4 2 2 4 1385 556 97 596
1357 4 2 2 4 99 568 522 1390
1358 4 2 2 4 1395 576 535 1385
1359 4 2 2 4 517 1399 93 535
1360 4 2 2 4 597 106 105 1384
1361 4 2 2 4 569 547 1388 1391
1362 4 2 2 4 536 523 1398 1384
1363 4 2 2 4 98 1389 559 1390
1364 4 2 2 4 569 1388 103 1391
1365 4 2 2 4 540 537 572 1387
1366 4 2 2 4 103 1388 520 1391
1367 4 2 2 4 591 555 548 1386
1368 4 2 2 4 559 98 528 1389
1369 4 2 2 4 577 1387 516 1388
1370 4 2 2 4 533 575 560 1389
1371 4 2 2 4 571 1388 543 1391
1372 4 2 2 4 522 556 98 1389
1373 4 2 2 4 531 532 530 1389
1374 4 2 2 4 94 576 1395 525
1375 4 2 2 4 545 543 544 1391
1376 4 2 2 4 94 1395 95 525
1377 4 2 2 4 578 104 1387 1388
1378 4 2 2 4 516 1387 104 1388
1379 4 2 2 4 561 590 1389 1390
1380 4 2 2 4 545 546 548 1391
1381 4 2 2 4 590 549 533 1390
1382 4 2 2 4 1396 589 1384 527
1383 4 2 2 4 1384 108 526 1397
1384 4 2 2 4 524 529 528 1389
1385 4 2 2 4 1392 90 593 582
1386 4 2 2 4 598 533 560 1389
1387 4 2 2 4 583 547 570 1388
1388 4 2 2 4 533 532 531 1389
1389 4 2 2 4 106 562 105 1384
1390 4 2 2 4 91 1394 90 600
1391 4 2 2 4 570 540 577 1387
1392 4 2 2 4 524 528 97 1389
1393 4 2 2 4 544 1388 547 1391
1394 4 2 2 4 1398 536 109 523
1395 4 2 2 4 520 1388 571 1391
1396 4 2 2 4 1393 8 106 589
1397 4 2 2 4 543 542 541 1388
1398 4 2 2 4 531 575 533 1389
1399 4 2 2 4 1399 93 92 517
1400 4 2 2 4 583 570 577 1388
1401 4 2 2 4 583 577 516 1388
1402 4 2 2 4 549 532 533 1390
1403 4 2 2 4 570 547 544 1388
1404 4 2 2 4 583 516 569 1388
1405 4 2 2 4 529 534 599 1385
1406 4 2 2 4 96 97 596 1385
1407 4 2 2 4 542 539 541 1387
1408 4 2 2 4 103 520 102 1391
1409 4 2 2 4 1398 108 1384 601
1410 4 2 2 4 559 518 99 1390
1411 4 2 2 4 552 591 585 1386
1412 4 2 2 4 587 568 515 1386
1413 4 2 2 4 559 574 518 1390
1414 4 2 2 4 558 571 520 1388
1415 4 2 2 4 569 103 102 1391
1416 4 2 2 4 103 569 516 1388
1417 4 2 2 4 543 558 542 1388
1418 4 2 2 4 111 1396 110 573
1419 4 2 2 4 545 571 543 1391
1420 4 2 2 4 530 532 574 1390
1421 4 2 2 4 1396 111 112 527
1422 4 2 2 4 579 573 538 1384
1423 4 2 2 4 523 537 538 1384
1424 4 2 2 4 578 519 581 1387
1425 4 2 2 4 578 558 520 1388
1426 4 2 2 4 1397 1393 1384 601
1427 4 2 2 4 110 1396 111 601
1428 4 2 2 4 534 91 580 1394
1429 4 2 2 4 557 104 516 1387
1430 4 2 2 4 578 520 103 1388
1431 4 2 2 4 1398 109 110 523
1432 4 2 2 4 544 543 541 1388
1433 4 2 2 4 558 543 571 1388
1434 4 2 2 4 531 530 529 1389
1435 4 2 2 4 557 516 577 1387
1436 4 2 2 4 538 573 523 1384
1437 4 2 2 4 100 515 568 1386
1438 4 2 2 4 104 578 103 1388
1439 4 2 2 4 96 524 97 1385
1440 4 2 2 4 529 530 528 1389
1441 4 2 2 4 599 580 575 1385
1442 4 2 2 4 100 518 564 1386
1443 4 2 2 4 591 550 585 1386
1444 4 2 2 4 540 541 539 1387
1445 4 2 2 4 527 573 579 1384
1446 4 2 2 4 108 107 526 1397
1447 4 2 2 4 565 564 518 1386
1448 4 2 2 4 551 532 549 1390
1449 4 2 2 4 544 541 570 1388
1450 4 2 2 4 101 515 100 1386
1451 4 2 2 4 585 550 565 1386
1452 4 2 2 4 97 528 98 1389
1453 4 2 2 4 516 104 103 1388
1454 4 2 2 4 517 535 560 1385
1455 4 2 2 4 559 530 574 1390
1456 4 2 2 4 1394 92 91 580
1457 4 2 2 4 574 532 551 1390
1458 4 2 2 4 101 100 564 1386
1459 4 2 2 4 1385 1394 1392 582
1460 4 2 2 4 575 580 517 1385
1461 4 2 2 4 539 542 592 1387
1462 4 2 2 4 540 572 577 1387
1463 4 2 2 4 97 98 556 1389
1464 4 2 2 4 520 567 102 1391
1465 4 2 2 4 515 584 587 1386
1466 4 2 2 4 104 519 578 1387
1467 4 2 2 4 552 555 591 1386
1468 4 2 2 4 581 563 592 1387
1469 4 2 2 4 1393 112 8 589
1470 4 2 2 4 567 571 553 1391
1471 4 2 2 4 557 105 104 1387
1472 4 2 2 4 544 547 546 1391
1473 4 2 2 4 550 566 565 1386
1474 4 2 2 4 524 534 529 1385
1475 4 2 2 4 520 571 567 1391
1476 4 2 2 4 517 560 575 1385
1477 4 2 2 4 102 521 569 1391
1478 4 2 2 4 562 527 579 1384
1479 4 2 2 4 523 536 537 1384
1480 4 2 2 4 565 566 564 1386
1481 4 2 2 4 544 546 545 1391
1482 4 2 2 4 572 557 577 1387
1483 4 2 2 4 94 576 535 1395
1484 4 2 2 4 586 569 521 1391
1485 4 2 2 4 589 527 562 1384
1486 4 2 2 4 96 582 524 1385
1487 4 2 2 4 1385 1392 594 96
1488 4 2 2 4 1384 108 536 572
1489 4 2 2 4 581 592 542 1387
1490 4 2 2 4 105 519 104 1387
1491 4 2 2 4 594 1385 96 596
1492 4 2 2 4 534 580 599 1385
1493 4 2 2 4 1392 95 1395 594
1494 4 2 2 4 589 562 106 1384
1495 4 2 2 4 98 559 99 1390
1496 4 2 2 4 590 554 549 1390
1497 4 2 2 4 8 1397 1393 595
1498 4 2 2 4 581 519 563 1387
1499 4 2 2 4 545 553 571 1391
1500 4 2 2 4 554 561 588 1390
1501 4 2 2 4 586 546 547 1391
1502 4 2 2 4 526 557 572 1384
1503 4 2 2 4 587 584 555 1386
1504 4 2 2 4 598 576 561 1389
1505 4 2 2 4 1392 90 7 593
1506 4 2 2 4 588 561 522 1390
1507 4 2 2 4 547 569 586 1391
1508 4 2 2 4 554 590 561 1390
1509 4 2 2 4 522 98 99 1390
1510 4 2 2 4 8 1397 595 107
1511 4 2 2 4 598 560 576 1389
1512 4 2 2 4 560 1385 576 1389
1513 4 2 2 4 1398 108 601 109
1514 4 2 2 4 1384 597 595 526
1515 4 2 2 4 572 537 536 1384
1516 4 2 2 4 556 1385 525 596
1517 4 2 2 4 556 576 1385 1389
1518 4 2 2 4 1384 595 597 106
1519 4 2 2 4 1384 108 572 526
1520 4 2 2 4 525 576 1395 1385
1521 4 2 2 4 524 582 534 1385
1522 4 2 2 4 110 1396 1398 573
1523 4 2 2 4 556 525 1385 576
1524 4 2 2 4 576 556 561 1389
1525 4 2 2 4 576 560 535 1385
1526 4 2 2 4 95 1395 94 600
1527 4 2 2 4 1392 7 96 593
1528 4 2 2 4 1398 1396 110 601
1529 4 2 2 4 1392 95 594 7
1530 4 2 2 4 565 1390 574 551
1531 4 2 2 4 1392 95 7 600
1532 4 2 2 4 565 1390 551 1386
1533 4 2 2 4 1394 1395 1392 600
1534 4 2 2 4 108 107 1397 601
1535 4 2 2 4 515 567 584 1386
1536 4 2 2 4 1384 108 1397 601
1537 4 2 2 4 600 90 7 1392
1538 4 2 2 4 1392 95 600 1395
1539 4 2 2 4 594 7 96 1392
1540 4 2 2 4 8 1397 107 601
1541 4 2 2 4 106 595 1393 1384
1542 4 2 2 4 8 1397 601 1393
1543 4 2 2 4 595 8 106 1393
1544 4 2 2 4 1394 1395 600 1399
1545 4 2 2 4 534 582 1394 1385
1546 4 2 2 4 1392 1394 90 582
1547 4 2 2 4 534 91 1394 582
1548 4 2 2 4 1393 601 112 1396
1549 4 2 2 4 587 555 554 1386
1550 4 2 2 4 1393 601 1396 1384
1551 4 2 2 4 601 111 112 1396
1552 4 2 2 4 526 597 557 1384
1553 4 2 2 4 1384 1396 1398 601
1554 4 2 2 4 1398 1396 1384 573
1555 4 2 2 4 1396 589 527 112
1556 4 2 2 4 1396 589 112 1393
1557 4 2 2 4 601 112 8 1393
1558 4 2 2 4 600 92 91 1394
1559 4 2 2 4 90 1394 1392 600
1560 4 2 2 4 1399 580 517 92
1561 4 2 2 4 90 1394 91 582
1562 4 2 3 6 1435 965 192 1400
1563 4 2 3 6 1435 192 248 1208
1564 4 2 3 6 1206 1440 12 191
1565 4 2 3 6 249 1209 1401 193
1566 4 2 3 6 132 1402 1171 220
1567 4 2 3 6 132 1402 133 1171
1568 4 2 3 6 1176 132 220 1403
1569 4 2 3 6 133 1169 221 1404
1570 4 2 3 6 1402 221 133 1171
1571 4 2 3 6 132 133 1402 961
1572 4 2 3 6 1403 1176 131 219
1573 4 2 3 6 133 1404 134 1169
1574 4 2 3 6 1403 132 131 1176
1575 4 2 3 6 253 1405 197 1203
1576 4 2 3 6 201 1432 898 1002
1577 4 2 3 6 1403 131 132 889
1578 4 2 3 6 1406 224 136 1170
1579 4 2 3 6 1259 1408 1224 254
1580 4 2 3 6 1406 136 135 1170
1581 4 2 3 6 1224 1408 1259 895
1582 4 2 3 6 252 1205 1407 196
1583 4 2 3 6 197 1205 1407 253
1584 4 2 3 6 196 1407 197 1205
1585 4 2 3 6 161 1436 237 1446
1586 4 2 3 6 196 197 1407 948
1587 4 2 3 6 130 1174 218 1409
1588 4 2 3 6 218 1409 1420 130
1589 4 2 3 6 130 1409 131 1174
1590 4 2 3 6 1276 1410 888 1213
1591 4 2 3 6 10 161 1436 1195
1592 4 2 3 6 198 1408 1210 254
1593 4 2 3 6 1417 1229 1411 901
1594 4 2 3 6 1174 131 219 1409
1595 4 2 3 6 130 131 1409 967
1596 4 2 3 6 18 1329 1440 247
1597 4 2 3 6 896 1422 998 207
1598 4 2 3 6 1443 1427 236 1333
1599 4 2 3 6 1317 1415 887 989
1600 4 2 3 6 1420 1409 218 1301
1601 4 2 3 6 1213 1412 963 1290
1602 4 2 3 6 1420 1409 899 130
1603 4 2 3 6 1443 236 20 1333
1604 4 2 3 6 1172 135 223 1413
1605 4 2 3 6 1413 135 134 1172
1606 4 2 3 6 1169 134 222 1404
1607 4 2 3 6 133 134 1404 885
1608 4 2 3 6 1170 135 1406 223
1609 4 2 3 6 1413 1172 134 222
1610 4 2 3 6 1413 134 135 972
1611 4 2 3 6 1406 135 136 893
1612 4 2 3 6 137 901 1417 1411
1613 4 2 3 6 1414 168 169 1199
1614 4 2 3 6 1199 168 244 1414
1615 4 2 3 6 167 1442 989 166
1616 4 2 3 6 1211 1443 200 16
1617 4 2 3 6 200 1443 256 1438
1618 4 2 3 6 1415 166 887 989
1619 4 2 3 6 1198 240 164 1416
1620 4 2 3 6 138 1440 226 1444
1621 4 2 3 6 195 251 1410 1202
1622 4 2 3 6 201 202 1432 1184
1623 4 2 3 6 1229 985 1417 1313
1624 4 2 3 6 12 138 1440 1178
1625 4 2 3 6 899 1409 1420 1301
1626 4 2 3 6 979 1446 161 1433
1627 4 2 3 6 130 218 1175 1420
1628 4 2 3 6 1213 1412 1290 251
1629 4 2 3 6 1436 1446 161 1005
1630 4 2 3 6 1421 1182 205 231
1631 4 2 3 6 997 1422 208 1430
1632 4 2 3 6 998 1422 896 1326
1633 4 2 3 6 986 1414 1423 1314
1634 4 2 3 6 1436 1446 1005 1330
1635 4 2 3 6 979 1446 1433 1228
1636 4 2 3 6 245 169 1199 1414
1637 4 2 3 6 164 1416 163 1198
1638 4 2 3 6 1319 1009 993 1337
1639 4 2 3 6 1215 961 885 1306
1640 4 2 3 6 1215 1293 961 1306
1641 4 2 3 6 961 885 1306 978
1642 4 2 3 6 1215 1298 1302 885
1643 4 2 3 6 978 1306 961 977
1644 4 2 3 6 1298 972 1302 885
1645 4 2 3 6 969 951 915 1243
1646 4 2 3 6 248 1425 192 1435
1647 4 2 3 6 969 962 951 1297
1648 4 2 3 6 951 969 1297 1243
1649 4 2 3 6 1306 885 1302 978
1650 4 2 3 6 1306 978 1292 977
1651 4 2 3 6 885 1302 1215 1306
1652 4 2 3 6 973 1302 972 885
1653 4 2 3 6 1302 1251 1306 978
1654 4 2 3 6 969 923 962 1297
1655 4 2 3 6 973 923 1251 978
1656 4 2 3 6 1305 961 1306 977
1657 4 2 3 6 1293 961 1306 1305
1658 4 2 3 6 1403 1293 220 1217
1659 4 2 3 6 915 1277 1243 950
1660 4 2 3 6 915 1277 950 949
1661 4 2 3 6 915 951 950 1243
1662 4 2 3 6 962 1292 978 977
1663 4 2 3 6 973 1302 885 978
1664 4 2 3 6 1251 1302 973 978
1665 4 2 3 6 889 1293 1403 1217
1666 4 2 3 6 889 1293 1217 1305
1667 4 2 3 6 962 1251 1292 1297
1668 4 2 3 6 889 1293 1305 961
1669 4 2 3 6 1279 951 962 1297
1670 4 2 3 6 1251 1306 978 1292
1671 4 2 3 6 962 1251 1297 923
1672 4 2 3 6 962 1251 923 978
1673 4 2 3 6 962 1251 978 1292
1674 4 2 3 6 972 1302 1231 1298
1675 4 2 3 6 1402 1215 1293 961
1676 4 2 3 6 1297 1279 951 1243
1677 4 2 3 6 885 1402 961 1215
1678 4 2 3 6 972 1231 1221 1298
1679 4 2 3 6 885 1402 1215 1404
1680 4 2 3 6 1305 1306 1292 977
1681 4 2 3 6 903 1302 1231 972
1682 4 2 3 6 1279 962 1292 1297
1683 4 2 3 6 889 1293 961 1403
1684 4 2 3 6 1221 893 1231 972
1685 4 2 3 6 1414 169 168 930
1686 4 2 3 6 977 1305 961 889
1687 4 2 3 6 951 1278 950 1243
1688 4 2 3 6 933 1224 948 1261
1689 4 2 3 6 1292 962 954 977
1690 4 2 3 6 1278 1277 950 1243
1691 4 2 3 6 1259 932 895 931
1692 4 2 3 6 962 954 951 1279
1693 4 2 3 6 954 962 1292 1279
1694 4 2 3 6 903 1302 972 973
1695 4 2 3 6 948 1276 1261 1224
1696 4 2 3 6 1279 1278 951 1243
1697 4 2 3 6 1224 1260 895 1259
1698 4 2 3 6 903 1302 973 1233
1699 4 2 3 6 1407 1224 253 1276
1700 4 2 3 6 1278 950 952 951
1701 4 2 3 6 893 903 1231 972
1702 4 2 3 6 899 1409 967 130
1703 4 2 3 6 923 905 973 1251
1704 4 2 3 6 968 1296 1247 990
1705 4 2 3 6 1282 1305 977 975
1706 4 2 3 6 951 952 1278 1279
1707 4 2 3 6 951 954 952 1279
1708 4 2 3 6 1300 919 1277 1247
1709 4 2 3 6 1243 909 969 1237
1710 4 2 3 6 950 949 1277 970
1711 4 2 3 6 901 1417 985 137
1712 4 2 3 6 1233 1302 973 1251
1713 4 2 3 6 933 1224 1261 1260
1714 4 2 3 6 1318 1247 1296 990
1715 4 2 3 6 1407 1224 1276 948
1716 4 2 3 6 1305 977 975 889
1717 4 2 3 6 1233 905 973 903
1718 4 2 3 6 1292 1282 1305 977
1719 4 2 3 6 903 1302 1233 1231
1720 4 2 3 6 911 1277 1241 1239
1721 4 2 3 6 909 1243 969 915
1722 4 2 3 6 907 1297 1235 923
1723 4 2 3 6 1282 1292 954 977
1724 4 2 3 6 923 1235 905 1251
1725 4 2 3 6 909 907 969 1237
1726 4 2 3 6 1235 923 905 907
1727 4 2 3 6 1243 969 1297 1237
1728 4 2 3 6 1237 1243 909 1239
1729 4 2 3 6 1408 895 931 1259
1730 4 2 3 6 968 1319 1296 990
1731 4 2 3 6 907 1297 923 969
1732 4 2 3 6 1251 923 1235 1297
1733 4 2 3 6 1276 1410 1213 252
1734 4 2 3 6 204 1187 1431 203
1735 4 2 3 6 933 1224 1260 895
1736 4 2 3 6 932 1259 895 1260
1737 4 2 3 6 1233 973 905 1251
1738 4 2 3 6 1409 1217 219 1301
1739 4 2 3 6 205 1421 204 1182
1740 4 2 3 6 1409 1217 1301 967
1741 4 2 3 6 1224 1408 1405 254
1742 4 2 3 6 970 949 1277 919
1743 4 2 3 6 889 1304 1305 1217
1744 4 2 3 6 907 1297 969 1237
1745 4 2 3 6 954 1282 977 975
1746 4 2 3 6 1405 1408 1224 895
1747 4 2 3 6 1243 915 909 1239
1748 4 2 3 6 1282 954 1292 1279
1749 4 2 3 6 1409 889 1217 967
1750 4 2 3 6 1247 1300 990 1318
1751 4 2 3 6 911 1277 1239 915
1752 4 2 3 6 915 1277 1239 1243
1753 4 2 3 6 1277 913 911 1241
1754 4 2 3 6 911 1277 915 949
1755 4 2 3 6 1320 1419 886 1216
1756 4 2 3 6 967 1409 899 1301
1757 4 2 3 6 253 1405 1407 197
1758 4 2 3 6 907 1297 1237 1235
1759 4 2 3 6 1262 1261 1260 933
1760 4 2 3 6 950 1277 1300 970
1761 4 2 3 6 1300 1278 1277 950
1762 4 2 3 6 1304 1305 975 889
1763 4 2 3 6 917 1296 1245 1247
1764 4 2 3 6 1233 905 1235 1251
1765 4 2 3 6 1262 932 933 1260
1766 4 2 3 6 968 1247 919 990
1767 4 2 3 6 1217 889 1304 967
1768 4 2 3 6 1247 1277 1241 913
1769 4 2 3 6 911 909 915 1239
1770 4 2 3 6 933 1224 895 948
1771 4 2 3 6 1277 913 919 949
1772 4 2 3 6 954 1280 952 1279
1773 4 2 3 6 954 1282 1280 1279
1774 4 2 3 6 1282 1305 975 1304
1775 4 2 3 6 1260 932 933 895
1776 4 2 3 6 1300 919 1247 990
1777 4 2 3 6 917 1296 1247 968
1778 4 2 3 6 1300 919 990 970
1779 4 2 3 6 1237 908 907 1236
1780 4 2 3 6 967 1304 1217 1301
1781 4 2 3 6 968 1255 1250 1296
1782 4 2 3 6 952 1280 1278 1279
1783 4 2 3 6 1277 913 949 911
1784 4 2 3 6 981 1276 1308 1261
1785 4 2 3 6 981 1276 1261 948
1786 4 2 3 6 1308 888 1213 1276
1787 4 2 3 6 932 1262 933 934
1788 4 2 3 6 1261 933 981 948
1789 4 2 3 6 1221 1411 224 1229
1790 4 2 3 6 917 968 1247 919
1791 4 2 3 6 1237 908 1236 1238
1792 4 2 3 6 1237 908 1238 909
1793 4 2 3 6 975 1304 889 967
1794 4 2 3 6 910 1238 908 909
1795 4 2 3 6 1407 1405 253 1224
1796 4 2 3 6 1247 913 917 919
1797 4 2 3 6 1239 910 909 1238
1798 4 2 3 6 1221 1411 1229 901
1799 4 2 3 6 1410 1412 251 195
1800 4 2 3 6 1300 950 953 1278
1801 4 2 3 6 1228 1005 1446 1330
1802 4 2 3 6 950 1300 953 970
1803 4 2 3 6 1235 907 1236 1237
1804 4 2 3 6 1237 908 909 907
1805 4 2 3 6 968 1319 990 991
1806 4 2 3 6 917 1296 968 1250
1807 4 2 3 6 954 1282 975 955
1808 4 2 3 6 953 1278 950 952
1809 4 2 3 6 19 1331 1437 246
1810 4 2 3 6 1237 909 1238 1239
1811 4 2 3 6 1300 919 970 1277
1812 4 2 3 6 968 1319 991 1255
1813 4 2 3 6 968 1319 1255 1296
1814 4 2 3 6 917 1245 913 1247
1815 4 2 3 6 908 1236 906 907
1816 4 2 3 6 990 1296 1318 1319
1817 4 2 3 6 981 1276 948 888
1818 4 2 3 6 981 1276 888 1308
1819 4 2 3 6 1239 910 1238 1240
1820 4 2 3 6 922 1250 917 968
1821 4 2 3 6 917 1296 1250 1245
1822 4 2 3 6 250 1220 1401 1290
1823 4 2 3 6 954 1282 955 1280
1824 4 2 3 6 225 137 1417 1411
1825 4 2 3 6 1241 913 1245 1247
1826 4 2 3 6 1239 910 1240 911
1827 4 2 3 6 912 1241 1240 911
1828 4 2 3 6 1240 1239 911 1241
1829 4 2 3 6 1439 241 1191 1415
1830 4 2 3 6 906 1235 1234 905
1831 4 2 3 6 1280 955 954 952
1832 4 2 3 6 968 1255 991 927
1833 4 2 3 6 912 1241 911 913
1834 4 2 3 6 1185 1424 229 203
1835 4 2 3 6 906 1235 905 907
1836 4 2 3 6 1239 910 911 909
1837 4 2 3 6 1325 1422 1222 896
1838 4 2 3 6 1326 1422 896 1222
1839 4 2 3 6 905 1235 1234 1233
1840 4 2 3 6 1280 1278 1281 952
1841 4 2 3 6 1231 1230 893 1221
1842 4 2 3 6 1240 911 910 912
1843 4 2 3 6 1304 975 1282 1283
1844 4 2 3 6 1414 1314 930 1258
1845 4 2 3 6 922 1250 968 927
1846 4 2 3 6 1231 902 903 893
1847 4 2 3 6 997 1427 1430 209
1848 4 2 3 6 906 1235 907 1236
1849 4 2 3 6 1423 246 1437 1331
1850 4 2 3 6 968 1255 927 1250
1851 4 2 3 6 1221 901 1230 893
1852 4 2 3 6 1418 1408 984 1312
1853 4 2 3 6 901 1221 1230 1229
1854 4 2 3 6 167 1442 166 1194
1855 4 2 3 6 998 1422 1434 207
1856 4 2 3 6 906 1235 1236 1234
1857 4 2 3 6 1431 230 204 1421
1858 4 2 3 6 1420 1301 1311 899
1859 4 2 3 6 955 1282 975 1283
1860 4 2 3 6 932 1260 1262 1264
1861 4 2 3 6 1408 1259 1312 255
1862 4 2 3 6 1263 933 981 1261
1863 4 2 3 6 1434 1422 998 1326
1864 4 2 3 6 1407 1405 948 197
1865 4 2 3 6 1300 953 1281 1278
1866 4 2 3 6 1278 953 1281 952
1867 4 2 3 6 1413 1221 223 1298
1868 4 2 3 6 1213 1290 963 1303
1869 4 2 3 6 1413 1221 1298 972
1870 4 2 3 6 1295 985 1229 1313
1871 4 2 3 6 1404 1298 222 1215
1872 4 2 3 6 1404 1298 1215 885
1873 4 2 3 6 1413 893 1221 972
1874 4 2 3 6 971 1213 1303 1308
1875 4 2 3 6 1404 972 1298 885
1876 4 2 3 6 934 1264 932 1262
1877 4 2 3 6 948 1405 1407 1224
1878 4 2 3 6 1283 955 1282 1280
1879 4 2 3 6 248 192 1425 1207
1880 4 2 3 6 1308 1261 1263 981
1881 4 2 3 6 904 1233 1232 903
1882 4 2 3 6 1231 1232 1233 903
1883 4 2 3 6 971 1213 1308 888
1884 4 2 3 6 993 1319 1255 991
1885 4 2 3 6 1009 1319 960 1337
1886 4 2 3 6 1437 14 201 1186
1887 4 2 3 6 1262 1261 933 1263
1888 4 2 3 6 992 1431 1320 892
1889 4 2 3 6 1308 971 888 981
1890 4 2 3 6 931 1259 932 1307
1891 4 2 3 6 991 927 1255 993
1892 4 2 3 6 1418 1408 1312 255
1893 4 2 3 6 904 1233 903 905
1894 4 2 3 6 937 1262 1265 1264
1895 4 2 3 6 1262 933 934 1263
1896 4 2 3 6 236 1443 210 1427
1897 4 2 3 6 1280 956 955 952
1898 4 2 3 6 918 1236 1246 906
1899 4 2 3 6 926 1255 1254 1250
1900 4 2 3 6 908 1309 1236 1238
1901 4 2 3 6 1304 975 1283 976
1902 4 2 3 6 932 1260 1264 1307
1903 4 2 3 6 982 1238 1309 908
1904 4 2 3 6 905 1234 906 904
1905 4 2 3 6 1260 932 1259 1307
1906 4 2 3 6 1300 959 953 970
1907 4 2 3 6 999 1257 1226 1327
1908 4 2 3 6 1291 891 1220 1290
1909 4 2 3 6 934 1264 936 932
1910 4 2 3 6 975 1304 967 976
1911 4 2 3 6 894 1442 1317 989
1912 4 2 3 6 925 1250 926 1253
1913 4 2 3 6 1229 985 966 901
1914 4 2 3 6 1318 959 1300 990
1915 4 2 3 6 1231 1230 902 893
1916 4 2 3 6 888 1412 1410 195
1917 4 2 3 6 916 1245 913 917
1918 4 2 3 6 1245 920 1248 1250
1919 4 2 3 6 1245 920 1250 917
1920 4 2 3 6 888 1412 195 963
1921 4 2 3 6 967 1304 1301 1286
1922 4 2 3 6 1240 910 1238 1242
1923 4 2 3 6 1281 956 1280 952
1924 4 2 3 6 894 1442 989 167
1925 4 2 3 6 1241 913 1244 1245
1926 4 2 3 6 1230 893 901 902
1927 4 2 3 6 912 1241 913 1244
1928 4 2 3 6 925 1250 1253 920
1929 4 2 3 6 965 192 900 1435
1930 4 2 3 6 931 984 1312 1307
1931 4 2 3 6 912 1241 1244 1240
1932 4 2 3 6 1444 985 1313 1417
1933 4 2 3 6 1295 985 1313 900
1934 4 2 3 6 975 955 1283 976
1935 4 2 3 6 1231 902 1232 903
1936 4 2 3 6 955 1283 1284 1280
1937 4 2 3 6 1234 906 1246 1236
1938 4 2 3 6 1264 937 934 936
1939 4 2 3 6 914 1240 1242 910
1940 4 2 3 6 1259 931 1312 1307
1941 4 2 3 6 1417 1229 1313 225
1942 4 2 3 6 933 1263 981 935
1943 4 2 3 6 891 963 1290 964
1944 4 2 3 6 970 1300 959 990
1945 4 2 3 6 922 1250 927 926
1946 4 2 3 6 1230 924 1232 902
1947 4 2 3 6 918 1236 906 908
1948 4 2 3 6 937 1262 1264 934
1949 4 2 3 6 1439 995 165 1429
1950 4 2 3 6 971 1213 888 963
1951 4 2 3 6 1263 945 1273 946
1952 4 2 3 6 989 1442 1415 166
1953 4 2 3 6 1288 953 1281 1300
1954 4 2 3 6 956 1281 953 952
1955 4 2 3 6 1009 1319 993 991
1956 4 2 3 6 971 1213 963 1303
1957 4 2 3 6 892 1327 1218 1257
1958 4 2 3 6 982 1238 908 910
1959 4 2 3 6 1242 982 1309 1274
1960 4 2 3 6 1229 985 901 1417
1961 4 2 3 6 980 1264 932 936
1962 4 2 3 6 960 990 1319 991
1963 4 2 3 6 1230 966 924 902
1964 4 2 3 6 1295 966 924 1230
1965 4 2 3 6 210 16 1443 1189
1966 4 2 3 6 988 1220 965 1316
1967 4 2 3 6 933 934 1263 935
1968 4 2 3 6 1435 1227 248 1425
1969 4 2 3 6 1319 993 1255 1321
1970 4 2 3 6 964 1310 1303 1291
1971 4 2 3 6 984 1307 897 1312
1972 4 2 3 6 1415 1442 989 1317
1973 4 2 3 6 1263 945 946 935
1974 4 2 3 6 971 1303 983 1275
1975 4 2 3 6 1220 988 965 891
1976 4 2 3 6 1263 946 947 935
1977 4 2 3 6 997 1427 209 897
1978 4 2 3 6 1320 230 1431 1421
1979 4 2 3 6 236 210 1443 1189
1980 4 2 3 6 1254 926 1250 1253
1981 4 2 3 6 914 1240 910 912
1982 4 2 3 6 904 1233 905 1234
1983 4 2 3 6 924 1232 902 904
1984 4 2 3 6 918 1236 908 1309
1985 4 2 3 6 239 1198 163 1416
1986 4 2 3 6 946 1242 1274 982
1987 4 2 3 6 1006 1275 983 1334
1988 4 2 3 6 901 1230 966 1229
1989 4 2 3 6 1334 1006 1275 1274
1990 4 2 3 6 1232 1252 924 1230
1991 4 2 3 6 992 1431 892 204
1992 4 2 3 6 1266 936 937 1264
1993 4 2 3 6 1301 899 967 1286
1994 4 2 3 6 1439 241 1214 1323
1995 4 2 3 6 928 1255 1256 1254
1996 4 2 3 6 1301 1311 899 1286
1997 4 2 3 6 1184 202 1432 228
1998 4 2 3 6 983 1246 1310 974
1999 4 2 3 6 948 1405 895 197
2000 4 2 3 6 1303 1290 963 964
2001 4 2 3 6 1206 18 12 1440
2002 4 2 3 6 246 1331 1423 1314
2003 4 2 3 6 1295 1010 1338 924
2004 4 2 3 6 914 1240 912 1315
2005 4 2 3 6 1289 990 1318 1319
2006 4 2 3 6 955 1284 956 1280
2007 4 2 3 6 983 1303 971 964
2008 4 2 3 6 1309 1006 1334 1274
2009 4 2 3 6 200 1443 1004 16
2010 4 2 3 6 1273 946 1274 1263
2011 4 2 3 6 1252 1295 924 1230
2012 4 2 3 6 904 1233 1234 1232
2013 4 2 3 6 946 1335 1007 945
2014 4 2 3 6 1266 937 1265 1264
2015 4 2 3 6 946 1263 947 1274
2016 4 2 3 6 934 1263 945 1262
2017 4 2 3 6 914 1335 1007 946
2018 4 2 3 6 982 1238 910 1242
2019 4 2 3 6 902 1231 1232 1230
2020 4 2 3 6 1291 891 1290 964
2021 4 2 3 6 947 1308 1275 1263
2022 4 2 3 6 227 19 1331 1437
2023 4 2 3 6 947 1308 1263 981
2024 4 2 3 6 1232 924 1299 904
2025 4 2 3 6 926 1255 1250 927
2026 4 2 3 6 1334 983 1006 918
2027 4 2 3 6 1316 988 1220 1291
2028 4 2 3 6 1274 947 1275 1263
2029 4 2 3 6 1299 1252 924 1232
2030 4 2 3 6 974 1299 924 904
2031 4 2 3 6 937 1262 934 945
2032 4 2 3 6 1275 983 971 947
2033 4 2 3 6 1310 983 1303 1275
2034 4 2 3 6 1264 980 932 1307
2035 4 2 3 6 1291 891 964 988
2036 4 2 3 6 235 209 1430 1427
2037 4 2 3 6 1307 932 931 980
2038 4 2 3 6 1331 986 1423 1314
2039 4 2 3 6 1286 899 1228 1311
2040 4 2 3 6 918 1236 1309 1246
2041 4 2 3 6 1304 967 976 1286
2042 4 2 3 6 1220 1294 965 1316
2043 4 2 3 6 926 1255 927 928
2044 4 2 3 6 920 1250 917 922
2045 4 2 3 6 1291 1008 1310 1336
2046 4 2 3 6 914 1240 1315 1242
2047 4 2 3 6 1281 956 1284 1280
2048 4 2 3 6 1323 1429 1445 995
2049 4 2 3 6 924 1338 1316 1010
2050 4 2 3 6 1313 1444 226 1329
2051 4 2 3 6 982 1309 918 908
2052 4 2 3 6 1244 912 1240 1315
2053 4 2 3 6 959 1300 953 1288
2054 4 2 3 6 924 1336 1252 1299
2055 4 2 3 6 976 1283 1304 1286
2056 4 2 3 6 1295 1010 924 966
2057 4 2 3 6 903 902 1232 904
2058 4 2 3 6 946 1242 982 914
2059 4 2 3 6 1295 985 900 966
2060 4 2 3 6 887 959 1289 960
2061 4 2 3 6 1337 1009 993 894
2062 4 2 3 6 19 246 1437 1200
2063 4 2 3 6 1310 964 1303 983
2064 4 2 3 6 900 1338 1010 965
2065 4 2 3 6 912 1315 987 914
2066 4 2 3 6 925 1250 920 922
2067 4 2 3 6 894 1442 167 1428
2068 4 2 3 6 925 1250 922 926
2069 4 2 3 6 1418 1438 256 1333
2070 4 2 3 6 896 1266 938 1270
2071 4 2 3 6 1441 1420 217 1330
2072 4 2 3 6 1266 936 1264 943
2073 4 2 3 6 1319 993 1321 1337
2074 4 2 3 6 1258 993 1321 1256
2075 4 2 3 6 1226 1003 1332 929
2076 4 2 3 6 945 1262 1263 1273
2077 4 2 3 6 1328 926 1257 1254
2078 4 2 3 6 1245 916 913 1244
2079 4 2 3 6 1257 926 928 1254
2080 4 2 3 6 974 1234 1246 1299
2081 4 2 3 6 1295 985 966 1229
2082 4 2 3 6 964 1303 1290 1291
2083 4 2 3 6 913 912 1244 916
2084 4 2 3 6 928 1332 930 1003
2085 4 2 3 6 982 1238 1242 1309
2086 4 2 3 6 901 1230 902 966
2087 4 2 3 6 974 1234 1299 904
2088 4 2 3 6 1229 966 1295 1230
2089 4 2 3 6 918 974 906 1246
2090 4 2 3 6 1436 129 217 1441
2091 4 2 3 6 129 10 1436 1173
2092 4 2 3 6 937 1273 1265 1262
2093 4 2 3 6 1442 1223 1428 894
2094 4 2 3 6 1266 936 943 938
2095 4 2 3 6 1289 990 1319 960
2096 4 2 3 6 1325 1427 897 1225
2097 4 2 3 6 1432 201 227 1437
2098 4 2 3 6 971 1303 1275 1308
2099 4 2 3 6 1445 1429 1323 1219
2100 4 2 3 6 1245 920 917 916
2101 4 2 3 6 931 984 1307 980
2102 4 2 3 6 1284 890 957 956
2103 4 2 3 6 937 1273 1262 945
2104 4 2 3 6 1263 934 945 935
2105 4 2 3 6 938 1266 896 943
2106 4 2 3 6 894 1321 1223 1258
2107 4 2 3 6 1008 1299 1310 1336
2108 4 2 3 6 1300 1288 959 1318
2109 4 2 3 6 1435 1227 1425 900
2110 4 2 3 6 1434 1422 233 207
2111 4 2 3 6 1214 959 958 1288
2112 4 2 3 6 947 1263 935 981
2113 4 2 3 6 1228 1446 237 1330
2114 4 2 3 6 1307 897 1271 980
2115 4 2 3 6 1010 924 988 1316
2116 4 2 3 6 974 1310 1299 1246
2117 4 2 3 6 910 982 1242 914
2118 4 2 3 6 1432 1327 228 1424
2119 4 2 3 6 997 1422 1430 1325
2120 4 2 3 6 164 163 1416 890
2121 4 2 3 6 1257 928 1256 1254
2122 4 2 3 6 1285 996 1219 1324
2123 4 2 3 6 986 1331 1423 1002
2124 4 2 3 6 963 971 1303 964
2125 4 2 3 6 1004 1333 897 1427
2126 4 2 3 6 1219 890 957 1284
2127 4 2 3 6 956 1281 958 953
2128 4 2 3 6 1214 959 1288 1289
2129 4 2 3 6 983 1246 974 918
2130 4 2 3 6 992 1431 204 1421
2131 4 2 3 6 991 1319 960 1009
2132 4 2 3 6 997 1422 1325 896
2133 4 2 3 6 233 1422 1434 1326
2134 4 2 3 6 926 1255 928 1254
2135 4 2 3 6 1255 1321 993 1256
2136 4 2 3 6 1445 1429 890 995
2137 4 2 3 6 1309 1006 1274 982
2138 4 2 3 6 1315 916 912 987
2139 4 2 3 6 1307 984 897 980
2140 4 2 3 6 937 1267 1266 1265
2141 4 2 3 6 1320 1419 1216 231
2142 4 2 3 6 983 1246 918 1334
2143 4 2 3 6 1419 1434 998 1326
2144 4 2 3 6 1289 990 960 959
2145 4 2 3 6 1329 1001 1444 1440
2146 4 2 3 6 929 928 1003 1332
2147 4 2 3 6 924 1336 1299 1008
2148 4 2 3 6 226 18 1329 1440
2149 4 2 3 6 1256 930 993 928
2150 4 2 3 6 955 1283 957 1284
2151 4 2 3 6 942 1269 1216 1270
2152 4 2 3 6 1249 987 916 1315
2153 4 2 3 6 1266 896 1222 1270
2154 4 2 3 6 947 1308 981 971
2155 4 2 3 6 1329 1444 226 1440
2156 4 2 3 6 1291 891 988 1220
2157 4 2 3 6 947 1308 971 1275
2158 4 2 3 6 1281 958 953 1288
2159 4 2 3 6 890 1429 1445 1219
2160 4 2 3 6 887 1289 1317 960
2161 4 2 3 6 976 967 899 1286
2162 4 2 3 6 959 1214 958 887
2163 4 2 3 6 895 1405 948 1224
2164 4 2 3 6 1336 988 924 1316
2165 4 2 3 6 1266 936 938 937
2166 4 2 3 6 928 1255 927 993
2167 4 2 3 6 1286 976 1285 979
2168 4 2 3 6 1283 955 957 976
2169 4 2 3 6 946 1242 914 1335
2170 4 2 3 6 1434 232 1183 233
2171 4 2 3 6 1219 1429 1323 240
2172 4 2 3 6 1295 1313 1227 900
2173 4 2 3 6 1315 1007 914 1335
2174 4 2 3 6 979 899 1286 976
2175 4 2 3 6 994 1249 920 1322
2176 4 2 3 6 958 1287 1214 1288
2177 4 2 3 6 945 946 1335 1273
2178 4 2 3 6 1249 987 1315 940
2179 4 2 3 6 959 1214 887 1289
2180 4 2 3 6 1317 1009 1337 894
2181 4 2 3 6 1222 896 1266 1271
2182 4 2 3 6 166 1439 165 1191
2183 4 2 3 6 941 994 1322 1249
2184 4 2 3 6 1416 1429 890 1219
2185 4 2 3 6 1257 929 926 1000
2186 4 2 3 6 942 896 938 1270
2187 4 2 3 6 939 1269 1267 1249
2188 4 2 3 6 926 1257 928 929
2189 4 2 3 6 1008 1291 1310 964
2190 4 2 3 6 890 1429 164 995
2191 4 2 3 6 920 1249 916 1248
2192 4 2 3 6 1271 896 1266 943
2193 4 2 3 6 930 1332 986 1003
2194 4 2 3 6 896 998 1326 942
2195 4 2 3 6 1232 1299 1234 904
2196 4 2 3 6 1435 1338 965 1294
2197 4 2 3 6 1266 938 1267 937
2198 4 2 3 6 1317 1009 894 989
2199 4 2 3 6 974 1234 904 906
2200 4 2 3 6 897 1307 1271 1225
2201 4 2 3 6 943 897 980 1271
2202 4 2 3 6 936 980 1264 943
2203 4 2 3 6 1248 916 1244 1249
2204 4 2 3 6 920 1250 1253 1248
2205 4 2 3 6 974 1234 906 1246
2206 4 2 3 6 916 1315 912 1244
2207 4 2 3 6 958 1445 956 890
2208 4 2 3 6 929 1226 898 999
2209 4 2 3 6 166 1439 1191 1415
2210 4 2 3 6 1442 1223 894 1317
2211 4 2 3 6 886 1269 1272 1216
2212 4 2 3 6 1267 942 939 938
2213 4 2 3 6 1401 1400 249 193
2214 4 2 3 6 957 1285 1219 1284
2215 4 2 3 6 1006 947 1274 946
2216 4 2 3 6 928 1255 993 1256
2217 4 2 3 6 1295 1010 966 900
2218 4 2 3 6 1284 956 1281 1287
2219 4 2 3 6 1249 916 1244 1315
2220 4 2 3 6 986 1414 1314 930
2221 4 2 3 6 1420 129 217 1175
2222 4 2 3 6 1423 170 246 1201
2223 4 2 3 6 1325 1422 1430 234
2224 4 2 3 6 947 1275 983 1006
2225 4 2 3 6 1275 1310 983 1334
2226 4 2 3 6 894 1321 1258 993
2227 4 2 3 6 999 1257 929 1226
2228 4 2 3 6 1289 990 959 1318
2229 4 2 3 6 1006 947 1275 1274
2230 4 2 3 6 1309 1006 982 918
2231 4 2 3 6 249 1400 1401 1220
2232 4 2 3 6 1307 897 1312 1225
2233 4 2 3 6 1328 926 1254 1253
2234 4 2 3 6 886 1269 1216 942
2235 4 2 3 6 1274 982 1006 946
2236 4 2 3 6 946 1274 1335 1273
2237 4 2 3 6 986 1414 930 169
2238 4 2 3 6 1284 957 955 956
2239 4 2 3 6 997 1422 896 208
2240 4 2 3 6 1338 965 1316 1010
2241 4 2 3 6 1257 1218 892 1000
2242 4 2 3 6 1332 928 930 1256
2243 4 2 3 6 946 1242 1335 1274
2244 4 2 3 6 1214 995 1323 958
2245 4 2 3 6 1326 1422 1222 233
2246 4 2 3 6 1216 1326 998 942
2247 4 2 3 6 1245 920 916 1248
2248 4 2 3 6 899 979 1286 1228
2249 4 2 3 6 1418 200 1212 256
2250 4 2 3 6 1328 925 926 1253
2251 4 2 3 6 993 1258 930 1256
2252 4 2 3 6 929 1257 892 1000
2253 4 2 3 6 959 953 958 1288
2254 4 2 3 6 1244 916 1248 1245
2255 4 2 3 6 1228 1433 1324 238
2256 4 2 3 6 1264 1271 1266 943
2257 4 2 3 6 1338 1295 924 1252
2258 4 2 3 6 1317 887 960 989
2259 4 2 3 6 939 941 1249 921
2260 4 2 3 6 939 1269 1249 941
2261 4 2 3 6 1295 1010 900 1338
2262 4 2 3 6 976 957 1285 979
2263 4 2 3 6 983 1246 1334 1310
2264 4 2 3 6 930 1314 986 1332
2265 4 2 3 6 1271 1264 1307 980
2266 4 2 3 6 1336 988 1316 1291
2267 4 2 3 6 924 1008 1299 974
2268 4 2 3 6 1226 1003 929 898
2269 4 2 3 6 892 1327 1257 999
2270 4 2 3 6 1289 887 1317 1214
2271 4 2 3 6 1258 894 993 930
2272 4 2 3 6 1325 997 896 1271
2273 4 2 3 6 986 1414 169 1423
2274 4 2 3 6 956 1281 1287 958
2275 4 2 3 6 1008 1310 983 964
2276 4 2 3 6 1318 1288 959 1289
2277 4 2 3 6 162 1426 1433 238
2278 4 2 3 6 1257 892 999 929
2279 4 2 3 6 979 1446 1228 1005
2280 4 2 3 6 1226 1003 898 986
2281 4 2 3 6 886 1269 942 941
2282 4 2 3 6 944 1272 886 941
2283 4 2 3 6 897 997 1325 1271
2284 4 2 3 6 1418 200 256 1438
2285 4 2 3 6 1287 1323 1445 958
2286 4 2 3 6 1417 226 1313 1444
2287 4 2 3 6 956 1445 958 1287
2288 4 2 3 6 1228 1286 1285 979
2289 4 2 3 6 976 1285 1283 1286
2290 4 2 3 6 965 1010 988 1316
2291 4 2 3 6 956 1445 1284 890
2292 4 2 3 6 1268 1267 1249 940
2293 4 2 3 6 1219 996 957 890
2294 4 2 3 6 1415 1442 242 166
2295 4 2 3 6 1257 1218 1000 1328
2296 4 2 3 6 242 1194 166 1442
2297 4 2 3 6 928 1332 1257 1256
2298 4 2 3 6 995 165 887 1439
2299 4 2 3 6 1328 925 1253 944
2300 4 2 3 6 1332 929 1257 1226
2301 4 2 3 6 1338 924 1316 1252
2302 4 2 3 6 1324 1433 1228 979
2303 4 2 3 6 1299 1008 1310 974
2304 4 2 3 6 1289 960 1319 1337
2305 4 2 3 6 1333 1225 897 1427
2306 4 2 3 6 1332 1314 986 1226
2307 4 2 3 6 1284 1445 956 1287
2308 4 2 3 6 1281 1287 958 1288
2309 4 2 3 6 1242 1335 1315 914
2310 4 2 3 6 1249 939 940 1267
2311 4 2 3 6 939 1249 940 921
2312 4 2 3 6 937 1273 945 1268
2313 4 2 3 6 1284 1445 1219 890
2314 4 2 3 6 983 1310 1008 974
2315 4 2 3 6 1249 920 916 921
2316 4 2 3 6 937 1273 1268 1265
2317 4 2 3 6 939 1267 938 937
2318 4 2 3 6 1007 1315 914 987
2319 4 2 3 6 1328 925 944 1000
2320 4 2 3 6 957 1285 1283 976
2321 4 2 3 6 1336 988 1291 1008
2322 4 2 3 6 1332 1256 930 1258
2323 4 2 3 6 1246 918 1334 1309
2324 4 2 3 6 1432 1327 1424 999
2325 4 2 3 6 1322 920 1248 1249
2326 4 2 3 6 1320 992 944 886
2327 4 2 3 6 1267 938 1266 1270
2328 4 2 3 6 1249 1268 940 1315
2329 4 2 3 6 1249 987 940 921
2330 4 2 3 6 1218 1000 1320 892
2331 4 2 3 6 1419 1434 1326 232
2332 4 2 3 6 1325 1427 1225 235
2333 4 2 3 6 226 138 1417 1179
2334 4 2 3 6 1309 1006 918 1334
2335 4 2 3 6 1227 1338 1295 900
2336 4 2 3 6 1272 886 1320 944
2337 4 2 3 6 886 1272 1320 1216
2338 4 2 3 6 1336 988 1008 924
2339 4 2 3 6 1271 1264 980 943
2340 4 2 3 6 924 1336 1316 1252
2341 4 2 3 6 1283 1285 957 1284
2342 4 2 3 6 1253 994 920 1322
2343 4 2 3 6 1285 996 1324 979
2344 4 2 3 6 1435 1338 1294 1227
2345 4 2 3 6 965 1338 1316 1294
2346 4 2 3 6 1326 1222 896 1270
2347 4 2 3 6 1249 987 921 916
2348 4 2 3 6 1419 1434 232 206
2349 4 2 3 6 1445 995 890 958
2350 4 2 3 6 1442 1223 1317 243
2351 4 2 3 6 1332 928 1257 929
2352 4 2 3 6 900 1313 1001 985
2353 4 2 3 6 997 1427 897 1325
2354 4 2 3 6 942 1326 896 1270
2355 4 2 3 6 1325 1422 234 1222
2356 4 2 3 6 1000 1218 1320 1328
2357 4 2 3 6 937 1268 1267 1265
2358 4 2 3 6 1272 994 1253 1322
2359 4 2 3 6 244 1428 1414 168
2360 4 2 3 6 204 230 1182 1421
2361 4 2 3 6 201 1432 202 898
2362 4 2 3 6 1269 941 1322 1249
2363 4 2 3 6 894 1321 993 1337
2364 4 2 3 6 1214 995 958 887
2365 4 2 3 6 1331 986 1314 1226
2366 4 2 3 6 1247 1277 913 919
2367 4 2 3 6 892 1327 999 1424
2368 4 2 3 6 1432 227 201 1184
2369 4 2 3 6 1287 1214 1323 958
2370 4 2 3 6 1414 1314 1258 245
2371 4 2 3 6 1219 1323 1445 1287
2372 4 2 3 6 1433 237 1228 1446
2373 4 2 3 6 944 1328 1000 1320
2374 4 2 3 6 930 1314 1332 1258
2375 4 2 3 6 942 1216 1326 1270
2376 4 2 3 6 1335 945 1268 1007
2377 4 2 3 6 1000 892 992 1320
2378 4 2 3 6 896 1222 1325 1271
2379 4 2 3 6 1267 942 938 1270
2380 4 2 3 6 1328 926 1000 1257
2381 4 2 3 6 1271 997 896 943
2382 4 2 3 6 1004 1312 984 897
2383 4 2 3 6 897 997 1271 943
2384 4 2 3 6 1225 897 1325 1271
2385 4 2 3 6 942 1269 939 941
2386 4 2 3 6 1414 1423 245 169
2387 4 2 3 6 1414 1314 245 1423
2388 4 2 3 6 1267 942 1270 1269
2389 4 2 3 6 998 886 1216 942
2390 4 2 3 6 245 1423 1314 246
2391 4 2 3 6 1423 1002 170 986
2392 4 2 3 6 1008 964 988 1291
2393 4 2 3 6 1226 1003 986 1332
2394 4 2 3 6 1249 994 920 921
2395 4 2 3 6 986 1331 1002 1226
2396 4 2 3 6 899 1420 129 1005
2397 4 2 3 6 1249 941 994 921
2398 4 2 3 6 992 944 1000 1320
2399 4 2 3 6 1223 1414 244 1428
2400 4 2 3 6 1439 241 165 1191
2401 4 2 3 6 1268 940 945 937
2402 4 2 3 6 1440 1001 191 1425
2403 4 2 3 6 1285 1228 979 1324
2404 4 2 3 6 900 1329 1313 1227
2405 4 2 3 6 1219 996 890 1416
2406 4 2 3 6 1418 984 200 1004
2407 4 2 3 6 1432 1424 228 202
2408 4 2 3 6 944 1272 1328 1320
2409 4 2 3 6 229 1431 1187 203
2410 4 2 3 6 221 1169 222 1404
2411 4 2 3 6 886 1269 941 1272
2412 4 2 3 6 1442 1223 243 1428
2413 4 2 3 6 1007 1315 1268 1335
2414 4 2 3 6 236 1427 210 1190
2415 4 2 3 6 1171 1402 221 220
2416 4 2 3 6 223 1172 1413 222
2417 4 2 3 6 1333 1312 1004 897
2418 4 2 3 6 886 1419 992 205
2419 4 2 3 6 1253 920 1248 1322
2420 4 2 3 6 1328 925 1000 926
2421 4 2 3 6 992 1419 886 1320
2422 4 2 3 6 1267 942 1269 939
2423 4 2 3 6 220 1176 1403 219
2424 4 2 3 6 894 1321 1337 1223
2425 4 2 3 6 1170 1406 224 223
2426 4 2 3 6 198 197 895 1405
2427 4 2 3 6 1203 253 1405 254
2428 4 2 3 6 1424 1218 1327 229
2429 4 2 3 6 1444 985 1417 138
2430 4 2 3 6 1268 937 1267 940
2431 4 2 3 6 992 1419 1421 205
2432 4 2 3 6 1416 1324 239 1219
2433 4 2 3 6 1421 1419 992 1320
2434 4 2 3 6 1407 1205 252 253
2435 4 2 3 6 1253 994 944 925
2436 4 2 3 6 1426 996 163 162
2437 4 2 3 6 1442 167 243 1194
2438 4 2 3 6 237 161 1433 1196
2439 4 2 3 6 206 886 1419 998
2440 4 2 3 6 1325 1427 235 1430
2441 4 2 3 6 1226 1002 986 898
2442 4 2 3 6 1408 1210 254 255
2443 4 2 3 6 1267 939 940 937
2444 4 2 3 6 218 1174 219 1409
2445 4 2 3 6 1410 252 251 1213
2446 4 2 3 6 1272 1328 1253 944
2447 4 2 3 6 945 1335 1268 1273
2448 4 2 3 6 1289 960 1337 1317
2449 4 2 3 6 1272 994 1322 941
2450 4 2 3 6 130 129 899 1420
2451 4 2 3 6 1253 994 925 920
2452 4 2 3 6 225 224 1411 1229
2453 4 2 3 6 900 1329 1227 1425
2454 4 2 3 6 163 1426 1197 239
2455 4 2 3 6 1425 247 191 1440
2456 4 2 3 6 198 1408 931 199
2457 4 2 3 6 1421 1419 231 205
2458 4 2 3 6 244 245 1199 1414
2459 4 2 3 6 1207 248 247 1425
2460 4 2 3 6 10 17 1195 1436
2461 4 2 3 6 894 1223 1337 1317
2462 4 2 3 6 1423 1437 170 1002
2463 4 2 3 6 1436 217 129 1173
2464 4 2 3 6 1444 985 138 1001
2465 4 2 3 6 1219 996 1416 1324
2466 4 2 3 6 1444 1001 138 1440
2467 4 2 3 6 241 1191 1415 242
2468 4 2 3 6 218 1175 1420 217
2469 4 2 3 6 1212 255 1418 256
2470 4 2 3 6 231 1419 1421 1320
2471 4 2 3 6 940 1315 1007 987
2472 4 2 3 6 224 1411 1406 136
2473 4 2 3 6 200 256 1443 1211
2474 4 2 3 6 894 1414 1428 168
2475 4 2 3 6 205 204 1421 992
2476 4 2 3 6 240 1198 239 1416
2477 4 2 3 6 249 1209 250 1401
2478 4 2 3 6 194 193 891 1401
2479 4 2 3 6 892 204 1431 203
2480 4 2 3 6 1317 1009 989 960
2481 4 2 3 6 1406 1411 224 1221
2482 4 2 3 6 1312 1333 1225 897
2483 4 2 3 6 979 1228 899 1005
2484 4 2 3 6 1317 1009 960 1337
2485 4 2 3 6 1219 1445 1284 1287
2486 4 2 3 6 1423 1437 1002 1331
2487 4 2 3 6 138 226 1440 1178
2488 4 2 3 6 1426 162 163 1197
2489 4 2 3 6 137 136 901 1411
2490 4 2 3 6 1410 888 195 196
2491 4 2 3 6 1434 232 206 1183
2492 4 2 3 6 892 1327 1424 1218
2493 4 2 3 6 1406 1411 893 136
2494 4 2 3 6 1444 985 1001 1313
2495 4 2 3 6 1004 1427 1443 1333
2496 4 2 3 6 1313 1001 1444 1329
2497 4 2 3 6 14 1437 1200 19
2498 4 2 3 6 1443 1438 1004 1333
2499 4 2 3 6 1443 20 256 1333
2500 4 2 3 6 1443 1438 200 1004
2501 4 2 3 6 896 208 1422 207
2502 4 2 3 6 233 234 1422 1222
2503 4 2 3 6 235 236 1427 1225
2504 4 2 3 6 209 210 897 1427
2505 4 2 3 6 1418 984 199 200
2506 4 2 3 6 1443 1189 20 236
2507 4 2 3 6 1438 1443 256 1333
2508 4 2 3 6 1184 1432 227 228
2509 4 2 3 6 1268 940 1007 945
2510 4 2 3 6 205 1419 206 886
2511 4 2 3 6 170 14 1437 1200
2512 4 2 3 6 891 1401 963 194
2513 4 2 3 6 193 192 965 1400
2514 4 2 3 6 20 16 1443 1211
2515 4 2 3 6 194 195 1412 963
2516 4 2 3 6 246 1437 170 1423
2517 4 2 3 6 1001 191 1425 900
2518 4 2 3 6 246 170 1437 1200
2519 4 2 3 6 887 1439 1415 1214
2520 4 2 3 6 887 1439 165 166
2521 4 2 3 6 1214 995 887 1439
2522 4 2 3 6 893 1411 1406 1221
2523 4 2 3 6 979 1446 1005 161
2524 4 2 3 6 245 1423 246 1201
2525 4 2 3 6 169 170 986 1423
2526 4 2 3 6 893 1411 901 136
2527 4 2 3 6 941 1322 1272 1269
2528 4 2 3 6 235 1427 236 1190
2529 4 2 3 6 897 210 1004 1427
2530 4 2 3 6 887 1439 166 1415
2531 4 2 3 6 1315 940 1007 1268
2532 4 2 3 6 227 1437 201 1186
2533 4 2 3 6 1004 210 1443 1427
2534 4 2 3 6 1436 237 1446 1330
2535 4 2 3 6 1272 994 941 944
2536 4 2 3 6 243 1442 242 1317
2537 4 2 3 6 1272 994 944 1253
2538 4 2 3 6 1419 1434 206 998
2539 4 2 3 6 1417 137 138 985
2540 4 2 3 6 162 1426 238 1197
2541 4 2 3 6 129 10 1005 1436
2542 4 2 3 6 17 1173 217 1436
2543 4 2 3 6 226 18 1440 1178
2544 4 2 3 6 170 14 1002 1437
2545 4 2 3 6 243 167 1442 1428
2546 4 2 3 6 1211 20 256 1443
2547 4 2 3 6 1401 1400 891 1220
2548 4 2 3 6 161 237 1436 1195
2549 4 2 3 6 229 1431 230 1187
2550 4 2 3 6 901 1411 893 1221
2551 4 2 3 6 227 19 1437 1186
2552 4 2 3 6 191 1206 1440 247
2553 4 2 3 6 1002 14 201 1437
2554 4 2 3 6 1436 237 1330 17
2555 4 2 3 6 891 1400 1401 193
2556 4 2 3 6 210 16 1004 1443
2557 4 2 3 6 12 138 1001 1440
2558 4 2 3 6 979 161 162 1433
2559 4 2 3 6 1220 965 1294 1400
2560 4 2 3 6 230 1182 1421 231
2561 4 2 3 6 18 1440 1206 247
2562 4 2 3 6 10 161 1005 1436
2563 4 2 3 6 1440 1001 12 191
2564 4 2 3 6 228 1185 1424 229
2565 4 2 3 6 1294 249 1220 1400
2566 4 2 3 6 168 894 167 1428
2567 4 2 3 6 888 1410 948 196
2568 4 2 3 6 243 1194 242 1442
2569 4 2 3 6 948 1410 888 1276
2570 4 2 3 6 238 1197 1426 239
2571 4 2 3 6 1424 202 999 203
2572 4 2 3 6 995 164 165 1429
2573 4 2 3 6 208 209 997 1430
2574 4 2 3 6 234 235 1430 1325
2575 4 2 3 6 963 1401 1412 194
2576 4 2 3 6 206 998 1434 207
2577 4 2 3 6 1412 1401 963 1290
2578 4 2 3 6 1445 1323 995 958
2579 4 2 3 6 20 16 1189 1443
2580 4 2 3 6 14 1437 19 1186
2581 4 2 3 6 10 17 1436 1173
2582 4 2 3 6 1440 18 12 1178
2583 4 2 3 6 1412 1401 250 194
2584 4 2 3 6 1285 996 979 957
2585 4 2 3 6 1285 996 957 1219
2586 4 2 3 6 899 1330 1228 1311
2587 4 2 3 6 899 1330 1311 1420
2588 4 2 3 6 1435 1400 192 1208
2589 4 2 3 6 250 1401 1412 1290
2590 4 2 3 6 193 192 1400 1208
2591 4 2 3 6 242 1442 1415 1317
2592 4 2 3 6 965 1400 891 193
2593 4 2 3 6 1436 1441 1330 1005
2594 4 2 3 6 249 1401 250 1220
2595 4 2 3 6 220 1293 1403 1402
2596 4 2 3 6 1403 961 889 132
2597 4 2 3 6 885 1402 1404 133
2598 4 2 3 6 1402 1215 221 1293
2599 4 2 3 6 1402 1293 221 220
2600 4 2 3 6 1403 961 132 1402
2601 4 2 3 6 219 1217 1409 1403
2602 4 2 3 6 132 220 1403 1402
2603 4 2 3 6 1409 889 967 131
2604 4 2 3 6 220 1403 1217 219
2605 4 2 3 6 221 133 1404 1402
2606 4 2 3 6 885 1402 133 961
2607 4 2 3 6 1404 972 885 134
2608 4 2 3 6 1404 972 134 1413
2609 4 2 3 6 221 1404 222 1215
2610 4 2 3 6 948 1410 1407 196
2611 4 2 3 6 1407 1410 948 1276
2612 4 2 3 6 1420 129 1005 1441
2613 4 2 3 6 1405 253 1224 254
2614 4 2 3 6 1407 1410 252 196
2615 4 2 3 6 252 1410 1407 1276
2616 4 2 3 6 1413 893 972 135
2617 4 2 3 6 1413 893 135 1406
2618 4 2 3 6 1406 1221 224 223
2619 4 2 3 6 992 1431 1421 1320
2620 4 2 3 6 1436 217 1330 1441
2621 4 2 3 6 198 1408 1405 895
2622 4 2 3 6 1223 1428 244 243
2623 4 2 3 6 1276 1407 252 253
2624 4 2 3 6 1441 1436 129 1005
2625 4 2 3 6 1405 1408 198 254
2626 4 2 3 6 1408 895 198 931
2627 4 2 3 6 1259 1408 254 255
2628 4 2 3 6 206 1434 1183 207
2629 4 2 3 6 1434 232 233 1326
2630 4 2 3 6 1409 889 131 1403
2631 4 2 3 6 131 219 1409 1403
2632 4 2 3 6 218 1409 219 1301
2633 4 2 3 6 252 1410 1202 196
2634 4 2 3 6 1005 1420 1441 1330
2635 4 2 3 6 1425 247 1207 191
2636 4 2 3 6 1202 1410 195 196
2637 4 2 3 6 225 1411 224 1177
2638 4 2 3 6 136 1411 1177 224
2639 4 2 3 6 1434 233 1183 207
2640 4 2 3 6 1177 1411 137 225
2641 4 2 3 6 137 136 1411 1177
2642 4 2 3 6 1412 250 1204 194
2643 4 2 3 6 1412 251 1204 250
2644 4 2 3 6 251 1412 1204 195
2645 4 2 3 6 194 195 1204 1412
2646 4 2 3 6 1413 893 1406 1221
2647 4 2 3 6 223 1221 1413 1406
2648 4 2 3 6 222 134 1413 1404
2649 4 2 3 6 1404 972 1413 1298
2650 4 2 3 6 223 1413 1298 222
2651 4 2 3 6 894 1414 168 930
2652 4 2 3 6 894 1414 930 1258
2653 4 2 3 6 1433 161 162 1196
2654 4 2 3 6 237 1433 161 1446
2655 4 2 3 6 244 245 1414 1258
2656 4 2 3 6 192 1425 1207 191
2657 4 2 3 6 1415 242 1191 166
2658 4 2 3 6 1425 247 1440 1329
2659 4 2 3 6 240 164 1416 1429
2660 4 2 3 6 1416 890 1429 164
2661 4 2 3 6 1416 996 890 163
2662 4 2 3 6 1416 996 163 1426
2663 4 2 3 6 240 1416 239 1219
2664 4 2 3 6 1417 226 1179 225
2665 4 2 3 6 1179 225 137 1417
2666 4 2 3 6 1417 226 225 1313
2667 4 2 3 6 226 1417 138 1444
2668 4 2 3 6 1179 137 138 1417
2669 4 2 3 6 1418 1408 255 199
2670 4 2 3 6 1418 1312 984 1004
2671 4 2 3 6 1418 1312 1004 1333
2672 4 2 3 6 1312 1418 256 1333
2673 4 2 3 6 1418 255 1312 256
2674 4 2 3 6 231 1419 1180 205
2675 4 2 3 6 1419 231 1180 232
2676 4 2 3 6 1419 232 1180 206
2677 4 2 3 6 205 1180 206 1419
2678 4 2 3 6 1196 162 1433 238
2679 4 2 3 6 1420 1301 218 1311
2680 4 2 3 6 899 1330 1420 1005
2681 4 2 3 6 899 1330 1005 1228
2682 4 2 3 6 1420 1311 217 1330
2683 4 2 3 6 218 1420 1311 217
2684 4 2 3 6 1433 237 238 1228
2685 4 2 3 6 1433 237 1196 238
2686 4 2 3 6 1329 1001 1440 1425
2687 4 2 3 6 1431 204 230 1187
2688 4 2 3 6 230 1421 1320 231
2689 4 2 3 6 208 1181 234 1422
2690 4 2 3 6 1181 233 1422 207
2691 4 2 3 6 233 1422 234 1181
2692 4 2 3 6 1432 1226 227 228
2693 4 2 3 6 1422 208 1181 207
2694 4 2 3 6 1419 886 1216 998
2695 4 2 3 6 245 1201 169 1423
2696 4 2 3 6 232 1419 1216 1326
2697 4 2 3 6 1326 1419 1216 998
2698 4 2 3 6 1429 241 1439 1323
2699 4 2 3 6 169 170 1423 1201
2700 4 2 3 6 229 1218 1431 1424
2701 4 2 3 6 1424 892 1218 1431
2702 4 2 3 6 1214 995 1439 1323
2703 4 2 3 6 228 1424 1327 229
2704 4 2 3 6 192 1425 191 900
2705 4 2 3 6 192 1425 900 1435
2706 4 2 3 6 900 1329 1425 1001
2707 4 2 3 6 900 1329 1001 1313
2708 4 2 3 6 1425 248 247 1227
2709 4 2 3 6 247 1329 1425 1227
2710 4 2 3 6 1426 1324 1433 238
2711 4 2 3 6 1416 996 1426 1324
2712 4 2 3 6 239 163 1426 1416
2713 4 2 3 6 238 1426 1324 239
2714 4 2 3 6 1190 1427 209 235
2715 4 2 3 6 1226 227 1331 1432
2716 4 2 3 6 1323 995 1439 1429
2717 4 2 3 6 236 1427 1225 1333
2718 4 2 3 6 209 210 1427 1190
2719 4 2 3 6 898 1226 1002 1432
2720 4 2 3 6 1192 1428 167 243
2721 4 2 3 6 1428 244 1192 168
2722 4 2 3 6 244 1428 1192 243
2723 4 2 3 6 168 1428 167 1192
2724 4 2 3 6 1429 241 1193 165
2725 4 2 3 6 1193 241 1429 240
2726 4 2 3 6 1429 164 1193 240
2727 4 2 3 6 1429 164 165 1193
2728 4 2 3 6 1188 235 209 1430
2729 4 2 3 6 234 1430 235 1188
2730 4 2 3 6 1432 999 898 1226
2731 4 2 3 6 208 234 1188 1430
2732 4 2 3 6 208 209 1430 1188
2733 4 2 3 6 892 1218 1431 1320
2734 4 2 3 6 1218 230 1431 1320
2735 4 2 3 6 203 229 1431 1424
2736 4 2 3 6 1424 892 1431 203
2737 4 2 3 6 229 1218 230 1431
2738 4 2 3 6 1432 999 202 898
2739 4 2 3 6 1226 1331 1002 1432
2740 4 2 3 6 1417 1229 225 1411
2741 4 2 3 6 208 234 1430 1422
2742 4 2 3 6 997 1427 1325 1430
2743 4 2 3 6 17 1436 217 1330
2744 4 2 3 6 1219 240 1416 1429
2745 4 2 3 6 1403 961 1402 1293
2746 4 2 3 6 1215 221 1404 1402
2747 4 2 3 6 1409 889 1403 1217
2748 4 2 3 6 1298 222 1413 1404
2749 4 2 3 6 135 223 1413 1406
2750 4 2 3 6 1324 239 1426 1416
2751 4 2 3 6 1424 892 203 999
2752 4 2 3 6 1294 965 1435 1400
2753 4 2 3 6 249 1435 248 1208
2754 4 2 3 6 1435 1338 1227 900
2755 4 2 3 6 249 1400 1435 1208
2756 4 2 3 6 1435 1338 900 965
2757 4 2 3 6 1435 1227 1294 248
2758 4 2 3 6 1418 200 1438 1004
2759 4 2 3 6 194 1401 250 1209
2760 4 2 3 6 1418 1004 1438 1333
2761 4 2 3 6 194 193 1401 1209
2762 4 2 3 6 1426 1324 996 1433
2763 4 2 3 6 1203 1405 198 254
2764 4 2 3 6 996 979 162 1433
2765 4 2 3 6 198 197 1405 1203
2766 4 2 3 6 199 1408 255 1210
2767 4 2 3 6 162 1426 996 1433
2768 4 2 3 6 979 996 1324 1433
2769 4 2 3 6 198 1210 1408 199
2770 4 2 3 6 1223 1414 1428 894
2771 4 2 3 6 1223 1414 894 1258
2772 4 2 3 6 1223 1414 1258 244
2773 4 2 3 6 1412 251 250 1290
2774 4 2 3 6 887 1214 1415 1317
2775 4 2 3 6 242 1415 1214 1317
2776 4 2 3 6 1439 241 1415 1214
2777 4 2 3 6 241 1415 1214 242
2778 4 2 3 6 1437 1432 1002 1331
2779 4 2 3 6 1432 1437 227 1331
2780 4 2 3 6 1213 1412 251 1410
2781 4 2 3 6 888 1412 963 1213
2782 4 2 3 6 888 1412 1213 1410
2783 4 2 3 6 1410 252 1202 251
2784 4 2 3 6 1432 999 1424 202
2785 4 2 3 6 1432 1327 999 1226
2786 4 2 3 6 1420 129 1441 217
2787 4 2 3 6 130 129 1420 1175
2788 4 2 3 6 199 1418 1212 255
2789 4 2 3 6 1418 1408 199 984
2790 4 2 3 6 1432 1327 1226 228
2791 4 2 3 6 1294 1400 1435 249
2792 4 2 3 6 1212 1418 199 200
2793 4 2 3 6 1294 1435 248 249
2794 4 2 3 6 202 1424 228 1185
2795 4 2 3 6 1400 249 193 1208
2796 4 2 3 6 1185 202 1424 203
2797 4 2 3 6 963 1401 891 1290
2798 4 2 3 6 1401 1220 891 1290
2799 4 2 3 6 1419 231 232 1216
2800 4 2 3 6 891 1400 965 1220
2801 4 2 3 6 1429 241 165 1439
2802 4 2 3 6 984 199 931 1408
2803 4 2 3 6 931 1259 1312 1408
2804 4 2 3 6 241 1323 1429 240
2805 4 2 3 6 1312 984 931 1408
2806 4 2 3 6 201 1432 1002 1437
2807 4 2 3 6 1436 237 17 1195
2808 4 2 1 7 527 1704 1495 1577
2809 4 2 1 7 430 1509 1471 1623
2810 4 2 1 7 392 1482 1036 1539
2811 4 2 1 7 1610 1701 1519 1090
2812 4 2 1 7 343 1467 407 1527
2813 4 2 1 7 1543 1457 1480 1614
2814 4 2 1 7 1738 527 1704 1495
2815 4 2 1 7 1682 721 1559 739
2816 4 2 1 7 1701 1055 1075 1011
2817 4 2 1 7 1467 1492 407 1527
2818 4 2 1 7 1455 1649 614 1529
2819 4 2 1 7 1103 1454 1521 1530
2820 4 2 1 7 614 1455 625 1541
2821 4 2 1 7 1753 851 837 1560
2822 4 2 1 7 830 1488 1473 1508
2823 4 2 1 7 1479 1491 538 1519
2824 4 2 1 7 1602 1745 1482 1517
2825 4 2 1 7 1471 1509 1465 1623
2826 4 2 1 7 430 1548 1509 1623
2827 4 2 1 7 323 259 312 1506
2828 4 2 1 7 665 1753 1560 1475
2829 4 2 1 7 1036 1482 392 1575
2830 4 2 1 7 260 1468 1485 1547
2831 4 2 1 7 1548 1465 1509 1623
2832 4 2 1 7 1637 1510 1471 1498
2833 4 2 1 7 1745 1469 839 1602
2834 4 2 1 7 260 1468 1547 299
2835 4 2 1 7 625 1455 614 1529
2836 4 2 1 7 1701 1090 1055 1011
2837 4 2 1 7 469 1471 430 1509
2838 4 2 1 7 665 1544 1475 1560
2839 4 2 1 7 1085 1668 1486 1608
2840 4 2 1 7 407 1492 1467 1522
2841 4 2 1 7 1103 1521 1454 1613
2842 4 2 1 7 1744 502 961 1578
2843 4 2 1 7 465 1488 512 1508
2844 4 2 1 7 1488 1490 512 1508
2845 4 2 1 7 1665 850 1475 1571
2846 4 2 1 7 318 1487 1555 1613
2847 4 2 1 7 343 396 407 1467
2848 4 2 1 7 880 1512 1594 1602
2849 4 2 1 7 1114 1454 1530 1561
2850 4 2 1 7 1701 523 57 1519
2851 4 2 1 7 1457 1448 1594 1534
2852 4 2 1 7 1460 1453 1510 1637
2853 4 2 1 7 592 538 1479 1491
2854 4 2 1 7 1460 1453 1637 1502
2855 4 2 1 7 779 1484 781 1511
2856 4 2 1 7 1455 1525 625 1541
2857 4 2 1 7 856 1469 1512 1602
2858 4 2 1 7 1455 1649 1529 1589
2859 4 2 1 7 1036 1058 392 1539
2860 4 2 1 7 832 1571 1490 1508
2861 4 2 1 7 407 1467 396 1522
2862 4 2 1 7 312 323 1506 1551
2863 4 2 1 7 899 976 979 309
2864 4 2 1 7 318 1487 1474 1555
2865 4 2 1 7 1115 1454 1636 1613
2866 4 2 1 7 1458 1491 1479 1519
2867 4 2 1 7 259 1468 312 1506
2868 4 2 1 7 638 1665 1475 1571
2869 4 2 1 7 781 1511 1484 1549
2870 4 2 1 7 1753 763 1475 1665
2871 4 2 1 7 631 1525 1456 1560
2872 4 2 1 7 1474 1487 318 1537
2873 4 2 1 7 1665 850 1571 848
2874 4 2 1 7 1637 1471 1510 1460
2875 4 2 1 7 862 1469 839 1591
2876 4 2 1 7 819 1466 1507 1558
2877 4 2 1 7 952 1580 302 1514
2878 4 2 1 7 1484 1511 779 1586
2879 4 2 1 7 449 1697 447 334
2880 4 2 1 7 1490 732 1691 1755
2881 4 2 1 7 1744 502 1578 459
2882 4 2 1 7 1693 1481 1584 50
2883 4 2 1 7 1543 1457 1614 1504
2884 4 2 1 7 1447 1471 1485 1510
2885 4 2 1 7 493 666 1529 1544
2886 4 2 1 7 626 1541 1525 1601
2887 4 2 1 7 1561 1115 1114 1454
2888 4 2 1 7 1466 814 1533 1558
2889 4 2 1 7 1472 543 545 1568
2890 4 2 1 7 51 352 50 1481
2891 4 2 1 7 1472 543 1568 1538
2892 4 2 1 7 858 879 1667 1495
2893 4 2 1 7 1664 1012 1517 1044
2894 4 2 1 7 1682 721 739 681
2895 4 2 1 7 1543 1457 1504 1448
2896 4 2 1 7 625 1525 1455 1529
2897 4 2 1 7 1458 1491 1448 1507
2898 4 2 1 7 50 1515 1481 1584
2899 4 2 1 7 614 1516 1455 1541
2900 4 2 1 7 1460 1452 1499 1621
2901 4 2 1 7 1460 1510 1452 1621
2902 4 2 1 7 54 1614 1596 1643
2903 4 2 1 7 51 1481 50 1515
2904 4 2 1 7 971 1679 1570 963
2905 4 2 1 7 1468 312 1506 1551
2906 4 2 1 7 1615 1570 971 368
2907 4 2 1 7 54 1482 392 1539
2908 4 2 1 7 1562 1509 1498 1449
2909 4 2 1 7 1486 1668 1515 1608
2910 4 2 1 7 493 1529 470 1544
2911 4 2 1 7 1456 1525 631 1529
2912 4 2 1 7 880 856 1512 1602
2913 4 2 1 7 1457 1594 1512 1602
2914 4 2 1 7 665 1665 1753 1475
2915 4 2 1 7 672 1601 1541 626
2916 4 2 1 7 606 1665 1571 1731
2917 4 2 1 7 1074 1482 1012 1517
2918 4 2 1 7 1596 1602 1512 1469
2919 4 2 1 7 1678 701 1490 1488
2920 4 2 1 7 1573 1581 1542 1459
2921 4 2 1 7 831 1488 830 1508
2922 4 2 1 7 850 1598 1475 1508
2923 4 2 1 7 606 1665 1731 121
2924 4 2 1 7 871 1489 1684 1626
2925 4 2 1 7 34 1588 1500 1590
2926 4 2 1 7 36 318 1487 1537
2927 4 2 1 7 54 53 392 1482
2928 4 2 1 7 1560 631 651 1544
2929 4 2 1 7 1449 1509 1484 1465
2930 4 2 1 7 839 1469 882 856
2931 4 2 1 7 1473 1450 1462 1563
2932 4 2 1 7 828 1552 1475 1598
2933 4 2 1 7 260 1468 299 1505
2934 4 2 1 7 1449 1536 1455 1589
2935 4 2 1 7 53 392 1482 1575
2936 4 2 1 7 811 1507 1466 1629
2937 4 2 1 7 1447 1485 1471 1554
2938 4 2 1 7 1450 1462 1563 1623
2939 4 2 1 7 1466 1489 812 1629
2940 4 2 1 7 1460 1499 1452 1513
2941 4 2 1 7 480 437 492 1490
2942 4 2 1 7 1472 543 1538 544
2943 4 2 1 7 603 1744 490 1658
2944 4 2 1 7 1464 1501 815 1561
2945 4 2 1 7 1593 961 502 1578
2946 4 2 1 7 1449 1455 1509 1589
2947 4 2 1 7 1452 1510 1460 1513
2948 4 2 1 7 465 512 466 1508
2949 4 2 1 7 1454 1555 1487 1613
2950 4 2 1 7 665 1665 1475 638
2951 4 2 1 7 850 1508 1475 1571
2952 4 2 1 7 649 480 492 1490
2953 4 2 1 7 447 1697 449 484
2954 4 2 1 7 1034 1495 1057 1577
2955 4 2 1 7 844 1745 1602 1517
2956 4 2 1 7 318 269 1487 1613
2957 4 2 1 7 1473 1450 1563 1459
2958 4 2 1 7 1667 1774 1076 1495
2959 4 2 1 7 1458 1507 1448 1534
2960 4 2 1 7 34 259 1588 1590
2961 4 2 1 7 699 1542 1493 1573
2962 4 2 1 7 1637 1460 1635 1471
2963 4 2 1 7 1693 1481 50 352
2964 4 2 1 7 770 1684 1489 1675
2965 4 2 1 7 403 937 1531 1583
2966 4 2 1 7 844 1664 1517 762
2967 4 2 1 7 1462 1473 1563 1604
2968 4 2 1 7 1453 1498 1510 1637
2969 4 2 1 7 850 1598 1508 829
2970 4 2 1 7 811 1466 812 1629
2971 4 2 1 7 54 1504 1614 1643
2972 4 2 1 7 1641 882 1469 1648
2973 4 2 1 7 110 1519 1701 1073
2974 4 2 1 7 1693 352 50 420
2975 4 2 1 7 1637 1635 1460 1502
2976 4 2 1 7 1691 1490 1755 649
2977 4 2 1 7 1562 1509 1449 1465
2978 4 2 1 7 840 1668 1486 1732
2979 4 2 1 7 1510 1547 1452 1621
2980 4 2 1 7 575 286 517 1559
2981 4 2 1 7 363 1531 403 937
2982 4 2 1 7 1753 851 1560 1475
2983 4 2 1 7 259 1468 1506 1550
2984 4 2 1 7 1473 1488 830 1542
2985 4 2 1 7 1448 1491 1458 1504
2986 4 2 1 7 447 1697 27 334
2987 4 2 1 7 491 1697 447 484
2988 4 2 1 7 1521 584 1530 1600
2989 4 2 1 7 1753 763 122 837
2990 4 2 1 7 952 302 1580 332
2991 4 2 1 7 27 1697 1 334
2992 4 2 1 7 1486 1515 1668 774
2993 4 2 1 7 1535 1555 1474 1595
2994 4 2 1 7 1685 1608 50 1515
2995 4 2 1 7 1519 1699 1577 1077
2996 4 2 1 7 832 1571 1508 850
2997 4 2 1 7 1508 465 1473 1604
2998 4 2 1 7 1448 1504 1458 1534
2999 4 2 1 7 1166 1738 1138 1495
3000 4 2 1 7 862 1469 1591 1641
3001 4 2 1 7 469 1471 1509 1498
3002 4 2 1 7 1573 1542 1581 699
3003 4 2 1 7 36 318 269 1487
3004 4 2 1 7 303 1524 1485 1532
3005 4 2 1 7 1471 1554 1465 1562
3006 4 2 1 7 260 1468 1505 1485
3007 4 2 1 7 1466 812 1489 1616
3008 4 2 1 7 1610 1701 1090 1055
3009 4 2 1 7 862 1469 1641 882
3010 4 2 1 7 289 549 1476 1556
3011 4 2 1 7 318 1600 327 1613
3012 4 2 1 7 1450 1462 1528 1585
3013 4 2 1 7 839 1469 856 1602
3014 4 2 1 7 1473 1450 1459 1585
3015 4 2 1 7 1130 1774 190 1495
3016 4 2 1 7 970 1567 281 1580
3017 4 2 1 7 978 961 490 502
3018 4 2 1 7 544 1538 1472 1572
3019 4 2 1 7 701 1488 1680 1490
3020 4 2 1 7 806 1577 1540 1479
3021 4 2 1 7 1115 1454 1613 1103
3022 4 2 1 7 1483 1533 1470 1558
3023 4 2 1 7 1483 1558 1466 1533
3024 4 2 1 7 1616 1501 1620 1533
3025 4 2 1 7 1475 1552 851 1560
3026 4 2 1 7 658 1697 491 484
3027 4 2 1 7 1161 1774 15 190
3028 4 2 1 7 123 122 837 1753
3029 4 2 1 7 1466 1448 1483 1568
3030 4 2 1 7 1541 404 1688 1516
3031 4 2 1 7 55 1643 54 1539
3032 4 2 1 7 1472 543 544 545
3033 4 2 1 7 1615 1570 368 1565
3034 4 2 1 7 1465 1562 1554 1652
3035 4 2 1 7 316 1705 334 26
3036 4 2 1 7 1571 512 1490 1508
3037 4 2 1 7 1453 1513 1463 1597
3038 4 2 1 7 954 1514 302 1593
3039 4 2 1 7 1500 1588 1461 1590
3040 4 2 1 7 334 1705 316 449
3041 4 2 1 7 1588 1590 1550 1461
3042 4 2 1 7 1555 1535 1501 1595
3043 4 2 1 7 947 367 365 1518
3044 4 2 1 7 1483 1466 1558 1448
3045 4 2 1 7 463 508 1475 1604
3046 4 2 1 7 1743 1689 1587 863
3047 4 2 1 7 915 1502 1627 1514
3048 4 2 1 7 1519 1577 1699 573
3049 4 2 1 7 1044 1074 1012 1517
3050 4 2 1 7 1508 1473 465 1488
3051 4 2 1 7 289 1476 549 1551
3052 4 2 1 7 1155 1530 567 1569
3053 4 2 1 7 1450 1505 1485 1532
3054 4 2 1 7 1667 1774 1495 879
3055 4 2 1 7 1448 1457 1504 1534
3056 4 2 1 7 437 1488 1678 1490
3057 4 2 1 7 831 830 829 1508
3058 4 2 1 7 952 302 954 1514
3059 4 2 1 7 259 1505 1468 1550
3060 4 2 1 7 1449 1480 1465 1549
3061 4 2 1 7 832 1571 850 848
3062 4 2 1 7 1742 626 1525 1601
3063 4 2 1 7 1668 1085 1061 1608
3064 4 2 1 7 334 1705 1697 26
3065 4 2 1 7 1697 1705 334 449
3066 4 2 1 7 1155 567 520 1569
3067 4 2 1 7 806 1577 1479 853
3068 4 2 1 7 470 1529 1456 1544
3069 4 2 1 7 1137 1113 1723 213
3070 4 2 1 7 915 1502 1514 969
3071 4 2 1 7 1471 1485 1450 1554
3072 4 2 1 7 665 1753 637 602
3073 4 2 1 7 969 1502 1514 1599
3074 4 2 1 7 1155 520 1111 1569
3075 4 2 1 7 260 303 1485 1532
3076 4 2 1 7 1643 54 1482 1596
3077 4 2 1 7 1076 1738 1057 1495
3078 4 2 1 7 1457 1596 1614 1643
3079 4 2 1 7 1609 1568 1483 1472
3080 4 2 1 7 493 622 666 1544
3081 4 2 1 7 1473 1450 1585 1462
3082 4 2 1 7 1524 1532 303 1563
3083 4 2 1 7 299 1468 259 1505
3084 4 2 1 7 1484 1586 779 1642
3085 4 2 1 7 844 1664 762 838
3086 4 2 1 7 1086 107 1764 1765
3087 4 2 1 7 1487 1555 1595 1474
3088 4 2 1 7 806 1577 853 805
3089 4 2 1 7 287 1682 681 721
3090 4 2 1 7 1742 626 1601 663
3091 4 2 1 7 37 36 1487 1497
3092 4 2 1 7 1086 1764 1776 1765
3093 4 2 1 7 260 1485 1505 1532
3094 4 2 1 7 34 1631 1500 1639
3095 4 2 1 7 1526 1530 584 1600
3096 4 2 1 7 1556 1559 993 1625
3097 4 2 1 7 1465 1480 1449 1562
3098 4 2 1 7 318 1555 1600 1613
3099 4 2 1 7 416 1531 945 1617
3100 4 2 1 7 1697 1705 609 26
3101 4 2 1 7 1450 1485 1471 1524
3102 4 2 1 7 81 1522 373 1494
3103 4 2 1 7 1744 643 459 1578
3104 4 2 1 7 1130 1774 1495 1138
3105 4 2 1 7 1507 1564 1466 1629
3106 4 2 1 7 603 1744 1658 133
3107 4 2 1 7 547 1583 1531 1638
3108 4 2 1 7 258 1563 1524 303
3109 4 2 1 7 1555 1501 1535 1451
3110 4 2 1 7 609 1705 1697 449
3111 4 2 1 7 954 302 319 1593
3112 4 2 1 7 575 286 1559 1556
3113 4 2 1 7 367 1518 947 1615
3114 4 2 1 7 319 302 481 1593
3115 4 2 1 7 1462 1585 1473 1598
3116 4 2 1 7 1593 961 1578 977
3117 4 2 1 7 856 1469 846 1512
3118 4 2 1 7 363 1531 937 416
3119 4 2 1 7 570 1531 544 547
3120 4 2 1 7 819 1466 1558 814
3121 4 2 1 7 1706 400 1708 61
3122 4 2 1 7 55 1643 1539 1610
3123 4 2 1 7 302 1514 481 1593
3124 4 2 1 7 603 490 1744 459
3125 4 2 1 7 1691 1490 649 492
3126 4 2 1 7 417 1776 1765 1702
3127 4 2 1 7 800 1487 1474 1645
3128 4 2 1 7 353 1685 1608 50
3129 4 2 1 7 1479 1540 1519 1577
3130 4 2 1 7 1667 858 1495 1577
3131 4 2 1 7 1557 883 1478 1587
3132 4 2 1 7 566 1583 586 1638
3133 4 2 1 7 1616 1501 1533 815
3134 4 2 1 7 403 1531 547 1583
3135 4 2 1 7 812 1466 813 1616
3136 4 2 1 7 1470 1477 1451 1655
3137 4 2 1 7 1155 1120 1530 1569
3138 4 2 1 7 1609 1568 1472 545
3139 4 2 1 7 1499 1452 1547 1621
3140 4 2 1 7 1765 1702 1776 1086
3141 4 2 1 7 1616 1501 815 1464
3142 4 2 1 7 1562 1509 1465 1471
3143 4 2 1 7 1478 1500 735 1639
3144 4 2 1 7 463 1475 1548 1604
3145 4 2 1 7 1576 791 1477 1622
3146 4 2 1 7 573 1479 1519 1577
3147 4 2 1 7 797 1484 779 1642
3148 4 2 1 7 496 1544 470 1548
3149 4 2 1 7 365 947 1518 1617
3150 4 2 1 7 817 1489 871 1626
3151 4 2 1 7 1543 1457 1448 1480
3152 4 2 1 7 1791 1787 39 1157
3153 4 2 1 7 639 1731 1571 1490
3154 4 2 1 7 764 830 1488 1542
3155 4 2 1 7 1493 1542 1459 1573
3156 4 2 1 7 1451 1477 1470 1576
3157 4 2 1 7 512 1488 437 1490
3158 4 2 1 7 1706 400 61 418
3159 4 2 1 7 1076 1057 1034 1495
3160 4 2 1 7 828 851 1475 1552
3161 4 2 1 7 840 1668 1732 172
3162 4 2 1 7 384 57 1701 523
3163 4 2 1 7 1456 1509 470 1548
3164 4 2 1 7 802 1537 1474 1579
3165 4 2 1 7 1448 1507 1466 1558
3166 4 2 1 7 581 578 1569 1626
3167 4 2 1 7 470 1544 1456 1548
3168 4 2 1 7 800 1474 1487 1595
3169 4 2 1 7 1775 83 378 1570
3170 4 2 1 7 391 1467 1633 396
3171 4 2 1 7 1701 341 1075 1055
3172 4 2 1 7 470 1509 1456 1529
3173 4 2 1 7 815 1533 1616 813
3174 4 2 1 7 1447 1554 1562 1652
3175 4 2 1 7 1557 1478 883 1579
3176 4 2 1 7 1451 1483 1501 1576
3177 4 2 1 7 1097 1521 515 1530
3178 4 2 1 7 1485 1524 1450 1532
3179 4 2 1 7 1470 1558 786 1566
3180 4 2 1 7 391 1467 396 383
3181 4 2 1 7 971 1679 963 888
3182 4 2 1 7 1616 1501 1464 1620
3183 4 2 1 7 1682 284 1559 721
3184 4 2 1 7 806 1577 805 1540
3185 4 2 1 7 299 312 259 1468
3186 4 2 1 7 1693 1481 352 1541
3187 4 2 1 7 818 815 1501 1561
3188 4 2 1 7 269 37 36 1487
3189 4 2 1 7 1115 1454 1103 1114
3190 4 2 1 7 258 1563 303 30
3191 4 2 1 7 837 123 1753 1560
3192 4 2 1 7 1447 1554 1471 1562
3193 4 2 1 7 1457 1594 1448 1480
3194 4 2 1 7 1525 1586 779 1601
3195 4 2 1 7 1617 940 1592 1531
3196 4 2 1 7 1753 851 1475 763
3197 4 2 1 7 544 1472 1545 1572
3198 4 2 1 7 367 399 365 1518
3199 4 2 1 7 1471 1554 1450 1465
3200 4 2 1 7 880 1594 1534 1602
3201 4 2 1 7 1073 1077 1699 1519
3202 4 2 1 7 532 549 1556 1628
3203 4 2 1 7 1447 1471 1510 1562
3204 4 2 1 7 1678 701 1488 737
3205 4 2 1 7 1753 851 763 837
3206 4 2 1 7 1787 1761 1157 1791
3207 4 2 1 7 1616 1564 1569 1489
3208 4 2 1 7 1653 1708 1785 1134
3209 4 2 1 7 1791 40 1715 1157
3210 4 2 1 7 1740 1624 1540 1640
3211 4 2 1 7 281 1567 315 1580
3212 4 2 1 7 1701 341 1055 1610
3213 4 2 1 7 797 781 779 1484
3214 4 2 1 7 1492 1522 432 499
3215 4 2 1 7 403 1531 570 547
3216 4 2 1 7 1745 1469 1602 1482
3217 4 2 1 7 1742 626 663 647
3218 4 2 1 7 1740 1624 1640 1517
3219 4 2 1 7 802 1474 801 1579
3220 4 2 1 7 1745 1469 1482 1591
3221 4 2 1 7 788 786 1558 1566
3222 4 2 1 7 993 1556 575 1559
3223 4 2 1 7 1483 1533 1501 1576
3224 4 2 1 7 1785 569 1653 1583
3225 4 2 1 7 1449 1509 1455 1586
3226 4 2 1 7 370 378 83 1570
3227 4 2 1 7 332 298 302 1580
3228 4 2 1 7 286 1559 1556 1625
3229 4 2 1 7 1456 1544 631 1560
3230 4 2 1 7 403 570 1531 386
3231 4 2 1 7 430 77 76 1471
3232 4 2 1 7 416 937 945 1531
3233 4 2 1 7 631 1456 1529 1544
3234 4 2 1 7 1501 1526 1451 1555
3235 4 2 1 7 1745 1469 1591 839
3236 4 2 1 7 1680 747 1490 1734
3237 4 2 1 7 383 396 343 1467
3238 4 2 1 7 1450 1465 1554 1605
3239 4 2 1 7 592 1491 1479 1564
3240 4 2 1 7 1453 1463 1518 1597
3241 4 2 1 7 1742 663 1601 1674
3242 4 2 1 7 1604 1552 1598 1475
3243 4 2 1 7 1562 1509 1471 1498
3244 4 2 1 7 1449 1492 1536 1589
3245 4 2 1 7 1706 400 418 516
3246 4 2 1 7 1761 1715 1157 1791
3247 4 2 1 7 871 1684 1495 1626
3248 4 2 1 7 546 547 1531 1638
3249 4 2 1 7 319 954 279 302
3250 4 2 1 7 1771 286 1559 517
3251 4 2 1 7 1449 1511 1455 1536
3252 4 2 1 7 770 1684 1675 188
3253 4 2 1 7 854 1740 1517 1624
3254 4 2 1 7 269 318 327 1613
3255 4 2 1 7 1487 1497 1537 1645
3256 4 2 1 7 1639 1500 1588 1478
3257 4 2 1 7 1791 39 40 1157
3258 4 2 1 7 1500 1631 704 1639
3259 4 2 1 7 1706 400 516 1708
3260 4 2 1 7 907 1599 923 1607
3261 4 2 1 7 1608 1685 1023 1061
3262 4 2 1 7 1476 1556 549 1628
3263 4 2 1 7 781 780 1511 1549
3264 4 2 1 7 832 1490 1488 1508
3265 4 2 1 7 1742 767 1674 1601
3266 4 2 1 7 1114 1454 1103 1530
3267 4 2 1 7 368 367 971 1615
3268 4 2 1 7 1706 1708 1098 61
3269 4 2 1 7 828 851 850 1475
3270 4 2 1 7 1451 1470 1483 1576
3271 4 2 1 7 1521 1600 1454 1613
3272 4 2 1 7 1458 1519 1479 1540
3273 4 2 1 7 499 1498 1492 1522
3274 4 2 1 7 1561 1115 1454 1636
3275 4 2 1 7 1467 1527 1480 1562
3276 4 2 1 7 1747 1584 1515 50
3277 4 2 1 7 1681 1042 1570 1775
3278 4 2 1 7 1715 1761 267 1791
3279 4 2 1 7 1480 1527 1449 1562
3280 4 2 1 7 1449 1455 1511 1586
3281 4 2 1 7 303 1532 31 1563
3282 4 2 1 7 1774 15 1089 211
3283 4 2 1 7 968 1556 1476 1628
3284 4 2 1 7 1509 1548 1484 1465
3285 4 2 1 7 1465 1484 1449 1549
3286 4 2 1 7 942 566 1583 1653
3287 4 2 1 7 897 980 984 393
3288 4 2 1 7 914 1518 1592 1597
3289 4 2 1 7 1126 1626 1684 1489
3290 4 2 1 7 922 532 1556 1628
3291 4 2 1 7 1113 106 562 1146
3292 4 2 1 7 858 805 853 1577
3293 4 2 1 7 1454 1555 1501 1595
3294 4 2 1 7 1453 1498 1467 1647
3295 4 2 1 7 1752 128 11 875
3296 4 2 1 7 1463 1513 1592 1597
3297 4 2 1 7 1626 1569 1564 1489
3298 4 2 1 7 33 259 34 1590
3299 4 2 1 7 407 373 432 1522
3300 4 2 1 7 786 1470 861 1558
3301 4 2 1 7 817 1489 1626 1629
3302 4 2 1 7 634 1525 631 1560
3303 4 2 1 7 1135 1097 515 1530
3304 4 2 1 7 308 1631 34 1639
3305 4 2 1 7 1485 1547 1510 1621
3306 4 2 1 7 570 1531 1572 544
3307 4 2 1 7 344 1538 1520 1543
3308 4 2 1 7 1498 1510 1471 1562
3309 4 2 1 7 462 1475 623 1544
3310 4 2 1 7 1462 1604 1563 1623
3311 4 2 1 7 1485 1505 1450 1554
3312 4 2 1 7 583 1785 1583 569
3313 4 2 1 7 1453 1510 1498 1647
3314 4 2 1 7 1740 1624 822 1540
3315 4 2 1 7 1479 1491 1458 1507
3316 4 2 1 7 974 467 1494 1607
3317 4 2 1 7 1467 383 1520 1614
3318 4 2 1 7 1474 1537 802 1645
3319 4 2 1 7 699 1493 686 1573
3320 4 2 1 7 638 462 1571 1475
3321 4 2 1 7 1588 1550 1590 259
3322 4 2 1 7 817 871 1495 1626
3323 4 2 1 7 907 923 905 1607
3324 4 2 1 7 968 922 1556 1628
3325 4 2 1 7 1472 1538 1520 1572
3326 4 2 1 7 1693 352 420 1541
3327 4 2 1 7 54 1504 383 1614
3328 4 2 1 7 1755 747 1490 732
3329 4 2 1 7 1098 1708 1706 516
3330 4 2 1 7 1510 1547 1485 1447
3331 4 2 1 7 1592 1638 1545 1531
3332 4 2 1 7 940 987 1007 1592
3333 4 2 1 7 1468 1554 1485 1447
3334 4 2 1 7 1451 1483 1470 1546
3335 4 2 1 7 623 1475 665 1544
3336 4 2 1 7 1747 1584 1693 619
3337 4 2 1 7 1454 1526 1501 1555
3338 4 2 1 7 382 1531 416 1617
3339 4 2 1 7 792 880 856 1512
3340 4 2 1 7 665 651 1544 1560
3341 4 2 1 7 1576 1477 791 1535
3342 4 2 1 7 1058 346 392 1539
3343 4 2 1 7 428 905 923 1607
3344 4 2 1 7 512 437 480 1490
3345 4 2 1 7 1520 1617 1463 1572
3346 4 2 1 7 747 732 701 1490
3347 4 2 1 7 858 853 1495 1577
3348 4 2 1 7 819 1466 814 811
3349 4 2 1 7 625 631 1525 1529
3350 4 2 1 7 953 970 281 1580
3351 4 2 1 7 704 735 1500 1639
3352 4 2 1 7 383 1467 343 1614
3353 4 2 1 7 34 1631 1590 1500
3354 4 2 1 7 1454 1600 1555 1613
3355 4 2 1 7 1470 1451 1546 1655
3356 4 2 1 7 1608 1758 1515 1685
3357 4 2 1 7 408 407 1492 1527
3358 4 2 1 7 942 1638 939 1583
3359 4 2 1 7 1501 1533 1483 1620
3360 4 2 1 7 844 1745 838 839
3361 4 2 1 7 965 193 1681 1726
3362 4 2 1 7 858 1735 1577 1667
3363 4 2 1 7 365 1518 399 1617
3364 4 2 1 7 1487 1537 1497 36
3365 4 2 1 7 885 961 490 978
3366 4 2 1 7 1470 1652 1477 1655
3367 4 2 1 7 1511 779 1586 1601
3368 4 2 1 7 81 1522 1494 80
3369 4 2 1 7 363 1531 416 386
3370 4 2 1 7 1731 641 1661 1490
3371 4 2 1 7 1747 1584 619 627
3372 4 2 1 7 1461 1535 1477 1655
3373 4 2 1 7 1 1773 658 491
3374 4 2 1 7 1492 432 1522 407
3375 4 2 1 7 1731 857 1490 1661
3376 4 2 1 7 499 1498 1522 79
3377 4 2 1 7 30 303 31 1563
3378 4 2 1 7 384 1701 536 523
3379 4 2 1 7 974 1494 81 1565
3380 4 2 1 7 312 1468 299 1547
3381 4 2 1 7 658 1773 1 636
3382 4 2 1 7 605 1541 1516 614
3383 4 2 1 7 779 1586 1525 1642
3384 4 2 1 7 392 1026 1036 1575
3385 4 2 1 7 1155 1111 1120 1569
3386 4 2 1 7 586 1583 566 1653
3387 4 2 1 7 711 1733 1488 1676
3388 4 2 1 7 1639 1588 1500 34
3389 4 2 1 7 302 954 279 952
3390 4 2 1 7 286 575 533 1556
3391 4 2 1 7 658 1773 445 491
3392 4 2 1 7 499 1498 79 425
3393 4 2 1 7 570 1531 386 1572
3394 4 2 1 7 779 781 780 1511
3395 4 2 1 7 37 1497 1487 1646
3396 4 2 1 7 1535 1550 1474 1555
3397 4 2 1 7 626 625 1525 1541
3398 4 2 1 7 817 1626 1495 1629
3399 4 2 1 7 704 1500 748 1631
3400 4 2 1 7 445 1773 658 636
3401 4 2 1 7 1705 450 1578 449
3402 4 2 1 7 844 1745 839 1602
3403 4 2 1 7 672 1601 626 663
3404 4 2 1 7 1450 1554 1477 1605
3405 4 2 1 7 1475 508 1571 1604
3406 4 2 1 7 1693 1481 1541 1584
3407 4 2 1 7 408 343 407 1527
3408 4 2 1 7 1557 883 1587 835
3409 4 2 1 7 1112 1569 578 1626
3410 4 2 1 7 1509 1492 1498 1449
3411 4 2 1 7 844 1664 838 1745
3412 4 2 1 7 1120 1165 1123 1603
3413 4 2 1 7 773 1488 832 1490
3414 4 2 1 7 1480 1448 1558 1594
3415 4 2 1 7 952 1514 951 1580
3416 4 2 1 7 605 1541 614 654
3417 4 2 1 7 1484 1509 1456 1548
3418 4 2 1 7 748 704 735 1500
3419 4 2 1 7 527 1495 579 1577
3420 4 2 1 7 1616 1564 1489 1466
3421 4 2 1 7 466 465 1508 1604
3422 4 2 1 7 286 533 575 560
3423 4 2 1 7 638 462 1475 623
3424 4 2 1 7 1464 1501 1454 1526
3425 4 2 1 7 711 1676 1488 1542
3426 4 2 1 7 638 1665 1571 606
3427 4 2 1 7 538 1519 1491 1630
3428 4 2 1 7 307 299 260 1547
3429 4 2 1 7 1483 1526 1501 1620
3430 4 2 1 7 1519 1540 1077 1577
3431 4 2 1 7 1569 1530 1620 1464
3432 4 2 1 7 1451 1501 1483 1526
3433 4 2 1 7 1564 1620 1569 558
3434 4 2 1 7 341 384 1701 1075
3435 4 2 1 7 774 1641 1486 1515
3436 4 2 1 7 445 1773 444 491
3437 4 2 1 7 1465 1450 1528 1605
3438 4 2 1 7 37 1487 1694 1646
3439 4 2 1 7 862 1732 1486 1591
3440 4 2 1 7 711 1733 1676 147
3441 4 2 1 7 1467 1527 343 1614
3442 4 2 1 7 444 1773 445 636
3443 4 2 1 7 1484 1511 1449 1549
3444 4 2 1 7 499 1498 425 1492
3445 4 2 1 7 367 368 971 366
3446 4 2 1 7 81 1522 80 432
3447 4 2 1 7 1463 1592 1518 1597
3448 4 2 1 7 287 1682 721 284
3449 4 2 1 7 1752 1670 875 1515
3450 4 2 1 7 1478 1537 867 1579
3451 4 2 1 7 1752 1670 128 875
3452 4 2 1 7 1470 1546 1652 1655
3453 4 2 1 7 1682 284 282 1625
3454 4 2 1 7 880 1534 821 1602
3455 4 2 1 7 1625 1682 1559 989
3456 4 2 1 7 1505 1550 259 1590
3457 4 2 1 7 764 830 831 1488
3458 4 2 1 7 285 289 312 1476
3459 4 2 1 7 465 1493 1473 1563
3460 4 2 1 7 923 1599 468 1607
3461 4 2 1 7 1105 1521 1097 1096
3462 4 2 1 7 1604 1552 1475 1548
3463 4 2 1 7 544 1545 1472 545
3464 4 2 1 7 1571 1490 677 639
3465 4 2 1 7 1625 1682 960 282
3466 4 2 1 7 779 777 1525 1601
3467 4 2 1 7 1544 1552 1475 1560
3468 4 2 1 7 1479 1495 853 1577
3469 4 2 1 7 81 974 467 1494
3470 4 2 1 7 1464 1530 1120 1569
3471 4 2 1 7 1521 327 1600 1613
3472 4 2 1 7 1513 1582 911 1627
3473 4 2 1 7 1569 1620 1530 571
3474 4 2 1 7 699 729 1493 1542
3475 4 2 1 7 1534 1594 1457 1602
3476 4 2 1 7 1615 1570 1565 964
3477 4 2 1 7 968 1476 917 1628
3478 4 2 1 7 818 815 868 1501
3479 4 2 1 7 527 562 579 1495
3480 4 2 1 7 807 1540 822 1624
3481 4 2 1 7 1510 1562 1498 1647
3482 4 2 1 7 1523 1528 1450 1605
3483 4 2 1 7 1477 1523 1450 1605
3484 4 2 1 7 960 1682 1625 989
3485 4 2 1 7 407 432 380 1492
3486 4 2 1 7 856 882 846 1469
3487 4 2 1 7 1452 1547 1510 1447
3488 4 2 1 7 862 1591 1486 1641
3489 4 2 1 7 1458 1534 1504 1643
3490 4 2 1 7 1477 1535 1461 1634
3491 4 2 1 7 699 729 686 1493
3492 4 2 1 7 815 1561 1603 1464
3493 4 2 1 7 774 1641 1515 841
3494 4 2 1 7 1105 1521 1096 568
3495 4 2 1 7 735 1500 1478 1587
3496 4 2 1 7 465 1473 1493 1606
3497 4 2 1 7 1454 1464 1526 1530
3498 4 2 1 7 285 289 1476 1556
3499 4 2 1 7 626 614 625 1541
3500 4 2 1 7 1461 1550 1535 1655
3501 4 2 1 7 1466 1564 1489 1629
3502 4 2 1 7 1451 1550 1535 1555
3503 4 2 1 7 1472 1520 1463 1572
3504 4 2 1 7 750 1687 730 1497
3505 4 2 1 7 470 493 472 1529
3506 4 2 1 7 861 1576 1470 1622
3507 4 2 1 7 960 1682 887 282
3508 4 2 1 7 1633 373 1522 1494
3509 4 2 1 7 801 802 800 1474
3510 4 2 1 7 1534 1558 1448 1594
3511 4 2 1 7 786 861 1470 1622
3512 4 2 1 7 1449 1511 1484 1586
3513 4 2 1 7 913 911 1582 1627
3514 4 2 1 7 582 90 1763 1727
3515 4 2 1 7 887 1682 960 989
3516 4 2 1 7 1495 1166 1128 1138
3517 4 2 1 7 969 915 951 1514
3518 4 2 1 7 1754 727 1669 1497
3519 4 2 1 7 344 1520 383 1614
3520 4 2 1 7 332 302 279 952
3521 4 2 1 7 879 858 771 1495
3522 4 2 1 7 913 1582 1499 1627
3523 4 2 1 7 701 717 1680 1488
3524 4 2 1 7 1604 1552 1548 1462
3525 4 2 1 7 1531 1583 939 1638
3526 4 2 1 7 823 1605 1523 1634
3527 4 2 1 7 864 1557 1579 1634
3528 4 2 1 7 269 1694 37 1487
3529 4 2 1 7 1608 1758 1685 1061
3530 4 2 1 7 800 1474 802 1645
3531 4 2 1 7 1450 1523 1505 1459
3532 4 2 1 7 420 352 404 1541
3533 4 2 1 7 1461 1500 1478 1588
3534 4 2 1 7 567 1530 571 1569
3535 4 2 1 7 849 779 1525 1642
3536 4 2 1 7 917 1476 968 1567
3537 4 2 1 7 861 1533 1470 1576
3538 4 2 1 7 1508 1598 1475 1604
3539 4 2 1 7 344 1543 1520 1614
3540 4 2 1 7 515 1521 584 1530
3541 4 2 1 7 1480 1558 1448 1574
3542 4 2 1 7 1520 1617 1572 399
3543 4 2 1 7 553 1530 1526 1620
3544 4 2 1 7 392 346 54 1539
3545 4 2 1 7 303 1524 258 1553
3546 4 2 1 7 786 1470 1566 1622
3547 4 2 1 7 1470 1558 1480 1574
3548 4 2 1 7 545 1568 543 1620
3549 4 2 1 7 62 1695 1751 1167
3550 4 2 1 7 1686 265 1096 1521
3551 4 2 1 7 1461 1550 1505 1590
3552 4 2 1 7 1458 1610 1504 1630
3553 4 2 1 7 1538 539 1630 342
3554 4 2 1 7 1520 1538 1472 1543
3555 4 2 1 7 1680 747 1734 145
3556 4 2 1 7 1462 1548 1484 1552
3557 4 2 1 7 1557 883 835 865
3558 4 2 1 7 1448 1538 1472 1568
3559 4 2 1 7 805 1735 1540 1577
3560 4 2 1 7 401 1486 1608 1041
3561 4 2 1 7 1492 1498 1467 1522
3562 4 2 1 7 1470 1533 1483 1576
3563 4 2 1 7 401 1486 1041 1575
3564 4 2 1 7 1466 1533 813 1616
3565 4 2 1 7 614 615 1529 1649
3566 4 2 1 7 858 1735 1667 179
3567 4 2 1 7 1674 1584 663 1601
3568 4 2 1 7 79 1498 1522 1637
3569 4 2 1 7 1512 1596 1527 1457
3570 4 2 1 7 1166 1738 1495 562
3571 4 2 1 7 30 75 258 1563
3572 4 2 1 7 939 1531 937 1583
3573 4 2 1 7 1453 1518 1463 1520
3574 4 2 1 7 1732 1047 1591 1671
3575 4 2 1 7 493 470 496 1544
3576 4 2 1 7 74 30 1493 1563
3577 4 2 1 7 300 67 436 509
3578 4 2 1 7 788 786 861 1558
3579 4 2 1 7 344 1504 1538 1543
3580 4 2 1 7 923 973 468 978
3581 4 2 1 7 318 1474 1537 1588
3582 4 2 1 7 1453 1467 1498 1522
3583 4 2 1 7 1571 677 1490 480
3584 4 2 1 7 289 312 1476 1551
3585 4 2 1 7 815 1603 1561 760
3586 4 2 1 7 558 1564 1568 542
3587 4 2 1 7 673 649 1755 1490
3588 4 2 1 7 573 1479 1577 579
3589 4 2 1 7 867 1537 802 1579
3590 4 2 1 7 750 1687 1497 268
3591 4 2 1 7 303 1485 1524 1553
3592 4 2 1 7 583 1708 1785 569
3593 4 2 1 7 1538 539 342 541
3594 4 2 1 7 308 704 1631 1639
3595 4 2 1 7 70 115 1769 1784
3596 4 2 1 7 780 1512 1511 1549
3597 4 2 1 7 387 1520 1538 1572
3598 4 2 1 7 1473 1542 830 1651
3599 4 2 1 7 1511 1512 780 1648
3600 4 2 1 7 30 31 1493 1563
3601 4 2 1 7 1472 1538 1448 1543
3602 4 2 1 7 1727 534 1790 986
3603 4 2 1 7 1502 1514 1460 1627
3604 4 2 1 7 1120 1530 1464 1561
3605 4 2 1 7 649 677 480 1490
3606 4 2 1 7 1641 51 1481 1650
3607 4 2 1 7 259 1506 324 1550
3608 4 2 1 7 867 1537 1478 1619
3609 4 2 1 7 560 294 517 286
3610 4 2 1 7 408 52 1596 1650
3611 4 2 1 7 567 571 520 1569
3612 4 2 1 7 391 1467 383 1520
3613 4 2 1 7 1571 512 1508 466
3614 4 2 1 7 1120 1561 1464 1603
3615 4 2 1 7 968 917 922 1628
3616 4 2 1 7 509 436 300 510
3617 4 2 1 7 1675 1154 1489 1603
3618 4 2 1 7 430 470 1509 1548
3619 4 2 1 7 493 666 472 1529
3620 4 2 1 7 353 1685 50 421
3621 4 2 1 7 1468 1505 1485 1554
3622 4 2 1 7 733 1771 706 1559
3623 4 2 1 7 1450 1505 1532 1459
3624 4 2 1 7 1499 970 949 1580
3625 4 2 1 7 403 938 937 1583
3626 4 2 1 7 1553 75 76 1524
3627 4 2 1 7 580 1790 930 1748
3628 4 2 1 7 542 558 543 1568
3629 4 2 1 7 300 1713 73 1656
3630 4 2 1 7 490 468 973 978
3631 4 2 1 7 1451 1546 1506 1609
3632 4 2 1 7 818 1561 1501 1595
3633 4 2 1 7 469 77 430 1471
3634 4 2 1 7 1681 1042 1775 1072
3635 4 2 1 7 915 1580 1514 1627
3636 4 2 1 7 952 954 951 1514
3637 4 2 1 7 1473 1462 1598 1604
3638 4 2 1 7 1609 1568 545 1620
3639 4 2 1 7 1681 1042 1072 1082
3640 4 2 1 7 988 1681 891 1570
3641 4 2 1 7 52 1575 53 1596
3642 4 2 1 7 811 810 1507 1629
3643 4 2 1 7 816 1675 1489 1603
3644 4 2 1 7 83 988 82 1570
3645 4 2 1 7 1478 1500 1461 1557
3646 4 2 1 7 268 1497 750 1618
3647 4 2 1 7 930 1790 534 986
3648 4 2 1 7 580 1790 1748 91
3649 4 2 1 7 1653 1708 1134 1110
3650 4 2 1 7 1564 1620 558 1568
3651 4 2 1 7 1068 1519 1640 1540
3652 4 2 1 7 1569 1626 1154 1489
3653 4 2 1 7 1499 1582 1513 1627
3654 4 2 1 7 490 468 978 502
3655 4 2 1 7 1731 832 1571 1490
3656 4 2 1 7 1452 1496 1545 1592
3657 4 2 1 7 884 840 774 1486
3658 4 2 1 7 302 481 1514 1553
3659 4 2 1 7 468 978 502 1599
3660 4 2 1 7 1012 1482 1078 1591
3661 4 2 1 7 953 952 950 1580
3662 4 2 1 7 1472 545 1545 1609
3663 4 2 1 7 300 67 266 436
3664 4 2 1 7 500 1516 461 349
3665 4 2 1 7 914 1007 1592 1617
3666 4 2 1 7 861 1470 1533 1558
3667 4 2 1 7 269 1694 1487 1613
3668 4 2 1 7 506 1589 471 1649
3669 4 2 1 7 785 1644 1605 1566
3670 4 2 1 7 1461 1523 1477 1634
3671 4 2 1 7 833 1542 869 1581
3672 4 2 1 7 344 1630 1538 1504
3673 4 2 1 7 1687 268 337 37
3674 4 2 1 7 1491 1448 1466 1568
3675 4 2 1 7 62 1695 1167 63
3676 4 2 1 7 1060 1482 1539 1036
3677 4 2 1 7 54 383 1504 55
3678 4 2 1 7 81 1494 373 1565
3679 4 2 1 7 699 1581 723 1542
3680 4 2 1 7 1751 1134 62 1167
3681 4 2 1 7 665 602 651 1560
3682 4 2 1 7 1469 846 1512 1648
3683 4 2 1 7 428 923 468 1607
3684 4 2 1 7 523 536 384 537
3685 4 2 1 7 1501 1535 794 1595
3686 4 2 1 7 91 534 1790 1727
3687 4 2 1 7 542 1538 539 1491
3688 4 2 1 7 1484 1548 1456 1552
3689 4 2 1 7 824 847 823 1523
3690 4 2 1 7 849 779 777 1525
3691 4 2 1 7 1135 1104 1097 1530
3692 4 2 1 7 1450 1563 1524 1623
3693 4 2 1 7 575 286 560 517
3694 4 2 1 7 1454 1501 1464 1561
3695 4 2 1 7 988 1565 82 1570
3696 4 2 1 7 1593 961 977 978
3697 4 2 1 7 951 1514 915 1580
3698 4 2 1 7 1450 1465 1462 1623
3699 4 2 1 7 1707 1782 714 1789
3700 4 2 1 7 260 1547 1485 1621
3701 4 2 1 7 1461 1477 1505 1655
3702 4 2 1 7 813 1466 814 1533
3703 4 2 1 7 7 1782 1789 714
3704 4 2 1 7 1538 542 543 1568
3705 4 2 1 7 1680 870 773 1488
3706 4 2 1 7 856 846 792 1512
3707 4 2 1 7 785 1644 1566 783
3708 4 2 1 7 1450 1477 1505 1523
3709 4 2 1 7 1473 830 1585 1651
3710 4 2 1 7 1549 1566 782 1594
3711 4 2 1 7 1484 1462 1552 1612
3712 4 2 1 7 897 943 980 393
3713 4 2 1 7 729 1493 1542 1606
3714 4 2 1 7 560 294 286 290
3715 4 2 1 7 1563 465 1604 1473
3716 4 2 1 7 366 971 367 365
3717 4 2 1 7 1461 1477 1523 1505
3718 4 2 1 7 1563 1604 465 429
3719 4 2 1 7 1789 90 7 714
3720 4 2 1 7 1491 1466 1448 1507
3721 4 2 1 7 1487 1595 1555 1454
3722 4 2 1 7 1567 959 1625 990
3723 4 2 1 7 1765 1698 526 595
3724 4 2 1 7 846 780 1512 1648
3725 4 2 1 7 917 968 919 1567
3726 4 2 1 7 1574 1562 1647 1480
3727 4 2 1 7 1542 1581 833 1651
3728 4 2 1 7 1482 1596 1469 1602
3729 4 2 1 7 1453 1513 1510 1463
3730 4 2 1 7 208 1751 1134 1785
3731 4 2 1 7 815 1464 1603 1616
3732 4 2 1 7 912 911 1513 1582
3733 4 2 1 7 318 1537 35 1588
3734 4 2 1 7 1467 1562 1480 1647
3735 4 2 1 7 290 286 560 533
3736 4 2 1 7 1484 1548 1462 1465
3737 4 2 1 7 258 1563 75 1524
3738 4 2 1 7 1650 1596 1536 1469
3739 4 2 1 7 1456 1552 1544 1560
3740 4 2 1 7 563 1479 579 1495
3741 4 2 1 7 1509 1492 1449 1589
3742 4 2 1 7 1475 1544 463 1548
3743 4 2 1 7 80 1494 467 1607
3744 4 2 1 7 1723 1113 1677 213
3745 4 2 1 7 31 1532 1493 1563
3746 4 2 1 7 83 82 370 1570
3747 4 2 1 7 342 570 386 1572
3748 4 2 1 7 1501 1526 1464 1620
3749 4 2 1 7 1645 1669 1497 1754
3750 4 2 1 7 465 1488 1473 1606
3751 4 2 1 7 814 813 811 1466
3752 4 2 1 7 1051 368 1570 390
3753 4 2 1 7 306 1771 1559 706
3754 4 2 1 7 1592 1545 1638 1496
3755 4 2 1 7 1569 1154 1626 1112
3756 4 2 1 7 1475 1571 1508 1604
3757 4 2 1 7 1457 1512 1480 1527
3758 4 2 1 7 590 291 289 1551
3759 4 2 1 7 796 801 1474 1579
3760 4 2 1 7 714 1789 90 1763
3761 4 2 1 7 1584 1670 627 1515
3762 4 2 1 7 711 1542 1488 1606
3763 4 2 1 7 382 386 416 1531
3764 4 2 1 7 796 1474 1535 1579
3765 4 2 1 7 462 463 1475 1544
3766 4 2 1 7 1686 265 1521 320
3767 4 2 1 7 568 587 515 1521
3768 4 2 1 7 396 1522 1467 1633
3769 4 2 1 7 975 319 1578 1593
3770 4 2 1 7 542 1538 1491 1568
3771 4 2 1 7 750 1687 268 689
3772 4 2 1 7 1750 131 1778 1673
3773 4 2 1 7 1461 1505 1523 1590
3774 4 2 1 7 468 923 978 1599
3775 4 2 1 7 458 490 1658 603
3776 4 2 1 7 812 813 1466 811
3777 4 2 1 7 398 1017 1065 1062
3778 4 2 1 7 794 1535 1501 1576
3779 4 2 1 7 864 1557 865 1579
3780 4 2 1 7 364 1017 398 1062
3781 4 2 1 7 824 1523 1528 1585
3782 4 2 1 7 793 787 823 1634
3783 4 2 1 7 1486 401 52 1575
3784 4 2 1 7 1447 1562 1510 1647
3785 4 2 1 7 1750 24 1778 678
3786 4 2 1 7 817 770 871 1489
3787 4 2 1 7 1450 1528 1462 1465
3788 4 2 1 7 912 913 911 1582
3789 4 2 1 7 1060 1482 1036 1074
3790 4 2 1 7 344 1630 1504 56
3791 4 2 1 7 1060 1482 1074 1517
3792 4 2 1 7 1491 1507 1479 1564
3793 4 2 1 7 684 1746 5 685
3794 4 2 1 7 1452 1547 1503 1611
3795 4 2 1 7 543 1568 558 1620
3796 4 2 1 7 987 1496 1592 1638
3797 4 2 1 7 1499 970 1580 1567
3798 4 2 1 7 1461 1579 1557 1634
3799 4 2 1 7 469 1498 78 1471
3800 4 2 1 7 800 1487 874 1595
3801 4 2 1 7 390 378 1570 1059
3802 4 2 1 7 1523 1605 1477 1634
3803 4 2 1 7 952 951 950 1580
3804 4 2 1 7 1520 1617 399 1518
3805 4 2 1 7 1668 875 774 1515
3806 4 2 1 7 1466 1507 1491 1564
3807 4 2 1 7 828 1552 1598 1612
3808 4 2 1 7 742 1754 1619 1497
3809 4 2 1 7 615 625 614 1529
3810 4 2 1 7 1503 1546 1472 1609
3811 4 2 1 7 1750 25 24 678
3812 4 2 1 7 1068 1519 1540 1077
3813 4 2 1 7 1453 1467 1520 1647
3814 4 2 1 7 1567 1625 959 283
3815 4 2 1 7 1486 1515 51 1608
3816 4 2 1 7 111 1577 1057 1704
3817 4 2 1 7 959 283 281 1567
3818 4 2 1 7 1468 1547 312 1551
3819 4 2 1 7 1468 1485 1547 1447
3820 4 2 1 7 634 631 676 1560
3821 4 2 1 7 405 1767 351 1053
3822 4 2 1 7 466 1571 508 1604
3823 4 2 1 7 1721 141 1767 1053
3824 4 2 1 7 1547 1551 1503 1611
3825 4 2 1 7 583 1708 569 516
3826 4 2 1 7 714 1707 1789 1763
3827 4 2 1 7 1472 1574 1546 1447
3828 4 2 1 7 1597 1607 918 1494
3829 4 2 1 7 1564 1569 581 558
3830 4 2 1 7 1696 1780 1788 668
3831 4 2 1 7 915 1502 969 909
3832 4 2 1 7 363 1531 386 403
3833 4 2 1 7 463 508 462 1475
3834 4 2 1 7 1452 1463 1513 1592
3835 4 2 1 7 263 308 34 1639
3836 4 2 1 7 1474 1550 1461 1588
3837 4 2 1 7 312 307 285 1476
3838 4 2 1 7 1533 1616 1466 1620
3839 4 2 1 7 1127 1154 1112 1626
3840 4 2 1 7 1502 1599 907 1607
3841 4 2 1 7 73 1746 1493 1656
3842 4 2 1 7 883 1478 867 1579
3843 4 2 1 7 1068 1519 1077 1039
3844 4 2 1 7 549 590 289 1551
3845 4 2 1 7 665 1665 638 637
3846 4 2 1 7 390 1570 378 370
3847 4 2 1 7 1499 1513 1460 1627
3848 4 2 1 7 1616 1564 1466 1620
3849 4 2 1 7 1467 1520 1543 1614
3850 4 2 1 7 1504 1534 1457 1643
3851 4 2 1 7 1450 1471 1623 1524
3852 4 2 1 7 76 1553 1524 1471
3853 4 2 1 7 438 1008 974 1565
3854 4 2 1 7 300 73 1713 509
3855 4 2 1 7 588 587 568 1521
3856 4 2 1 7 1460 1514 1502 1635
3857 4 2 1 7 1480 1562 1465 1652
3858 4 2 1 7 819 1466 811 1507
3859 4 2 1 7 591 555 552 1503
3860 4 2 1 7 387 1520 344 1538
3861 4 2 1 7 1493 729 684 1606
3862 4 2 1 7 1449 1512 1511 1536
3863 4 2 1 7 1453 1467 1522 1633
3864 4 2 1 7 1061 1668 1080 1052
3865 4 2 1 7 1480 1512 1449 1527
3866 4 2 1 7 782 1512 1549 1594
3867 4 2 1 7 1683 883 1587 1478
3868 4 2 1 7 1449 1527 1512 1536
3869 4 2 1 7 1451 1506 1526 1609
3870 4 2 1 7 1519 537 57 1630
3871 4 2 1 7 970 959 281 1567
3872 4 2 1 7 82 1565 370 1570
3873 4 2 1 7 1468 1503 1547 1551
3874 4 2 1 7 1512 1536 1648 1511
3875 4 2 1 7 1472 1545 1503 1609
3876 4 2 1 7 286 533 289 1556
3877 4 2 1 7 1668 1061 1085 1052
3878 4 2 1 7 690 687 691 1573
3879 4 2 1 7 1736 1542 723 1581
3880 4 2 1 7 1480 1457 1527 1614
3881 4 2 1 7 973 1658 885 972
3882 4 2 1 7 1597 918 1607 908
3883 4 2 1 7 1467 1480 1527 1614
3884 4 2 1 7 701 737 717 1488
3885 4 2 1 7 1574 1562 1480 1652
3886 4 2 1 7 816 1675 1603 872
3887 4 2 1 7 1494 1518 918 1597
3888 4 2 1 7 391 1467 1520 1633
3889 4 2 1 7 1524 1553 1485 1471
3890 4 2 1 7 634 625 631 1525
3891 4 2 1 7 539 538 1491 1630
3892 4 2 1 7 1526 1530 1464 1620
3893 4 2 1 7 1593 961 978 502
3894 4 2 1 7 842 864 1579 1634
3895 4 2 1 7 1523 1557 1461 1590
3896 4 2 1 7 953 281 298 1580
3897 4 2 1 7 1788 1780 48 668
3898 4 2 1 7 638 1475 665 623
3899 4 2 1 7 1480 1558 1470 1566
3900 4 2 1 7 469 430 470 1509
3901 4 2 1 7 800 796 801 1474
3902 4 2 1 7 47 1788 668 1717
3903 4 2 1 7 975 954 319 1593
3904 4 2 1 7 81 467 80 1494
3905 4 2 1 7 142 1767 141 1053
3906 4 2 1 7 408 1527 1492 1536
3907 4 2 1 7 1507 1534 819 1558
3908 4 2 1 7 1788 668 1717 477
3909 4 2 1 7 1449 1512 1480 1549
3910 4 2 1 7 1452 1510 1513 1463
3911 4 2 1 7 745 699 1573 1581
3912 4 2 1 7 399 1572 382 1617
3913 4 2 1 7 735 1683 1587 1478
3914 4 2 1 7 579 1495 1479 1577
3915 4 2 1 7 73 1713 1746 1656
3916 4 2 1 7 286 290 289 533
3917 4 2 1 7 915 1502 909 1627
3918 4 2 1 7 808 811 810 1507
3919 4 2 1 7 762 1740 1664 1517
3920 4 2 1 7 1472 1448 1483 1574
3921 4 2 1 7 919 1567 1499 1582
3922 4 2 1 7 769 1735 1666 1540
3923 4 2 1 7 909 1513 1502 1597
3924 4 2 1 7 1503 1545 1472 1463
3925 4 2 1 7 1126 1127 1095 1626
3926 4 2 1 7 1641 51 1650 1486
3927 4 2 1 7 1472 1503 1463 1447
3928 4 2 1 7 1452 1503 1547 1447
3929 4 2 1 7 373 1494 369 1565
3930 4 2 1 7 210 1725 1141 64
3931 4 2 1 7 745 754 699 1581
3932 4 2 1 7 591 1496 1545 1611
3933 4 2 1 7 289 533 549 1556
3934 4 2 1 7 285 1476 307 1567
3935 4 2 1 7 1478 1557 1461 1579
3936 4 2 1 7 993 1559 1009 1625
3937 4 2 1 7 1554 1605 1465 1652
3938 4 2 1 7 673 1661 641 1490
3939 4 2 1 7 1616 1564 1620 1569
3940 4 2 1 7 1571 512 466 480
3941 4 2 1 7 53 1482 54 1596
3942 4 2 1 7 1646 1687 1497 1762
3943 4 2 1 7 1095 1495 189 1684
3944 4 2 1 7 265 327 588 1521
3945 4 2 1 7 1090 1055 1037 1610
3946 4 2 1 7 1708 1110 1163 1134
3947 4 2 1 7 73 1493 1746 1606
3948 4 2 1 7 389 1539 1031 1610
3949 4 2 1 7 1467 1498 1562 1647
3950 4 2 1 7 1491 1564 542 1568
3951 4 2 1 7 1474 1535 1461 1550
3952 4 2 1 7 48 47 1788 668
3953 4 2 1 7 1596 1512 1602 1457
3954 4 2 1 7 854 1740 1624 822
3955 4 2 1 7 1557 883 865 1579
3956 4 2 1 7 1491 1504 1448 1538
3957 4 2 1 7 1732 765 1671 1591
3958 4 2 1 7 1448 1538 1504 1543
3959 4 2 1 7 1538 543 542 541
3960 4 2 1 7 269 1694 1613 336
3961 4 2 1 7 210 1725 1004 16
3962 4 2 1 7 896 1583 1785 1653
3963 4 2 1 7 1460 1485 1510 1621
3964 4 2 1 7 1615 1570 964 971
3965 4 2 1 7 579 563 538 1479
3966 4 2 1 7 307 1567 1547 1621
3967 4 2 1 7 864 1523 1557 1634
3968 4 2 1 7 1502 1513 909 1627
3969 4 2 1 7 125 124 845 1742
3970 4 2 1 7 1517 1060 1071 1074
3971 4 2 1 7 855 782 1566 1594
3972 4 2 1 7 463 1604 1548 1623
3973 4 2 1 7 1097 1530 1103 1521
3974 4 2 1 7 1462 1598 1552 1612
3975 4 2 1 7 1486 1591 1575 1650
3976 4 2 1 7 959 282 281 283
3977 4 2 1 7 539 1491 538 592
3978 4 2 1 7 1609 1568 1620 1483
3979 4 2 1 7 1464 1569 1120 1603
3980 4 2 1 7 1472 1546 1503 1447
3981 4 2 1 7 1453 1520 1467 1633
3982 4 2 1 7 1480 1543 1467 1647
3983 4 2 1 7 1629 563 1479 1564
3984 4 2 1 7 552 1503 555 1551
3985 4 2 1 7 1547 1567 1499 1621
3986 4 2 1 7 1767 142 1780 1053
3987 4 2 1 7 1551 296 1506 554
3988 4 2 1 7 1476 1556 968 1567
3989 4 2 1 7 1103 1104 1114 1530
3990 4 2 1 7 552 591 1503 1611
3991 4 2 1 7 1468 1546 1506 1655
3992 4 2 1 7 1451 1506 1546 1655
3993 4 2 1 7 668 1788 1696 477
3994 4 2 1 7 918 1607 974 1494
3995 4 2 1 7 469 425 78 1498
3996 4 2 1 7 978 1593 502 1599
3997 4 2 1 7 1477 1605 1554 1652
3998 4 2 1 7 1645 1757 1487 1646
3999 4 2 1 7 1483 1472 1546 1609
4000 4 2 1 7 1495 1166 562 1626
4001 4 2 1 7 1497 1619 1537 1645
4002 4 2 1 7 312 307 1476 1547
4003 4 2 1 7 1720 1778 967 326
4004 4 2 1 7 1687 268 37 1497
4005 4 2 1 7 1512 1596 1469 1536
4006 4 2 1 7 366 981 971 365
4007 4 2 1 7 1503 1506 555 1551
4008 4 2 1 7 370 374 83 378
4009 4 2 1 7 862 798 882 1641
4010 4 2 1 7 1450 1623 1471 1465
4011 4 2 1 7 1097 1103 1530 1104
4012 4 2 1 7 832 1488 831 1508
4013 4 2 1 7 553 571 1530 1620
4014 4 2 1 7 1141 65 1725 1779
4015 4 2 1 7 563 592 538 1479
4016 4 2 1 7 1464 1530 1454 1561
4017 4 2 1 7 687 305 1573 1656
4018 4 2 1 7 1703 1516 607 1688
4019 4 2 1 7 1747 656 1685 1515
4020 4 2 1 7 401 1486 51 1608
4021 4 2 1 7 353 1685 421 1023
4022 4 2 1 7 1070 1034 1057 1577
4023 4 2 1 7 318 1555 1474 1588
4024 4 2 1 7 1466 1564 1491 1568
4025 4 2 1 7 1584 627 1670 635
4026 4 2 1 7 1754 1645 1619 1497
4027 4 2 1 7 796 1535 1474 1595
4028 4 2 1 7 260 1505 299 1532
4029 4 2 1 7 1166 1738 562 1113
4030 4 2 1 7 1465 1549 1480 1566
4031 4 2 1 7 935 416 945 1617
4032 4 2 1 7 64 65 1725 1141
4033 4 2 1 7 583 1785 400 419
4034 4 2 1 7 1643 1482 54 1539
4035 4 2 1 7 1451 1483 1546 1609
4036 4 2 1 7 1573 686 687 1656
4037 4 2 1 7 1451 1526 1483 1609
4038 4 2 1 7 1503 1506 1546 1609
4039 4 2 1 7 1492 474 1632 1589
4040 4 2 1 7 947 367 971 365
4041 4 2 1 7 1468 1547 1503 1447
4042 4 2 1 7 1493 1542 1473 1459
4043 4 2 1 7 1746 1493 684 1606
4044 4 2 1 7 686 1573 1493 1656
4045 4 2 1 7 1074 1078 1012 1482
4046 4 2 1 7 1633 373 1494 369
4047 4 2 1 7 1472 1483 1448 1568
4048 4 2 1 7 981 1659 888 948
4049 4 2 1 7 798 882 1641 1648
4050 4 2 1 7 1650 1536 1596 408
4051 4 2 1 7 722 1683 1478 1619
4052 4 2 1 7 697 1771 706 692
4053 4 2 1 7 1495 871 189 1684
4054 4 2 1 7 1068 1519 1039 1640
4055 4 2 1 7 438 974 81 1565
4056 4 2 1 7 1661 876 857 1490
4057 4 2 1 7 1160 1124 1487 1636
4058 4 2 1 7 1729 129 652 10
4059 4 2 1 7 1575 1591 1469 1650
4060 4 2 1 7 690 699 686 1573
4061 4 2 1 7 1775 501 1759 378
4062 4 2 1 7 934 937 945 416
4063 4 2 1 7 1450 1505 1477 1554
4064 4 2 1 7 129 1729 652 23
4065 4 2 1 7 53 408 52 1596
4066 4 2 1 7 1456 1509 1484 1586
4067 4 2 1 7 405 1721 1767 1053
4068 4 2 1 7 462 1475 508 1571
4069 4 2 1 7 591 1496 550 1545
4070 4 2 1 7 647 1662 1742 1525
4071 4 2 1 7 449 1578 1705 316
4072 4 2 1 7 1718 158 1787 731
4073 4 2 1 7 1480 1574 1543 1647
4074 4 2 1 7 1458 1504 1610 1643
4075 4 2 1 7 542 539 1538 541
4076 4 2 1 7 1462 1528 1585 1598
4077 4 2 1 7 1120 1123 1561 1603
4078 4 2 1 7 796 1474 800 1595
4079 4 2 1 7 1509 1529 471 1589
4080 4 2 1 7 480 677 479 1571
4081 4 2 1 7 823 1523 847 1634
4082 4 2 1 7 55 1643 1610 1504
4083 4 2 1 7 500 1516 349 411
4084 4 2 1 7 1641 51 1486 1515
4085 4 2 1 7 905 973 428 923
4086 4 2 1 7 1459 1557 1523 1590
4087 4 2 1 7 481 302 426 1553
4088 4 2 1 7 81 1522 432 373
4089 4 2 1 7 867 802 801 1579
4090 4 2 1 7 867 883 768 1478
4091 4 2 1 7 938 1785 896 1583
4092 4 2 1 7 1060 1058 1036 1539
4093 4 2 1 7 307 1547 260 1621
4094 4 2 1 7 1603 1120 1139 1569
4095 4 2 1 7 687 305 691 1573
4096 4 2 1 7 73 1493 30 1656
4097 4 2 1 7 880 1512 792 1594
4098 4 2 1 7 1535 1550 1451 1655
4099 4 2 1 7 1494 1565 974 1615
4100 4 2 1 7 769 1735 1540 805
4101 4 2 1 7 1646 1687 1762 1116
4102 4 2 1 7 450 643 621 1578
4103 4 2 1 7 450 643 1578 459
4104 4 2 1 7 1738 562 589 527
4105 4 2 1 7 319 426 481 302
4106 4 2 1 7 711 1488 700 1606
4107 4 2 1 7 1452 1545 1503 1463
4108 4 2 1 7 1675 1154 1603 1091
4109 4 2 1 7 1060 1482 1517 1539
4110 4 2 1 7 1487 1537 1474 1645
4111 4 2 1 7 1503 1506 1468 1546
4112 4 2 1 7 652 1781 22 1729
4113 4 2 1 7 1482 1575 1469 1596
4114 4 2 1 7 471 1589 1529 1649
4115 4 2 1 7 607 461 473 1516
4116 4 2 1 7 635 1670 1584 1737
4117 4 2 1 7 1447 1472 1574 1647
4118 4 2 1 7 264 1778 1673 1750
4119 4 2 1 7 853 1495 1479 1629
4120 4 2 1 7 465 74 1493 1563
4121 4 2 1 7 584 1521 587 1600
4122 4 2 1 7 581 578 558 1569
4123 4 2 1 7 55 1643 1504 54
4124 4 2 1 7 22 23 652 1729
4125 4 2 1 7 1695 410 1766 63
4126 4 2 1 7 831 832 773 1488
4127 4 2 1 7 1519 537 1630 538
4128 4 2 1 7 918 1518 1494 1615
4129 4 2 1 7 307 1476 1547 1567
4130 4 2 1 7 549 1551 1476 1611
4131 4 2 1 7 1023 1608 1061 1069
4132 4 2 1 7 794 1535 796 1595
4133 4 2 1 7 942 1638 1583 566
4134 4 2 1 7 319 481 448 1593
4135 4 2 1 7 1560 651 631 676
4136 4 2 1 7 73 30 1493 74
4137 4 2 1 7 466 1508 1571 1604
4138 4 2 1 7 543 544 541 1538
4139 4 2 1 7 263 704 308 1639
4140 4 2 1 7 1470 1576 1477 1622
4141 4 2 1 7 1669 749 1741 1497
4142 4 2 1 7 450 621 674 1578
4143 4 2 1 7 947 1518 1006 1615
4144 4 2 1 7 782 1512 780 1549
4145 4 2 1 7 1662 1525 634 1560
4146 4 2 1 7 1482 1469 1575 1591
4147 4 2 1 7 408 1527 1536 1596
4148 4 2 1 7 1138 1130 1128 1495
4149 4 2 1 7 850 851 763 1475
4150 4 2 1 7 1501 1561 1454 1595
4151 4 2 1 7 1160 1152 1124 1636
4152 4 2 1 7 1551 296 554 291
4153 4 2 1 7 854 1740 822 762
4154 4 2 1 7 1758 1668 1515 1752
4155 4 2 1 7 312 299 307 1547
4156 4 2 1 7 573 1479 579 538
4157 4 2 1 7 973 1658 972 489
4158 4 2 1 7 782 792 1512 1594
4159 4 2 1 7 761 833 869 1581
4160 4 2 1 7 1477 1535 1451 1655
4161 4 2 1 7 1451 1535 1477 1576
4162 4 2 1 7 1472 1463 1545 1572
4163 4 2 1 7 64 63 1766 410
4164 4 2 1 7 935 947 365 1617
4165 4 2 1 7 584 555 1526 1600
4166 4 2 1 7 497 508 463 1604
4167 4 2 1 7 818 1501 868 1595
4168 4 2 1 7 1558 1566 1480 1594
4169 4 2 1 7 1703 1516 1688 349
4170 4 2 1 7 1771 286 517 294
4171 4 2 1 7 500 1516 411 474
4172 4 2 1 7 269 1694 336 37
4173 4 2 1 7 1476 312 1547 1551
4174 4 2 1 7 346 1058 1031 1539
4175 4 2 1 7 291 323 289 1551
4176 4 2 1 7 1006 1518 918 1615
4177 4 2 1 7 1472 1543 1448 1574
4178 4 2 1 7 1695 410 997 1766
4179 4 2 1 7 1467 1543 1480 1614
4180 4 2 1 7 815 795 868 1501
4181 4 2 1 7 1563 1604 497 1623
4182 4 2 1 7 523 384 57 537
4183 4 2 1 7 806 1629 853 1479
4184 4 2 1 7 402 352 51 1481
4185 4 2 1 7 1041 1486 1081 1575
4186 4 2 1 7 1487 874 1595 1636
4187 4 2 1 7 1473 1585 830 1598
4188 4 2 1 7 1750 645 25 678
4189 4 2 1 7 852 851 1552 1560
4190 4 2 1 7 1526 1555 1454 1600
4191 4 2 1 7 1493 1532 31 1573
4192 4 2 1 7 1059 390 1051 1570
4193 4 2 1 7 1460 1510 1485 1471
4194 4 2 1 7 1134 1110 1132 1653
4195 4 2 1 7 938 939 937 1583
4196 4 2 1 7 401 1027 1575 1041
4197 4 2 1 7 399 382 1572 387
4198 4 2 1 7 1468 1550 1505 1655
4199 4 2 1 7 1617 940 1531 945
4200 4 2 1 7 1553 75 1524 258
4201 4 2 1 7 1666 1020 1540 1046
4202 4 2 1 7 1130 1095 1128 1495
4203 4 2 1 7 1455 1511 1481 1536
4204 4 2 1 7 825 826 1528 1598
4205 4 2 1 7 867 802 1537 1619
4206 4 2 1 7 83 82 374 370
4207 4 2 1 7 1778 967 326 264
4208 4 2 1 7 327 588 1521 1600
4209 4 2 1 7 380 1536 1492 1632
4210 4 2 1 7 1509 1492 1589 425
4211 4 2 1 7 1645 1669 1754 860
4212 4 2 1 7 549 1611 1476 1628
4213 4 2 1 7 425 1509 471 1589
4214 4 2 1 7 639 1731 1490 641
4215 4 2 1 7 472 1529 666 1649
4216 4 2 1 7 1633 373 369 396
4217 4 2 1 7 407 432 373 375
4218 4 2 1 7 864 1523 834 1557
4219 4 2 1 7 1500 1557 1478 1587
4220 4 2 1 7 367 947 971 1615
4221 4 2 1 7 769 806 805 1540
4222 4 2 1 7 946 1518 947 1617
4223 4 2 1 7 1492 1632 474 380
4224 4 2 1 7 1525 1529 1456 1586
4225 4 2 1 7 735 1683 1478 722
4226 4 2 1 7 344 1504 1543 1614
4227 4 2 1 7 1479 1540 806 1507
4228 4 2 1 7 793 791 787 1634
4229 4 2 1 7 130 1778 967 1720
4230 4 2 1 7 1458 1504 1491 1630
4231 4 2 1 7 649 639 677 1490
4232 4 2 1 7 1078 1482 1036 1575
4233 4 2 1 7 1746 498 1606 1692
4234 4 2 1 7 303 1485 1553 1621
4235 4 2 1 7 352 1541 1481 1632
4236 4 2 1 7 560 1711 535 517
4237 4 2 1 7 1574 1562 1652 1447
4238 4 2 1 7 855 782 784 1566
4239 4 2 1 7 672 1601 663 1584
4240 4 2 1 7 1037 1055 1030 1610
4241 4 2 1 7 474 1516 411 1632
4242 4 2 1 7 324 323 296 1506
4243 4 2 1 7 1629 563 1564 1626
4244 4 2 1 7 699 723 1581 754
4245 4 2 1 7 819 881 814 1558
4246 4 2 1 7 1460 1513 1502 1627
4247 4 2 1 7 280 282 959 887
4248 4 2 1 7 591 1545 1503 1611
4249 4 2 1 7 474 1589 1516 1632
4250 4 2 1 7 1604 1552 1462 1598
4251 4 2 1 7 324 1555 318 1588
4252 4 2 1 7 982 1518 914 1597
4253 4 2 1 7 391 1520 1518 1633
4254 4 2 1 7 826 1585 1528 1598
4255 4 2 1 7 347 1026 392 1575
4256 4 2 1 7 342 1538 541 1572
4257 4 2 1 7 1453 1463 1510 1647
4258 4 2 1 7 402 1481 51 1650
4259 4 2 1 7 803 1487 800 1645
4260 4 2 1 7 913 1499 949 1627
4261 4 2 1 7 1497 1645 1487 1646
4262 4 2 1 7 1462 1484 1465 1612
4263 4 2 1 7 1666 822 769 1540
4264 4 2 1 7 790 1576 861 1622
4265 4 2 1 7 1725 1766 897 410
4266 4 2 1 7 1573 687 686 690
4267 4 2 1 7 265 320 327 1521
4268 4 2 1 7 788 1566 1558 1594
4269 4 2 1 7 1511 1512 1449 1549
4270 4 2 1 7 864 1523 1634 847
4271 4 2 1 7 373 407 396 1522
4272 4 2 1 7 541 342 540 539
4273 4 2 1 7 1566 1605 1465 1644
4274 4 2 1 7 391 399 1518 1520
4275 4 2 1 7 1641 51 1515 1481
4276 4 2 1 7 607 473 608 1516
4277 4 2 1 7 935 382 416 1617
4278 4 2 1 7 1449 1484 1509 1586
4279 4 2 1 7 783 1566 1549 1644
4280 4 2 1 7 864 1523 847 834
4281 4 2 1 7 592 1479 563 1564
4282 4 2 1 7 324 1506 296 1555
4283 4 2 1 7 280 681 282 1682
4284 4 2 1 7 552 1503 1551 1611
4285 4 2 1 7 1525 1560 759 1642
4286 4 2 1 7 842 864 865 1579
4287 4 2 1 7 742 1618 1497 1619
4288 4 2 1 7 882 846 1469 1648
4289 4 2 1 7 815 1533 813 795
4290 4 2 1 7 946 914 1518 1617
4291 4 2 1 7 660 1758 656 1515
4292 4 2 1 7 285 1556 1476 1567
4293 4 2 1 7 647 1662 1525 634
4294 4 2 1 7 919 1499 913 1582
4295 4 2 1 7 560 294 301 1711
4296 4 2 1 7 988 1681 1570 83
4297 4 2 1 7 1571 512 480 1490
4298 4 2 1 7 927 922 532 1556
4299 4 2 1 7 897 1766 997 410
4300 4 2 1 7 959 970 990 1567
4301 4 2 1 7 1480 1549 1512 1594
4302 4 2 1 7 1564 1620 1568 1466
4303 4 2 1 7 449 1578 316 448
4304 4 2 1 7 724 1736 1581 1689
4305 4 2 1 7 38 1760 1687 156
4306 4 2 1 7 1455 1529 1525 1586
4307 4 2 1 7 1120 1114 1530 1561
4308 4 2 1 7 1544 1548 1475 1552
4309 4 2 1 7 721 306 284 1559
4310 4 2 1 7 1725 897 1766 210
4311 4 2 1 7 914 1513 1597 1592
4312 4 2 1 7 870 764 831 1488
4313 4 2 1 7 1452 1463 1503 1447
4314 4 2 1 7 210 209 897 1766
4315 4 2 1 7 1480 1566 1549 1594
4316 4 2 1 7 950 970 953 1580
4317 4 2 1 7 1108 1487 1124 1646
4318 4 2 1 7 500 1516 474 461
4319 4 2 1 7 341 1030 1055 1610
4320 4 2 1 7 1480 1512 1457 1594
4321 4 2 1 7 1603 1139 1120 1165
4322 4 2 1 7 382 1572 1531 1617
4323 4 2 1 7 1548 1604 1462 1623
4324 4 2 1 7 833 1581 834 1651
4325 4 2 1 7 787 1605 1477 1622
4326 4 2 1 7 973 468 428 923
4327 4 2 1 7 1659 366 888 1679
4328 4 2 1 7 1452 1503 1545 1611
4329 4 2 1 7 587 584 515 1521
4330 4 2 1 7 315 1567 307 1621
4331 4 2 1 7 785 784 783 1566
4332 4 2 1 7 1458 1519 1610 1630
4333 4 2 1 7 1499 970 1567 919
4334 4 2 1 7 57 56 341 1610
4335 4 2 1 7 1506 1526 555 1600
4336 4 2 1 7 1036 1026 392 1058
4337 4 2 1 7 1040 108 107 1765
4338 4 2 1 7 816 1675 872 770
4339 4 2 1 7 1455 1649 1589 1516
4340 4 2 1 7 1452 1476 1611 1582
4341 4 2 1 7 797 1612 1484 1642
4342 4 2 1 7 1452 1545 1496 1611
4343 4 2 1 7 809 819 1507 1534
4344 4 2 1 7 1637 1597 1494 1607
4345 4 2 1 7 1688 349 1516 404
4346 4 2 1 7 1596 1643 1602 1482
4347 4 2 1 7 786 790 861 1622
4348 4 2 1 7 725 748 735 1500
4349 4 2 1 7 914 1513 1592 912
4350 4 2 1 7 981 971 888 366
4351 4 2 1 7 608 1516 473 1649
4352 4 2 1 7 911 913 949 1627
4353 4 2 1 7 287 1682 284 282
4354 4 2 1 7 946 1006 947 1518
4355 4 2 1 7 1479 1564 1507 1629
4356 4 2 1 7 1040 355 108 1765
4357 4 2 1 7 554 296 1506 1600
4358 4 2 1 7 1051 368 390 1033
4359 4 2 1 7 1507 1534 1458 1624
4360 4 2 1 7 463 497 1604 1623
4361 4 2 1 7 343 1596 54 1614
4362 4 2 1 7 1758 1668 1752 1080
4363 4 2 1 7 1095 1128 1495 1626
4364 4 2 1 7 389 1539 1610 55
4365 4 2 1 7 1587 1557 761 1581
4366 4 2 1 7 1485 1553 1460 1471
4367 4 2 1 7 1062 1659 1017 1050
4368 4 2 1 7 1765 107 1040 1086
4369 4 2 1 7 1629 563 1626 1495
4370 4 2 1 7 806 1629 1479 1507
4371 4 2 1 7 1105 1521 568 515
4372 4 2 1 7 1486 52 401 51
4373 4 2 1 7 1669 749 1497 727
4374 4 2 1 7 1459 1532 1493 1573
4375 4 2 1 7 319 448 1578 1593
4376 4 2 1 7 1461 1505 1550 1655
4377 4 2 1 7 639 1731 641 606
4378 4 2 1 7 982 918 1518 1597
4379 4 2 1 7 717 700 711 1488
4380 4 2 1 7 834 1581 1557 1651
4381 4 2 1 7 79 78 425 1498
4382 4 2 1 7 724 1736 1689 149
4383 4 2 1 7 672 619 1541 1584
4384 4 2 1 7 1504 1538 1491 1630
4385 4 2 1 7 378 374 83 501
4386 4 2 1 7 726 1478 1639 1619
4387 4 2 1 7 1499 970 919 949
4388 4 2 1 7 1081 1575 1486 1591
4389 4 2 1 7 371 1033 368 366
4390 4 2 1 7 981 1659 948 364
4391 4 2 1 7 981 947 971 365
4392 4 2 1 7 1746 686 1493 1656
4393 4 2 1 7 1160 1487 1108 1613
4394 4 2 1 7 824 825 826 1528
4395 4 2 1 7 1552 1612 836 1642
4396 4 2 1 7 1687 1760 38 337
4397 4 2 1 7 372 1765 355 1040
4398 4 2 1 7 854 807 822 1624
4399 4 2 1 7 259 324 1506 323
4400 4 2 1 7 299 1505 259 1590
4401 4 2 1 7 1491 1538 1448 1568
4402 4 2 1 7 1455 1536 1481 1632
4403 4 2 1 7 742 1754 1497 727
4404 4 2 1 7 1448 1543 1480 1574
4405 4 2 1 7 635 1670 1737 127
4406 4 2 1 7 782 855 792 1594
4407 4 2 1 7 818 760 815 1561
4408 4 2 1 7 408 1492 380 1536
4409 4 2 1 7 1078 1074 1036 1482
4410 4 2 1 7 1035 1036 1026 1575
4411 4 2 1 7 470 471 1509 1529
4412 4 2 1 7 1741 772 1497 1646
4413 4 2 1 7 797 836 1612 1642
4414 4 2 1 7 1458 1491 1519 1630
4415 4 2 1 7 1501 1533 795 1576
4416 4 2 1 7 847 1523 824 1585
4417 4 2 1 7 603 505 490 459
4418 4 2 1 7 1630 342 387 1538
4419 4 2 1 7 1741 772 1646 181
4420 4 2 1 7 1483 1546 1472 1574
4421 4 2 1 7 796 1535 842 1579
4422 4 2 1 7 824 1528 826 1585
4423 4 2 1 7 782 792 780 1512
4424 4 2 1 7 1451 1526 1506 1555
4425 4 2 1 7 945 934 416 935
4426 4 2 1 7 993 1690 894 1559
4427 4 2 1 7 575 927 1556 993
4428 4 2 1 7 268 36 1497 1618
4429 4 2 1 7 36 37 268 1497
4430 4 2 1 7 548 1503 591 1545
4431 4 2 1 7 688 1713 1656 685
4432 4 2 1 7 726 1478 1619 722
4433 4 2 1 7 481 1514 1553 1635
4434 4 2 1 7 765 1745 1671 1591
4435 4 2 1 7 850 1598 829 828
4436 4 2 1 7 391 383 344 1520
4437 4 2 1 7 991 1556 993 1625
4438 4 2 1 7 693 1573 262 1631
4439 4 2 1 7 553 1526 1609 1620
4440 4 2 1 7 417 1776 1702 66
4441 4 2 1 7 825 1598 1528 1612
4442 4 2 1 7 1154 1569 1489 1603
4443 4 2 1 7 1719 144 1730 670
4444 4 2 1 7 1540 1624 1458 1640
4445 4 2 1 7 1704 1677 1738 1057
4446 4 2 1 7 908 1597 1502 1607
4447 4 2 1 7 1105 1521 515 1097
4448 4 2 1 7 839 1745 838 765
4449 4 2 1 7 627 1670 635 664
4450 4 2 1 7 783 1566 782 1549
4451 4 2 1 7 1008 1615 1565 964
4452 4 2 1 7 912 1582 1513 1592
4453 4 2 1 7 850 1598 828 1475
4454 4 2 1 7 725 1500 735 1587
4455 4 2 1 7 1461 1535 1474 1579
4456 4 2 1 7 585 1496 591 1611
4457 4 2 1 7 638 1665 606 637
4458 4 2 1 7 56 1504 1610 1630
4459 4 2 1 7 806 1629 1507 810
4460 4 2 1 7 1501 1535 1451 1576
4461 4 2 1 7 401 1575 1027 347
4462 4 2 1 7 886 518 564 1739
4463 4 2 1 7 1470 1546 1483 1574
4464 4 2 1 7 1746 686 684 1493
4465 4 2 1 7 391 1518 367 1615
4466 4 2 1 7 1750 131 678 1778
4467 4 2 1 7 459 478 502 1578
4468 4 2 1 7 575 927 531 1556
4469 4 2 1 7 73 30 300 1656
4470 4 2 1 7 390 1033 1059 1051
4471 4 2 1 7 959 887 282 960
4472 4 2 1 7 1633 373 396 1522
4473 4 2 1 7 909 1502 908 1597
4474 4 2 1 7 975 1578 977 1593
4475 4 2 1 7 1637 1599 1502 1607
4476 4 2 1 7 852 837 851 1560
4477 4 2 1 7 1512 1596 1536 1527
4478 4 2 1 7 1512 1648 1536 1469
4479 4 2 1 7 386 1531 382 1572
4480 4 2 1 7 792 846 780 1512
4481 4 2 1 7 1008 924 438 974
4482 4 2 1 7 1744 889 1673 1578
4483 4 2 1 7 80 1522 1494 1637
4484 4 2 1 7 820 819 1534 1558
4485 4 2 1 7 988 1681 83 965
4486 4 2 1 7 1023 1608 1069 353
4487 4 2 1 7 693 691 262 1573
4488 4 2 1 7 1574 1562 1447 1647
4489 4 2 1 7 809 1534 1507 1624
4490 4 2 1 7 1456 1548 1544 1552
4491 4 2 1 7 1078 1575 1081 1591
4492 4 2 1 7 742 1754 727 683
4493 4 2 1 7 820 881 819 1558
4494 4 2 1 7 647 626 625 1525
4495 4 2 1 7 498 1692 437 1606
4496 4 2 1 7 1484 1552 1456 1642
4497 4 2 1 7 1517 1060 1539 1640
4498 4 2 1 7 745 1573 1500 1581
4499 4 2 1 7 886 564 566 1653
4500 4 2 1 7 800 803 874 1487
4501 4 2 1 7 1453 1520 1463 1647
4502 4 2 1 7 1455 1649 1516 614
4503 4 2 1 7 797 843 781 1484
4504 4 2 1 7 908 1502 907 1607
4505 4 2 1 7 1481 1511 1455 1601
4506 4 2 1 7 1468 1554 1546 1655
4507 4 2 1 7 1085 1486 1041 1608
4508 4 2 1 7 1474 1461 1579 1588
4509 4 2 1 7 794 1501 795 1576
4510 4 2 1 7 1637 1597 1607 1502
4511 4 2 1 7 1006 982 918 1518
4512 4 2 1 7 592 542 1491 1564
4513 4 2 1 7 1135 515 567 1530
4514 4 2 1 7 469 1509 425 1498
4515 4 2 1 7 1483 1533 1466 1620
4516 4 2 1 7 1701 1090 1011 1073
4517 4 2 1 7 465 74 73 1493
4518 4 2 1 7 429 497 1563 1604
4519 4 2 1 7 471 472 503 1649
4520 4 2 1 7 1452 1513 1499 1582
4521 4 2 1 7 1648 1650 1641 1481
4522 4 2 1 7 1455 1529 1509 1589
4523 4 2 1 7 816 1603 1489 1616
4524 4 2 1 7 1542 1473 1459 1651
4525 4 2 1 7 1479 1458 1540 1507
4526 4 2 1 7 389 1539 55 346
4527 4 2 1 7 471 425 469 1509
4528 4 2 1 7 910 1513 909 1597
4529 4 2 1 7 1677 1113 1723 589
4530 4 2 1 7 1629 563 1495 1479
4531 4 2 1 7 1482 1575 1078 1591
4532 4 2 1 7 885 490 973 978
4533 4 2 1 7 779 1511 778 1601
4534 4 2 1 7 1746 686 1656 685
4535 4 2 1 7 783 782 1566 784
4536 4 2 1 7 1499 1567 1476 1582
4537 4 2 1 7 1694 1116 1646 1108
4538 4 2 1 7 1452 1476 1582 1499
4539 4 2 1 7 1731 832 1490 857
4540 4 2 1 7 552 1551 549 1611
4541 4 2 1 7 1465 1566 1480 1652
4542 4 2 1 7 886 564 565 566
4543 4 2 1 7 402 352 1481 1632
4544 4 2 1 7 466 429 465 1604
4545 4 2 1 7 842 1579 1535 1634
4546 4 2 1 7 1637 1597 1502 1453
4547 4 2 1 7 1668 1080 171 1752
4548 4 2 1 7 1506 1555 1526 1600
4549 4 2 1 7 1705 1673 1578 645
4550 4 2 1 7 1476 1551 1547 1611
4551 4 2 1 7 585 550 591 1496
4552 4 2 1 7 908 909 907 1502
4553 4 2 1 7 974 918 1494 1615
4554 4 2 1 7 1470 1574 1480 1652
4555 4 2 1 7 1746 686 685 684
4556 4 2 1 7 983 964 971 1615
4557 4 2 1 7 481 1553 77 1635
4558 4 2 1 7 806 1629 810 853
4559 4 2 1 7 768 867 1478 1619
4560 4 2 1 7 834 1557 1523 1651
4561 4 2 1 7 1448 1534 1507 1558
4562 4 2 1 7 324 1550 1506 1555
4563 4 2 1 7 1460 1553 1485 1621
4564 4 2 1 7 1456 1529 1509 1586
4565 4 2 1 7 192 191 85 1657
4566 4 2 1 7 1673 316 1578 335
4567 4 2 1 7 1454 1595 1561 1636
4568 4 2 1 7 1575 1027 1026 1035
4569 4 2 1 7 1454 1487 1595 1636
4570 4 2 1 7 571 545 543 1620
4571 4 2 1 7 1493 1573 31 1656
4572 4 2 1 7 31 1573 305 1656
4573 4 2 1 7 1514 1599 1502 1635
4574 4 2 1 7 968 1625 1567 1556
4575 4 2 1 7 1449 1492 1527 1536
4576 4 2 1 7 1473 1488 1542 1606
4577 4 2 1 7 1592 1572 1617 1531
4578 4 2 1 7 402 1481 1536 1632
4579 4 2 1 7 551 1611 549 1628
4580 4 2 1 7 779 778 777 1601
4581 4 2 1 7 968 1625 1556 991
4582 4 2 1 7 12 144 1719 670
4583 4 2 1 7 1664 1012 1745 1517
4584 4 2 1 7 11 171 1080 1752
4585 4 2 1 7 1637 1597 1453 1494
4586 4 2 1 7 560 301 294 290
4587 4 2 1 7 565 518 564 886
4588 4 2 1 7 1663 760 1561 1603
4589 4 2 1 7 886 566 942 1653
4590 4 2 1 7 883 867 865 1579
4591 4 2 1 7 281 283 315 1567
4592 4 2 1 7 793 823 847 1634
4593 4 2 1 7 862 1732 1591 765
4594 4 2 1 7 1645 1757 1646 772
4595 4 2 1 7 469 78 77 1471
4596 4 2 1 7 990 960 959 1625
4597 4 2 1 7 991 993 1009 1625
4598 4 2 1 7 1468 1506 1503 1551
4599 4 2 1 7 919 949 913 1499
4600 4 2 1 7 368 1565 369 1615
4601 4 2 1 7 941 886 565 566
4602 4 2 1 7 1502 1513 1453 1597
4603 4 2 1 7 951 915 950 1580
4604 4 2 1 7 1664 1012 175 1745
4605 4 2 1 7 1565 988 438 1008
4606 4 2 1 7 548 1545 545 1609
4607 4 2 1 7 1506 1550 1468 1655
4608 4 2 1 7 299 1532 1505 1590
4609 4 2 1 7 344 1630 56 387
4610 4 2 1 7 465 1493 73 1606
4611 4 2 1 7 849 1525 759 1642
4612 4 2 1 7 1452 1476 1499 1547
4613 4 2 1 7 298 1553 1580 1621
4614 4 2 1 7 946 914 982 1518
4615 4 2 1 7 918 1607 908 906
4616 4 2 1 7 1450 1532 1524 1563
4617 4 2 1 7 833 834 1581 761
4618 4 2 1 7 280 959 282 281
4619 4 2 1 7 1045 1077 1540 1577
4620 4 2 1 7 1509 1529 1455 1586
4621 4 2 1 7 344 1630 387 1538
4622 4 2 1 7 1452 1476 1547 1611
4623 4 2 1 7 1047 1078 1081 1591
4624 4 2 1 7 1514 954 962 1593
4625 4 2 1 7 1645 1669 860 772
4626 4 2 1 7 563 579 562 1495
4627 4 2 1 7 761 1557 834 1581
4628 4 2 1 7 79 78 1498 1637
4629 4 2 1 7 843 1484 797 1612
4630 4 2 1 7 918 1607 906 974
4631 4 2 1 7 1531 1545 546 1638
4632 4 2 1 7 506 1516 1589 1649
4633 4 2 1 7 1545 1531 544 1572
4634 4 2 1 7 1691 1490 492 1678
4635 4 2 1 7 546 566 586 1638
4636 4 2 1 7 1565 438 988 82
4637 4 2 1 7 1741 155 1149 1762
4638 4 2 1 7 816 1675 770 1489
4639 4 2 1 7 1537 1588 1478 1639
4640 4 2 1 7 555 1506 1503 1609
4641 4 2 1 7 825 828 1598 1612
4642 4 2 1 7 1587 761 1557 835
4643 4 2 1 7 353 1685 1023 1608
4644 4 2 1 7 391 399 367 1518
4645 4 2 1 7 1517 1060 1640 1071
4646 4 2 1 7 110 1519 1073 1699
4647 4 2 1 7 975 977 954 1593
4648 4 2 1 7 545 1620 553 1609
4649 4 2 1 7 870 831 773 1488
4650 4 2 1 7 1155 1104 1135 1530
4651 4 2 1 7 1453 1518 1494 1597
4652 4 2 1 7 781 1484 843 1644
4653 4 2 1 7 1785 1708 1751 1134
4654 4 2 1 7 721 706 306 1559
4655 4 2 1 7 1461 1557 1500 1590
4656 4 2 1 7 532 925 1628 922
4657 4 2 1 7 794 791 1535 1576
4658 4 2 1 7 196 948 888 1659
4659 4 2 1 7 517 93 1771 1711
4660 4 2 1 7 1493 684 729 686
4661 4 2 1 7 578 519 1112 1626
4662 4 2 1 7 1518 1520 1453 1633
4663 4 2 1 7 493 496 454 1544
4664 4 2 1 7 465 429 74 1563
4665 4 2 1 7 1554 1652 1546 1655
4666 4 2 1 7 1575 1027 1035 1041
4667 4 2 1 7 711 1736 1676 1542
4668 4 2 1 7 807 1540 1624 1507
4669 4 2 1 7 80 1494 1607 1637
4670 4 2 1 7 402 1536 1481 1650
4671 4 2 1 7 391 1518 1615 1633
4672 4 2 1 7 316 264 1673 1750
4673 4 2 1 7 861 1576 795 1533
4674 4 2 1 7 532 1628 925 551
4675 4 2 1 7 471 1529 472 1649
4676 4 2 1 7 400 348 1785 1751
4677 4 2 1 7 1450 1528 1523 1585
4678 4 2 1 7 1057 1677 1738 212
4679 4 2 1 7 555 1526 1506 1609
4680 4 2 1 7 1464 1569 1616 1620
4681 4 2 1 7 1499 1547 1476 1567
4682 4 2 1 7 1719 1730 427 670
4683 4 2 1 7 485 1565 373 374
4684 4 2 1 7 565 1638 1654 941
4685 4 2 1 7 1108 1124 1487 1160
4686 4 2 1 7 1111 520 578 1569
4687 4 2 1 7 316 1673 264 335
4688 4 2 1 7 32 31 1532 1573
4689 4 2 1 7 569 1583 586 1653
4690 4 2 1 7 380 408 407 1492
4691 4 2 1 7 688 1713 685 738
4692 4 2 1 7 1136 1123 185 1561
4693 4 2 1 7 1068 1020 1540 1640
4694 4 2 1 7 748 1500 745 1631
4695 4 2 1 7 462 623 454 1544
4696 4 2 1 7 834 1523 847 1651
4697 4 2 1 7 57 539 342 1630
4698 4 2 1 7 1012 1078 1047 1591
4699 4 2 1 7 1484 1612 1552 1642
4700 4 2 1 7 821 1602 1534 1624
4701 4 2 1 7 1514 1580 1460 1627
4702 4 2 1 7 549 532 551 1628
4703 4 2 1 7 1718 1787 267 731
4704 4 2 1 7 788 1558 820 1594
4705 4 2 1 7 815 1603 816 1616
4706 4 2 1 7 1495 1166 1626 1128
4707 4 2 1 7 1524 1563 497 1623
4708 4 2 1 7 1705 1673 645 1750
4709 4 2 1 7 711 1736 1542 723
4710 4 2 1 7 303 260 1485 1621
4711 4 2 1 7 565 1638 941 566
4712 4 2 1 7 533 532 549 1556
4713 4 2 1 7 437 512 465 1488
4714 4 2 1 7 911 909 1513 1627
4715 4 2 1 7 993 1690 1559 575
4716 4 2 1 7 745 1500 725 1581
4717 4 2 1 7 1787 1761 267 746
4718 4 2 1 7 553 584 1526 1530
4719 4 2 1 7 731 267 1718 321
4720 4 2 1 7 1457 1614 1504 1643
4721 4 2 1 7 541 1538 544 1572
4722 4 2 1 7 958 280 281 959
4723 4 2 1 7 267 1787 39 1791
4724 4 2 1 7 992 1739 205 1660
4725 4 2 1 7 500 411 380 474
4726 4 2 1 7 1640 1643 1539 1517
4727 4 2 1 7 639 1731 606 1571
4728 4 2 1 7 380 402 1536 1632
4729 4 2 1 7 640 479 677 1571
4730 4 2 1 7 545 553 1620 571
4731 4 2 1 7 1457 1534 1602 1643
4732 4 2 1 7 1500 1573 745 1631
4733 4 2 1 7 499 432 80 1522
4734 4 2 1 7 1672 887 1682 280
4735 4 2 1 7 766 1757 1636 803
4736 4 2 1 7 1470 1622 1477 1652
4737 4 2 1 7 1648 1650 1481 1536
4738 4 2 1 7 910 911 909 1513
4739 4 2 1 7 750 1497 742 1618
4740 4 2 1 7 663 1737 1584 1674
4741 4 2 1 7 1481 1541 1455 1632
4742 4 2 1 7 1672 887 165 1682
4743 4 2 1 7 1643 1610 1640 1539
4744 4 2 1 7 906 905 904 1607
4745 4 2 1 7 935 361 416 382
4746 4 2 1 7 1473 1542 1493 1606
4747 4 2 1 7 1762 1116 1687 1145
4748 4 2 1 7 876 773 857 1490
4749 4 2 1 7 1630 387 342 57
4750 4 2 1 7 1617 940 945 1007
4751 4 2 1 7 815 1533 795 1501
4752 4 2 1 7 1731 857 1661 120
4753 4 2 1 7 1682 165 166 887
4754 4 2 1 7 550 1545 1496 1638
4755 4 2 1 7 1094 1096 1097 1521
4756 4 2 1 7 305 262 691 1573
4757 4 2 1 7 1113 1738 562 589
4758 4 2 1 7 1472 1447 1463 1647
4759 4 2 1 7 975 319 335 1578
4760 4 2 1 7 578 581 519 1626
4761 4 2 1 7 1643 1640 1610 1458
4762 4 2 1 7 39 1787 267 1718
4763 4 2 1 7 32 305 31 1573
4764 4 2 1 7 826 830 1585 1598
4765 4 2 1 7 587 1521 588 1600
4766 4 2 1 7 641 649 673 1490
4767 4 2 1 7 35 1588 1537 1639
4768 4 2 1 7 1739 1156 1092 1142
4769 4 2 1 7 82 83 434 988
4770 4 2 1 7 833 830 1542 1651
4771 4 2 1 7 1787 1761 1791 267
4772 4 2 1 7 868 1501 794 1595
4773 4 2 1 7 581 558 542 1564
4774 4 2 1 7 866 184 185 1561
4775 4 2 1 7 1745 1012 175 174
4776 4 2 1 7 1039 1077 1073 1519
4777 4 2 1 7 913 917 919 1582
4778 4 2 1 7 828 836 1552 1612
4779 4 2 1 7 438 81 82 1565
4780 4 2 1 7 817 812 1489 1629
4781 4 2 1 7 1480 1566 1470 1652
4782 4 2 1 7 1494 1518 1453 1633
4783 4 2 1 7 389 1030 341 1610
4784 4 2 1 7 816 1489 812 1616
4785 4 2 1 7 820 1534 880 1594
4786 4 2 1 7 1060 1031 1058 1539
4787 4 2 1 7 448 478 1578 1593
4788 4 2 1 7 158 1718 157 731
4789 4 2 1 7 788 855 1566 1594
4790 4 2 1 7 515 584 567 1530
4791 4 2 1 7 969 1514 962 1599
4792 4 2 1 7 1447 1546 1554 1652
4793 4 2 1 7 289 590 549 533
4794 4 2 1 7 383 343 54 1614
4795 4 2 1 7 1509 1492 425 1498
4796 4 2 1 7 781 1549 1484 1644
4797 4 2 1 7 374 373 370 1565
4798 4 2 1 7 318 36 35 1537
4799 4 2 1 7 281 315 298 1580
4800 4 2 1 7 280 1682 282 887
4801 4 2 1 7 1648 1650 1536 1469
4802 4 2 1 7 859 841 1515 1584
4803 4 2 1 7 645 674 621 1578
4804 4 2 1 7 448 481 478 1593
4805 4 2 1 7 645 1744 1673 1578
4806 4 2 1 7 296 1555 1506 1600
4807 4 2 1 7 34 1590 1631 33
4808 4 2 1 7 472 471 470 1529
4809 4 2 1 7 1671 1745 174 1012
4810 4 2 1 7 569 521 1110 1653
4811 4 2 1 7 1740 1071 1044 1517
4812 4 2 1 7 1601 1641 1584 1481
4813 4 2 1 7 660 656 627 1515
4814 4 2 1 7 468 490 973 489
4815 4 2 1 7 968 1625 991 990
4816 4 2 1 7 502 1578 478 1593
4817 4 2 1 7 386 381 403 570
4818 4 2 1 7 651 602 676 1560
4819 4 2 1 7 369 1565 1494 1615
4820 4 2 1 7 449 1578 448 450
4821 4 2 1 7 1455 1541 1516 1632
4822 4 2 1 7 548 1503 1545 1609
4823 4 2 1 7 724 1689 1581 1587
4824 4 2 1 7 968 1625 990 1567
4825 4 2 1 7 1451 1550 1506 1655
4826 4 2 1 7 1545 544 1531 546
4827 4 2 1 7 796 842 801 1579
4828 4 2 1 7 1762 1646 1116 1149
4829 4 2 1 7 974 438 81 467
4830 4 2 1 7 374 370 82 1565
4831 4 2 1 7 298 303 1553 1621
4832 4 2 1 7 725 745 748 1500
4833 4 2 1 7 744 308 704 1631
4834 4 2 1 7 1039 1090 1037 1610
4835 4 2 1 7 1483 1609 1526 1620
4836 4 2 1 7 934 937 416 363
4837 4 2 1 7 1525 1541 1455 1601
4838 4 2 1 7 1788 377 351 477
4839 4 2 1 7 1523 1585 847 1651
4840 4 2 1 7 640 677 639 1571
4841 4 2 1 7 342 57 540 539
4842 4 2 1 7 785 1566 1605 1622
4843 4 2 1 7 53 1575 1482 1596
4844 4 2 1 7 1605 1622 1566 1652
4845 4 2 1 7 479 466 480 1571
4846 4 2 1 7 1453 1522 1498 1637
4847 4 2 1 7 606 1665 121 637
4848 4 2 1 7 548 591 550 1545
4849 4 2 1 7 77 1553 76 1471
4850 4 2 1 7 531 533 575 1556
4851 4 2 1 7 279 975 954 319
4852 4 2 1 7 1536 1589 1492 1632
4853 4 2 1 7 820 1558 1534 1594
4854 4 2 1 7 110 1519 523 1701
4855 4 2 1 7 746 267 1787 731
4856 4 2 1 7 914 1513 912 910
4857 4 2 1 7 627 1670 664 660
4858 4 2 1 7 401 347 52 1575
4859 4 2 1 7 1534 1624 1602 1643
4860 4 2 1 7 485 1565 374 82
4861 4 2 1 7 868 794 799 1595
4862 4 2 1 7 958 887 280 959
4863 4 2 1 7 1476 1582 917 1628
4864 4 2 1 7 647 1662 634 124
4865 4 2 1 7 785 786 784 1566
4866 4 2 1 7 1596 1602 1643 1457
4867 4 2 1 7 185 1663 760 1561
4868 4 2 1 7 544 546 547 1531
4869 4 2 1 7 1465 1605 1566 1652
4870 4 2 1 7 823 1528 1605 789
4871 4 2 1 7 1514 962 954 951
4872 4 2 1 7 619 654 672 1541
4873 4 2 1 7 735 1683 722 680
4874 4 2 1 7 549 554 590 1551
4875 4 2 1 7 563 1495 562 1626
4876 4 2 1 7 862 840 884 1486
4877 4 2 1 7 1678 492 71 437
4878 4 2 1 7 1705 450 609 674
4879 4 2 1 7 1740 1071 1517 1640
4880 4 2 1 7 518 565 944 886
4881 4 2 1 7 1601 1641 1481 1648
4882 4 2 1 7 880 820 821 1534
4883 4 2 1 7 389 1539 346 1031
4884 4 2 1 7 468 1635 78 1637
4885 4 2 1 7 1458 1624 1534 1643
4886 4 2 1 7 1528 1598 1462 1612
4887 4 2 1 7 1155 1135 567 1530
4888 4 2 1 7 1046 1045 1077 1540
4889 4 2 1 7 1474 1555 1550 1588
4890 4 2 1 7 1741 772 181 877
4891 4 2 1 7 671 21 22 1768
4892 4 2 1 7 1601 1641 1648 776
4893 4 2 1 7 1549 1566 1465 1644
4894 4 2 1 7 762 1740 822 176
4895 4 2 1 7 505 603 644 459
4896 4 2 1 7 665 1665 637 1753
4897 4 2 1 7 1537 1579 1478 1588
4898 4 2 1 7 493 454 622 1544
4899 4 2 1 7 762 1740 176 1664
4900 4 2 1 7 1636 803 1487 874
4901 4 2 1 7 727 730 749 1497
4902 4 2 1 7 645 1744 1578 643
4903 4 2 1 7 981 1659 364 366
4904 4 2 1 7 823 1528 789 824
4905 4 2 1 7 1671 1745 1012 1591
4906 4 2 1 7 785 786 1566 1622
4907 4 2 1 7 177 769 1666 822
4908 4 2 1 7 1470 1546 1574 1652
4909 4 2 1 7 485 1565 82 81
4910 4 2 1 7 671 22 1722 1768
4911 4 2 1 7 774 1641 841 884
4912 4 2 1 7 258 426 302 1553
4913 4 2 1 7 1742 777 767 1601
4914 4 2 1 7 1666 1020 1046 177
4915 4 2 1 7 1519 1540 1458 1640
4916 4 2 1 7 672 1601 1584 1541
4917 4 2 1 7 583 403 570 547
4918 4 2 1 7 1141 1779 1725 16
4919 4 2 1 7 603 643 644 459
4920 4 2 1 7 784 788 855 1566
4921 4 2 1 7 1601 1641 776 1584
4922 4 2 1 7 1039 1519 1090 1610
4923 4 2 1 7 1674 776 1584 1601
4924 4 2 1 7 795 794 868 1501
4925 4 2 1 7 1788 377 47 351
4926 4 2 1 7 185 760 866 1561
4927 4 2 1 7 808 809 819 1507
4928 4 2 1 7 369 1615 1494 1633
4929 4 2 1 7 426 319 297 302
4930 4 2 1 7 1031 1539 1038 1610
4931 4 2 1 7 285 1556 1567 1625
4932 4 2 1 7 816 770 812 1489
4933 4 2 1 7 1513 1582 1452 1592
4934 4 2 1 7 1481 1455 1541 1601
4935 4 2 1 7 861 795 1576 790
4936 4 2 1 7 992 1739 1660 518
4937 4 2 1 7 817 812 770 1489
4938 4 2 1 7 858 1735 179 805
4939 4 2 1 7 827 1585 830 1651
4940 4 2 1 7 1062 1659 1050 366
4941 4 2 1 7 1494 1522 1453 1637
4942 4 2 1 7 818 868 799 1595
4943 4 2 1 7 874 1561 1636 866
4944 4 2 1 7 862 1486 884 1641
4945 4 2 1 7 867 804 802 1619
4946 4 2 1 7 1637 1599 1607 468
4947 4 2 1 7 1455 1511 1586 1601
4948 4 2 1 7 498 465 73 1606
4949 4 2 1 7 391 1615 369 1633
4950 4 2 1 7 365 382 935 1617
4951 4 2 1 7 1494 1453 1522 1633
4952 4 2 1 7 465 437 1488 1606
4953 4 2 1 7 1481 1536 1511 1648
4954 4 2 1 7 1742 777 1601 1525
4955 4 2 1 7 854 1740 762 1517
4956 4 2 1 7 550 546 1545 1638
4957 4 2 1 7 408 380 402 1536
4958 4 2 1 7 1451 1506 1550 1555
4959 4 2 1 7 462 454 463 1544
4960 4 2 1 7 1008 1615 964 983
4961 4 2 1 7 1060 1038 1539 1640
4962 4 2 1 7 281 953 959 970
4963 4 2 1 7 282 313 681 280
4964 4 2 1 7 726 1478 722 735
4965 4 2 1 7 30 74 73 510
4966 4 2 1 7 663 1737 1674 126
4967 4 2 1 7 935 946 947 1617
4968 4 2 1 7 1723 1764 595 1137
4969 4 2 1 7 578 1112 1111 1569
4970 4 2 1 7 988 1681 965 891
4971 4 2 1 7 403 419 938 1583
4972 4 2 1 7 1640 1643 1517 1624
4973 4 2 1 7 1551 296 291 323
4974 4 2 1 7 53 347 392 1575
4975 4 2 1 7 986 930 1003 534
4976 4 2 1 7 52 51 1486 1650
4977 4 2 1 7 473 607 608 616
4978 4 2 1 7 1553 75 258 426
4979 4 2 1 7 408 343 1527 1596
4980 4 2 1 7 1645 1669 772 1497
4981 4 2 1 7 861 1533 814 1558
4982 4 2 1 7 107 8 1764 595
4983 4 2 1 7 1765 107 1764 595
4984 4 2 1 7 973 428 468 489
4985 4 2 1 7 693 690 691 1573
4986 4 2 1 7 852 1560 1552 1642
4987 4 2 1 7 8 1764 595 1723
4988 4 2 1 7 55 56 1504 1610
4989 4 2 1 7 1478 1579 1461 1588
4990 4 2 1 7 31 30 1493 1656
4991 4 2 1 7 300 688 1656 257
4992 4 2 1 7 1636 803 874 766
4993 4 2 1 7 1031 1060 1038 1539
4994 4 2 1 7 324 1550 1555 1588
4995 4 2 1 7 603 1744 133 643
4996 4 2 1 7 354 400 419 583
4997 4 2 1 7 769 822 807 1540
4998 4 2 1 7 400 1785 348 419
4999 4 2 1 7 827 847 1585 1651
5000 4 2 1 7 595 1764 1125 1137
5001 4 2 1 7 574 1654 925 994
5002 4 2 1 7 1659 366 1679 1050
5003 4 2 1 7 1765 1764 1776 595
5004 4 2 1 7 949 970 950 1580
5005 4 2 1 7 342 386 382 1572
5006 4 2 1 7 35 324 318 1588
5007 4 2 1 7 1456 1560 1525 1642
5008 4 2 1 7 359 1659 948 197
5009 4 2 1 7 962 1593 978 1599
5010 4 2 1 7 448 319 426 481
5011 4 2 1 7 1044 1071 1074 1517
5012 4 2 1 7 16 1141 1779 216
5013 4 2 1 7 1104 1120 1114 1530
5014 4 2 1 7 1592 1572 1531 1545
5015 4 2 1 7 907 1502 969 1599
5016 4 2 1 7 815 760 816 1603
5017 4 2 1 7 925 1654 1628 920
5018 4 2 1 7 1096 522 568 265
5019 4 2 1 7 283 282 284 1625
5020 4 2 1 7 1664 1012 1044 175
5021 4 2 1 7 1520 1543 1472 1647
5022 4 2 1 7 588 568 522 265
5023 4 2 1 7 647 1662 124 1742
5024 4 2 1 7 1474 1579 1537 1588
5025 4 2 1 7 838 762 175 1664
5026 4 2 1 7 1487 1613 1160 1636
5027 4 2 1 7 1535 1579 1461 1634
5028 4 2 1 7 1459 1581 1542 1651
5029 4 2 1 7 397 366 364 1062
5030 4 2 1 7 861 814 881 1558
5031 4 2 1 7 1007 914 946 1617
5032 4 2 1 7 402 408 1536 1650
5033 4 2 1 7 842 1535 791 1634
5034 4 2 1 7 485 1565 81 373
5035 4 2 1 7 1455 1586 1525 1601
5036 4 2 1 7 859 775 841 1584
5037 4 2 1 7 50 51 1515 1608
5038 4 2 1 7 1455 1589 1536 1632
5039 4 2 1 7 1085 1668 1052 1016
5040 4 2 1 7 864 835 865 1557
5041 4 2 1 7 366 364 981 365
5042 4 2 1 7 344 387 399 1520
5043 4 2 1 7 411 349 404 1516
5044 4 2 1 7 893 135 456 972
5045 4 2 1 7 1593 1635 1514 481
5046 4 2 1 7 344 383 1504 1614
5047 4 2 1 7 791 796 794 1535
5048 4 2 1 7 774 875 859 1515
5049 4 2 1 7 769 1735 805 178
5050 4 2 1 7 1761 1786 594 95
5051 4 2 1 7 367 368 369 1615
5052 4 2 1 7 1094 1521 1103 1613
5053 4 2 1 7 34 1588 35 1639
5054 4 2 1 7 583 1708 516 400
5055 4 2 1 7 811 812 810 1629
5056 4 2 1 7 542 539 592 1491
5057 4 2 1 7 468 78 79 1637
5058 4 2 1 7 832 831 829 1508
5059 4 2 1 7 1728 1786 594 1140
5060 4 2 1 7 571 567 553 1530
5061 4 2 1 7 403 938 419 388
5062 4 2 1 7 285 1567 283 1625
5063 4 2 1 7 1046 1068 1020 1540
5064 4 2 1 7 614 1516 608 1649
5065 4 2 1 7 361 935 365 382
5066 4 2 1 7 1514 1553 1460 1580
5067 4 2 1 7 907 909 969 1502
5068 4 2 1 7 769 1735 178 1666
5069 4 2 1 7 1484 1549 1465 1644
5070 4 2 1 7 991 927 993 1556
5071 4 2 1 7 473 503 616 1649
5072 4 2 1 7 1727 1002 1763 582
5073 4 2 1 7 432 407 380 375
5074 4 2 1 7 335 448 316 1578
5075 4 2 1 7 1648 1650 1469 1641
5076 4 2 1 7 759 849 845 1525
5077 4 2 1 7 594 1786 1157 1140
5078 4 2 1 7 969 962 1514 951
5079 4 2 1 7 1062 1659 366 364
5080 4 2 1 7 277 298 332 953
5081 4 2 1 7 1477 1652 1554 1655
5082 4 2 1 7 1468 1505 1554 1655
5083 4 2 1 7 964 1565 988 1570
5084 4 2 1 7 1581 1590 1500 1557
5085 4 2 1 7 1017 359 1049 197
5086 4 2 1 7 574 1654 994 565
5087 4 2 1 7 437 498 72 1692
5088 4 2 1 7 591 548 555 1503
5089 4 2 1 7 380 411 500 379
5090 4 2 1 7 474 499 425 1492
5091 4 2 1 7 281 298 277 953
5092 4 2 1 7 1679 888 195 963
5093 4 2 1 7 260 31 303 1532
5094 4 2 1 7 1155 1120 1104 1530
5095 4 2 1 7 554 1506 555 1600
5096 4 2 1 7 285 286 289 1556
5097 4 2 1 7 474 1492 425 1589
5098 4 2 1 7 1532 1573 1459 1590
5099 4 2 1 7 1166 1738 1113 1138
5100 4 2 1 7 305 32 262 1573
5101 4 2 1 7 925 1628 1654 551
5102 4 2 1 7 1768 333 288 712
5103 4 2 1 7 1466 1568 1483 1620
5104 4 2 1 7 729 1542 711 1606
5105 4 2 1 7 411 1516 404 1632
5106 4 2 1 7 993 1690 575 930
5107 4 2 1 7 1686 320 1521 1613
5108 4 2 1 7 506 425 471 1589
5109 4 2 1 7 465 498 437 1606
5110 4 2 1 7 781 782 780 1549
5111 4 2 1 7 605 608 614 1516
5112 4 2 1 7 1461 1557 1523 1634
5113 4 2 1 7 430 496 470 1548
5114 4 2 1 7 92 1690 733 168
5115 4 2 1 7 562 1166 1129 1626
5116 4 2 1 7 32 1532 299 1590
5117 4 2 1 7 974 983 918 1615
5118 4 2 1 7 1683 883 1478 768
5119 4 2 1 7 858 1735 805 1577
5120 4 2 1 7 1447 1574 1546 1652
5121 4 2 1 7 298 315 303 1621
5122 4 2 1 7 840 1668 172 774
5123 4 2 1 7 485 373 432 375
5124 4 2 1 7 1484 1456 1586 1642
5125 4 2 1 7 625 634 647 1525
5126 4 2 1 7 1041 1081 1035 1575
5127 4 2 1 7 724 1743 1689 1587
5128 4 2 1 7 450 478 459 1578
5129 4 2 1 7 788 784 786 1566
5130 4 2 1 7 802 804 878 1645
5131 4 2 1 7 809 820 819 1534
5132 4 2 1 7 1553 1471 77 1635
5133 4 2 1 7 1532 1563 1450 1459
5134 4 2 1 7 90 170 1763 1727
5135 4 2 1 7 688 1713 738 300
5136 4 2 1 7 780 778 1511 1648
5137 4 2 1 7 470 471 469 1509
5138 4 2 1 7 697 1771 692 294
5139 4 2 1 7 830 764 833 1542
5140 4 2 1 7 645 621 643 1578
5141 4 2 1 7 742 1754 683 1619
5142 4 2 1 7 607 608 605 1516
5143 4 2 1 7 862 1732 765 840
5144 4 2 1 7 1703 1516 349 461
5145 4 2 1 7 724 1743 1587 680
5146 4 2 1 7 785 1644 783 789
5147 4 2 1 7 914 1513 910 1597
5148 4 2 1 7 950 915 949 1580
5149 4 2 1 7 327 1521 320 1613
5150 4 2 1 7 1096 1700 522 265
5151 4 2 1 7 1460 1580 1553 1621
5152 4 2 1 7 635 1670 127 664
5153 4 2 1 7 765 1745 838 174
5154 4 2 1 7 1060 1071 1038 1640
5155 4 2 1 7 1499 1580 949 1627
5156 4 2 1 7 1590 1631 1573 1500
5157 4 2 1 7 774 1641 884 1486
5158 4 2 1 7 874 1561 866 818
5159 4 2 1 7 584 587 555 1600
5160 4 2 1 7 1030 389 1031 1610
5161 4 2 1 7 33 1573 1590 1631
5162 4 2 1 7 1481 1584 1515 1641
5163 4 2 1 7 627 619 635 1584
5164 4 2 1 7 170 14 1763 1002
5165 4 2 1 7 603 1744 643 459
5166 4 2 1 7 574 1654 565 551
5167 4 2 1 7 1123 1114 1120 1561
5168 4 2 1 7 681 718 165 1672
5169 4 2 1 7 1519 1610 1039 1640
5170 4 2 1 7 785 1644 789 1605
5171 4 2 1 7 472 666 646 1649
5172 4 2 1 7 1763 14 1707 1002
5173 4 2 1 7 645 1744 643 132
5174 4 2 1 7 745 699 690 1573
5175 4 2 1 7 299 259 33 1590
5176 4 2 1 7 854 1517 844 1602
5177 4 2 1 7 1585 1459 1473 1651
5178 4 2 1 7 799 794 796 1595
5179 4 2 1 7 921 1496 987 1638
5180 4 2 1 7 391 344 399 1520
5181 4 2 1 7 30 75 1563 74
5182 4 2 1 7 765 1745 174 1671
5183 4 2 1 7 750 730 742 1497
5184 4 2 1 7 799 874 818 1595
5185 4 2 1 7 352 411 404 1632
5186 4 2 1 7 938 1785 1583 419
5187 4 2 1 7 771 858 853 1495
5188 4 2 1 7 854 1517 1602 1624
5189 4 2 1 7 472 646 503 1649
5190 4 2 1 7 1520 1472 1463 1647
5191 4 2 1 7 546 544 545 1545
5192 4 2 1 7 915 949 1580 1627
5193 4 2 1 7 1115 1160 1613 1636
5194 4 2 1 7 1497 1618 1537 1619
5195 4 2 1 7 622 651 631 1544
5196 4 2 1 7 1742 663 1674 125
5197 4 2 1 7 663 1737 126 635
5198 4 2 1 7 574 1654 551 925
5199 4 2 1 7 1659 948 364 359
5200 4 2 1 7 30 75 74 29
5201 4 2 1 7 962 1514 1593 1599
5202 4 2 1 7 324 259 1550 1588
5203 4 2 1 7 1552 1560 1456 1642
5204 4 2 1 7 1450 1585 1523 1459
5205 4 2 1 7 1527 1596 343 1614
5206 4 2 1 7 844 854 762 1517
5207 4 2 1 7 641 639 649 1490
5208 4 2 1 7 697 1771 294 306
5209 4 2 1 7 1110 1653 1133 1132
5210 4 2 1 7 1626 1564 1569 581
5211 4 2 1 7 1786 95 7 594
5212 4 2 1 7 1094 1103 1143 1613
5213 4 2 1 7 1038 1610 1539 1640
5214 4 2 1 7 681 313 718 280
5215 4 2 1 7 778 779 780 1511
5216 4 2 1 7 625 615 631 1529
5217 4 2 1 7 36 1537 1497 1618
5218 4 2 1 7 1685 1721 49 421
5219 4 2 1 7 726 1478 735 1639
5220 4 2 1 7 1111 1139 1120 1569
5221 4 2 1 7 286 1556 285 1625
5222 4 2 1 7 646 616 503 1649
5223 4 2 1 7 840 1668 774 1486
5224 4 2 1 7 1115 1143 1103 1613
5225 4 2 1 7 693 745 1573 1631
5226 4 2 1 7 1034 1070 1045 1577
5227 4 2 1 7 1763 1707 582 1002
5228 4 2 1 7 1482 1517 1539 1643
5229 4 2 1 7 7 1786 594 1728
5230 4 2 1 7 1761 1786 1157 594
5231 4 2 1 7 737 700 717 1488
5232 4 2 1 7 1143 1115 1160 1613
5233 4 2 1 7 455 461 659 475
5234 4 2 1 7 770 1675 872 187
5235 4 2 1 7 711 1736 723 148
5236 4 2 1 7 481 426 76 1553
5237 4 2 1 7 927 968 922 1556
5238 4 2 1 7 1154 1139 1569 1603
5239 4 2 1 7 1102 520 578 1111
5240 4 2 1 7 789 1612 1528 1644
5241 4 2 1 7 910 912 911 1513
5242 4 2 1 7 773 832 857 1490
5243 4 2 1 7 92 1771 1690 517
5244 4 2 1 7 1473 1563 1493 1459
5245 4 2 1 7 1742 663 125 647
5246 4 2 1 7 608 473 616 1649
5247 4 2 1 7 275 718 280 1672
5248 4 2 1 7 1145 156 1687 1762
5249 4 2 1 7 852 759 1560 1642
5250 4 2 1 7 842 791 793 1634
5251 4 2 1 7 649 1691 492 624
5252 4 2 1 7 1477 1622 1605 1652
5253 4 2 1 7 32 1573 1532 1590
5254 4 2 1 7 806 769 807 1540
5255 4 2 1 7 523 573 538 1519
5256 4 2 1 7 663 1737 635 1584
5257 4 2 1 7 419 403 583 1583
5258 4 2 1 7 344 383 55 1504
5259 4 2 1 7 1035 1078 1036 1575
5260 4 2 1 7 725 1581 1500 1587
5261 4 2 1 7 324 34 259 1588
5262 4 2 1 7 1654 1611 551 1628
5263 4 2 1 7 1661 876 1734 119
5264 4 2 1 7 971 964 963 1570
5265 4 2 1 7 789 825 1528 1612
5266 4 2 1 7 997 1751 1695 208
5267 4 2 1 7 653 456 135 1658
5268 4 2 1 7 1496 1452 1582 1592
5269 4 2 1 7 454 623 622 1544
5270 4 2 1 7 1008 1615 983 974
5271 4 2 1 7 1496 1582 916 1592
5272 4 2 1 7 432 500 380 474
5273 4 2 1 7 827 847 824 1585
5274 4 2 1 7 1613 43 336 1694
5275 4 2 1 7 739 706 721 1559
5276 4 2 1 7 389 346 1022 1031
5277 4 2 1 7 573 1479 538 1519
5278 4 2 1 7 1581 1590 1557 1459
5279 4 2 1 7 370 1565 368 1570
5280 4 2 1 7 1057 1677 212 1088
5281 4 2 1 7 1494 1615 1518 1633
5282 4 2 1 7 521 569 586 1653
5283 4 2 1 7 585 1496 1611 1654
5284 4 2 1 7 1593 1635 481 431
5285 4 2 1 7 711 1736 148 1676
5286 4 2 1 7 754 724 723 1581
5287 4 2 1 7 156 1687 689 1760
5288 4 2 1 7 973 1658 489 490
5289 4 2 1 7 666 1529 615 1649
5290 4 2 1 7 889 975 335 1578
5291 4 2 1 7 518 944 992 886
5292 4 2 1 7 807 806 1540 1507
5293 4 2 1 7 1739 564 886 1653
5294 4 2 1 7 1553 75 426 76
5295 4 2 1 7 1678 492 437 1490
5296 4 2 1 7 1458 1624 1540 1507
5297 4 2 1 7 821 856 880 1602
5298 4 2 1 7 462 508 466 1571
5299 4 2 1 7 788 881 820 1558
5300 4 2 1 7 718 275 164 1672
5301 4 2 1 7 987 1496 916 1592
5302 4 2 1 7 584 555 553 1526
5303 4 2 1 7 75 497 1524 1563
5304 4 2 1 7 776 1601 778 1648
5305 4 2 1 7 605 1541 1688 1516
5306 4 2 1 7 298 1580 315 1621
5307 4 2 1 7 971 1679 888 366
5308 4 2 1 7 1528 1612 1465 1644
5309 4 2 1 7 1030 1031 1037 1610
5310 4 2 1 7 146 701 717 1680
5311 4 2 1 7 496 463 1544 1548
5312 4 2 1 7 499 80 79 1522
5313 4 2 1 7 1564 1626 1489 1629
5314 4 2 1 7 860 1645 772 878
5315 4 2 1 7 821 1534 809 1624
5316 4 2 1 7 1762 1646 1149 1741
5317 4 2 1 7 836 843 797 1612
5318 4 2 1 7 819 811 808 1507
5319 4 2 1 7 1680 1733 1488 717
5320 4 2 1 7 697 1771 306 706
5321 4 2 1 7 1734 9 119 876
5322 4 2 1 7 1681 194 891 1570
5323 4 2 1 7 1484 1612 843 1644
5324 4 2 1 7 1489 1603 1569 1616
5325 4 2 1 7 1477 1554 1505 1655
5326 4 2 1 7 80 79 1522 1637
5327 4 2 1 7 1460 1553 1514 1635
5328 4 2 1 7 166 681 1682 739
5329 4 2 1 7 1661 876 1490 1734
5330 4 2 1 7 76 1524 497 1623
5331 4 2 1 7 32 260 299 1532
5332 4 2 1 7 912 916 1582 1592
5333 4 2 1 7 794 795 790 1576
5334 4 2 1 7 403 547 583 1583
5335 4 2 1 7 287 1682 282 681
5336 4 2 1 7 461 474 473 1516
5337 4 2 1 7 851 828 836 1552
5338 4 2 1 7 351 394 1696 477
5339 4 2 1 7 1754 860 1669 153
5340 4 2 1 7 948 359 197 895
5341 4 2 1 7 1672 887 995 165
5342 4 2 1 7 335 319 448 1578
5343 4 2 1 7 1482 1602 1517 1643
5344 4 2 1 7 871 771 817 1495
5345 4 2 1 7 940 945 937 1531
5346 4 2 1 7 778 1601 1511 1648
5347 4 2 1 7 490 458 505 603
5348 4 2 1 7 852 1552 836 1642
5349 4 2 1 7 52 1486 1575 1650
5350 4 2 1 7 653 135 456 662
5351 4 2 1 7 481 77 431 1635
5352 4 2 1 7 722 1683 151 680
5353 4 2 1 7 327 320 269 1613
5354 4 2 1 7 965 434 83 988
5355 4 2 1 7 363 938 388 936
5356 4 2 1 7 1112 519 1129 1626
5357 4 2 1 7 1613 320 43 1686
5358 4 2 1 7 368 390 1033 371
5359 4 2 1 7 563 581 1564 1626
5360 4 2 1 7 155 156 1145 1762
5361 4 2 1 7 920 1496 1654 1628
5362 4 2 1 7 631 615 666 1529
5363 4 2 1 7 1493 1563 1532 1459
5364 4 2 1 7 729 711 700 1606
5365 4 2 1 7 565 1638 566 550
5366 4 2 1 7 444 1773 333 491
5367 4 2 1 7 735 1683 680 1587
5368 4 2 1 7 795 813 814 1533
5369 4 2 1 7 285 307 283 1567
5370 4 2 1 7 184 1152 1136 1636
5371 4 2 1 7 841 1584 776 1641
5372 4 2 1 7 772 1645 1497 1646
5373 4 2 1 7 1012 1745 1482 1591
5374 4 2 1 7 1487 1454 1613 1636
5375 4 2 1 7 1732 1047 1671 173
5376 4 2 1 7 525 1715 596 594
5377 4 2 1 7 481 76 77 1553
5378 4 2 1 7 925 920 994 1654
5379 4 2 1 7 1009 1559 989 1625
5380 4 2 1 7 721 287 284 306
5381 4 2 1 7 939 940 937 1531
5382 4 2 1 7 485 432 373 81
5383 4 2 1 7 894 1009 993 1559
5384 4 2 1 7 1523 1557 1459 1651
5385 4 2 1 7 698 275 164 718
5386 4 2 1 7 777 845 849 1525
5387 4 2 1 7 886 565 944 941
5388 4 2 1 7 1129 519 562 1626
5389 4 2 1 7 955 975 954 279
5390 4 2 1 7 855 788 820 1594
5391 4 2 1 7 835 834 761 1557
5392 4 2 1 7 1038 1039 1610 1640
5393 4 2 1 7 1148 522 1106 1096
5394 4 2 1 7 770 1684 188 871
5395 4 2 1 7 57 540 539 537
5396 4 2 1 7 809 821 820 1534
5397 4 2 1 7 1503 1546 1468 1447
5398 4 2 1 7 872 186 1675 1603
5399 4 2 1 7 387 1538 342 1572
5400 4 2 1 7 555 1503 548 1609
5401 4 2 1 7 1515 1584 841 1641
5402 4 2 1 7 1038 1039 1037 1610
5403 4 2 1 7 1704 111 1577 527
5404 4 2 1 7 997 1751 208 1785
5405 4 2 1 7 862 1732 840 1486
5406 4 2 1 7 1716 322 996 274
5407 4 2 1 7 370 369 368 1565
5408 4 2 1 7 479 462 466 1571
5409 4 2 1 7 1683 883 768 863
5410 4 2 1 7 1762 1145 155 1149
5411 4 2 1 7 457 607 473 616
5412 4 2 1 7 327 295 588 1600
5413 4 2 1 7 854 1602 821 1624
5414 4 2 1 7 1458 1610 1519 1640
5415 4 2 1 7 1160 1108 1143 1613
5416 4 2 1 7 791 842 796 1535
5417 4 2 1 7 1166 1128 1129 1626
5418 4 2 1 7 766 183 184 1636
5419 4 2 1 7 829 830 826 1598
5420 4 2 1 7 30 75 29 258
5421 4 2 1 7 1112 578 1150 519
5422 4 2 1 7 904 438 924 974
5423 4 2 1 7 794 790 791 1576
5424 4 2 1 7 962 978 923 1599
5425 4 2 1 7 565 1638 550 1654
5426 4 2 1 7 788 861 881 1558
5427 4 2 1 7 194 963 891 1570
5428 4 2 1 7 1762 1116 1145 1149
5429 4 2 1 7 635 672 663 1584
5430 4 2 1 7 1645 1757 772 803
5431 4 2 1 7 640 462 479 1571
5432 4 2 1 7 1746 73 5 1713
5433 4 2 1 7 583 1785 419 1583
5434 4 2 1 7 555 553 1526 1609
5435 4 2 1 7 827 826 830 1585
5436 4 2 1 7 1462 1465 1548 1623
5437 4 2 1 7 550 1496 585 1654
5438 4 2 1 7 920 925 922 1628
5439 4 2 1 7 1653 1134 1785 207
5440 4 2 1 7 1581 1590 1459 1573
5441 4 2 1 7 346 1058 1022 1031
5442 4 2 1 7 353 1069 401 1608
5443 4 2 1 7 760 186 872 1603
5444 4 2 1 7 933 361 981 364
5445 4 2 1 7 537 539 57 1630
5446 4 2 1 7 843 1612 789 1644
5447 4 2 1 7 896 942 1583 1653
5448 4 2 1 7 1462 1465 1528 1612
5449 4 2 1 7 3 50 1685 421
5450 4 2 1 7 450 609 674 621
5451 4 2 1 7 916 1582 1496 1628
5452 4 2 1 7 315 283 307 1567
5453 4 2 1 7 1496 1582 1452 1611
5454 4 2 1 7 396 391 369 1633
5455 4 2 1 7 828 825 836 1612
5456 4 2 1 7 129 130 899 1720
5457 4 2 1 7 1674 776 1601 767
5458 4 2 1 7 829 850 832 1508
5459 4 2 1 7 1103 1094 1097 1521
5460 4 2 1 7 993 1690 930 894
5461 4 2 1 7 940 1531 939 1638
5462 4 2 1 7 614 626 654 1541
5463 4 2 1 7 1460 1471 1553 1635
5464 4 2 1 7 1694 1116 1108 2
5465 4 2 1 7 619 3 1693 1747
5466 4 2 1 7 67 266 710 300
5467 4 2 1 7 1112 1102 578 1111
5468 4 2 1 7 711 1733 147 717
5469 4 2 1 7 946 982 1006 1518
5470 4 2 1 7 1091 186 1123 1603
5471 4 2 1 7 404 44 420 1541
5472 4 2 1 7 506 473 1516 1649
5473 4 2 1 7 667 505 458 603
5474 4 2 1 7 208 1751 1695 1167
5475 4 2 1 7 971 947 983 1615
5476 4 2 1 7 335 975 889 264
5477 4 2 1 7 987 921 916 1496
5478 4 2 1 7 938 1785 419 943
5479 4 2 1 7 1467 1543 1520 1647
5480 4 2 1 7 789 843 825 1612
5481 4 2 1 7 739 167 733 1559
5482 4 2 1 7 856 844 839 1602
5483 4 2 1 7 1112 1129 1127 1626
5484 4 2 1 7 693 748 745 1631
5485 4 2 1 7 388 943 938 419
5486 4 2 1 7 948 933 981 364
5487 4 2 1 7 1686 265 320 42
5488 4 2 1 7 454 496 463 1544
5489 4 2 1 7 1683 863 768 151
5490 4 2 1 7 349 1703 461 475
5491 4 2 1 7 724 1736 149 723
5492 4 2 1 7 869 833 764 1542
5493 4 2 1 7 1581 1590 1573 1500
5494 4 2 1 7 711 1733 717 1488
5495 4 2 1 7 1569 1603 1464 1616
5496 4 2 1 7 1645 1757 803 1487
5497 4 2 1 7 337 37 2 1687
5498 4 2 1 7 744 704 748 1631
5499 4 2 1 7 975 279 304 319
5500 4 2 1 7 1613 43 320 336
5501 4 2 1 7 289 323 312 1551
5502 4 2 1 7 1484 1465 1612 1644
5503 4 2 1 7 207 1785 208 1134
5504 4 2 1 7 1537 1618 35 1639
5505 4 2 1 7 1463 1447 1510 1647
5506 4 2 1 7 558 1569 571 1620
5507 4 2 1 7 982 908 918 1597
5508 4 2 1 7 880 792 855 1594
5509 4 2 1 7 92 1690 168 1748
5510 4 2 1 7 1685 1747 1515 50
5511 4 2 1 7 1646 1687 37 1497
5512 4 2 1 7 334 316 270 449
5513 4 2 1 7 724 1581 725 1587
5514 4 2 1 7 1541 404 44 1688
5515 4 2 1 7 1713 685 1746 1656
5516 4 2 1 7 344 55 56 1504
5517 4 2 1 7 1012 1482 1745 1517
5518 4 2 1 7 370 368 390 1570
5519 4 2 1 7 806 808 810 1507
5520 4 2 1 7 430 76 497 1623
5521 4 2 1 7 543 558 571 1620
5522 4 2 1 7 760 1663 186 1603
5523 4 2 1 7 825 828 826 1598
5524 4 2 1 7 1457 1596 1527 1614
5525 4 2 1 7 724 1736 723 1581
5526 4 2 1 7 363 938 936 937
5527 4 2 1 7 1653 1708 1110 569
5528 4 2 1 7 36 35 1537 1618
5529 4 2 1 7 899 130 967 1720
5530 4 2 1 7 1155 520 1109 1111
5531 4 2 1 7 981 935 947 365
5532 4 2 1 7 1528 1605 789 1644
5533 4 2 1 7 117 1768 21 671
5534 4 2 1 7 864 793 847 1634
5535 4 2 1 7 111 1577 527 573
5536 4 2 1 7 1557 1581 1459 1651
5537 4 2 1 7 117 1768 671 1722
5538 4 2 1 7 1078 1035 1081 1575
5539 4 2 1 7 289 590 533 598
5540 4 2 1 7 933 416 934 935
5541 4 2 1 7 551 1611 585 552
5542 4 2 1 7 318 1555 296 1600
5543 4 2 1 7 402 52 408 1650
5544 4 2 1 7 506 1516 474 1589
5545 4 2 1 7 796 800 799 1595
5546 4 2 1 7 724 1743 680 150
5547 4 2 1 7 1691 114 1784 624
5548 4 2 1 7 672 635 619 1584
5549 4 2 1 7 780 846 778 1648
5550 4 2 1 7 770 1684 871 1489
5551 4 2 1 7 973 1658 490 885
5552 4 2 1 7 1153 1149 1116 1646
5553 4 2 1 7 520 558 578 1569
5554 4 2 1 7 789 825 824 1528
5555 4 2 1 7 954 955 279 952
5556 4 2 1 7 798 1641 776 1648
5557 4 2 1 7 401 1069 1041 1608
5558 4 2 1 7 1543 1574 1472 1647
5559 4 2 1 7 551 1611 552 549
5560 4 2 1 7 389 341 56 1610
5561 4 2 1 7 473 474 506 1516
5562 4 2 1 7 83 494 965 1777
5563 4 2 1 7 33 1573 1631 262
5564 4 2 1 7 982 914 910 1597
5565 4 2 1 7 569 1098 516 1708
5566 4 2 1 7 471 503 506 1649
5567 4 2 1 7 916 917 1582 1628
5568 4 2 1 7 75 429 497 1563
5569 4 2 1 7 709 317 1618 1639
5570 4 2 1 7 905 903 904 467
5571 4 2 1 7 617 461 659 455
5572 4 2 1 7 270 316 335 448
5573 4 2 1 7 532 922 927 926
5574 4 2 1 7 80 467 428 1607
5575 4 2 1 7 783 1549 781 1644
5576 4 2 1 7 1660 518 1749 992
5577 4 2 1 7 990 919 968 1567
5578 4 2 1 7 520 567 1155 1109
5579 4 2 1 7 852 849 759 1642
5580 4 2 1 7 294 682 1711 692
5581 4 2 1 7 1133 521 564 1653
5582 4 2 1 7 590 289 291 598
5583 4 2 1 7 30 257 300 1656
5584 4 2 1 7 1049 359 1017 398
5585 4 2 1 7 364 1017 359 398
5586 4 2 1 7 797 852 836 1642
5587 4 2 1 7 1452 1510 1463 1447
5588 4 2 1 7 80 1607 79 1637
5589 4 2 1 7 920 1496 1628 916
5590 4 2 1 7 450 643 459 644
5591 4 2 1 7 42 265 1700 1686
5592 4 2 1 7 907 969 923 1599
5593 4 2 1 7 1133 564 1092 1653
5594 4 2 1 7 92 1690 580 517
5595 4 2 1 7 859 841 774 1515
5596 4 2 1 7 537 538 539 1630
5597 4 2 1 7 30 29 510 300
5598 4 2 1 7 419 403 354 583
5599 4 2 1 7 893 456 483 972
5600 4 2 1 7 1637 1599 468 1635
5601 4 2 1 7 1465 1605 1528 1644
5602 4 2 1 7 1761 159 95 746
5603 4 2 1 7 1135 1105 515 1097
5604 4 2 1 7 314 275 718 280
5605 4 2 1 7 903 905 428 467
5606 4 2 1 7 964 1008 988 1565
5607 4 2 1 7 1511 1601 1481 1648
5608 4 2 1 7 333 1 27 491
5609 4 2 1 7 33 1573 262 32
5610 4 2 1 7 1082 1051 194 1570
5611 4 2 1 7 733 1771 1559 1690
5612 4 2 1 7 785 823 787 1605
5613 4 2 1 7 559 1749 518 992
5614 4 2 1 7 54 346 55 1539
5615 4 2 1 7 742 730 727 1497
5616 4 2 1 7 115 1784 624 433
5617 4 2 1 7 82 434 438 988
5618 4 2 1 7 690 693 745 1573
5619 4 2 1 7 461 659 607 617
5620 4 2 1 7 522 568 1106 1096
5621 4 2 1 7 457 607 616 617
5622 4 2 1 7 729 699 723 1542
5623 4 2 1 7 384 536 58 537
5624 4 2 1 7 114 115 1784 624
5625 4 2 1 7 281 277 958 953
5626 4 2 1 7 785 1605 787 1622
5627 4 2 1 7 364 948 933 359
5628 4 2 1 7 910 909 908 1597
5629 4 2 1 7 920 1496 916 921
5630 4 2 1 7 565 994 941 1654
5631 4 2 1 7 1690 733 167 1559
5632 4 2 1 7 553 567 584 1530
5633 4 2 1 7 997 1751 1785 348
5634 4 2 1 7 835 761 863 1587
5635 4 2 1 7 1139 1112 1154 1569
5636 4 2 1 7 302 298 258 1553
5637 4 2 1 7 480 624 492 507
5638 4 2 1 7 623 665 651 1544
5639 4 2 1 7 381 403 570 583
5640 4 2 1 7 429 508 497 1604
5641 4 2 1 7 746 1710 95 1761
5642 4 2 1 7 549 552 554 1551
5643 4 2 1 7 492 1691 1784 624
5644 4 2 1 7 56 57 387 1630
5645 4 2 1 7 573 527 579 1577
5646 4 2 1 7 661 454 462 623
5647 4 2 1 7 908 907 906 1607
5648 4 2 1 7 781 783 782 1549
5649 4 2 1 7 317 750 709 1618
5650 4 2 1 7 724 1743 150 1689
5651 4 2 1 7 361 981 364 365
5652 4 2 1 7 1075 384 1056 341
5653 4 2 1 7 930 1690 575 580
5654 4 2 1 7 1473 1598 1508 1604
5655 4 2 1 7 364 933 361 359
5656 4 2 1 7 964 988 891 1570
5657 4 2 1 7 583 354 400 516
5658 4 2 1 7 554 588 295 1600
5659 4 2 1 7 361 935 981 365
5660 4 2 1 7 1761 159 1786 95
5661 4 2 1 7 284 306 286 1559
5662 4 2 1 7 158 1761 746 159
5663 4 2 1 7 1541 1584 1481 1601
5664 4 2 1 7 1593 1635 431 1599
5665 4 2 1 7 206 886 998 1653
5666 4 2 1 7 71 732 1691 1678
5667 4 2 1 7 995 887 280 958
5668 4 2 1 7 318 324 296 1555
5669 4 2 1 7 1523 1459 1585 1651
5670 4 2 1 7 745 725 754 1581
5671 4 2 1 7 1499 1580 1460 1621
5672 4 2 1 7 914 1007 987 1592
5673 4 2 1 7 533 290 289 598
5674 4 2 1 7 359 198 895 358
5675 4 2 1 7 866 766 184 1636
5676 4 2 1 7 1150 1112 519 1129
5677 4 2 1 7 517 1771 294 1711
5678 4 2 1 7 1470 1566 1622 1652
5679 4 2 1 7 1688 349 404 45
5680 4 2 1 7 662 456 442 135
5681 4 2 1 7 532 927 531 926
5682 4 2 1 7 45 349 1703 1688
5683 4 2 1 7 1460 1580 1499 1627
5684 4 2 1 7 978 962 977 1593
5685 4 2 1 7 904 438 974 467
5686 4 2 1 7 50 353 51 1608
5687 4 2 1 7 1496 1628 1611 1654
5688 4 2 1 7 942 939 938 1583
5689 4 2 1 7 268 750 317 1618
5690 4 2 1 7 995 275 164 890
5691 4 2 1 7 821 854 844 1602
5692 4 2 1 7 960 1009 989 1625
5693 4 2 1 7 817 771 853 1495
5694 4 2 1 7 1030 389 1022 1031
5695 4 2 1 7 382 387 342 1572
5696 4 2 1 7 316 270 449 448
5697 4 2 1 7 818 866 760 1561
5698 4 2 1 7 194 1679 963 1570
5699 4 2 1 7 737 1692 1488 1678
5700 4 2 1 7 658 1697 484 604
5701 4 2 1 7 1039 1073 1090 1519
5702 4 2 1 7 817 1495 853 1629
5703 4 2 1 7 548 546 545 1545
5704 4 2 1 7 335 975 304 319
5705 4 2 1 7 1031 1038 1037 1610
5706 4 2 1 7 315 307 260 1621
5707 4 2 1 7 341 1056 1075 1055
5708 4 2 1 7 308 702 744 704
5709 4 2 1 7 82 83 374 435
5710 4 2 1 7 680 724 725 1587
5711 4 2 1 7 480 677 624 507
5712 4 2 1 7 457 607 617 461
5713 4 2 1 7 709 703 317 1639
5714 4 2 1 7 1784 492 624 433
5715 4 2 1 7 1613 43 1094 1686
5716 4 2 1 7 502 1593 431 1599
5717 4 2 1 7 1537 1478 1619 1639
5718 4 2 1 7 913 912 916 1582
5719 4 2 1 7 739 1682 167 1559
5720 4 2 1 7 1476 1611 1582 1628
5721 4 2 1 7 206 1739 886 1653
5722 4 2 1 7 475 659 455 632
5723 4 2 1 7 303 315 260 1621
5724 4 2 1 7 391 367 369 1615
5725 4 2 1 7 457 607 461 473
5726 4 2 1 7 1046 1077 1068 1540
5727 4 2 1 7 907 905 906 1607
5728 4 2 1 7 428 468 79 1607
5729 4 2 1 7 211 1738 1774 1138
5730 4 2 1 7 1774 1138 1738 1495
5731 4 2 1 7 1739 1156 1142 518
5732 4 2 1 7 399 382 365 1617
5733 4 2 1 7 435 83 374 501
5734 4 2 1 7 550 546 548 1545
5735 4 2 1 7 679 666 472 620
5736 4 2 1 7 1575 1027 347 1026
5737 4 2 1 7 462 640 661 623
5738 4 2 1 7 842 793 864 1634
5739 4 2 1 7 1653 1708 569 1785
5740 4 2 1 7 554 295 296 1600
5741 4 2 1 7 184 1561 866 1636
5742 4 2 1 7 967 889 975 264
5743 4 2 1 7 72 1746 1692 498
5744 4 2 1 7 836 852 851 1552
5745 4 2 1 7 1765 1698 417 526
5746 4 2 1 7 892 1772 559 1749
5747 4 2 1 7 491 1697 1 27
5748 4 2 1 7 841 775 776 1584
5749 4 2 1 7 33 1573 32 1590
5750 4 2 1 7 849 797 779 1642
5751 4 2 1 7 689 1687 268 337
5752 4 2 1 7 62 1751 348 400
5753 4 2 1 7 264 25 1750 316
5754 4 2 1 7 874 799 800 1595
5755 4 2 1 7 50 3 1693 420
5756 4 2 1 7 408 53 343 1596
5757 4 2 1 7 111 1577 573 1699
5758 4 2 1 7 1148 522 41 1121
5759 4 2 1 7 833 827 830 1651
5760 4 2 1 7 271 1709 712 333
5761 4 2 1 7 463 1548 430 1623
5762 4 2 1 7 318 296 327 1600
5763 4 2 1 7 1042 1059 1051 1570
5764 4 2 1 7 2 37 336 1694
5765 4 2 1 7 912 987 916 1592
5766 4 2 1 7 943 1785 997 896
5767 4 2 1 7 1750 131 1673 645
5768 4 2 1 7 1525 1586 1456 1642
5769 4 2 1 7 795 814 861 1533
5770 4 2 1 7 275 277 276 956
5771 4 2 1 7 314 275 698 718
5772 4 2 1 7 472 646 460 503
5773 4 2 1 7 995 280 275 958
5774 4 2 1 7 305 687 257 1656
5775 4 2 1 7 953 958 281 959
5776 4 2 1 7 1095 1127 1128 1626
5777 4 2 1 7 1696 394 88 477
5778 4 2 1 7 384 58 57 537
5779 4 2 1 7 571 558 520 1569
5780 4 2 1 7 327 296 295 1600
5781 4 2 1 7 896 998 942 1653
5782 4 2 1 7 970 919 990 1567
5783 4 2 1 7 110 573 1519 1699
5784 4 2 1 7 940 921 987 1638
5785 4 2 1 7 1058 1019 392 346
5786 4 2 1 7 746 267 1710 1761
5787 4 2 1 7 321 1760 1718 689
5788 4 2 1 7 506 503 473 1649
5789 4 2 1 7 1006 918 983 1615
5790 4 2 1 7 105 1093 1147 597
5791 4 2 1 7 1008 1615 974 1565
5792 4 2 1 7 60 1698 4 597
5793 4 2 1 7 547 569 583 1583
5794 4 2 1 7 646 460 503 616
5795 4 2 1 7 397 371 366 1062
5796 4 2 1 7 1772 892 204 1749
5797 4 2 1 7 892 203 999 528
5798 4 2 1 7 565 574 944 994
5799 4 2 1 7 497 76 75 1524
5800 4 2 1 7 284 1559 286 1625
5801 4 2 1 7 1746 1713 5 685
5802 4 2 1 7 562 519 563 1626
5803 4 2 1 7 702 308 263 704
5804 4 2 1 7 1593 1635 1599 1514
5805 4 2 1 7 370 373 369 1565
5806 4 2 1 7 1660 1749 204 992
5807 4 2 1 7 1774 211 1138 1161
5808 4 2 1 7 342 381 386 570
5809 4 2 1 7 1749 1119 1151 559
5810 4 2 1 7 517 93 1711 535
5811 4 2 1 7 431 478 481 1593
5812 4 2 1 7 60 1698 597 526
5813 4 2 1 7 34 308 33 1631
5814 4 2 1 7 392 1018 1026 347
5815 4 2 1 7 156 157 1760 689
5816 4 2 1 7 1701 1724 1075 384
5817 4 2 1 7 839 1745 765 1591
5818 4 2 1 7 540 57 58 537
5819 4 2 1 7 110 1519 573 523
5820 4 2 1 7 855 820 880 1594
5821 4 2 1 7 1749 1119 559 518
5822 4 2 1 7 944 574 925 994
5823 4 2 1 7 776 777 778 1601
5824 4 2 1 7 156 689 1687 730
5825 4 2 1 7 1110 1133 1653 521
5826 4 2 1 7 999 528 203 202
5827 4 2 1 7 1077 1070 1699 1577
5828 4 2 1 7 1761 267 1710 525
5829 4 2 1 7 928 929 1003 529
5830 4 2 1 7 614 608 615 1649
5831 4 2 1 7 1718 1760 157 689
5832 4 2 1 7 809 807 1624 1507
5833 4 2 1 7 466 508 429 1604
5834 4 2 1 7 689 321 1760 337
5835 4 2 1 7 1602 1624 1517 1643
5836 4 2 1 7 989 894 167 1559
5837 4 2 1 7 319 270 335 448
5838 4 2 1 7 392 1018 347 413
5839 4 2 1 7 211 1738 1138 212
5840 4 2 1 7 258 298 303 1553
5841 4 2 1 7 1662 634 123 1560
5842 4 2 1 7 711 729 723 1542
5843 4 2 1 7 1130 1774 1138 1161
5844 4 2 1 7 1606 1692 1488 700
5845 4 2 1 7 742 726 1618 1619
5846 4 2 1 7 658 1697 604 1
5847 4 2 1 7 1537 1619 1618 1639
5848 4 2 1 7 1019 392 1026 1058
5849 4 2 1 7 119 673 1661 641
5850 4 2 1 7 776 767 777 1601
5851 4 2 1 7 1700 41 522 265
5852 4 2 1 7 1154 1091 1139 1603
5853 4 2 1 7 1582 1611 1496 1628
5854 4 2 1 7 623 613 454 622
5855 4 2 1 7 281 277 280 958
5856 4 2 1 7 653 667 458 603
5857 4 2 1 7 1049 198 358 1048
5858 4 2 1 7 374 378 385 501
5859 4 2 1 7 658 1697 1 491
5860 4 2 1 7 937 934 936 363
5861 4 2 1 7 877 154 13 1741
5862 4 2 1 7 1669 1741 154 877
5863 4 2 1 7 713 1716 274 272
5864 4 2 1 7 75 74 429 1563
5865 4 2 1 7 1730 650 427 670
5866 4 2 1 7 872 816 760 1603
5867 4 2 1 7 1755 747 732 113
5868 4 2 1 7 1092 1132 1133 1653
5869 4 2 1 7 801 865 867 1579
5870 4 2 1 7 1669 772 1497 1741
5871 4 2 1 7 862 1469 882 839
5872 4 2 1 7 952 279 956 955
5873 4 2 1 7 152 1683 722 1619
5874 4 2 1 7 889 961 977 1578
5875 4 2 1 7 385 378 1759 501
5876 4 2 1 7 1091 1123 1165 1603
5877 4 2 1 7 1772 1151 559 1749
5878 4 2 1 7 473 503 460 616
5879 4 2 1 7 1151 1772 204 1749
5880 4 2 1 7 1084 1054 395 394
5881 4 2 1 7 1168 1155 567 1109
5882 4 2 1 7 30 29 74 510
5883 4 2 1 7 493 454 613 622
5884 4 2 1 7 672 654 626 1541
5885 4 2 1 7 609 26 1705 674
5886 4 2 1 7 291 554 295 296
5887 4 2 1 7 1496 1638 921 1654
5888 4 2 1 7 613 454 661 623
5889 4 2 1 7 1500 1581 1557 1587
5890 4 2 1 7 380 500 432 379
5891 4 2 1 7 660 1670 128 1752
5892 4 2 1 7 911 915 909 1627
5893 4 2 1 7 31 260 32 1532
5894 4 2 1 7 472 666 679 646
5895 4 2 1 7 275 277 956 958
5896 4 2 1 7 1753 123 602 1560
5897 4 2 1 7 837 759 123 1560
5898 4 2 1 7 567 1168 515 1135
5899 4 2 1 7 947 1006 983 1615
5900 4 2 1 7 353 1043 401 1069
5901 4 2 1 7 333 1709 1773 444
5902 4 2 1 7 687 688 728 257
5903 4 2 1 7 680 725 735 1587
5904 4 2 1 7 305 687 728 257
5905 4 2 1 7 54 343 53 1596
5906 4 2 1 7 606 638 639 1571
5907 4 2 1 7 77 1471 78 1635
5908 4 2 1 7 208 1751 1167 1134
5909 4 2 1 7 463 430 497 1623
5910 4 2 1 7 1166 1129 1146 562
5911 4 2 1 7 999 524 528 202
5912 4 2 1 7 892 203 528 1772
5913 4 2 1 7 550 1638 1496 1654
5914 4 2 1 7 1749 1119 518 1142
5915 4 2 1 7 768 152 804 1619
5916 4 2 1 7 834 847 827 1651
5917 4 2 1 7 395 385 1084 394
5918 4 2 1 7 935 933 361 981
5919 4 2 1 7 1661 1734 1490 673
5920 4 2 1 7 1640 1643 1624 1458
5921 4 2 1 7 798 862 884 1641
5922 4 2 1 7 29 75 74 446
5923 4 2 1 7 94 576 301 535
5924 4 2 1 7 359 1049 358 357
5925 4 2 1 7 1112 1139 1111 1569
5926 4 2 1 7 1749 892 204 992
5927 4 2 1 7 448 478 450 1578
5928 4 2 1 7 1045 1070 1077 1577
5929 4 2 1 7 32 299 33 1590
5930 4 2 1 7 1657 900 494 965
5931 4 2 1 7 889 977 975 1578
5932 4 2 1 7 913 916 917 1582
5933 4 2 1 7 203 1772 204 1151
5934 4 2 1 7 533 560 290 598
5935 4 2 1 7 646 679 472 460
5936 4 2 1 7 493 472 666 620
5937 4 2 1 7 364 1062 398 397
5938 4 2 1 7 279 955 975 304
5939 4 2 1 7 632 475 46 476
5940 4 2 1 7 378 1014 1759 1013
5941 4 2 1 7 744 715 308 1631
5942 4 2 1 7 1123 1136 1114 1561
5943 4 2 1 7 1032 1062 398 1065
5944 4 2 1 7 152 683 1754 1619
5945 4 2 1 7 332 956 953 952
5946 4 2 1 7 29 75 446 258
5947 4 2 1 7 1755 673 113 649
5948 4 2 1 7 592 563 581 1564
5949 4 2 1 7 1771 733 92 1690
5950 4 2 1 7 623 651 622 1544
5951 4 2 1 7 927 991 968 1556
5952 4 2 1 7 892 1749 559 992
5953 4 2 1 7 709 1618 726 1639
5954 4 2 1 7 608 616 646 1649
5955 4 2 1 7 327 588 295 265
5956 4 2 1 7 450 453 644 459
5957 4 2 1 7 92 1771 517 93
5958 4 2 1 7 271 1709 333 444
5959 4 2 1 7 426 297 258 302
5960 4 2 1 7 697 721 706 306
5961 4 2 1 7 92 1771 93 752
5962 4 2 1 7 284 286 285 1625
5963 4 2 1 7 759 837 852 1560
5964 4 2 1 7 1098 61 1708 1163
5965 4 2 1 7 152 722 683 1619
5966 4 2 1 7 1131 1117 97 524
5967 4 2 1 7 594 1107 96 1140
5968 4 2 1 7 721 338 306 697
5969 4 2 1 7 916 920 917 1628
5970 4 2 1 7 639 638 640 1571
5971 4 2 1 7 607 45 1703 1688
5972 4 2 1 7 1013 1015 378 1014
5973 4 2 1 7 452 661 454 462
5974 4 2 1 7 1516 1589 1455 1632
5975 4 2 1 7 528 97 1117 524
5976 4 2 1 7 890 275 276 956
5977 4 2 1 7 347 53 52 1575
5978 4 2 1 7 274 273 275 698
5979 4 2 1 7 193 891 965 1681
5980 4 2 1 7 824 826 827 1585
5981 4 2 1 7 692 694 294 682
5982 4 2 1 7 1715 267 1761 525
5983 4 2 1 7 287 681 719 721
5984 4 2 1 7 35 1618 317 1639
5985 4 2 1 7 834 835 864 1557
5986 4 2 1 7 1068 1071 1020 1640
5987 4 2 1 7 1065 1049 1017 398
5988 4 2 1 7 768 804 867 1619
5989 4 2 1 7 359 948 933 895
5990 4 2 1 7 886 942 566 941
5991 4 2 1 7 342 540 570 541
5992 4 2 1 7 86 1730 427 1719
5993 4 2 1 7 277 275 280 958
5994 4 2 1 7 1098 569 103 1100
5995 4 2 1 7 938 1785 943 896
5996 4 2 1 7 693 262 715 1631
5997 4 2 1 7 952 956 279 332
5998 4 2 1 7 942 938 896 1583
5999 4 2 1 7 567 1155 1168 1135
6000 4 2 1 7 1085 1069 1061 1608
6001 4 2 1 7 21 1756 1773 333
6002 4 2 1 7 1761 1715 525 594
6003 4 2 1 7 475 46 659 632
6004 4 2 1 7 141 1721 140 1023
6005 4 2 1 7 1096 42 1700 1686
6006 4 2 1 7 866 874 766 1636
6007 4 2 1 7 506 474 425 1589
6008 4 2 1 7 86 1730 87 427
6009 4 2 1 7 442 901 136 893
6010 4 2 1 7 1654 551 1611 585
6011 4 2 1 7 1130 1774 1161 190
6012 4 2 1 7 1153 1124 182 1646
6013 4 2 1 7 1698 1147 1125 4
6014 4 2 1 7 933 416 935 361
6015 4 2 1 7 1082 1042 1051 1570
6016 4 2 1 7 1756 712 117 734
6017 4 2 1 7 718 719 313 681
6018 4 2 1 7 897 209 997 1766
6019 4 2 1 7 879 1774 180 1667
6020 4 2 1 7 546 550 566 1638
6021 4 2 1 7 534 91 582 1727
6022 4 2 1 7 758 118 1781 1722
6023 4 2 1 7 1763 582 1707 593
6024 4 2 1 7 920 922 917 1628
6025 4 2 1 7 64 410 1766 1725
6026 4 2 1 7 1749 1119 1142 1151
6027 4 2 1 7 783 781 843 1644
6028 4 2 1 7 945 946 935 1617
6029 4 2 1 7 161 328 322 707
6030 4 2 1 7 772 1757 1646 182
6031 4 2 1 7 532 574 551 925
6032 4 2 1 7 1744 889 132 1673
6033 4 2 1 7 1157 594 1140 1107
6034 4 2 1 7 524 1117 528 202
6035 4 2 1 7 921 1638 941 1654
6036 4 2 1 7 956 277 332 953
6037 4 2 1 7 1168 1122 515 1135
6038 4 2 1 7 6 1072 1777 1775
6039 4 2 1 7 842 865 801 1579
6040 4 2 1 7 1749 1142 204 1151
6041 4 2 1 7 262 691 693 715
6042 4 2 1 7 270 319 426 448
6043 4 2 1 7 809 808 807 1507
6044 4 2 1 7 646 666 615 1649
6045 4 2 1 7 1072 1775 6 1042
6046 4 2 1 7 602 123 634 1560
6047 4 2 1 7 23 326 1720 1729
6048 4 2 1 7 1754 1645 860 804
6049 4 2 1 7 84 85 494 1657
6050 4 2 1 7 475 632 443 476
6051 4 2 1 7 519 1146 1129 562
6052 4 2 1 7 776 778 798 1648
6053 4 2 1 7 525 1715 556 596
6054 4 2 1 7 36 317 35 1618
6055 4 2 1 7 1730 1696 87 477
6056 4 2 1 7 1156 518 1118 1142
6057 4 2 1 7 620 666 493 622
6058 4 2 1 7 385 1014 395 1084
6059 4 2 1 7 554 555 587 1600
6060 4 2 1 7 456 483 442 893
6061 4 2 1 7 551 565 585 1654
6062 4 2 1 7 688 257 687 1656
6063 4 2 1 7 519 1146 1101 1129
6064 4 2 1 7 489 483 456 972
6065 4 2 1 7 1107 97 1164 556
6066 4 2 1 7 586 569 547 1583
6067 4 2 1 7 1048 358 1049 357
6068 4 2 1 7 421 1023 1721 405
6069 4 2 1 7 394 1084 1054 1083
6070 4 2 1 7 524 1131 1117 202
6071 4 2 1 7 926 532 922 925
6072 4 2 1 7 1703 349 46 475
6073 4 2 1 7 581 542 592 1564
6074 4 2 1 7 41 522 556 1121
6075 4 2 1 7 575 927 993 928
6076 4 2 1 7 1168 515 101 567
6077 4 2 1 7 931 199 406 358
6078 4 2 1 7 1759 385 89 1014
6079 4 2 1 7 858 879 180 1667
6080 4 2 1 7 1147 595 1125 1137
6081 4 2 1 7 1706 418 4 557
6082 4 2 1 7 803 800 802 1645
6083 4 2 1 7 263 317 703 1639
6084 4 2 1 7 378 1015 413 1014
6085 4 2 1 7 1495 771 879 190
6086 4 2 1 7 835 863 883 1587
6087 4 2 1 7 1772 98 1151 1117
6088 4 2 1 7 1669 749 727 154
6089 4 2 1 7 1618 1619 726 1639
6090 4 2 1 7 787 790 786 1622
6091 4 2 1 7 1041 401 1043 1069
6092 4 2 1 7 182 772 181 1646
6093 4 2 1 7 649 114 1755 1691
6094 4 2 1 7 380 411 402 1632
6095 4 2 1 7 1741 155 13 1149
6096 4 2 1 7 1022 1019 1058 346
6097 4 2 1 7 1716 707 322 272
6098 4 2 1 7 650 1696 477 668
6099 4 2 1 7 99 1119 518 559
6100 4 2 1 7 920 1496 921 1654
6101 4 2 1 7 564 518 100 1156
6102 4 2 1 7 270 426 319 297
6103 4 2 1 7 956 890 275 958
6104 4 2 1 7 1147 595 1137 106
6105 4 2 1 7 450 449 609 611
6106 4 2 1 7 1093 105 557 597
6107 4 2 1 7 34 35 263 1639
6108 4 2 1 7 829 826 828 1598
6109 4 2 1 7 1079 1018 413 347
6110 4 2 1 7 1705 1673 1750 316
6111 4 2 1 7 742 683 726 1619
6112 4 2 1 7 290 291 289 598
6113 4 2 1 7 518 1119 1118 1142
6114 4 2 1 7 682 294 329 694
6115 4 2 1 7 994 944 565 941
6116 4 2 1 7 560 294 1711 517
6117 4 2 1 7 772 1757 182 873
6118 4 2 1 7 467 428 903 483
6119 4 2 1 7 450 643 644 621
6120 4 2 1 7 1027 1018 347 1026
6121 4 2 1 7 297 446 426 258
6122 4 2 1 7 1701 109 536 523
6123 4 2 1 7 540 58 57 342
6124 4 2 1 7 353 1023 405 409
6125 4 2 1 7 518 565 574 944
6126 4 2 1 7 1098 1110 569 1100
6127 4 2 1 7 516 569 103 1098
6128 4 2 1 7 111 1577 1699 1070
6129 4 2 1 7 1098 516 1093 1099
6130 4 2 1 7 496 430 463 1548
6131 4 2 1 7 662 442 136 135
6132 4 2 1 7 1685 1023 140 1721
6133 4 2 1 7 1758 1752 1515 660
6134 4 2 1 7 201 524 1707 1002
6135 4 2 1 7 661 479 640 462
6136 4 2 1 7 1685 1023 1721 421
6137 4 2 1 7 933 416 361 360
6138 4 2 1 7 1685 1023 1061 140
6139 4 2 1 7 372 66 417 1702
6140 4 2 1 7 1772 98 1117 528
6141 4 2 1 7 962 954 977 1593
6142 4 2 1 7 1696 1083 88 394
6143 4 2 1 7 821 844 856 1602
6144 4 2 1 7 1680 747 145 701
6145 4 2 1 7 1788 351 1696 477
6146 4 2 1 7 1669 749 154 1741
6147 4 2 1 7 330 522 556 41
6148 4 2 1 7 515 101 1122 1168
6149 4 2 1 7 1007 946 945 1617
6150 4 2 1 7 350 1066 1024 384
6151 4 2 1 7 772 1757 873 803
6152 4 2 1 7 1785 1708 400 1751
6153 4 2 1 7 350 1066 384 357
6154 4 2 1 7 1156 1118 518 100
6155 4 2 1 7 734 1712 116 1756
6156 4 2 1 7 949 915 911 1627
6157 4 2 1 7 574 532 926 925
6158 4 2 1 7 1758 139 660 656
6159 4 2 1 7 1054 395 1014 1084
6160 4 2 1 7 1147 595 106 597
6161 4 2 1 7 726 735 704 1639
6162 4 2 1 7 973 903 489 972
6163 4 2 1 7 1032 341 1030 1055
6164 4 2 1 7 709 750 317 708
6165 4 2 1 7 698 720 314 718
6166 4 2 1 7 1015 390 1059 378
6167 4 2 1 7 406 358 1048 356
6168 4 2 1 7 733 706 739 1559
6169 4 2 1 7 479 677 480 507
6170 4 2 1 7 565 550 585 1654
6171 4 2 1 7 262 308 715 1631
6172 4 2 1 7 602 634 676 1560
6173 4 2 1 7 718 313 314 280
6174 4 2 1 7 650 1696 668 143
6175 4 2 1 7 785 789 823 1605
6176 4 2 1 7 285 283 284 1625
6177 4 2 1 7 426 446 75 258
6178 4 2 1 7 582 1707 593 96
6179 4 2 1 7 34 324 35 1588
6180 4 2 1 7 1108 1124 1116 1646
6181 4 2 1 7 582 1707 96 524
6182 4 2 1 7 335 304 975 264
6183 4 2 1 7 809 807 854 1624
6184 4 2 1 7 268 317 36 1618
6185 4 2 1 7 52 402 51 1650
6186 4 2 1 7 212 1057 1076 1738
6187 4 2 1 7 569 521 102 1110
6188 4 2 1 7 813 816 812 1616
6189 4 2 1 7 262 338 691 715
6190 4 2 1 7 1775 501 378 83
6191 4 2 1 7 431 468 1599 1635
6192 4 2 1 7 630 455 669 442
6193 4 2 1 7 418 400 354 516
6194 4 2 1 7 660 1670 1752 1515
6195 4 2 1 7 703 704 263 1639
6196 4 2 1 7 754 725 724 1581
6197 4 2 1 7 709 726 703 1639
6198 4 2 1 7 518 1119 99 1118
6199 4 2 1 7 698 274 163 275
6200 4 2 1 7 667 505 603 644
6201 4 2 1 7 468 502 431 1599
6202 4 2 1 7 1107 97 556 596
6203 4 2 1 7 1079 1018 347 1027
6204 4 2 1 7 1788 377 477 1717
6205 4 2 1 7 890 995 275 958
6206 4 2 1 7 1730 1696 143 87
6207 4 2 1 7 682 329 294 301
6208 4 2 1 7 1139 1091 1165 1603
6209 4 2 1 7 557 1706 418 516
6210 4 2 1 7 557 60 4 597
6211 4 2 1 7 79 80 428 1607
6212 4 2 1 7 613 620 493 622
6213 4 2 1 7 1771 692 93 752
6214 4 2 1 7 661 452 479 462
6215 4 2 1 7 418 60 4 557
6216 4 2 1 7 697 692 694 294
6217 4 2 1 7 944 574 518 992
6218 4 2 1 7 1707 1131 201 1162
6219 4 2 1 7 933 416 360 934
6220 4 2 1 7 305 257 31 1656
6221 4 2 1 7 798 841 776 1641
6222 4 2 1 7 628 441 136 442
6223 4 2 1 7 529 599 534 1003
6224 4 2 1 7 1789 1707 593 1763
6225 4 2 1 7 394 409 351 1083
6226 4 2 1 7 530 574 532 926
6227 4 2 1 7 1657 494 84 1726
6228 4 2 1 7 750 268 317 708
6229 4 2 1 7 979 976 957 278
6230 4 2 1 7 1762 749 155 730
6231 4 2 1 7 1064 412 356 355
6232 4 2 1 7 721 338 697 716
6233 4 2 1 7 854 821 809 1624
6234 4 2 1 7 484 612 657 658
6235 4 2 1 7 1680 747 701 1490
6236 4 2 1 7 914 987 912 1592
6237 4 2 1 7 1668 1080 1052 171
6238 4 2 1 7 1059 1013 1015 378
6239 4 2 1 7 112 589 1704 1677
6240 4 2 1 7 199 1029 406 1048
6241 4 2 1 7 1685 1721 140 49
6242 4 2 1 7 567 102 1168 1109
6243 4 2 1 7 939 941 921 1638
6244 4 2 1 7 785 787 786 1622
6245 4 2 1 7 574 559 518 992
6246 4 2 1 7 1048 1029 406 356
6247 4 2 1 7 1715 293 267 525
6248 4 2 1 7 1756 1712 116 636
6249 4 2 1 7 1681 1775 1570 83
6250 4 2 1 7 384 350 536 1724
6251 4 2 1 7 659 617 455 632
6252 4 2 1 7 1110 521 102 1144
6253 4 2 1 7 709 742 726 1618
6254 4 2 1 7 1118 1105 1106 568
6255 4 2 1 7 450 644 655 621
6256 4 2 1 7 710 266 272 273
6257 4 2 1 7 689 1687 337 1760
6258 4 2 1 7 478 431 502 1593
6259 4 2 1 7 1113 562 106 589
6260 4 2 1 7 1105 1106 568 1096
6261 4 2 1 7 1014 413 378 385
6262 4 2 1 7 685 687 686 1656
6263 4 2 1 7 403 381 354 583
6264 4 2 1 7 171 774 1668 875
6265 4 2 1 7 438 988 1010 924
6266 4 2 1 7 694 331 697 294
6267 4 2 1 7 609 450 611 621
6268 4 2 1 7 144 143 1730 650
6269 4 2 1 7 274 713 273 698
6270 4 2 1 7 1761 1710 95 525
6271 4 2 1 7 693 715 744 1631
6272 4 2 1 7 444 1712 1709 636
6273 4 2 1 7 1783 1719 86 495
6274 4 2 1 7 963 964 891 1570
6275 4 2 1 7 1069 353 1043 1023
6276 4 2 1 7 630 456 455 442
6277 4 2 1 7 1128 1127 1129 1626
6278 4 2 1 7 414 46 475 476
6279 4 2 1 7 1092 1156 564 1133
6280 4 2 1 7 575 927 928 531
6281 4 2 1 7 618 443 486 675
6282 4 2 1 7 1107 1121 556 1164
6283 4 2 1 7 379 432 380 375
6284 4 2 1 7 817 810 812 1629
6285 4 2 1 7 931 895 198 358
6286 4 2 1 7 882 798 846 1648
6287 4 2 1 7 1150 1099 103 1102
6288 4 2 1 7 136 628 442 662
6289 4 2 1 7 1707 1131 1162 96
6290 4 2 1 7 648 116 115 1712
6291 4 2 1 7 1086 1702 215 1067
6292 4 2 1 7 1147 1093 105 1101
6293 4 2 1 7 372 1765 1040 1702
6294 4 2 1 7 1022 1019 346 422
6295 4 2 1 7 1093 105 104 557
6296 4 2 1 7 345 1714 406 984
6297 4 2 1 7 980 932 931 362
6298 4 2 1 7 843 836 825 1612
6299 4 2 1 7 263 35 317 1639
6300 4 2 1 7 555 548 553 1609
6301 4 2 1 7 152 1754 804 1619
6302 4 2 1 7 810 817 853 1629
6303 4 2 1 7 56 55 389 1610
6304 4 2 1 7 355 1765 417 526
6305 4 2 1 7 1001 1783 1770 495
6306 4 2 1 7 413 392 1019 415
6307 4 2 1 7 604 484 610 449
6308 4 2 1 7 102 569 1110 1100
6309 4 2 1 7 933 360 359 895
6310 4 2 1 7 415 346 1019 422
6311 4 2 1 7 135 134 653 1658
6312 4 2 1 7 58 350 536 384
6313 4 2 1 7 472 679 620 453
6314 4 2 1 7 1121 98 556 1164
6315 4 2 1 7 346 1019 392 415
6316 4 2 1 7 1713 509 67 300
6317 4 2 1 7 372 1765 1702 417
6318 4 2 1 7 331 306 697 294
6319 4 2 1 7 1678 1692 1488 437
6320 4 2 1 7 804 152 153 1754
6321 4 2 1 7 757 257 755 314
6322 4 2 1 7 417 1776 66 1698
6323 4 2 1 7 1659 196 948 197
6324 4 2 1 7 121 120 1731 606
6325 4 2 1 7 1009 894 989 1559
6326 4 2 1 7 314 720 313 718
6327 4 2 1 7 1057 112 1704 1677
6328 4 2 1 7 636 445 1712 648
6329 4 2 1 7 421 1721 49 405
6330 4 2 1 7 390 1021 415 1015
6331 4 2 1 7 351 1083 1696 394
6332 4 2 1 7 707 328 322 272
6333 4 2 1 7 310 1710 267 525
6334 4 2 1 7 431 78 468 1635
6335 4 2 1 7 960 990 991 1625
6336 4 2 1 7 98 97 556 1164
6337 4 2 1 7 353 401 51 1608
6338 4 2 1 7 113 114 1755 649
6339 4 2 1 7 702 263 703 704
6340 4 2 1 7 669 630 442 662
6341 4 2 1 7 962 923 969 1599
6342 4 2 1 7 1087 412 1067 372
6343 4 2 1 7 60 1698 526 417
6344 4 2 1 7 1747 656 3 1685
6345 4 2 1 7 500 411 349 379
6346 4 2 1 7 734 1712 1756 1709
6347 4 2 1 7 713 274 163 698
6348 4 2 1 7 1760 321 38 337
6349 4 2 1 7 500 349 461 475
6350 4 2 1 7 1759 89 385 501
6351 4 2 1 7 1015 415 390 378
6352 4 2 1 7 843 789 783 1644
6353 4 2 1 7 359 198 197 895
6354 4 2 1 7 1054 409 394 1083
6355 4 2 1 7 1657 494 1726 965
6356 4 2 1 7 412 1087 345 372
6357 4 2 1 7 428 903 483 489
6358 4 2 1 7 1032 341 389 1030
6359 4 2 1 7 1698 1147 4 597
6360 4 2 1 7 85 1770 1783 495
6361 4 2 1 7 1023 353 1043 409
6362 4 2 1 7 132 133 1744 643
6363 4 2 1 7 994 921 941 1654
6364 4 2 1 7 341 1701 384 57
6365 4 2 1 7 1021 390 1059 1015
6366 4 2 1 7 552 585 591 1611
6367 4 2 1 7 320 336 269 1613
6368 4 2 1 7 126 127 635 1737
6369 4 2 1 7 454 661 452 613
6370 4 2 1 7 413 395 1079 347
6371 4 2 1 7 1662 124 123 634
6372 4 2 1 7 1102 578 1150 1112
6373 4 2 1 7 1133 521 1110 1144
6374 4 2 1 7 578 1150 103 1102
6375 4 2 1 7 102 567 520 1109
6376 4 2 1 7 1160 1115 1152 1636
6377 4 2 1 7 1661 120 119 641
6378 4 2 1 7 359 1049 357 398
6379 4 2 1 7 1056 384 1075 1024
6380 4 2 1 7 744 715 702 308
6381 4 2 1 7 1730 650 477 427
6382 4 2 1 7 1701 1724 536 109
6383 4 2 1 7 516 104 1093 1099
6384 4 2 1 7 807 808 806 1507
6385 4 2 1 7 903 483 489 972
6386 4 2 1 7 85 86 495 1783
6387 4 2 1 7 726 683 722 1619
6388 4 2 1 7 839 765 862 1591
6389 4 2 1 7 982 910 908 1597
6390 4 2 1 7 1762 749 730 1497
6391 4 2 1 7 650 1696 143 1730
6392 4 2 1 7 178 177 769 1666
6393 4 2 1 7 104 105 1093 1101
6394 4 2 1 7 574 926 1000 925
6395 4 2 1 7 1106 522 1148 1121
6396 4 2 1 7 741 1768 1722 288
6397 4 2 1 7 104 1093 557 516
6398 4 2 1 7 103 104 1099 1150
6399 4 2 1 7 1768 333 712 1756
6400 4 2 1 7 650 618 668 477
6401 4 2 1 7 345 406 1714 412
6402 4 2 1 7 559 574 1000 992
6403 4 2 1 7 450 655 644 453
6404 4 2 1 7 1146 1166 562 1113
6405 4 2 1 7 632 455 475 443
6406 4 2 1 7 373 374 375 485
6407 4 2 1 7 276 332 279 956
6408 4 2 1 7 984 200 345 1714
6409 4 2 1 7 1719 1783 1001 495
6410 4 2 1 7 1113 106 1146 1137
6411 4 2 1 7 1024 1056 384 1066
6412 4 2 1 7 1709 1712 1756 636
6413 4 2 1 7 1105 1118 100 568
6414 4 2 1 7 691 305 338 262
6415 4 2 1 7 72 1692 1678 437
6416 4 2 1 7 442 630 456 662
6417 4 2 1 7 715 262 331 308
6418 4 2 1 7 185 186 760 1663
6419 4 2 1 7 816 813 815 1616
6420 4 2 1 7 933 360 361 359
6421 4 2 1 7 728 305 313 287
6422 4 2 1 7 1043 401 1041 1027
6423 4 2 1 7 650 1696 1730 477
6424 4 2 1 7 317 263 703 311
6425 4 2 1 7 199 931 198 358
6426 4 2 1 7 921 940 939 1638
6427 4 2 1 7 714 14 1707 1763
6428 4 2 1 7 938 936 943 388
6429 4 2 1 7 1152 1115 1136 1636
6430 4 2 1 7 431 77 78 1635
6431 4 2 1 7 1106 1158 98 1121
6432 4 2 1 7 44 1541 619 1693
6433 4 2 1 7 445 484 657 658
6434 4 2 1 7 691 687 728 305
6435 4 2 1 7 394 351 377 477
6436 4 2 1 7 688 687 685 1656
6437 4 2 1 7 328 271 696 712
6438 4 2 1 7 3 50 1693 1747
6439 4 2 1 7 163 1716 274 713
6440 4 2 1 7 1102 1109 520 1111
6441 4 2 1 7 986 524 1003 898
6442 4 2 1 7 594 1761 95 525
6443 4 2 1 7 530 574 926 1000
6444 4 2 1 7 618 632 46 476
6445 4 2 1 7 561 295 588 265
6446 4 2 1 7 70 492 1784 433
6447 4 2 1 7 330 522 41 265
6448 4 2 1 7 416 360 934 363
6449 4 2 1 7 6 1759 1013 1775
6450 4 2 1 7 1053 405 1023 409
6451 4 2 1 7 582 1707 524 1002
6452 4 2 1 7 1086 214 1776 1764
6453 4 2 1 7 161 328 707 758
6454 4 2 1 7 637 121 122 1665
6455 4 2 1 7 446 297 29 258
6456 4 2 1 7 1106 99 1118 568
6457 4 2 1 7 449 450 451 611
6458 4 2 1 7 138 137 642 487
6459 4 2 1 7 101 102 1168 567
6460 4 2 1 7 629 456 630 653
6461 4 2 1 7 1033 1021 390 1059
6462 4 2 1 7 372 1765 417 355
6463 4 2 1 7 771 1495 189 190
6464 4 2 1 7 123 122 1753 602
6465 4 2 1 7 1064 350 108 355
6466 4 2 1 7 434 83 494 965
6467 4 2 1 7 1079 401 1027 347
6468 4 2 1 7 275 273 314 698
6469 4 2 1 7 1771 706 692 752
6470 4 2 1 7 580 1790 91 534
6471 4 2 1 7 564 521 566 1653
6472 4 2 1 7 355 1064 412 1040
6473 4 2 1 7 642 675 486 441
6474 4 2 1 7 342 540 381 570
6475 4 2 1 7 702 715 331 308
6476 4 2 1 7 679 646 633 460
6477 4 2 1 7 675 443 486 441
6478 4 2 1 7 1740 176 177 822
6479 4 2 1 7 675 642 628 441
6480 4 2 1 7 328 271 272 696
6481 4 2 1 7 580 1790 534 930
6482 4 2 1 7 355 350 108 572
6483 4 2 1 7 1716 707 272 713
6484 4 2 1 7 895 360 359 358
6485 4 2 1 7 681 165 166 1682
6486 4 2 1 7 711 148 147 1676
6487 4 2 1 7 92 91 580 1748
6488 4 2 1 7 628 642 137 441
6489 4 2 1 7 1003 599 930 928
6490 4 2 1 7 703 726 704 1639
6491 4 2 1 7 548 545 553 1609
6492 4 2 1 7 797 849 852 1642
6493 4 2 1 7 440 901 442 893
6494 4 2 1 7 1066 1056 384 398
6495 4 2 1 7 657 479 612 484
6496 4 2 1 7 101 564 1156 1133
6497 4 2 1 7 1117 1158 98 1151
6498 4 2 1 7 1098 103 516 1099
6499 4 2 1 7 1033 390 1021 371
6500 4 2 1 7 267 705 310 325
6501 4 2 1 7 1041 1069 1085 1608
6502 4 2 1 7 415 1019 413 1015
6503 4 2 1 7 1113 106 1137 1723
6504 4 2 1 7 479 657 677 507
6505 4 2 1 7 125 124 1742 647
6506 4 2 1 7 257 755 688 757
6507 4 2 1 7 180 179 858 1667
6508 4 2 1 7 932 934 360 363
6509 4 2 1 7 1019 1022 1021 422
6510 4 2 1 7 494 83 6 1777
6511 4 2 1 7 721 338 716 287
6512 4 2 1 7 1714 1087 1029 200
6513 4 2 1 7 581 563 519 1626
6514 4 2 1 7 1029 412 406 356
6515 4 2 1 7 101 564 1133 521
6516 4 2 1 7 1013 89 1014 1759
6517 4 2 1 7 588 554 587 1600
6518 4 2 1 7 1079 401 347 395
6519 4 2 1 7 483 903 893 972
6520 4 2 1 7 1056 398 1032 341
6521 4 2 1 7 519 1146 562 105
6522 4 2 1 7 304 967 976 975
6523 4 2 1 7 1718 38 157 1760
6524 4 2 1 7 750 742 709 1618
6525 4 2 1 7 313 719 728 287
6526 4 2 1 7 518 99 100 1118
6527 4 2 1 7 103 104 1150 578
6528 4 2 1 7 200 984 199 1714
6529 4 2 1 7 897 1725 1004 210
6530 4 2 1 7 156 157 38 1760
6531 4 2 1 7 522 1106 98 1121
6532 4 2 1 7 125 126 663 1674
6533 4 2 1 7 443 675 628 441
6534 4 2 1 7 655 611 450 621
6535 4 2 1 7 736 301 310 311
6536 4 2 1 7 479 612 452 661
6537 4 2 1 7 140 139 1758 656
6538 4 2 1 7 492 1691 70 1784
6539 4 2 1 7 133 134 1658 603
6540 4 2 1 7 520 103 102 1109
6541 4 2 1 7 456 629 458 653
6542 4 2 1 7 1776 66 215 1702
6543 4 2 1 7 561 588 522 265
6544 4 2 1 7 618 443 675 632
6545 4 2 1 7 1714 984 199 406
6546 4 2 1 7 702 263 695 703
6547 4 2 1 7 519 1146 105 1101
6548 4 2 1 7 569 102 103 1100
6549 4 2 1 7 398 1065 1056 1032
6550 4 2 1 7 493 472 620 453
6551 4 2 1 7 609 604 610 449
6552 4 2 1 7 397 1028 1032 389
6553 4 2 1 7 112 589 527 1704
6554 4 2 1 7 1049 1066 357 398
6555 4 2 1 7 702 263 329 695
6556 4 2 1 7 486 618 650 477
6557 4 2 1 7 1771 92 733 752
6558 4 2 1 7 762 175 1664 176
6559 4 2 1 7 353 1023 421 405
6560 4 2 1 7 1018 413 1019 1015
6561 4 2 1 7 930 1690 580 1748
6562 4 2 1 7 629 667 460 458
6563 4 2 1 7 422 1021 390 371
6564 4 2 1 7 556 522 98 1121
6565 4 2 1 7 1714 1087 200 345
6566 4 2 1 7 705 736 310 325
6567 4 2 1 7 409 1053 351 1083
6568 4 2 1 7 770 188 1675 187
6569 4 2 1 7 1066 1049 1065 398
6570 4 2 1 7 374 385 435 501
6571 4 2 1 7 1038 1068 1039 1640
6572 4 2 1 7 1105 515 1122 1135
6573 4 2 1 7 447 334 270 449
6574 4 2 1 7 457 473 460 616
6575 4 2 1 7 899 1729 1005 129
6576 4 2 1 7 311 703 317 708
6577 4 2 1 7 477 650 486 427
6578 4 2 1 7 505 460 667 458
6579 4 2 1 7 932 360 895 358
6580 4 2 1 7 805 1735 179 178
6581 4 2 1 7 695 301 311 329
6582 4 2 1 7 930 168 1690 1748
6583 4 2 1 7 433 624 648 507
6584 4 2 1 7 703 709 317 708
6585 4 2 1 7 414 46 349 475
6586 4 2 1 7 744 748 693 1631
6587 4 2 1 7 129 130 1720 23
6588 4 2 1 7 6 1759 1775 501
6589 4 2 1 7 575 930 928 993
6590 4 2 1 7 99 100 1118 568
6591 4 2 1 7 1754 152 153 683
6592 4 2 1 7 427 1719 670 487
6593 4 2 1 7 300 755 257 314
6594 4 2 1 7 1028 1032 389 1030
6595 4 2 1 7 1002 201 524 898
6596 4 2 1 7 701 146 145 1680
6597 4 2 1 7 1109 520 103 1102
6598 4 2 1 7 932 980 936 362
6599 4 2 1 7 955 957 976 278
6600 4 2 1 7 287 719 728 716
6601 4 2 1 7 944 1000 574 992
6602 4 2 1 7 158 1761 159 1157
6603 4 2 1 7 357 1066 384 398
6604 4 2 1 7 757 728 257 313
6605 4 2 1 7 33 308 262 1631
6606 4 2 1 7 888 1679 195 196
6607 4 2 1 7 1717 46 377 476
6608 4 2 1 7 341 1032 1056 1055
6609 4 2 1 7 94 301 576 310
6610 4 2 1 7 195 194 1679 963
6611 4 2 1 7 261 758 22 288
6612 4 2 1 7 1728 1707 1782 1162
6613 4 2 1 7 1101 1150 519 1129
6614 4 2 1 7 710 272 713 273
6615 4 2 1 7 715 331 756 702
6616 4 2 1 7 172 774 1668 171
6617 4 2 1 7 451 493 620 453
6618 4 2 1 7 778 846 798 1648
6619 4 2 1 7 1707 1782 1789 593
6620 4 2 1 7 7 1782 593 1789
6621 4 2 1 7 934 932 936 363
6622 4 2 1 7 511 68 271 444
6623 4 2 1 7 338 716 691 715
6624 4 2 1 7 729 700 684 1606
6625 4 2 1 7 612 479 640 661
6626 4 2 1 7 612 484 610 604
6627 4 2 1 7 960 991 1009 1625
6628 4 2 1 7 904 903 902 467
6629 4 2 1 7 65 345 1779 372
6630 4 2 1 7 1121 556 41 1107
6631 4 2 1 7 1728 1707 1162 96
6632 4 2 1 7 624 657 648 507
6633 4 2 1 7 696 266 272 710
6634 4 2 1 7 271 1709 444 68
6635 4 2 1 7 886 206 205 1739
6636 4 2 1 7 445 1712 69 444
6637 4 2 1 7 931 932 895 358
6638 4 2 1 7 1079 401 395 1043
6639 4 2 1 7 696 707 328 712
6640 4 2 1 7 60 1698 417 4
6641 4 2 1 7 628 669 443 442
6642 4 2 1 7 741 1768 288 712
6643 4 2 1 7 728 305 287 716
6644 4 2 1 7 615 608 646 1649
6645 4 2 1 7 1678 71 72 437
6646 4 2 1 7 838 1745 175 174
6647 4 2 1 7 411 352 402 1632
6648 4 2 1 7 441 628 443 442
6649 4 2 1 7 1723 589 106 8
6650 4 2 1 7 645 132 131 1673
6651 4 2 1 7 201 524 898 202
6652 4 2 1 7 449 610 609 611
6653 4 2 1 7 272 707 328 696
6654 4 2 1 7 1029 412 356 1064
6655 4 2 1 7 360 933 932 895
6656 4 2 1 7 1040 1067 412 372
6657 4 2 1 7 1029 412 1064 1040
6658 4 2 1 7 211 1738 212 1076
6659 4 2 1 7 705 267 746 731
6660 4 2 1 7 267 751 731 705
6661 4 2 1 7 271 1709 68 712
6662 4 2 1 7 412 1029 1087 1067
6663 4 2 1 7 205 1660 204 992
6664 4 2 1 7 1079 401 1043 1027
6665 4 2 1 7 536 350 108 1724
6666 4 2 1 7 1728 593 7 1782
6667 4 2 1 7 130 131 1778 678
6668 4 2 1 7 1781 758 22 1729
6669 4 2 1 7 301 310 94 736
6670 4 2 1 7 161 328 758 261
6671 4 2 1 7 96 1107 97 1131
6672 4 2 1 7 415 1019 1021 422
6673 4 2 1 7 413 1018 1079 1014
6674 4 2 1 7 958 277 956 953
6675 4 2 1 7 118 22 1781 1722
6676 4 2 1 7 613 454 493 451
6677 4 2 1 7 356 350 1064 355
6678 4 2 1 7 141 49 140 1721
6679 4 2 1 7 504 394 488 376
6680 4 2 1 7 274 996 163 890
6681 4 2 1 7 743 755 300 314
6682 4 2 1 7 174 765 1671 173
6683 4 2 1 7 486 487 642 441
6684 4 2 1 7 273 743 314 698
6685 4 2 1 7 341 397 1032 389
6686 4 2 1 7 1023 1043 1053 409
6687 4 2 1 7 456 630 653 662
6688 4 2 1 7 263 695 703 311
6689 4 2 1 7 275 276 274 890
6690 4 2 1 7 441 137 628 136
6691 4 2 1 7 644 453 505 459
6692 4 2 1 7 453 505 633 644
6693 4 2 1 7 750 268 708 689
6694 4 2 1 7 758 118 10 1781
6695 4 2 1 7 484 452 610 449
6696 4 2 1 7 87 1730 477 427
6697 4 2 1 7 1771 286 294 306
6698 4 2 1 7 1702 1040 372 1067
6699 4 2 1 7 215 216 1702 1159
6700 4 2 1 7 572 350 108 536
6701 4 2 1 7 1071 1068 1038 1640
6702 4 2 1 7 427 1719 487 495
6703 4 2 1 7 942 998 886 1653
6704 4 2 1 7 46 414 377 476
6705 4 2 1 7 985 966 439 900
6706 4 2 1 7 1698 1147 597 595
6707 4 2 1 7 657 479 484 445
6708 4 2 1 7 487 138 670 642
6709 4 2 1 7 476 618 486 477
6710 4 2 1 7 1100 1110 102 1144
6711 4 2 1 7 460 457 616 629
6712 4 2 1 7 1722 117 118 671
6713 4 2 1 7 88 87 1696 477
6714 4 2 1 7 456 455 457 630
6715 4 2 1 7 1028 422 1022 389
6716 4 2 1 7 263 308 702 329
6717 4 2 1 7 163 164 698 275
6718 4 2 1 7 934 933 932 360
6719 4 2 1 7 209 210 64 1766
6720 4 2 1 7 1100 102 103 1109
6721 4 2 1 7 433 1712 69 445
6722 4 2 1 7 694 756 331 702
6723 4 2 1 7 556 293 41 1715
6724 4 2 1 7 746 1787 158 731
6725 4 2 1 7 1040 412 355 372
6726 4 2 1 7 475 500 349 379
6727 4 2 1 7 1101 1150 104 519
6728 4 2 1 7 721 338 287 306
6729 4 2 1 7 329 682 694 695
6730 4 2 1 7 710 738 300 755
6731 4 2 1 7 267 751 321 731
6732 4 2 1 7 1670 128 127 664
6733 4 2 1 7 617 457 461 455
6734 4 2 1 7 94 301 736 682
6735 4 2 1 7 688 728 257 757
6736 4 2 1 7 594 96 1107 596
6737 4 2 1 7 271 328 288 712
6738 4 2 1 7 488 504 376 435
6739 4 2 1 7 401 1043 353 409
6740 4 2 1 7 173 840 1732 172
6741 4 2 1 7 1116 1124 1153 1646
6742 4 2 1 7 467 903 902 483
6743 4 2 1 7 398 1056 384 341
6744 4 2 1 7 442 628 669 662
6745 4 2 1 7 1701 1724 384 536
6746 4 2 1 7 1747 656 627 3
6747 4 2 1 7 1689 149 150 724
6748 4 2 1 7 100 515 1105 568
6749 4 2 1 7 371 422 1021 1028
6750 4 2 1 7 515 1122 100 1105
6751 4 2 1 7 325 708 268 689
6752 4 2 1 7 756 331 697 694
6753 4 2 1 7 976 899 967 309
6754 4 2 1 7 1106 98 99 522
6755 4 2 1 7 182 1757 183 873
6756 4 2 1 7 695 301 329 682
6757 4 2 1 7 630 457 456 629
6758 4 2 1 7 577 418 516 557
6759 4 2 1 7 22 23 1729 261
6760 4 2 1 7 736 705 751 325
6761 4 2 1 7 1721 1023 141 1053
6762 4 2 1 7 525 556 1715 293
6763 4 2 1 7 64 65 345 1725
6764 4 2 1 7 210 1725 16 1141
6765 4 2 1 7 892 559 1000 992
6766 4 2 1 7 1721 141 48 1767
6767 4 2 1 7 728 305 257 313
6768 4 2 1 7 385 488 394 376
6769 4 2 1 7 695 301 682 736
6770 4 2 1 7 422 346 1022 389
6771 4 2 1 7 943 1785 419 348
6772 4 2 1 7 108 355 572 526
6773 4 2 1 7 646 633 460 616
6774 4 2 1 7 161 328 261 322
6775 4 2 1 7 578 103 520 1102
6776 4 2 1 7 1062 371 1033 1028
6777 4 2 1 7 901 441 137 985
6778 4 2 1 7 504 394 377 477
6779 4 2 1 7 193 1726 84 1072
6780 4 2 1 7 1764 214 1125 1137
6781 4 2 1 7 588 554 295 561
6782 4 2 1 7 271 288 333 712
6783 4 2 1 7 358 1048 356 357
6784 4 2 1 7 331 338 262 715
6785 4 2 1 7 1761 159 1157 1786
6786 4 2 1 7 702 331 694 329
6787 4 2 1 7 564 100 101 1156
6788 4 2 1 7 10 1729 758 1781
6789 4 2 1 7 94 576 525 310
6790 4 2 1 7 1669 153 154 727
6791 4 2 1 7 629 457 456 458
6792 4 2 1 7 833 834 827 1651
6793 4 2 1 7 669 455 443 442
6794 4 2 1 7 300 710 755 743
6795 4 2 1 7 723 149 148 1736
6796 4 2 1 7 1018 413 1015 1014
6797 4 2 1 7 884 841 798 1641
6798 4 2 1 7 1146 105 106 562
6799 4 2 1 7 1022 1021 422 1028
6800 4 2 1 7 476 377 1717 477
6801 4 2 1 7 740 1784 114 115
6802 4 2 1 7 442 483 440 893
6803 4 2 1 7 1779 1067 1702 372
6804 4 2 1 7 1137 1147 106 1146
6805 4 2 1 7 1716 163 162 713
6806 4 2 1 7 214 1776 215 1086
6807 4 2 1 7 802 878 803 1645
6808 4 2 1 7 996 274 322 278
6809 4 2 1 7 162 161 322 707
6810 4 2 1 7 485 82 374 435
6811 4 2 1 7 413 1079 395 1014
6812 4 2 1 7 660 128 11 1752
6813 4 2 1 7 389 1022 1028 1030
6814 4 2 1 7 271 436 68 511
6815 4 2 1 7 1725 65 345 1779
6816 4 2 1 7 657 624 677 507
6817 4 2 1 7 1147 105 106 1146
6818 4 2 1 7 371 1021 1033 1028
6819 4 2 1 7 31 257 30 1656
6820 4 2 1 7 108 1064 355 1040
6821 4 2 1 7 412 1029 1067 1040
6822 4 2 1 7 433 492 624 507
6823 4 2 1 7 453 620 451 655
6824 4 2 1 7 575 928 930 599
6825 4 2 1 7 385 488 376 435
6826 4 2 1 7 440 901 441 442
6827 4 2 1 7 1028 397 371 389
6828 4 2 1 7 207 896 208 1785
6829 4 2 1 7 505 667 633 644
6830 4 2 1 7 1054 409 395 394
6831 4 2 1 7 104 1150 578 519
6832 4 2 1 7 132 133 961 1744
6833 4 2 1 7 521 1133 101 1144
6834 4 2 1 7 268 321 689 337
6835 4 2 1 7 433 70 1769 1784
6836 4 2 1 7 398 397 1032 341
6837 4 2 1 7 999 898 524 202
6838 4 2 1 7 1109 103 1100 1102
6839 4 2 1 7 1756 116 117 636
6840 4 2 1 7 331 702 308 329
6841 4 2 1 7 455 617 457 630
6842 4 2 1 7 94 301 1711 535
6843 4 2 1 7 449 270 447 448
6844 4 2 1 7 719 313 720 718
6845 4 2 1 7 929 530 926 1000
6846 4 2 1 7 487 670 138 1719
6847 4 2 1 7 629 460 457 458
6848 4 2 1 7 147 146 717 1733
6849 4 2 1 7 1113 106 1723 589
6850 4 2 1 7 356 1048 1064 357
6851 4 2 1 7 1771 692 294 1711
6852 4 2 1 7 673 9 119 1734
6853 4 2 1 7 60 59 355 526
6854 4 2 1 7 158 1761 1157 1787
6855 4 2 1 7 1779 1067 372 1087
6856 4 2 1 7 1015 413 415 378
6857 4 2 1 7 311 695 703 708
6858 4 2 1 7 1729 758 22 261
6859 4 2 1 7 610 449 451 611
6860 4 2 1 7 321 325 268 689
6861 4 2 1 7 375 379 432 482
6862 4 2 1 7 438 1010 988 434
6863 4 2 1 7 338 306 697 331
6864 4 2 1 7 1686 43 42 320
6865 4 2 1 7 169 170 91 1727
6866 4 2 1 7 276 955 957 956
6867 4 2 1 7 568 1106 99 522
6868 4 2 1 7 743 300 273 314
6869 4 2 1 7 108 350 1064 1024
6870 4 2 1 7 1782 14 1162 1707
6871 4 2 1 7 1765 526 107 595
6872 4 2 1 7 1117 98 97 528
6873 4 2 1 7 460 633 667 629
6874 4 2 1 7 493 620 613 451
6875 4 2 1 7 271 266 272 696
6876 4 2 1 7 1741 13 877 181
6877 4 2 1 7 1066 1048 1049 357
6878 4 2 1 7 279 278 955 304
6879 4 2 1 7 691 305 716 338
6880 4 2 1 7 405 48 351 1767
6881 4 2 1 7 8 214 1764 1723
6882 4 2 1 7 1765 355 108 526
6883 4 2 1 7 62 1134 1751 1708
6884 4 2 1 7 270 297 447 426
6885 4 2 1 7 994 920 921 1654
6886 4 2 1 7 1767 1780 351 1053
6887 4 2 1 7 669 455 632 443
6888 4 2 1 7 521 101 102 1144
6889 4 2 1 7 106 105 1147 597
6890 4 2 1 7 890 276 957 956
6891 4 2 1 7 1064 350 356 357
6892 4 2 1 7 1086 107 214 1764
6893 4 2 1 7 976 975 955 304
6894 4 2 1 7 276 957 274 890
6895 4 2 1 7 25 645 1750 1705
6896 4 2 1 7 170 14 714 1763
6897 4 2 1 7 264 25 24 1750
6898 4 2 1 7 62 1695 63 348
6899 4 2 1 7 189 1684 871 188
6900 4 2 1 7 476 504 377 477
6901 4 2 1 7 160 1786 7 1728
6902 4 2 1 7 710 300 273 743
6903 4 2 1 7 96 97 1107 596
6904 4 2 1 7 378 1759 1014 385
6905 4 2 1 7 1066 1064 1048 357
6906 4 2 1 7 1775 501 83 6
6907 4 2 1 7 1696 1780 351 1788
6908 4 2 1 7 931 199 984 406
6909 4 2 1 7 559 528 892 530
6910 4 2 1 7 294 694 331 329
6911 4 2 1 7 1053 142 1780 1063
6912 4 2 1 7 362 388 936 363
6913 4 2 1 7 12 144 86 1719
6914 4 2 1 7 710 300 266 273
6915 4 2 1 7 169 168 930 1748
6916 4 2 1 7 159 95 7 1786
6917 4 2 1 7 96 1140 1107 1131
6918 4 2 1 7 695 301 736 311
6919 4 2 1 7 257 757 313 314
6920 4 2 1 7 448 270 447 426
6921 4 2 1 7 1786 159 1157 1140
6922 4 2 1 7 897 1725 410 345
6923 4 2 1 7 142 48 141 1767
6924 4 2 1 7 1779 1702 216 65
6925 4 2 1 7 648 115 624 433
6926 4 2 1 7 458 629 667 653
6927 4 2 1 7 577 354 381 583
6928 4 2 1 7 483 903 902 893
6929 4 2 1 7 566 521 586 1653
6930 4 2 1 7 101 102 1144 1168
6931 4 2 1 7 1780 1083 1053 1063
6932 4 2 1 7 351 1780 48 1788
6933 4 2 1 7 719 287 721 716
6934 4 2 1 7 524 1003 898 929
6935 4 2 1 7 48 142 1780 1767
6936 4 2 1 7 616 633 460 629
6937 4 2 1 7 304 967 309 976
6938 4 2 1 7 271 436 266 68
6939 4 2 1 7 500 432 379 482
6940 4 2 1 7 276 955 956 279
6941 4 2 1 7 530 928 529 929
6942 4 2 1 7 1056 1066 1065 398
6943 4 2 1 7 415 1021 1019 1015
6944 4 2 1 7 633 460 667 505
6945 4 2 1 7 338 331 756 715
6946 4 2 1 7 376 375 374 485
6947 4 2 1 7 1100 103 1098 1099
6948 4 2 1 7 381 58 59 540
6949 4 2 1 7 213 214 8 1723
6950 4 2 1 7 1683 151 152 722
6951 4 2 1 7 12 138 670 1719
6952 4 2 1 7 164 165 718 1672
6953 4 2 1 7 193 194 891 1681
6954 4 2 1 7 201 1707 14 1002
6955 4 2 1 7 528 929 892 530
6956 4 2 1 7 1014 395 413 385
6957 4 2 1 7 487 670 427 642
6958 4 2 1 7 267 751 705 325
6959 4 2 1 7 404 45 44 1688
6960 4 2 1 7 444 333 271 511
6961 4 2 1 7 10 1729 1781 652
6962 4 2 1 7 1728 1707 96 593
6963 4 2 1 7 510 29 74 446
6964 4 2 1 7 612 484 452 610
6965 4 2 1 7 310 736 311 325
6966 4 2 1 7 356 1048 1029 1064
6967 4 2 1 7 494 6 84 1777
6968 4 2 1 7 1779 1702 65 372
6969 4 2 1 7 1062 397 371 1028
6970 4 2 1 7 59 60 354 577
6971 4 2 1 7 1061 1685 140 1758
6972 4 2 1 7 976 979 309 278
6973 4 2 1 7 443 675 669 628
6974 4 2 1 7 157 731 1718 689
6975 4 2 1 7 708 268 317 325
6976 4 2 1 7 333 27 271 511
6977 4 2 1 7 560 292 290 598
6978 4 2 1 7 1712 115 648 433
6979 4 2 1 7 758 328 707 741
6980 4 2 1 7 453 679 620 655
6981 4 2 1 7 72 1746 498 5
6982 4 2 1 7 1774 879 15 190
6983 4 2 1 7 1752 139 11 660
6984 4 2 1 7 192 900 1657 965
6985 4 2 1 7 103 104 516 1099
6986 4 2 1 7 1004 200 16 1725
6987 4 2 1 7 1685 49 3 421
6988 4 2 1 7 452 454 613 451
6989 4 2 1 7 530 928 929 926
6990 4 2 1 7 155 156 1762 730
6991 4 2 1 7 1 26 334 1697
6992 4 2 1 7 314 743 720 698
6993 4 2 1 7 8 213 1723 1677
6994 4 2 1 7 187 1675 872 186
6995 4 2 1 7 540 381 58 342
6996 4 2 1 7 650 618 486 642
6997 4 2 1 7 617 616 457 629
6998 4 2 1 7 1780 1083 1063 1696
6999 4 2 1 7 736 310 94 705
7000 4 2 1 7 203 892 204 1772
7001 4 2 1 7 530 928 926 531
7002 4 2 1 7 901 439 441 985
7003 4 2 1 7 1005 979 161 261
7004 4 2 1 7 325 751 708 689
7005 4 2 1 7 278 309 976 304
7006 4 2 1 7 1748 168 92 169
7007 4 2 1 7 980 388 362 393
7008 4 2 1 7 97 96 1131 524
7009 4 2 1 7 611 451 620 655
7010 4 2 1 7 331 697 338 756
7011 4 2 1 7 1726 494 84 1777
7012 4 2 1 7 696 272 713 710
7013 4 2 1 7 362 936 932 363
7014 4 2 1 7 751 325 321 689
7015 4 2 1 7 288 328 741 712
7016 4 2 1 7 337 2 38 1687
7017 4 2 1 7 669 455 617 632
7018 4 2 1 7 272 274 713 273
7019 4 2 1 7 657 677 640 479
7020 4 2 1 7 1741 155 1762 749
7021 4 2 1 7 747 145 9 1734
7022 4 2 1 7 206 998 207 1653
7023 4 2 1 7 362 932 931 358
7024 4 2 1 7 1032 1062 397 398
7025 4 2 1 7 151 150 680 1743
7026 4 2 1 7 309 261 899 326
7027 4 2 1 7 488 394 504 477
7028 4 2 1 7 409 1054 1053 1083
7029 4 2 1 7 1028 1062 397 1032
7030 4 2 1 7 291 290 292 598
7031 4 2 1 7 928 531 927 926
7032 4 2 1 7 673 113 9 1734
7033 4 2 1 7 48 1780 351 1767
7034 4 2 1 7 1780 1083 1696 351
7035 4 2 1 7 330 293 41 556
7036 4 2 1 7 140 139 1061 1758
7037 4 2 1 7 479 657 507 445
7038 4 2 1 7 464 439 434 1010
7039 4 2 1 7 655 453 633 644
7040 4 2 1 7 263 329 695 311
7041 4 2 1 7 902 901 440 893
7042 4 2 1 7 276 955 279 278
7043 4 2 1 7 4 61 418 1706
7044 4 2 1 7 130 678 1778 24
7045 4 2 1 7 1710 310 94 525
7046 4 2 1 7 1728 593 96 7
7047 4 2 1 7 1028 371 422 389
7048 4 2 1 7 432 375 482 485
7049 4 2 1 7 931 984 980 406
7050 4 2 1 7 1765 108 107 526
7051 4 2 1 7 957 996 274 890
7052 4 2 1 7 1719 191 12 1001
7053 4 2 1 7 321 731 751 689
7054 4 2 1 7 1122 101 1156 1133
7055 4 2 1 7 1054 1053 1043 409
7056 4 2 1 7 984 200 1004 345
7057 4 2 1 7 193 192 84 1726
7058 4 2 1 7 332 276 277 956
7059 4 2 1 7 276 955 278 957
7060 4 2 1 7 484 445 491 658
7061 4 2 1 7 438 924 966 902
7062 4 2 1 7 278 976 955 304
7063 4 2 1 7 1768 21 22 288
7064 4 2 1 7 28 29 266 436
7065 4 2 1 7 613 610 452 451
7066 4 2 1 7 66 65 1702 372
7067 4 2 1 7 1729 129 10 1005
7068 4 2 1 7 530 929 892 1000
7069 4 2 1 7 1122 1118 100 1105
7070 4 2 1 7 943 936 980 388
7071 4 2 1 7 1696 142 1063 1780
7072 4 2 1 7 67 5 509 1713
7073 4 2 1 7 1722 758 741 288
7074 4 2 1 7 484 612 658 604
7075 4 2 1 7 1719 427 86 495
7076 4 2 1 7 1758 1080 139 1061
7077 4 2 1 7 483 902 440 893
7078 4 2 1 7 1682 167 166 739
7079 4 2 1 7 1156 100 101 1122
7080 4 2 1 7 479 612 484 452
7081 4 2 1 7 16 1779 1725 1087
7082 4 2 1 7 267 40 293 1715
7083 4 2 1 7 144 143 87 1730
7084 4 2 1 7 901 966 439 985
7085 4 2 1 7 360 932 362 358
7086 4 2 1 7 633 460 505 453
7087 4 2 1 7 487 427 486 642
7088 4 2 1 7 293 330 310 525
7089 4 2 1 7 925 1000 574 944
7090 4 2 1 7 1758 1752 660 139
7091 4 2 1 7 110 109 1701 523
7092 4 2 1 7 336 43 2 1694
7093 4 2 1 7 39 158 1787 1718
7094 4 2 1 7 901 441 439 440
7095 4 2 1 7 487 441 439 985
7096 4 2 1 7 42 41 1700 265
7097 4 2 1 7 1608 1758 1061 1668
7098 4 2 1 7 427 650 486 642
7099 4 2 1 7 531 530 532 926
7100 4 2 1 7 720 757 755 314
7101 4 2 1 7 379 475 500 482
7102 4 2 1 7 577 418 557 60
7103 4 2 1 7 388 936 980 362
7104 4 2 1 7 293 310 267 525
7105 4 2 1 7 104 105 1101 519
7106 4 2 1 7 414 394 504 376
7107 4 2 1 7 1164 98 97 1117
7108 4 2 1 7 272 713 707 696
7109 4 2 1 7 449 452 610 451
7110 4 2 1 7 267 751 325 321
7111 4 2 1 7 1087 16 1779 216
7112 4 2 1 7 212 1677 213 1088
7113 4 2 1 7 630 617 457 629
7114 4 2 1 7 530 928 531 529
7115 4 2 1 7 1782 14 1707 714
7116 4 2 1 7 292 561 291 598
7117 4 2 1 7 1788 377 1717 47
7118 4 2 1 7 167 1690 168 733
7119 4 2 1 7 46 45 349 1703
7120 4 2 1 7 1693 3 44 420
7121 4 2 1 7 570 577 381 583
7122 4 2 1 7 438 434 439 1010
7123 4 2 1 7 406 362 931 358
7124 4 2 1 7 1741 154 13 749
7125 4 2 1 7 636 445 648 658
7126 4 2 1 7 580 599 575 930
7127 4 2 1 7 572 58 350 536
7128 4 2 1 7 1718 267 39 321
7129 4 2 1 7 753 69 70 1769
7130 4 2 1 7 160 1786 1728 1140
7131 4 2 1 7 720 313 757 314
7132 4 2 1 7 354 381 59 577
7133 4 2 1 7 401 1043 409 395
7134 4 2 1 7 1787 158 39 1157
7135 4 2 1 7 15 879 1774 180
7136 4 2 1 7 297 28 270 447
7137 4 2 1 7 1781 118 10 652
7138 4 2 1 7 527 111 112 1704
7139 4 2 1 7 1054 395 1079 1014
7140 4 2 1 7 110 111 573 1699
7141 4 2 1 7 385 488 435 501
7142 4 2 1 7 415 1021 390 422
7143 4 2 1 7 902 901 966 440
7144 4 2 1 7 274 996 957 278
7145 4 2 1 7 107 8 214 1764
7146 4 2 1 7 317 311 708 325
7147 4 2 1 7 528 929 999 892
7148 4 2 1 7 158 39 157 1718
7149 4 2 1 7 1122 100 101 515
7150 4 2 1 7 59 60 577 557
7151 4 2 1 7 362 932 360 363
7152 4 2 1 7 708 325 736 751
7153 4 2 1 7 1779 1067 1087 216
7154 4 2 1 7 613 610 451 611
7155 4 2 1 7 271 436 511 28
7156 4 2 1 7 11 171 1752 875
7157 4 2 1 7 410 393 897 345
7158 4 2 1 7 86 144 87 1730
7159 4 2 1 7 892 559 530 1000
7160 4 2 1 7 273 713 710 743
7161 4 2 1 7 1728 1782 7 160
7162 4 2 1 7 464 487 439 985
7163 4 2 1 7 1168 102 1144 1109
7164 4 2 1 7 305 728 691 716
7165 4 2 1 7 377 414 394 504
7166 4 2 1 7 708 736 325 311
7167 4 2 1 7 577 418 60 354
7168 4 2 1 7 97 1164 1117 1131
7169 4 2 1 7 100 1156 1118 1122
7170 4 2 1 7 311 736 695 708
7171 4 2 1 7 84 85 1657 192
7172 4 2 1 7 617 455 669 630
7173 4 2 1 7 696 271 68 712
7174 4 2 1 7 417 60 355 526
7175 4 2 1 7 1099 104 1093 1101
7176 4 2 1 7 1010 439 438 966
7177 4 2 1 7 577 418 354 516
7178 4 2 1 7 1495 1130 189 190
7179 4 2 1 7 595 106 8 1723
7180 4 2 1 7 985 487 138 1001
7181 4 2 1 7 694 702 329 695
7182 4 2 1 7 1774 15 211 1161
7183 4 2 1 7 482 376 504 435
7184 4 2 1 7 640 657 479 612
7185 4 2 1 7 417 66 4 1698
7186 4 2 1 7 157 39 38 1718
7187 4 2 1 7 536 572 58 537
7188 4 2 1 7 440 438 902 467
7189 4 2 1 7 293 330 525 556
7190 4 2 1 7 1780 142 48 668
7191 4 2 1 7 200 1004 345 1725
7192 4 2 1 7 393 897 943 348
7193 4 2 1 7 394 89 88 488
7194 4 2 1 7 577 381 59 540
7195 4 2 1 7 270 28 27 447
7196 4 2 1 7 333 21 1 1773
7197 4 2 1 7 161 10 1729 758
7198 4 2 1 7 1719 191 1001 1783
7199 4 2 1 7 902 440 467 483
7200 4 2 1 7 1076 211 1774 1089
7201 4 2 1 7 561 590 291 598
7202 4 2 1 7 561 291 295 292
7203 4 2 1 7 1768 22 1722 288
7204 4 2 1 7 67 68 266 436
7205 4 2 1 7 741 328 707 712
7206 4 2 1 7 743 273 713 698
7207 4 2 1 7 1728 1782 160 1162
7208 4 2 1 7 349 414 475 379
7209 4 2 1 7 330 295 561 265
7210 4 2 1 7 362 931 980 406
7211 4 2 1 7 675 486 618 642
7212 4 2 1 7 345 393 984 406
7213 4 2 1 7 297 29 28 446
7214 4 2 1 7 675 669 632 443
7215 4 2 1 7 897 997 943 348
7216 4 2 1 7 377 414 504 476
7217 4 2 1 7 130 24 1778 1720
7218 4 2 1 7 24 1778 326 264
7219 4 2 1 7 304 967 975 264
7220 4 2 1 7 374 376 485 435
7221 4 2 1 7 379 375 376 482
7222 4 2 1 7 1133 1122 101 1144
7223 4 2 1 7 209 997 1695 208
7224 4 2 1 7 966 1010 439 900
7225 4 2 1 7 657 648 507 445
7226 4 2 1 7 105 1147 1101 1146
7227 4 2 1 7 297 446 447 426
7228 4 2 1 7 393 362 980 406
7229 4 2 1 7 716 338 756 715
7230 4 2 1 7 743 720 755 314
7231 4 2 1 7 305 287 716 338
7232 4 2 1 7 267 39 40 1791
7233 4 2 1 7 661 610 452 613
7234 4 2 1 7 943 388 393 348
7235 4 2 1 7 48 47 351 1788
7236 4 2 1 7 657 648 445 658
7237 4 2 1 7 59 350 355 572
7238 4 2 1 7 985 439 464 900
7239 4 2 1 7 70 115 753 1769
7240 4 2 1 7 409 1043 1054 395
7241 4 2 1 7 902 966 438 440
7242 4 2 1 7 529 524 528 929
7243 4 2 1 7 1710 94 95 525
7244 4 2 1 7 1164 1158 98 1117
7245 4 2 1 7 438 924 1010 966
7246 4 2 1 7 304 967 264 309
7247 4 2 1 7 1495 1774 190 879
7248 4 2 1 7 728 757 719 313
7249 4 2 1 7 419 388 943 348
7250 4 2 1 7 1043 1054 395 1079
7251 4 2 1 7 1657 494 464 85
7252 4 2 1 7 451 620 613 611
7253 4 2 1 7 594 96 7 1728
7254 4 2 1 7 753 1712 69 1769
7255 4 2 1 7 524 1003 929 529
7256 4 2 1 7 351 405 1053 409
7257 4 2 1 7 376 374 385 435
7258 4 2 1 7 572 59 577 557
7259 4 2 1 7 979 322 309 278
7260 4 2 1 7 697 716 338 756
7261 4 2 1 7 141 48 49 1721
7262 4 2 1 7 376 482 485 435
7263 4 2 1 7 90 91 170 1727
7264 4 2 1 7 929 528 529 530
7265 4 2 1 7 1789 593 90 1763
7266 4 2 1 7 453 633 679 655
7267 4 2 1 7 572 577 59 540
7268 4 2 1 7 1118 1119 99 1106
7269 4 2 1 7 1144 1122 101 1168
7270 4 2 1 7 464 439 1010 900
7271 4 2 1 7 23 1729 261 326
7272 4 2 1 7 64 1725 345 410
7273 4 2 1 7 6 1759 501 89
7274 4 2 1 7 278 957 274 276
7275 4 2 1 7 583 577 354 516
7276 4 2 1 7 899 1729 326 261
7277 4 2 1 7 650 427 670 642
7278 4 2 1 7 757 719 313 720
7279 4 2 1 7 439 438 966 440
7280 4 2 1 7 102 1100 1144 1109
7281 4 2 1 7 758 1729 161 261
7282 4 2 1 7 91 90 582 1727
7283 4 2 1 7 118 22 1722 671
7284 4 2 1 7 901 439 966 440
7285 4 2 1 7 531 575 599 928
7286 4 2 1 7 1099 1100 103 1102
7287 4 2 1 7 129 23 1720 1729
7288 4 2 1 7 86 144 1730 1719
7289 4 2 1 7 572 355 59 526
7290 4 2 1 7 322 261 979 309
7291 4 2 1 7 574 530 559 1000
7292 4 2 1 7 375 376 482 485
7293 4 2 1 7 271 436 28 266
7294 4 2 1 7 1779 1141 65 216
7295 4 2 1 7 1121 1158 98 1164
7296 4 2 1 7 28 297 446 447
7297 4 2 1 7 1769 69 70 433
7298 4 2 1 7 414 475 379 482
7299 4 2 1 7 115 433 1769 1784
7300 4 2 1 7 536 108 109 1724
7301 4 2 1 7 561 295 330 292
7302 4 2 1 7 610 452 612 661
7303 4 2 1 7 589 112 8 1677
7304 4 2 1 7 162 979 996 322
7305 4 2 1 7 264 24 1778 1750
7306 4 2 1 7 985 464 487 1001
7307 4 2 1 7 27 28 271 511
7308 4 2 1 7 348 393 897 410
7309 4 2 1 7 400 61 62 1708
7310 4 2 1 7 316 26 25 1705
7311 4 2 1 7 540 58 572 537
7312 4 2 1 7 144 650 1730 670
7313 4 2 1 7 540 577 381 570
7314 4 2 1 7 1727 1002 582 986
7315 4 2 1 7 965 1010 434 988
7316 4 2 1 7 648 433 507 445
7317 4 2 1 7 47 46 377 1717
7318 4 2 1 7 293 40 41 1715
7319 4 2 1 7 261 899 979 309
7320 4 2 1 7 210 64 1766 1725
7321 4 2 1 7 899 979 1005 261
7322 4 2 1 7 1779 1067 216 1702
7323 4 2 1 7 1725 1779 345 1087
7324 4 2 1 7 1722 758 288 22
7325 4 2 1 7 376 414 379 482
7326 4 2 1 7 434 494 464 1010
7327 4 2 1 7 1691 70 71 492
7328 4 2 1 7 414 475 482 476
7329 4 2 1 7 900 1010 494 965
7330 4 2 1 7 7 160 1782 714
7331 4 2 1 7 1695 410 348 997
7332 4 2 1 7 22 118 1781 652
7333 4 2 1 7 393 984 897 345
7334 4 2 1 7 1711 93 94 535
7335 4 2 1 7 310 576 292 301
7336 4 2 1 7 1779 345 1087 372
7337 4 2 1 7 92 91 1748 169
7338 4 2 1 7 264 1673 1778 967
7339 4 2 1 7 980 943 388 393
7340 4 2 1 7 593 90 7 1789
7341 4 2 1 7 464 495 487 1001
7342 4 2 1 7 572 59 58 540
7343 4 2 1 7 984 1004 897 345
7344 4 2 1 7 310 330 576 525
7345 4 2 1 7 899 1729 261 1005
7346 4 2 1 7 986 1002 524 898
7347 4 2 1 7 1696 142 1780 668
7348 4 2 1 7 158 1761 1787 746
7349 4 2 1 7 350 59 58 572
7350 4 2 1 7 393 980 984 406
7351 4 2 1 7 104 1099 1150 1101
7352 4 2 1 7 270 27 334 447
7353 4 2 1 7 1001 985 464 900
7354 4 2 1 7 1131 96 1140 1162
7355 4 2 1 7 986 524 1002 582
7356 4 2 1 7 1695 1766 997 209
7357 4 2 1 7 330 576 525 556
7358 4 2 1 7 170 714 90 1763
7359 4 2 1 7 68 69 1709 444
7360 4 2 1 7 494 464 1010 900
7361 4 2 1 7 1673 967 131 1778
7362 4 2 1 7 930 534 599 1003
7363 4 2 1 7 24 130 23 1720
7364 4 2 1 7 64 63 209 1766
7365 4 2 1 7 482 504 414 476
7366 4 2 1 7 1695 1766 209 63
7367 4 2 1 7 597 557 60 526
7368 4 2 1 7 524 1003 529 534
7369 4 2 1 7 986 524 582 534
7370 4 2 1 7 897 997 348 410
7371 4 2 1 7 1727 1002 986 170
7372 4 2 1 7 1747 3 627 619
7373 4 2 1 7 561 292 576 598
7374 4 2 1 7 376 504 414 482
7375 4 2 1 7 130 131 967 1778
7376 4 2 1 7 436 511 28 446
7377 4 2 1 7 183 1124 1636 1757
7378 4 2 1 7 529 531 599 928
7379 4 2 1 7 1695 410 63 348
7380 4 2 1 7 986 524 534 1003
7381 4 2 1 7 192 1657 84 1726
7382 4 2 1 7 446 511 28 447
7383 4 2 1 7 330 561 292 576
7384 4 2 1 7 576 292 330 310
7385 4 2 1 7 330 561 576 556
7386 4 2 1 7 897 1725 345 1004
7387 4 2 1 7 560 576 292 598
7388 4 2 1 7 85 86 1783 191
7389 4 2 1 7 400 62 1751 1708
7390 4 2 1 7 529 599 1003 928
7391 4 2 1 7 1010 434 494 965
7392 4 2 1 7 1758 1080 1752 139
7393 4 2 1 7 580 534 599 930
7394 4 2 1 7 368 1679 1570 971
7395 4 2 1 7 368 1679 971 366
7396 4 2 1 7 1682 284 1625 1559
7397 4 2 1 7 1487 1757 1636 1124
7398 4 2 1 7 1460 1453 1502 1513
7399 4 2 1 7 1460 1453 1513 1510
7400 4 2 1 7 1508 830 1598 1473
7401 4 2 1 7 1508 1598 830 829
7402 4 2 1 7 1544 666 631 622
7403 4 2 1 7 1544 631 666 1529
7404 4 2 1 7 1771 517 1559 1690
7405 4 2 1 7 1771 286 306 1559
7406 4 2 1 7 1530 1600 1454 1521
7407 4 2 1 7 1454 1600 1530 1526
7408 4 2 1 7 1638 547 586 546
7409 4 2 1 7 1638 586 547 1583
7410 4 2 1 7 1775 1059 1570 378
7411 4 2 1 7 1775 1059 378 1013
7412 4 2 1 7 1085 1486 1016 1081
7413 4 2 1 7 1085 1486 1081 1041
7414 4 2 1 7 1623 76 1471 430
7415 4 2 1 7 1623 1471 76 1524
7416 4 2 1 7 1592 1617 1518 914
7417 4 2 1 7 1518 1617 1592 1463
7418 4 2 1 7 1679 1033 1051 1050
7419 4 2 1 7 1592 940 1638 1531
7420 4 2 1 7 1592 1638 940 987
7421 4 2 1 7 787 1477 791 1622
7422 4 2 1 7 787 791 1477 1634
7423 4 2 1 7 182 1124 183 1757
7424 4 2 1 7 1535 1477 791 1634
7425 4 2 1 7 1622 791 790 1576
7426 4 2 1 7 1622 790 791 787
7427 4 2 1 7 1519 537 538 523
7428 4 2 1 7 1519 537 523 57
7429 4 2 1 7 404 1632 1541 352
7430 4 2 1 7 1541 1632 404 1516
7431 4 2 1 7 1562 1527 1498 1467
7432 4 2 1 7 1562 1498 1527 1449
7433 4 2 1 7 1492 1498 1527 1467
7434 4 2 1 7 1492 1527 1498 1449
7435 4 2 1 7 1732 1081 1591 1047
7436 4 2 1 7 1732 1081 1047 1016
7437 4 2 1 7 1592 1463 1545 1452
7438 4 2 1 7 1080 139 11 1752
7439 4 2 1 7 1637 1471 78 1498
7440 4 2 1 7 1637 78 1471 1635
7441 4 2 1 7 1492 432 474 499
7442 4 2 1 7 1492 474 432 380
7443 4 2 1 7 1574 1558 1483 1470
7444 4 2 1 7 1574 1483 1558 1448
7445 4 2 1 7 1459 1505 1590 1523
7446 4 2 1 7 1459 1590 1505 1532
7447 4 2 1 7 1580 302 1553 298
7448 4 2 1 7 1580 1553 302 1514
7449 4 2 1 7 1596 1650 1575 1469
7450 4 2 1 7 1575 1650 1596 52
7451 4 2 1 7 1626 1154 1126 1127
7452 4 2 1 7 1626 1126 1154 1489
7453 4 2 1 7 1580 332 953 952
7454 4 2 1 7 1580 953 332 298
7455 4 2 1 7 1567 917 1582 919
7456 4 2 1 7 1567 1582 917 1476
7457 4 2 1 7 1592 1572 1545 1463
7458 4 2 1 7 1617 940 1007 1592
7459 4 2 1 7 399 1572 1520 387
7460 4 2 1 7 1520 1617 1518 1463
7461 4 2 1 7 942 1638 566 941
7462 4 2 1 7 942 1638 941 939
7463 4 2 1 7 1625 959 282 960
7464 4 2 1 7 1625 282 959 283
7465 4 2 1 7 1551 291 554 590
7466 4 2 1 7 1551 296 323 1506
7467 4 2 1 7 1634 1605 787 823
7468 4 2 1 7 1634 787 1605 1477
7469 4 2 1 7 603 1658 458 653
7470 4 2 1 7 603 1658 653 134
7471 4 2 1 7 823 1528 824 1523
7472 4 2 1 7 823 1528 1523 1605
7473 4 2 1 7 1632 474 380 411
7474 4 2 1 7 1124 1757 182 1646
7475 4 2 1 7 265 568 1521 588
7476 4 2 1 7 265 1521 568 1096
7477 4 2 1 7 1757 1124 1487 1646
7478 4 2 1 7 1538 539 1491 1630
7479 4 2 1 7 1758 1668 1080 1061
7480 4 2 1 7 1546 1447 1554 1468
7481 4 2 1 7 1645 1619 802 804
7482 4 2 1 7 1645 802 1619 1537
7483 4 2 1 7 1650 1591 1641 1486
7484 4 2 1 7 1650 1641 1591 1469
7485 4 2 1 7 300 73 510 30
7486 4 2 1 7 300 510 73 509
7487 4 2 1 7 624 480 649 677
7488 4 2 1 7 649 480 624 492
7489 4 2 1 7 1607 904 974 467
7490 4 2 1 7 1607 974 904 906
7491 4 2 1 7 1610 57 1630 1519
7492 4 2 1 7 1610 1630 57 56
7493 4 2 1 7 1592 1572 1463 1617
7494 4 2 1 7 753 115 1712 1769
7495 4 2 1 7 555 1551 554 552
7496 4 2 1 7 554 1551 555 1506
7497 4 2 1 7 1679 1033 1050 366
7498 4 2 1 7 1679 1033 366 368
7499 4 2 1 7 874 1561 818 1595
7500 4 2 1 7 874 1561 1595 1636
7501 4 2 1 7 750 1687 689 730
7502 4 2 1 7 1742 767 125 1674
7503 4 2 1 7 1621 1567 1580 315
7504 4 2 1 7 1621 1580 1567 1499
7505 4 2 1 7 570 1572 541 544
7506 4 2 1 7 541 1572 570 342
7507 4 2 1 7 638 462 623 640
7508 4 2 1 7 638 462 640 1571
7509 4 2 1 7 1658 489 456 972
7510 4 2 1 7 1658 456 458 653
7511 4 2 1 7 665 1753 602 1560
7512 4 2 1 7 1753 763 1665 122
7513 4 2 1 7 1495 189 871 771
7514 4 2 1 7 1095 189 1495 1130
7515 4 2 1 7 1556 531 532 927
7516 4 2 1 7 1556 532 531 533
7517 4 2 1 7 992 1739 518 886
7518 4 2 1 7 992 1739 886 205
7519 4 2 1 7 803 1757 1636 1487
7520 4 2 1 7 766 1757 803 873
7521 4 2 1 7 183 1124 1152 1636
7522 4 2 1 7 766 1757 873 183
7523 4 2 1 7 300 688 257 755
7524 4 2 1 7 300 688 755 738
7525 4 2 1 7 1637 468 1607 79
7526 4 2 1 7 1637 1599 1635 1502
7527 4 2 1 7 681 1672 280 718
7528 4 2 1 7 1672 1682 165 681
7529 4 2 1 7 438 1008 988 924
7530 4 2 1 7 85 464 1770 495
7531 4 2 1 7 363 938 937 403
7532 4 2 1 7 363 938 403 388
7533 4 2 1 7 1713 685 738 5
7534 4 2 1 7 1667 1089 180 1034
7535 4 2 1 7 896 1653 207 998
7536 4 2 1 7 1755 747 1734 1490
7537 4 2 1 7 1755 747 113 1734
7538 4 2 1 7 1669 772 1741 877
7539 4 2 1 7 366 1033 1062 371
7540 4 2 1 7 366 1062 1033 1050
7541 4 2 1 7 1561 1115 1636 1136
7542 4 2 1 7 1561 1115 1136 1114
7543 4 2 1 7 1734 113 9 747
7544 4 2 1 7 1653 1132 206 1092
7545 4 2 1 7 1681 1777 1726 1072
7546 4 2 1 7 583 1708 400 1785
7547 4 2 1 7 973 428 903 905
7548 4 2 1 7 973 903 428 489
7549 4 2 1 7 559 1772 892 528
7550 4 2 1 7 1726 1777 84 1072
7551 4 2 1 7 467 905 1607 904
7552 4 2 1 7 467 1607 905 428
7553 4 2 1 7 1673 967 264 889
7554 4 2 1 7 1673 967 889 131
7555 4 2 1 7 627 1670 660 1515
7556 4 2 1 7 660 1670 664 128
7557 4 2 1 7 313 681 287 282
7558 4 2 1 7 287 681 313 719
7559 4 2 1 7 772 1645 803 878
7560 4 2 1 7 860 1645 878 804
7561 4 2 1 7 392 1018 413 1019
7562 4 2 1 7 392 1018 1019 1026
7563 4 2 1 7 561 291 554 295
7564 4 2 1 7 561 554 291 590
7565 4 2 1 7 88 394 488 477
7566 4 2 1 7 1777 6 84 1072
7567 4 2 1 7 333 491 511 444
7568 4 2 1 7 511 491 333 27
7569 4 2 1 7 597 1093 4 557
7570 4 2 1 7 597 4 1093 1147
7571 4 2 1 7 1716 322 274 272
7572 4 2 1 7 1716 707 713 162
7573 4 2 1 7 487 642 441 137
7574 4 2 1 7 83 6 1777 1775
7575 4 2 1 7 559 1119 98 99
7576 4 2 1 7 559 98 1119 1151
7577 4 2 1 7 1158 1119 98 1151
7578 4 2 1 7 350 1066 357 1064
7579 4 2 1 7 350 1066 1064 1024
7580 4 2 1 7 1089 1667 1076 1034
7581 4 2 1 7 491 1697 27 447
7582 4 2 1 7 1768 333 1756 21
7583 4 2 1 7 21 1756 117 636
7584 4 2 1 7 117 712 1756 1768
7585 4 2 1 7 1768 333 21 288
7586 4 2 1 7 330 522 265 561
7587 4 2 1 7 330 522 561 556
7588 4 2 1 7 618 443 632 476
7589 4 2 1 7 618 443 476 486
7590 4 2 1 7 385 488 89 394
7591 4 2 1 7 385 89 488 501
7592 4 2 1 7 89 385 1084 1014
7593 4 2 1 7 737 1692 1678 72
7594 4 2 1 7 29 436 300 266
7595 4 2 1 7 300 436 29 510
7596 4 2 1 7 930 1690 168 894
7597 4 2 1 7 92 1690 1748 580
7598 4 2 1 7 1076 1034 1667 1495
7599 4 2 1 7 1107 97 1131 1164
7600 4 2 1 7 1681 1775 83 1777
7601 4 2 1 7 1776 1764 1125 595
7602 4 2 1 7 460 679 453 633
7603 4 2 1 7 460 453 679 472
7604 4 2 1 7 904 438 467 902
7605 4 2 1 7 904 438 902 924
7606 4 2 1 7 288 758 328 261
7607 4 2 1 7 288 328 758 741
7608 4 2 1 7 655 451 450 611
7609 4 2 1 7 655 450 451 453
7610 4 2 1 7 278 996 979 322
7611 4 2 1 7 278 979 996 957
7612 4 2 1 7 326 309 967 899
7613 4 2 1 7 326 967 309 264
7614 4 2 1 7 446 436 29 28
7615 4 2 1 7 446 29 436 510
7616 4 2 1 7 524 999 929 898
7617 4 2 1 7 929 999 524 528
7618 4 2 1 7 526 59 557 60
7619 4 2 1 7 526 557 59 572
7620 4 2 1 7 85 1770 191 1783
7621 4 2 1 7 85 191 1770 1657
7622 4 2 1 7 1001 191 1770 1783
7623 4 2 1 7 1001 1770 191 900
7624 4 2 1 7 560 535 301 576
7625 4 2 1 7 560 1711 301 535
7626 4 2 1 7 301 292 560 576
7627 4 2 1 7 560 292 301 290
7628 4 2 1 7 511 447 27 28
7629 4 2 1 7 511 27 447 491
7630 4 2 1 7 91 1790 169 1727
7631 4 2 1 7 91 169 1790 1748
7632 4 2 1 7 930 169 1790 986
7633 4 2 1 7 930 1790 169 1748
7634 4 2 1 7 1119 98 1106 1158
7635 4 2 1 7 1119 1106 98 99
7636 4 2 1 7 192 191 1657 900
7637 4 2 1 7 1657 494 900 464
7638 4 2 1 7 1657 191 1770 900
7639 4 2 1 7 1744 885 490 1658
7640 4 2 1 7 1658 489 490 458
7641 4 2 1 7 885 134 972 1658
7642 4 2 1 7 1744 885 1658 133
7643 4 2 1 7 133 134 885 1658
7644 4 2 1 7 1744 885 961 490
7645 4 2 1 7 1659 1679 888 196
7646 4 2 1 7 1659 1050 196 1017
7647 4 2 1 7 359 1017 1659 197
7648 4 2 1 7 1017 1659 364 359
7649 4 2 1 7 1017 196 1659 197
7650 4 2 1 7 1739 1142 205 1660
7651 4 2 1 7 1749 1142 518 1660
7652 4 2 1 7 1749 1142 1660 204
7653 4 2 1 7 205 1142 204 1660
7654 4 2 1 7 1739 1142 1660 518
7655 4 2 1 7 1731 641 606 120
7656 4 2 1 7 1661 1734 673 119
7657 4 2 1 7 1731 641 120 1661
7658 4 2 1 7 1661 876 119 857
7659 4 2 1 7 857 120 119 1661
7660 4 2 1 7 184 1136 185 1561
7661 4 2 1 7 417 1776 1698 1765
7662 4 2 1 7 1136 1561 184 1636
7663 4 2 1 7 1776 66 1698 1125
7664 4 2 1 7 759 845 1662 1525
7665 4 2 1 7 759 1525 1662 1560
7666 4 2 1 7 845 124 759 1662
7667 4 2 1 7 759 1662 123 1560
7668 4 2 1 7 759 124 123 1662
7669 4 2 1 7 1123 1663 1561 1603
7670 4 2 1 7 185 1123 1663 1561
7671 4 2 1 7 1663 1123 186 1603
7672 4 2 1 7 185 186 1663 1123
7673 4 2 1 7 1664 1745 175 838
7674 4 2 1 7 1740 1044 1664 1517
7675 4 2 1 7 1740 1071 1640 1020
7676 4 2 1 7 844 1664 1745 1517
7677 4 2 1 7 1664 175 1044 176
7678 4 2 1 7 1665 850 848 763
7679 4 2 1 7 1753 637 602 122
7680 4 2 1 7 1665 850 763 1475
7681 4 2 1 7 1665 848 121 763
7682 4 2 1 7 1665 121 122 763
7683 4 2 1 7 1753 637 122 1665
7684 4 2 1 7 1735 1046 1666 1540
7685 4 2 1 7 1666 1740 177 822
7686 4 2 1 7 1666 1740 822 1540
7687 4 2 1 7 1735 1046 1540 1045
7688 4 2 1 7 178 177 1666 1046
7689 4 2 1 7 1776 1125 1698 595
7690 4 2 1 7 135 456 442 893
7691 4 2 1 7 135 442 136 893
7692 4 2 1 7 214 1125 215 1776
7693 4 2 1 7 1776 214 1125 1764
7694 4 2 1 7 1034 1667 1495 1577
7695 4 2 1 7 1735 1034 1577 1667
7696 4 2 1 7 1735 1034 1667 179
7697 4 2 1 7 267 40 1715 1791
7698 4 2 1 7 180 179 1667 1034
7699 4 2 1 7 1085 1668 1016 1486
7700 4 2 1 7 734 1712 69 116
7701 4 2 1 7 1608 1758 1668 1515
7702 4 2 1 7 1668 1752 171 875
7703 4 2 1 7 1668 1052 1016 172
7704 4 2 1 7 1668 1752 875 1515
7705 4 2 1 7 172 1668 1052 171
7706 4 2 1 7 1754 727 683 153
7707 4 2 1 7 1669 772 877 860
7708 4 2 1 7 1754 727 153 1669
7709 4 2 1 7 1669 154 860 877
7710 4 2 1 7 860 153 154 1669
7711 4 2 1 7 859 1515 1670 1584
7712 4 2 1 7 1670 775 859 1584
7713 4 2 1 7 127 859 1670 775
7714 4 2 1 7 859 875 128 1670
7715 4 2 1 7 859 128 127 1670
7716 4 2 1 7 1515 1670 875 859
7717 4 2 1 7 1732 765 840 173
7718 4 2 1 7 1012 1047 1671 1591
7719 4 2 1 7 1671 1047 1012 174
7720 4 2 1 7 1732 765 173 1671
7721 4 2 1 7 174 1671 1047 173
7722 4 2 1 7 1672 1682 681 280
7723 4 2 1 7 275 1672 280 995
7724 4 2 1 7 1672 275 164 995
7725 4 2 1 7 164 165 1672 995
7726 4 2 1 7 1672 887 280 995
7727 4 2 1 7 1673 889 335 1578
7728 4 2 1 7 889 1673 335 264
7729 4 2 1 7 645 1744 132 1673
7730 4 2 1 7 1744 889 1578 961
7731 4 2 1 7 1750 131 645 678
7732 4 2 1 7 1756 712 1709 333
7733 4 2 1 7 1673 132 131 889
7734 4 2 1 7 1742 626 647 1525
7735 4 2 1 7 1674 776 767 775
7736 4 2 1 7 1674 776 775 1584
7737 4 2 1 7 767 126 1674 775
7738 4 2 1 7 1742 777 1525 845
7739 4 2 1 7 125 126 1674 767
7740 4 2 1 7 1675 1154 1091 1126
7741 4 2 1 7 1091 1126 187 1675
7742 4 2 1 7 1675 186 1091 1603
7743 4 2 1 7 187 1091 1675 186
7744 4 2 1 7 1676 764 1488 1542
7745 4 2 1 7 870 1676 764 1488
7746 4 2 1 7 869 764 1676 1542
7747 4 2 1 7 1676 869 148 764
7748 4 2 1 7 147 870 1676 764
7749 4 2 1 7 1676 148 147 764
7750 4 2 1 7 1113 1738 589 1677
7751 4 2 1 7 1113 212 1738 1677
7752 4 2 1 7 1747 1584 627 1515
7753 4 2 1 7 212 1113 213 1677
7754 4 2 1 7 1678 701 737 732
7755 4 2 1 7 1678 701 732 1490
7756 4 2 1 7 737 1692 72 700
7757 4 2 1 7 737 1692 700 1488
7758 4 2 1 7 71 737 732 1678
7759 4 2 1 7 737 71 72 1678
7760 4 2 1 7 368 1679 1051 1570
7761 4 2 1 7 1679 1033 368 1051
7762 4 2 1 7 195 1051 1050 1679
7763 4 2 1 7 194 1051 1679 1570
7764 4 2 1 7 195 194 1051 1679
7765 4 2 1 7 1680 1488 773 1490
7766 4 2 1 7 1680 1733 717 146
7767 4 2 1 7 876 1680 773 1490
7768 4 2 1 7 1680 870 146 773
7769 4 2 1 7 145 876 1680 773
7770 4 2 1 7 1680 146 145 773
7771 4 2 1 7 1681 1042 1082 1570
7772 4 2 1 7 1082 194 1681 1570
7773 4 2 1 7 1681 193 1082 1072
7774 4 2 1 7 193 194 1681 1082
7775 4 2 1 7 21 117 1756 1768
7776 4 2 1 7 1701 1724 109 1075
7777 4 2 1 7 1682 887 166 989
7778 4 2 1 7 1682 989 167 1559
7779 4 2 1 7 989 167 166 1682
7780 4 2 1 7 1683 883 863 1587
7781 4 2 1 7 1683 768 1478 1619
7782 4 2 1 7 1683 1743 151 680
7783 4 2 1 7 1683 1743 680 1587
7784 4 2 1 7 152 768 1683 1619
7785 4 2 1 7 768 151 152 1683
7786 4 2 1 7 1126 1684 1626 1095
7787 4 2 1 7 734 116 117 1756
7788 4 2 1 7 1684 1095 1495 1626
7789 4 2 1 7 734 1712 1709 69
7790 4 2 1 7 1126 1684 1095 188
7791 4 2 1 7 189 1095 1684 188
7792 4 2 1 7 1488 1692 1606 437
7793 4 2 1 7 183 1152 184 1636
7794 4 2 1 7 766 1757 183 1636
7795 4 2 1 7 1761 1715 594 1157
7796 4 2 1 7 1771 93 692 1711
7797 4 2 1 7 433 648 1712 445
7798 4 2 1 7 636 1712 445 444
7799 4 2 1 7 333 1 491 1773
7800 4 2 1 7 1515 1685 1758 656
7801 4 2 1 7 85 1770 464 1657
7802 4 2 1 7 1685 1747 50 3
7803 4 2 1 7 1758 1685 140 656
7804 4 2 1 7 1747 656 1515 627
7805 4 2 1 7 648 116 1712 636
7806 4 2 1 7 656 140 49 1685
7807 4 2 1 7 656 49 3 1685
7808 4 2 1 7 1094 1686 1096 1521
7809 4 2 1 7 1094 1686 1521 1613
7810 4 2 1 7 1613 1094 43 1143
7811 4 2 1 7 42 1096 1094 1686
7812 4 2 1 7 193 1072 1681 1726
7813 4 2 1 7 1094 43 42 1686
7814 4 2 1 7 1694 1687 1646 1116
7815 4 2 1 7 1762 730 1687 1497
7816 4 2 1 7 1687 1116 2 1145
7817 4 2 1 7 1762 156 1687 730
7818 4 2 1 7 38 156 1687 1145
7819 4 2 1 7 1687 2 38 1145
7820 4 2 1 7 1681 1777 965 1726
7821 4 2 1 7 1049 198 359 358
7822 4 2 1 7 1677 112 8 1088
7823 4 2 1 7 1049 198 197 359
7824 4 2 1 7 605 1541 44 1688
7825 4 2 1 7 1688 607 605 1516
7826 4 2 1 7 605 44 1541 654
7827 4 2 1 7 45 1688 607 605
7828 4 2 1 7 1688 45 44 605
7829 4 2 1 7 869 1689 761 1581
7830 4 2 1 7 1689 761 1581 1587
7831 4 2 1 7 1689 863 761 1587
7832 4 2 1 7 761 869 149 1689
7833 4 2 1 7 863 761 150 1689
7834 4 2 1 7 761 149 150 1689
7835 4 2 1 7 1690 575 580 517
7836 4 2 1 7 1690 575 517 1559
7837 4 2 1 7 72 1746 684 1692
7838 4 2 1 7 894 1690 167 1559
7839 4 2 1 7 167 894 168 1690
7840 4 2 1 7 649 114 1691 624
7841 4 2 1 7 1744 889 961 132
7842 4 2 1 7 740 71 732 1691
7843 4 2 1 7 740 1784 115 70
7844 4 2 1 7 740 70 71 1691
7845 4 2 1 7 1746 498 5 73
7846 4 2 1 7 1746 498 73 1606
7847 4 2 1 7 684 700 1692 1606
7848 4 2 1 7 72 1692 684 700
7849 4 2 1 7 72 1746 5 684
7850 4 2 1 7 1747 1693 1584 50
7851 4 2 1 7 1693 1541 619 1584
7852 4 2 1 7 44 619 1541 654
7853 4 2 1 7 1001 1770 464 495
7854 4 2 1 7 1681 1775 1777 1072
7855 4 2 1 7 619 3 44 1693
7856 4 2 1 7 1694 1487 1108 1646
7857 4 2 1 7 2 37 1694 1687
7858 4 2 1 7 1108 1487 1694 1613
7859 4 2 1 7 1613 1108 43 1694
7860 4 2 1 7 1694 1646 1687 37
7861 4 2 1 7 1613 43 1108 1143
7862 4 2 1 7 1694 43 2 1108
7863 4 2 1 7 1785 997 896 208
7864 4 2 1 7 943 1785 348 997
7865 4 2 1 7 209 1695 1167 208
7866 4 2 1 7 1695 209 1167 63
7867 4 2 1 7 62 1695 348 1751
7868 4 2 1 7 1780 1083 351 1053
7869 4 2 1 7 1063 1083 88 1696
7870 4 2 1 7 87 143 1063 1696
7871 4 2 1 7 1696 142 668 143
7872 4 2 1 7 1696 142 143 1063
7873 4 2 1 7 88 87 1063 1696
7874 4 2 1 7 733 1771 752 706
7875 4 2 1 7 1653 1134 207 1132
7876 4 2 1 7 1697 604 609 449
7877 4 2 1 7 604 1697 484 449
7878 4 2 1 7 604 26 1697 609
7879 4 2 1 7 1 26 1697 604
7880 4 2 1 7 1765 1776 1698 595
7881 4 2 1 7 1698 1147 595 1125
7882 4 2 1 7 597 1698 595 526
7883 4 2 1 7 1776 66 1125 215
7884 4 2 1 7 1776 1702 215 1086
7885 4 2 1 7 1698 66 4 1125
7886 4 2 1 7 8 213 1677 1088
7887 4 2 1 7 203 528 1117 202
7888 4 2 1 7 1744 885 133 961
7889 4 2 1 7 1677 112 1088 1057
7890 4 2 1 7 1744 502 490 961
7891 4 2 1 7 275 274 163 890
7892 4 2 1 7 163 164 275 890
7893 4 2 1 7 1073 1699 1077 1025
7894 4 2 1 7 1702 1765 1040 1086
7895 4 2 1 7 1077 1699 1070 1025
7896 4 2 1 7 1702 1040 1067 1086
7897 4 2 1 7 1699 1073 110 1025
7898 4 2 1 7 111 1699 1025 1070
7899 4 2 1 7 110 111 1699 1025
7900 4 2 1 7 1096 1148 522 1700
7901 4 2 1 7 1148 41 522 1700
7902 4 2 1 7 1096 42 1148 1700
7903 4 2 1 7 42 41 1148 1700
7904 4 2 1 7 1610 1701 57 1519
7905 4 2 1 7 1701 341 1610 57
7906 4 2 1 7 1701 1090 1073 1519
7907 4 2 1 7 109 1075 1011 1701
7908 4 2 1 7 1011 1073 110 1701
7909 4 2 1 7 110 109 1011 1701
7910 4 2 1 7 1159 215 66 1702
7911 4 2 1 7 215 1702 216 1067
7912 4 2 1 7 206 1653 207 1132
7913 4 2 1 7 1159 65 216 1702
7914 4 2 1 7 66 65 1159 1702
7915 4 2 1 7 607 1703 659 461
7916 4 2 1 7 1703 659 461 475
7917 4 2 1 7 607 1703 45 659
7918 4 2 1 7 659 1703 46 475
7919 4 2 1 7 46 45 1703 659
7920 4 2 1 7 1704 1057 1495 1577
7921 4 2 1 7 1057 1738 1704 1495
7922 4 2 1 7 111 1057 1577 1070
7923 4 2 1 7 1744 502 459 490
7924 4 2 1 7 1001 464 1770 900
7925 4 2 1 7 1704 1677 589 1738
7926 4 2 1 7 1704 111 112 1057
7927 4 2 1 7 1705 450 449 609
7928 4 2 1 7 1657 1770 464 900
7929 4 2 1 7 1705 674 645 1578
7930 4 2 1 7 1705 450 674 1578
7931 4 2 1 7 1653 1785 896 207
7932 4 2 1 7 1729 1005 161 261
7933 4 2 1 7 25 645 1705 674
7934 4 2 1 7 1705 26 25 674
7935 4 2 1 7 6 1759 89 1013
7936 4 2 1 7 136 441 901 442
7937 4 2 1 7 1775 1013 378 1759
7938 4 2 1 7 441 137 136 901
7939 4 2 1 7 1775 6 1042 1013
7940 4 2 1 7 358 199 406 1048
7941 4 2 1 7 1775 1059 1013 1042
7942 4 2 1 7 199 358 198 1048
7943 4 2 1 7 1093 1706 4 557
7944 4 2 1 7 516 1093 1706 1098
7945 4 2 1 7 557 1093 1706 516
7946 4 2 1 7 61 1706 1093 1098
7947 4 2 1 7 4 61 1706 1093
7948 4 2 1 7 181 1149 1153 1646
7949 4 2 1 7 182 181 1153 1646
7950 4 2 1 7 1775 1059 1042 1570
7951 4 2 1 7 740 1784 70 1691
7952 4 2 1 7 1728 1707 593 1782
7953 4 2 1 7 1707 1131 96 524
7954 4 2 1 7 1707 1131 524 201
7955 4 2 1 7 1782 14 714 160
7956 4 2 1 7 1782 14 160 1162
7957 4 2 1 7 201 1162 14 1707
7958 4 2 1 7 1708 1110 569 1098
7959 4 2 1 7 161 10 1005 1729
7960 4 2 1 7 1683 863 1743 1587
7961 4 2 1 7 62 1134 1708 1163
7962 4 2 1 7 1708 61 62 1163
7963 4 2 1 7 1708 1110 1098 1163
7964 4 2 1 7 1541 1693 44 420
7965 4 2 1 7 88 1084 394 1083
7966 4 2 1 7 1691 732 114 1755
7967 4 2 1 7 1084 89 88 394
7968 4 2 1 7 113 114 732 1755
7969 4 2 1 7 89 385 394 1084
7970 4 2 1 7 1756 712 734 1709
7971 4 2 1 7 333 1756 1773 1709
7972 4 2 1 7 1709 1712 444 69
7973 4 2 1 7 734 712 68 1709
7974 4 2 1 7 68 69 734 1709
7975 4 2 1 7 746 267 705 1710
7976 4 2 1 7 746 705 95 1710
7977 4 2 1 7 310 705 267 1710
7978 4 2 1 7 705 310 94 1710
7979 4 2 1 7 705 94 95 1710
7980 4 2 1 7 294 1711 682 301
7981 4 2 1 7 692 93 682 1711
7982 4 2 1 7 94 301 682 1711
7983 4 2 1 7 682 93 94 1711
7984 4 2 1 7 1712 116 115 753
7985 4 2 1 7 1769 1712 69 433
7986 4 2 1 7 69 116 1712 753
7987 4 2 1 7 1769 115 1712 433
7988 4 2 1 7 740 1784 1691 114
7989 4 2 1 7 138 137 487 985
7990 4 2 1 7 985 487 441 137
7991 4 2 1 7 1691 114 732 740
7992 4 2 1 7 688 1713 300 1656
7993 4 2 1 7 1713 509 73 5
7994 4 2 1 7 300 738 67 1713
7995 4 2 1 7 300 67 738 710
7996 4 2 1 7 67 5 1713 738
7997 4 2 1 7 1683 863 151 1743
7998 4 2 1 7 1714 1087 345 412
7999 4 2 1 7 1714 1029 412 406
8000 4 2 1 7 1714 1087 412 1029
8001 4 2 1 7 200 1714 199 1029
8002 4 2 1 7 1029 1714 199 406
8003 4 2 1 7 596 594 1715 1107
8004 4 2 1 7 594 1157 1715 1107
8005 4 2 1 7 1157 40 1715 1107
8006 4 2 1 7 556 1715 41 1107
8007 4 2 1 7 1715 556 596 1107
8008 4 2 1 7 1715 40 41 1107
8009 4 2 1 7 1716 707 162 322
8010 4 2 1 7 163 996 274 1716
8011 4 2 1 7 996 163 162 1716
8012 4 2 1 7 1716 322 162 996
8013 4 2 1 7 15 1774 1089 180
8014 4 2 1 7 261 979 161 322
8015 4 2 1 7 997 1751 348 1695
8016 4 2 1 7 162 161 979 322
8017 4 2 1 7 618 1717 668 477
8018 4 2 1 7 1717 668 47 618
8019 4 2 1 7 618 46 1717 476
8020 4 2 1 7 476 1717 618 477
8021 4 2 1 7 47 46 1717 618
8022 4 2 1 7 1774 1089 180 1667
8023 4 2 1 7 1774 1089 1667 1076
8024 4 2 1 7 1131 524 201 202
8025 4 2 1 7 321 38 1718 1760
8026 4 2 1 7 1755 1734 673 1490
8027 4 2 1 7 1718 731 321 689
8028 4 2 1 7 1718 39 38 321
8029 4 2 1 7 191 1719 12 86
8030 4 2 1 7 191 1719 86 1783
8031 4 2 1 7 487 495 1719 1001
8032 4 2 1 7 487 1719 138 1001
8033 4 2 1 7 12 138 1719 1001
8034 4 2 1 7 1720 899 1729 326
8035 4 2 1 7 899 1720 967 326
8036 4 2 1 7 1720 1729 899 129
8037 4 2 1 7 1720 24 1778 326
8038 4 2 1 7 24 1720 23 326
8039 4 2 1 7 1773 1756 636 1709
8040 4 2 1 7 405 1023 1721 1053
8041 4 2 1 7 405 1721 48 1767
8042 4 2 1 7 1721 48 49 405
8043 4 2 1 7 741 1768 712 117
8044 4 2 1 7 741 1768 117 1722
8045 4 2 1 7 741 117 118 1722
8046 4 2 1 7 22 758 1781 1722
8047 4 2 1 7 1722 758 118 741
8048 4 2 1 7 589 8 1723 1677
8049 4 2 1 7 1723 214 1764 1137
8050 4 2 1 7 213 214 1723 1137
8051 4 2 1 7 595 106 1723 1137
8052 4 2 1 7 1724 1075 384 1024
8053 4 2 1 7 384 350 1724 1024
8054 4 2 1 7 1724 350 108 1024
8055 4 2 1 7 1075 1724 109 1024
8056 4 2 1 7 1724 108 109 1024
8057 4 2 1 7 1755 1734 113 673
8058 4 2 1 7 1725 200 16 1087
8059 4 2 1 7 1773 21 1 636
8060 4 2 1 7 200 1725 345 1087
8061 4 2 1 7 1681 1777 83 965
8062 4 2 1 7 965 494 1726 1777
8063 4 2 1 7 193 192 1726 965
8064 4 2 1 7 192 1657 1726 965
8065 4 2 1 7 21 1756 636 1773
8066 4 2 1 7 696 68 271 266
8067 4 2 1 7 67 68 696 266
8068 4 2 1 7 1773 1709 636 444
8069 4 2 1 7 710 696 266 67
8070 4 2 1 7 534 1727 582 986
8071 4 2 1 7 169 170 1727 986
8072 4 2 1 7 1763 582 593 90
8073 4 2 1 7 1727 1002 170 1763
8074 4 2 1 7 1727 1790 169 986
8075 4 2 1 7 160 1786 1140 159
8076 4 2 1 7 160 1786 159 7
8077 4 2 1 7 1728 160 1140 1162
8078 4 2 1 7 1140 96 1728 1162
8079 4 2 1 7 594 96 1728 1140
8080 4 2 1 7 1490 1691 732 1678
8081 4 2 1 7 492 71 1691 1678
8082 4 2 1 7 1754 1645 804 1619
8083 4 2 1 7 265 1096 1700 1686
8084 4 2 1 7 1703 1516 461 607
8085 4 2 1 7 1116 2 1694 1687
8086 4 2 1 7 1731 1665 1571 848
8087 4 2 1 7 1731 1665 848 121
8088 4 2 1 7 1731 832 857 848
8089 4 2 1 7 121 120 848 1731
8090 4 2 1 7 1731 857 120 848
8091 4 2 1 7 1731 832 848 1571
8092 4 2 1 7 1772 98 528 559
8093 4 2 1 7 1772 98 559 1151
8094 4 2 1 7 1062 1659 364 1017
8095 4 2 1 7 981 1659 366 888
8096 4 2 1 7 1679 1050 195 196
8097 4 2 1 7 1659 1050 1679 196
8098 4 2 1 7 1732 1668 1486 1016
8099 4 2 1 7 1732 1668 1016 172
8100 4 2 1 7 1732 1081 1016 1486
8101 4 2 1 7 173 1732 1016 172
8102 4 2 1 7 1732 1047 173 1016
8103 4 2 1 7 1732 1081 1486 1591
8104 4 2 1 7 1675 1684 1489 1126
8105 4 2 1 7 1675 1684 1126 188
8106 4 2 1 7 1675 1154 1126 1489
8107 4 2 1 7 1772 203 528 1117
8108 4 2 1 7 203 1117 1772 1151
8109 4 2 1 7 1675 188 1126 187
8110 4 2 1 7 1676 1733 1488 870
8111 4 2 1 7 1676 1733 870 147
8112 4 2 1 7 1680 870 1488 1733
8113 4 2 1 7 147 146 1733 870
8114 4 2 1 7 1680 870 1733 146
8115 4 2 1 7 1680 1734 1490 876
8116 4 2 1 7 316 25 1750 1705
8117 4 2 1 7 1680 1734 876 145
8118 4 2 1 7 1754 860 153 804
8119 4 2 1 7 1734 145 9 876
8120 4 2 1 7 1735 1034 179 1045
8121 4 2 1 7 1735 1045 1540 1577
8122 4 2 1 7 1735 1034 1045 1577
8123 4 2 1 7 1735 1046 1045 178
8124 4 2 1 7 1735 1046 178 1666
8125 4 2 1 7 1735 1045 179 178
8126 4 2 1 7 869 1542 1736 1581
8127 4 2 1 7 1689 1736 1581 869
8128 4 2 1 7 1689 1736 869 149
8129 4 2 1 7 1736 1676 1542 869
8130 4 2 1 7 1736 1676 869 148
8131 4 2 1 7 1736 149 148 869
8132 4 2 1 7 1737 1670 1584 775
8133 4 2 1 7 1737 1670 775 127
8134 4 2 1 7 1737 1674 775 1584
8135 4 2 1 7 1737 1674 126 775
8136 4 2 1 7 126 127 1737 775
8137 4 2 1 7 151 150 1743 863
8138 4 2 1 7 1658 456 135 972
8139 4 2 1 7 135 134 1658 972
8140 4 2 1 7 1743 1689 863 150
8141 4 2 1 7 1658 489 458 456
8142 4 2 1 7 1076 1774 1738 1495
8143 4 2 1 7 1113 1738 212 1138
8144 4 2 1 7 1692 1746 684 1606
8145 4 2 1 7 211 1738 1076 1774
8146 4 2 1 7 1738 562 527 1495
8147 4 2 1 7 1738 527 589 1704
8148 4 2 1 7 1739 1156 518 564
8149 4 2 1 7 1739 1156 564 1092
8150 4 2 1 7 1092 564 1739 1653
8151 4 2 1 7 206 1092 1739 1653
8152 4 2 1 7 1739 206 205 1092
8153 4 2 1 7 1739 1142 1092 205
8154 4 2 1 7 1020 1740 1540 1640
8155 4 2 1 7 1740 1071 1020 1044
8156 4 2 1 7 1740 1044 1020 176
8157 4 2 1 7 1740 1044 176 1664
8158 4 2 1 7 1020 176 177 1740
8159 4 2 1 7 1666 1020 177 1740
8160 4 2 1 7 1666 1020 1740 1540
8161 4 2 1 7 749 1762 1741 1497
8162 4 2 1 7 1762 1646 1741 1497
8163 4 2 1 7 1741 181 1646 1149
8164 4 2 1 7 1705 1673 316 1578
8165 4 2 1 7 1741 155 749 13
8166 4 2 1 7 1149 13 1741 181
8167 4 2 1 7 1742 777 845 767
8168 4 2 1 7 1742 1662 845 1525
8169 4 2 1 7 1742 1662 124 845
8170 4 2 1 7 1742 767 845 125
$EndElements
