$MeshFormat
4.1 0 8
$EndMeshFormat
$PhysicalNames
4
2 3 "cat_cc"
2 4 "top"
3 1 "cathode"
3 2 "block_0"
$EndPhysicalNames
$Entities
12 20 11 2
1 0 0 0 0 
2 256.401 0 0 0 
3 256.401 256.401 0 0 
4 0 256.401 0 0 
5 0 0 197.757 0 
6 256.401 0 197.757 0 
10 256.401 256.401 197.757 0 
14 0 256.401 197.757 0 
15 0 0 228 0 
16 256.401 0 228 0 
20 256.401 256.401 228 0 
24 0 256.401 228 0 
1 0 0 0 256.401 0 0 0 2 1 -2 
2 256.401 0 0 256.401 256.401 0 0 2 2 -3 
3 0 256.401 0 256.401 256.401 0 0 2 3 -4 
4 0 0 0 0 256.401 0 0 2 4 -1 
6 0 0 197.757 256.401 0 197.757 0 2 5 -6 
7 256.401 0 197.757 256.401 256.401 197.757 0 2 6 -10 
8 0 256.401 197.757 256.401 256.401 197.757 0 2 10 -14 
9 0 0 197.757 0 256.401 197.757 0 2 14 -5 
11 0 0 0 0 0 197.757 0 2 1 -5 
12 256.401 0 0 256.401 0 197.757 0 2 2 -6 
16 256.401 256.401 0 256.401 256.401 197.757 0 2 3 -10 
20 0 256.401 0 0 256.401 197.757 0 2 4 -14 
28 0 0 228 256.401 0 228 0 2 15 -16 
29 256.401 0 228 256.401 256.401 228 0 2 16 -20 
30 0 256.401 228 256.401 256.401 228 0 2 20 -24 
31 0 0 228 0 256.401 228 0 2 24 -15 
33 0 0 197.757 0 0 228 0 2 5 -15 
34 256.401 0 197.757 256.401 0 228 0 2 6 -16 
38 256.401 256.401 197.757 256.401 256.401 228 0 2 10 -20 
42 0 256.401 197.757 0 256.401 228 0 2 14 -24 
1 0 0 0 256.401 256.401 0 1 3 4 1 2 3 4 
13 0 0 0 256.401 0 197.757 0 4 1 12 -6 -11 
17 256.401 0 0 256.401 256.401 197.757 0 4 2 16 -7 -12 
21 0 256.401 0 256.401 256.401 197.757 0 4 3 20 -8 -16 
25 0 0 0 0 256.401 197.757 0 4 4 11 -9 -20 
26 0 0 197.757 256.401 256.401 197.757 0 4 6 7 8 9 
35 0 0 197.757 256.401 0 228 0 4 6 34 -28 -33 
39 256.401 0 197.757 256.401 256.401 228 0 4 7 38 -29 -34 
43 0 256.401 197.757 256.401 256.401 228 0 4 8 42 -30 -38 
47 0 0 197.757 0 256.401 228 0 4 9 33 -31 -42 
48 0 0 228 256.401 256.401 228 1 4 4 28 29 30 31 
1 0 0 0 256.401 256.401 197.757 1 1 6 -1 26 13 17 21 25 
2 0 0 197.757 256.401 256.401 228 1 2 6 -26 48 35 39 43 47 
$EndEntities
$Nodes
45 2148 1 2148
0 1 0 1
1
0 0 0
0 2 0 1
2
256.401 0 0
0 3 0 1
3
256.401 256.401 0
0 4 0 1
4
0 256.401 0
0 5 0 1
5
0 0 197.757
0 6 0 1
6
256.401 0 197.757
0 10 0 1
7
256.401 256.401 197.757
0 14 0 1
8
0 256.401 197.757
0 15 0 1
9
0 0 228
0 16 0 1
10
256.401 0 228
0 20 0 1
11
256.401 256.401 228
0 24 0 1
12
0 256.401 228
1 1 0 12
13
14
15
16
17
18
19
20
21
22
23
24
19.72315384611582 0 0
39.44630769223067 0 0
59.16946153832755 0 0
78.89261538442133 0 0
98.61576923051992 0 0
118.3389230766222 0 0
138.0620769227654 0 0
157.7852307689656 0 0
177.5083846151769 0 0
197.2315384613882 0 0
216.9546923075996 0 0
236.6778461538045 0 0
1 2 0 12
25
26
27
28
29
30
31
32
33
34
35
36
256.401 19.72315384611582 0
256.401 39.44630769223067 0
256.401 59.16946153832755 0
256.401 78.89261538442133 0
256.401 98.61576923051992 0
256.401 118.3389230766222 0
256.401 138.0620769227654 0
256.401 157.7852307689656 0
256.401 177.5083846151769 0
256.401 197.2315384613882 0
256.401 216.9546923075996 0
256.401 236.6778461538045 0
1 3 0 12
37
38
39
40
41
42
43
44
45
46
47
48
236.6778461538927 256.401 0
216.9546923077727 256.401 0
197.2315384616782 256.401 0
177.5083846155876 256.401 0
157.785230769497 256.401 0
138.0620769233954 256.401 0
118.3389230772413 256.401 0
98.61576923103006 256.401 0
78.89261538482242 256.401 0
59.1694615386196 256.401 0
39.44630769241368 256.401 0
19.7231538462055 256.401 0
1 4 0 12
49
50
51
52
53
54
55
56
57
58
59
60
0 236.6778461538927 0
0 216.9546923077727 0
0 197.2315384616782 0
0 177.5083846155876 0
0 157.785230769497 0
0 138.0620769233954 0
0 118.3389230772413 0
0 98.61576923103006 0
0 78.89261538482242 0
0 59.1694615386196 0
0 39.44630769241368 0
0 19.7231538462055 0
1 6 0 12
61
62
63
64
65
66
67
68
69
70
71
72
19.72315384611582 0 197.757
39.44630769223067 0 197.757
59.16946153832755 0 197.757
78.89261538442133 0 197.757
98.61576923051992 0 197.757
118.3389230766222 0 197.757
138.0620769227654 0 197.757
157.7852307689656 0 197.757
177.5083846151769 0 197.757
197.2315384613882 0 197.757
216.9546923075996 0 197.757
236.6778461538045 0 197.757
1 7 0 12
73
74
75
76
77
78
79
80
81
82
83
84
256.401 19.72315384611582 197.757
256.401 39.44630769223067 197.757
256.401 59.16946153832755 197.757
256.401 78.89261538442133 197.757
256.401 98.61576923051992 197.757
256.401 118.3389230766222 197.757
256.401 138.0620769227654 197.757
256.401 157.7852307689656 197.757
256.401 177.5083846151769 197.757
256.401 197.2315384613882 197.757
256.401 216.9546923075996 197.757
256.401 236.6778461538045 197.757
1 8 0 12
85
86
87
88
89
90
91
92
93
94
95
96
236.6778461538927 256.401 197.757
216.9546923077727 256.401 197.757
197.2315384616782 256.401 197.757
177.5083846155876 256.401 197.757
157.785230769497 256.401 197.757
138.0620769233954 256.401 197.757
118.3389230772413 256.401 197.757
98.61576923103006 256.401 197.757
78.89261538482242 256.401 197.757
59.1694615386196 256.401 197.757
39.44630769241368 256.401 197.757
19.7231538462055 256.401 197.757
1 9 0 12
97
98
99
100
101
102
103
104
105
106
107
108
0 236.6778461538927 197.757
0 216.9546923077727 197.757
0 197.2315384616782 197.757
0 177.5083846155876 197.757
0 157.785230769497 197.757
0 138.0620769233954 197.757
0 118.3389230772413 197.757
0 98.61576923103006 197.757
0 78.89261538482242 197.757
0 59.1694615386196 197.757
0 39.44630769241368 197.757
0 19.7231538462055 197.757
1 11 0 9
109
110
111
112
113
114
115
116
117
0 0 19.77569999996465
0 0 39.55139999991575
0 0 59.3270999998617
0 0 79.10279999981041
0 0 98.87849999975646
0 0 118.654199999809
0 0 138.4298999998487
0 0 158.2055999998935
0 0 177.9812999999451
1 12 0 9
118
119
120
121
122
123
124
125
126
256.401 0 19.77569999996465
256.401 0 39.55139999991575
256.401 0 59.3270999998617
256.401 0 79.10279999981041
256.401 0 98.87849999975646
256.401 0 118.654199999809
256.401 0 138.4298999998487
256.401 0 158.2055999998935
256.401 0 177.9812999999451
1 16 0 9
127
128
129
130
131
132
133
134
135
256.401 256.401 19.77569999996465
256.401 256.401 39.55139999991575
256.401 256.401 59.3270999998617
256.401 256.401 79.10279999981041
256.401 256.401 98.87849999975646
256.401 256.401 118.654199999809
256.401 256.401 138.4298999998487
256.401 256.401 158.2055999998935
256.401 256.401 177.9812999999451
1 20 0 9
136
137
138
139
140
141
142
143
144
0 256.401 19.77569999996465
0 256.401 39.55139999991575
0 256.401 59.3270999998617
0 256.401 79.10279999981041
0 256.401 98.87849999975646
0 256.401 118.654199999809
0 256.401 138.4298999998487
0 256.401 158.2055999998935
0 256.401 177.9812999999451
1 28 0 12
145
146
147
148
149
150
151
152
153
154
155
156
19.72315384611582 0 228
39.44630769223067 0 228
59.16946153832755 0 228
78.89261538442133 0 228
98.61576923051992 0 228
118.3389230766222 0 228
138.0620769227654 0 228
157.7852307689656 0 228
177.5083846151769 0 228
197.2315384613882 0 228
216.9546923075996 0 228
236.6778461538045 0 228
1 29 0 12
157
158
159
160
161
162
163
164
165
166
167
168
256.401 19.72315384611582 228
256.401 39.44630769223067 228
256.401 59.16946153832755 228
256.401 78.89261538442133 228
256.401 98.61576923051992 228
256.401 118.3389230766222 228
256.401 138.0620769227654 228
256.401 157.7852307689656 228
256.401 177.5083846151769 228
256.401 197.2315384613882 228
256.401 216.9546923075996 228
256.401 236.6778461538045 228
1 30 0 12
169
170
171
172
173
174
175
176
177
178
179
180
236.6778461538927 256.401 228
216.9546923077727 256.401 228
197.2315384616782 256.401 228
177.5083846155876 256.401 228
157.785230769497 256.401 228
138.0620769233954 256.401 228
118.3389230772413 256.401 228
98.61576923103006 256.401 228
78.89261538482242 256.401 228
59.1694615386196 256.401 228
39.44630769241368 256.401 228
19.7231538462055 256.401 228
1 31 0 12
181
182
183
184
185
186
187
188
189
190
191
192
0 236.6778461538927 228
0 216.9546923077727 228
0 197.2315384616782 228
0 177.5083846155876 228
0 157.785230769497 228
0 138.0620769233954 228
0 118.3389230772413 228
0 98.61576923103006 228
0 78.89261538482242 228
0 59.1694615386196 228
0 39.44630769241368 228
0 19.7231538462055 228
1 33 0 1
193
0 0 212.8784999999556
1 34 0 1
194
256.401 0 212.8784999999556
1 38 0 1
195
256.401 256.401 212.8784999999556
1 42 0 1
196
0 256.401 212.8784999999556
2 1 0 178
197
198
199
200
201
202
203
204
205
206
207
208
209
210
211
212
213
214
215
216
217
218
219
220
221
222
223
224
225
226
227
228
229
230
231
232
233
234
235
236
237
238
239
240
241
242
243
244
245
246
247
248
249
250
251
252
253
254
255
256
257
258
259
260
261
262
263
264
265
266
267
268
269
270
271
272
273
274
275
276
277
278
279
280
281
282
283
284
285
286
287
288
289
290
291
292
293
294
295
296
297
298
299
300
301
302
303
304
305
306
307
308
309
310
311
312
313
314
315
316
317
318
319
320
321
322
323
324
325
326
327
328
329
330
331
332
333
334
335
336
337
338
339
340
341
342
343
344
345
346
347
348
349
350
351
352
353
354
355
356
357
358
359
360
361
362
363
364
365
366
367
368
369
370
371
372
373
374
239.320247726509 128.2004999996938 0
17.08075227349325 128.2005000003241 0
127.2016945810266 17.11237158986937 0
128.2005000002604 239.3202477264394 0
69.03103846170846 239.3202477264394 0
17.08075227354718 69.0310384618036 0
238.8645513283344 187.6283651508564 0
186.3722445218577 16.59182867031892 0
18.76092780344146 188.0693998303396 0
68.69270065319309 17.67904351294658 0
239.320247726534 69.03103846137448 0
187.369961538635 239.320247726446 0
30.34752639895641 239.7606479885513 0
16.6403520114458 30.34752639895181 0
238.5377938507384 225.0051784190003 0
227.0559100449489 16.32433050918148 0
17.08075227348046 147.9236538464498 0
34.16150454697841 138.0620769234069 0
34.16150454700448 118.3389230772739 0
51.24225682049394 128.2005000003667 0
51.24225682052221 108.477346154229 0
68.32300909401309 118.3389230773213 0
68.01430529198046 137.5273862538955 0
85.35231073383832 128.1113848888215 0
85.39518626192194 108.4624936356735 0
102.4745093511471 118.3215951390019 0
102.2545938709297 138.3540585380194 0
119.3208880982877 129.2450810318468 0
119.522868896862 108.6485550031555 0
136.5982223823897 118.541554724116 0
136.6460181880176 138.0620769235551 0
136.6309860508456 98.6780759805263 0
153.7162991377531 108.5215025536902 0
119.5652659145729 88.7541923081757 0
153.7225198847515 88.77193616631388 0
170.8050690849836 98.62608594088229 0
173.3954328742903 120.1596831068335 0
170.806405363959 78.89729214643882 0
153.5408364982455 69.35527271025914 0
187.8876798384099 88.75669122006389 0
187.8879895850836 69.03223440761907 0
34.16150454694992 157.7852307695342 0
204.748767699506 78.89323119475381 0
204.7121569641292 59.16976349822545 0
204.932218156646 98.61628835157452 0
34.16150454703069 98.61576923113432 0
51.24225682054836 88.75419230808281 0
186.3808664284667 48.16941332776875 0
205.4109520746995 39.65443921193011 0
222.0497795556465 88.75419230829722 0
221.9504551037789 51.25792184285476 0
222.0497795556195 108.4773461544362 0
205.7345796475383 117.0330319333816 0
34.16150454706299 78.89261538497315 0
51.24225682058628 69.03103846193387 0
68.32300909407053 78.89261538503219 0
68.32300909409932 59.16946153888883 0
51.24225682060897 49.30788461576758 0
85.40376136758825 69.03103846198486 0
85.4037613676182 49.30788461584781 0
102.4845136411046 59.16946153894097 0
102.2801231681972 39.80032237651564 0
119.5652659146228 49.30788461589924 0
85.79111296885942 29.9262425018018 0
104.6005871618734 19.11972745683319 0
49.43501722045571 239.3936477701298 0
59.19065030609609 222.2517287935125 0
78.89614684603421 222.2415343429859 0
69.03515849980926 205.1611218844808 0
88.75546755774761 205.1594794452139 0
78.89351459942502 188.0785100676604 0
98.61613164167713 188.0782001437656 0
108.4776190974516 205.1589007632926 0
118.3390289694364 188.0780520427853 0
128.2005631394613 205.1587796327949 0
138.0621050951617 188.0780071708606 0
147.9236690648485 205.1587519657111 0
157.7852380011116 188.0779950810101 0
167.6468114341669 205.1587453395425 0
177.5083864444248 188.0779919616591 0
167.6468092025328 170.9972395040884 0
187.369962095086 170.9972389535005 0
197.2315388592475 188.0779911352603 0
207.0931153847495 170.997238632183 0
59.17029808071567 188.0784738836711 0
197.2315385543982 154.0157039761635 0
89.21830156006288 172.3474782522464 0
217.0592365402676 154.708208441357 0
128.2005223441809 171.3404391516725 0
157.7852339294481 222.2394972772716 0
217.4510899408313 188.0030533181603 0
207.1758483898723 205.1462536195822 0
227.0288279924313 205.8525768908128 0
217.1527012013198 222.9070674986241 0
226.7747056304599 170.4682632890278 0
237.9882374673565 151.2385350221539 0
177.5083849149698 222.2394956256514 0
118.3389790909243 222.2395277924438 0
197.2783288280345 222.3486758959762 0
206.9727175776301 239.5427740007157 0
167.6468082690898 239.3202480593153 0
88.75478088478602 239.32058754146 0
39.59816052610104 222.3271677273041 0
18.1686823226653 224.2764088629321 0
29.74899513724077 205.8338043150583 0
49.36492837373076 205.2883812516479 0
39.72595500602793 188.6727527476423 0
50.25779074618157 168.8290936006655 0
70.53900247766923 172.0852965833051 0
17.0073522298704 49.43501722050603 0
34.07587116279598 39.59462906493869 0
32.12488240708037 18.16817782820825 0
51.08230019792204 29.58037780710739 0
206.4650187894128 19.53848856392208 0
108.4774535858655 239.3203097521987 0
147.7571862760864 17.08602215957765 0
137.1301219193143 37.11099040129461 0
158.1204781442342 33.7203727462452 0
138.06208527674 222.2395002757107 0
85.40233218329158 88.75171688836255 0
177.7687008164578 154.0833162480526 0
158.4789265107331 155.2860324385333 0
185.9584070864132 137.6910593021765 0
187.3915498117859 205.1748589296119 0
68.39409082478863 39.24309917321061 0
108.9635604163905 171.5155335072195 0
119.2165878209916 151.4036209027782 0
188.1693333219721 108.2624540100226 0
153.3047151430659 127.491267580322 0
83.73062911372052 145.7505997450662 0
102.4741127081453 98.63852805990769 0
68.32134171239461 98.61288124145022 0
98.61674117713486 222.2400566062658 0
102.4825419548834 78.89599595323486 0
119.5649373002313 69.03160189006149 0
136.6117606394596 78.96009009905438 0
50.71802470575142 147.4968957166798 0
148.0392796794851 171.6258875698708 0
17.08075227351238 108.4773461541756 0
17.00098010823578 167.1401864007003 0
169.7947299933156 60.27729012660038 0
136.5049094835487 59.16611820037407 0
167.46868183118 16.92479240313212 0
147.9236558614051 239.3202488897895 0
17.08075227352554 88.75419230798987 0
34.13499897574529 59.21537053498714 0
206.4261882473611 136.290652266339 0
176.2984291273171 31.99971769174263 0
226.1181223817761 240.129312059942 0
240.5169920312684 28.89625489980524 0
240.3379772322879 107.6216630248233 0
242.9020009028937 88.58305568188725 0
218.5562814099189 69.42122946110115 0
240.0980058252711 48.36882108137445 0
166.5282996613406 139.4394420398258 0
221.3911376298997 126.4770530685625 0
139.5468969876367 155.2362880386655 0
153.0373081787911 51.0622279619001 0
118.2079484141554 32.266990597779 0
97.10116606330018 156.6620713147844 0
222.6498457650076 33.60067274675788 0
66.47078628192426 154.5770867522101 0
49.51489364353531 13.17908199031819 0
13.21200786331526 207.0931153845398 0
243.4466346343008 206.5344702459314 0
87.56256988884986 13.60074296607416 0
32.00269602554283 173.7692185727936 0
243.4060062510076 168.0550749930303 0
225.4746209186736 140.3662065664537 0
14.43835070093736 241.9626492990889 0
14.43835070091191 14.43835070093595 0
241.9626492990928 241.9626492990693 0
242.0630705853119 14.33792941466651 0
191.9125563834439 31.61324032114985 0
191.0529521497592 122.7191184024944 0
168.726362374425 45.04580437085141 0
150.7188696521372 142.7665277352821 0
80.33998354751694 160.4395908138594 0
2 13 0 135
375
376
377
378
379
380
381
382
383
384
385
386
387
388
389
390
391
392
393
394
395
396
397
398
399
400
401
402
403
404
405
406
407
408
409
410
411
412
413
414
415
416
417
418
419
420
421
422
423
424
425
426
427
428
429
430
431
432
433
434
435
436
437
438
439
440
441
442
443
444
445
446
447
448
449
450
451
452
453
454
455
456
457
458
459
460
461
462
463
464
465
466
467
468
469
470
471
472
473
474
475
476
477
478
479
480
481
482
483
484
485
486
487
488
489
490
491
492
493
494
495
496
497
498
499
500
501
502
503
504
505
506
507
508
509
105.7039215247723 0 179.2885668143795
147.8160631468281 0 17.37813033441067
236.5545210059415 0 106.7629577715462
17.12386361907227 0 88.99642719679656
167.0379009527396 0 181.3879944465542
89.94760476033383 0 17.56534210878392
17.12305118017166 0 128.5471281123904
236.8469178918878 0 71.27065917476085
68.90406378362664 0 180.2621376648091
190.1470461174659 0 15.64874844576904
17.12443319459187 0 49.44282891112631
239.2755189093658 0 148.3123398250918
208.6861553941387 0 180.1625011091317
47.73082476599296 0 17.59449811622866
16.73398254384226 0 167.4302799585634
239.6719788962504 0 30.32789543529596
17.06850506471925 0 148.2230592763258
34.23005445703633 0 138.4220934057696
34.24351724441239 0 118.6701296385973
51.35060607704403 0 128.557703626877
51.36226586632809 0 108.8054521448976
68.46143008541216 0 118.6888216479671
68.47180051366993 0 98.94237403487269
85.56711145942144 0 108.8213924870676
85.57584014941759 0 89.07965048351805
102.6671896045762 0 98.95950104755802
102.6764428337162 0 79.21798030714145
119.7672121344157 0 89.09652126396595
119.7584776668279 0 108.8389319687245
136.8595752075688 0 98.97485692622222
136.8494173175516 0 118.7172795304376
153.9525949902351 0 108.8547576741919
153.9632216869307 0 89.10970308007924
171.0579069297452 0 98.99102216236821
171.0485031243563 0 118.7380924011853
171.0691262988223 0 79.24507836556417
68.4817522373456 0 79.18132890073288
119.7757058718939 0 69.35605495795822
85.5599148960992 0 128.5661991880837
188.1633649443033 0 89.12693750328044
188.173176388947 0 69.38069134009159
171.0774809584568 0 59.50168799337877
102.687398300061 0 59.47995010069864
119.786200041785 0 49.618499097969
119.7500987137877 0 128.5790953169655
136.8381099098257 0 138.4566829609369
51.35848607198719 0 148.3131215820223
204.9036404432386 0 80.04556065757197
207.0876309034694 0 59.4709022044162
205.2619639837297 0 99.01399739782107
119.5836716204826 0 148.041328474816
137.6142098574814 0 160.9378869991795
154.5838406563933 0 146.0041108387819
136.8812320387768 0 59.49076663105561
223.3683552209216 0 89.14514645184379
101.1744155486175 0 36.73515254535999
85.60200078937385 0 49.60238048889632
118.8646599114446 0 31.63566289008505
34.24553879736496 0 98.90172918296589
239.2836401780487 0 49.82796136986306
219.8182515558057 0 41.72654074362585
224.0149232159257 0 18.569982390053
204.9803888927116 0 29.21735458343553
68.46011605681146 0 138.4365929926226
85.59057216227913 0 148.4888078017182
68.56133331937174 0 158.7074198767535
51.37116700081484 0 168.0626032533435
86.29706369461742 0 168.7329607362378
102.6469667320911 0 158.4294703004391
34.13540502916594 0 158.0811984972936
32.08650119260763 0 179.4459955896258
238.8771725777374 0 128.2357172039915
222.1578283593213 0 138.4265541963609
220.3956465337373 0 161.0946657947366
205.0453773181908 0 148.3046415052792
203.9789618513348 0 130.0665307907427
187.0254805346393 0 140.203090366718
187.9384091254946 0 158.1732359699377
239.6550061077421 0 168.1988796641016
17.12180780711104 0 69.21543176601132
34.23979693214652 0 59.3283324942431
36.02398224594454 0 36.65925283412809
51.35336094711899 0 49.44743439436403
51.35730506445226 0 69.21692986905869
16.74607916115134 0 29.55804171463631
34.2430355541959 0 79.11849978305719
153.9745255808414 0 69.36543586914735
154.206564237064 0 50.00745563566443
170.5655150413635 0 40.38325132933495
137.6404827220784 0 36.88370834383992
220.2661693236806 0 120.1326742801021
187.7348170496336 0 51.04986117475158
17.12277361603075 0 108.7744645603575
136.8692286018218 0 79.23152170586437
102.6432284352135 0 138.4615963270612
102.6579817574947 0 118.7041901439117
153.6597314013773 0 127.4536266257114
85.58844359164159 0 69.33706847374172
169.439365593246 0 19.75686247646157
128.2004999749713 0 180.6762477887412
51.35959418521896 0 89.03038075158196
147.7686602005411 0 180.7335007435894
187.9299475961779 0 178.091210916992
188.151896305205 0 108.8719697984745
68.77123774472938 0 20.03671193115595
68.49525698506942 0 59.43964659365317
68.56340820620041 0 40.7592853116901
29.42849231282948 0 16.41429742128259
226.9763762100416 0 181.3428101290731
109.0051116943866 0 16.72409201683384
171.9548567083611 0 149.8661958489167
241.5743625500591 0 89.02551340649235
224.3945608500688 0 59.25733993172681
158.7595547447131 0 164.162089021286
118.6961944472488 0 165.7306154725845
128.7849003224587 0 16.67758213640322
155.7531960168656 0 32.80674360155859
83.12778936085765 0 33.02448964054151
54.44327188394559 0 32.99768318803216
49.4201301409794 0 184.4461675298592
206.6355756402431 0 12.75459994892567
203.0912842270336 0 164.6788222780035
186.936504378122 0 33.43526814451127
88.75419230747063 0 184.9230441173462
173.8421006643351 0 165.8624574758139
241.9197170779229 0 183.2617189785568
14.48117499188687 0 14.49517331278178
14.47168423344248 0 183.2712922772594
241.9293158290978 0 14.4857077386801
219.5362107308479 0 72.98480535542657
168.8989102099416 0 133.8160793379319
202.0430406973937 0 44.02738728219126
185.8653248649474 0 123.8375411697169
202.8898253844001 0 113.9446693160652
218.9771393989058 0 104.3751220796646
2 17 0 135
510
511
512
513
514
515
516
517
518
519
520
521
522
523
524
525
526
527
528
529
530
531
532
533
534
535
536
537
538
539
540
541
542
543
544
545
546
547
548
549
550
551
552
553
554
555
556
557
558
559
560
561
562
563
564
565
566
567
568
569
570
571
572
573
574
575
576
577
578
579
580
581
582
583
584
585
586
587
588
589
590
591
592
593
594
595
596
597
598
599
600
601
602
603
604
605
606
607
608
609
610
611
612
613
614
615
616
617
618
619
620
621
622
623
624
625
626
627
628
629
630
631
632
633
634
635
636
637
638
639
640
641
642
643
644
256.401 105.7039215247723 179.2885668143795
256.401 147.8160631468281 17.37813033441067
256.401 236.5545210059415 106.7629577715462
256.401 17.12386361907227 88.99642719679656
256.401 167.0379009527396 181.3879944465542
256.401 89.94760476033383 17.56534210878392
256.401 17.12305118017166 128.5471281123904
256.401 236.8469179065935 71.27065917347336
256.401 68.90406378362664 180.2621376648091
256.401 190.1470461005108 15.64874839494611
256.401 17.12443319459187 49.44282891112631
256.401 239.2755189093658 148.3123398250918
256.401 208.6861553941387 180.1625011091317
256.401 47.73082476599296 17.59449811622866
256.401 16.73398254384226 167.4302799585634
256.401 239.6719788941442 30.32789539856318
256.401 17.06850506471925 148.2230592763258
256.401 34.23005445703633 138.4220934057696
256.401 34.24351724441239 118.6701296385973
256.401 51.35060607704403 128.557703626877
256.401 51.36226586632809 108.8054521448976
256.401 68.46143008541216 118.6888216479671
256.401 68.47180051366993 98.94237403487269
256.401 85.56711145942144 108.8213924870676
256.401 85.57584014941759 89.07965048351805
256.401 102.6671896045762 98.95950104755802
256.401 102.6764428337162 79.21798030714145
256.401 119.7672121344157 89.09652126396595
256.401 119.7584776668279 108.8389319687245
256.401 136.8595752075688 98.97485692622222
256.401 136.8494173175516 118.7172795304376
256.401 153.9525949902351 108.8547576741919
256.401 153.9632216869307 89.10970308007924
256.401 171.0579069297452 98.99102216236821
256.401 171.0485031243563 118.7380924011853
256.401 171.0691262988223 79.24507836556417
256.401 68.4817522373456 79.18132890073288
256.401 119.7757058718939 69.35605495795822
256.401 85.5599148960992 128.5661991880837
256.401 188.1633649443033 89.12693750328044
256.401 188.1731763956765 69.38069135029392
256.401 171.0774809594334 59.50168799505673
256.401 102.687398300061 59.47995010069864
256.401 119.786200041785 49.618499097969
256.401 119.7500987137877 128.5790953169655
256.401 136.8381099098257 138.4566829609369
256.401 51.35848607198719 148.3131215820223
256.401 204.903640484803 80.04556065054481
256.401 207.0876309790286 59.47090220048521
256.401 205.2619639837297 99.01399739782107
256.401 119.5836716204826 148.041328474816
256.401 137.6142098574814 160.9378869991795
256.401 154.5838406563933 146.0041108387819
256.401 136.8812320387768 59.49076663105561
256.401 223.3683552384246 89.14514644512769
256.401 101.1744155486175 36.73515254535999
256.401 85.60200078937385 49.60238048889632
256.401 118.8646599114446 31.63566289008505
256.401 34.24553879736496 98.90172918296589
256.401 239.2836402223223 49.82796134495479
256.401 219.8182516154292 41.72654074429422
256.401 224.0149232768696 18.56998233155083
256.401 204.9803888924849 29.21735450709772
256.401 68.46011605681146 138.4365929926226
256.401 85.59057216227913 148.4888078017182
256.401 68.56133331937174 158.7074198767535
256.401 51.37116700081484 168.0626032533435
256.401 86.29706369461742 168.7329607362378
256.401 102.6469667320911 158.4294703004391
256.401 34.13540502916594 158.0811984972936
256.401 32.08650119260763 179.4459955896258
256.401 238.8771725777374 128.2357172039915
256.401 222.1578283593213 138.4265541963609
256.401 220.3956465337373 161.0946657947366
256.401 205.0453773181908 148.3046415052792
256.401 203.9789618513348 130.0665307907427
256.401 187.0254805346393 140.203090366718
256.401 187.9384091254946 158.1732359699377
256.401 239.6550061077421 168.1988796641016
256.401 17.12180780711104 69.21543176601132
256.401 34.23979693214652 59.3283324942431
256.401 36.02398224594454 36.65925283412809
256.401 51.35336094711899 49.44743439436403
256.401 51.35730506445226 69.21692986905869
256.401 16.74607916115134 29.55804171463631
256.401 34.2430355541959 79.11849978305719
256.401 153.9745255829504 69.36543586821338
256.401 154.2065642399417 50.00745565777833
256.401 170.5655150199804 40.3832513565643
256.401 137.6404827424763 36.88370836299249
256.401 220.2661693236806 120.1326742801021
256.401 187.7348171234148 51.04986118468522
256.401 17.12277361603075 108.7744645603575
256.401 136.8692286059593 79.23152170351329
256.401 102.6432284352135 138.4615963270612
256.401 102.6579817574947 118.7041901439117
256.401 153.6597314013773 127.4536266257114
256.401 85.58844359164159 69.33706847374172
256.401 169.4393655874063 19.75686247109017
256.401 128.2004999749713 180.6762477887412
256.401 51.35959418521896 89.03038075158196
256.401 147.7686602005411 180.7335007435894
256.401 187.9299475961779 178.091210916992
256.401 188.151896305205 108.8719697984745
256.401 68.77123774472938 20.03671193115595
256.401 68.49525698506942 59.43964659365317
256.401 68.56340820620041 40.7592853116901
256.401 29.42849231282948 16.41429742128259
256.401 226.9763762100416 181.3428101290731
256.401 109.0051116943866 16.72409201683384
256.401 171.9548567083611 149.8661958489167
256.401 241.5743625881993 89.02551340520543
256.401 224.3945608914953 59.25733991560938
256.401 158.7595547447131 164.162089021286
256.401 118.6961944472488 165.7306154725845
256.401 128.7849003247221 16.67758213861815
256.401 155.7531959843674 32.80674361190329
256.401 83.12778936085765 33.02448964054151
256.401 54.44327188394559 32.99768318803216
256.401 49.4201301409794 184.4461675298592
256.401 206.635575648451 12.75459990161204
256.401 203.0912842270336 164.6788222780035
256.401 186.9365044204427 33.43526814112663
256.401 88.75419230747063 184.9230441173462
256.401 173.8421006643351 165.8624574758139
256.401 241.9197170779229 183.2617189785568
256.401 14.48117499188687 14.49517331278178
256.401 14.47168423344248 183.2712922772594
256.401 241.9293158175341 14.48570771865121
256.401 219.5362107832767 72.98480534035565
256.401 168.8989102099416 133.8160793379319
256.401 202.0430407589268 44.0273872730233
256.401 185.8653248649474 123.8375411697169
256.401 202.8898253844001 113.9446693160652
256.401 218.9771394013307 104.3751220746988
2 21 0 135
645
646
647
648
649
650
651
652
653
654
655
656
657
658
659
660
661
662
663
664
665
666
667
668
669
670
671
672
673
674
675
676
677
678
679
680
681
682
683
684
685
686
687
688
689
690
691
692
693
694
695
696
697
698
699
700
701
702
703
704
705
706
707
708
709
710
711
712
713
714
715
716
717
718
719
720
721
722
723
724
725
726
727
728
729
730
731
732
733
734
735
736
737
738
739
740
741
742
743
744
745
746
747
748
749
750
751
752
753
754
755
756
757
758
759
760
761
762
763
764
765
766
767
768
769
770
771
772
773
774
775
776
777
778
779
150.7429243365881 256.401 18.71411230029352
108.5849370371771 256.401 180.3788695331323
239.2769164022061 256.401 108.7589511662382
19.84616668350576 256.401 90.99237446228143
89.36319299728808 256.401 16.36893712033385
166.4534208429211 256.401 180.1916575482267
19.55408230635479 256.401 126.4863408448265
239.2779487830861 256.401 69.20987196734808
66.25381732130823 256.401 182.1081589120273
187.6138324804318 256.401 17.8656225947361
239.2755415023624 256.401 148.3121873863053
17.12445560298571 256.401 49.44267632583642
47.71400947221056 256.401 17.59392336649575
208.670184000607 256.401 180.1619505860706
239.6694868812443 256.401 30.33550948006626
16.72902107207035 256.401 167.429104608595
239.33642742787 256.401 49.53862835420076
222.175060524742 256.401 59.33855936815638
222.1580883391786 256.401 79.08740787389306
205.0514214262756 256.401 69.19991651259767
205.0388337021932 256.401 88.95171692871618
187.9398054249992 256.401 79.06829211004469
187.929009401688 256.401 98.81465394606029
170.8338884282267 256.401 88.93560755936512
170.8252086253676 256.401 108.6772579105928
153.7338228767373 256.401 98.79748507342079
153.7245570598804 256.401 118.53901957849
136.6337898880973 256.401 108.6604762630952
136.6425246155262 256.401 88.91806611706845
119.5414257320458 256.401 98.78214229723653
119.5518852851246 256.401 79.03940930150029
102.4486296811782 256.401 88.901886364166
102.4378116843645 256.401 108.6472442711644
85.34333307793752 256.401 98.76598247915828
85.35249721965693 256.401 79.01890740848523
85.33191409023442 256.401 118.5119135584316
187.9195660385211 256.401 118.5749075161233
136.6252943710673 256.401 128.4009444935236
170.8411151800096 256.401 69.19081531939675
68.23763548594366 256.401 108.630062384425
68.22677142216988 256.401 128.3762349999437
85.32189618835477 256.401 138.2552905272512
153.713601571083 256.401 138.2770496272988
136.6147999591935 256.401 148.1385005290174
136.6509502384855 256.401 69.17785180031193
119.5631103058775 256.401 59.29992595584289
205.0554164424757 256.401 49.44722018405389
51.49715842750986 256.401 117.7114153604982
49.31118808247083 256.401 138.2859123497236
51.13903657133329 256.401 98.74300251932252
136.8399288408646 256.401 49.75009836482406
118.8050288194128 256.401 36.8197623387916
101.8203992974248 256.401 51.75014134367465
119.5197682260017 256.401 138.2662330019616
33.03244030068669 256.401 108.6114104670538
155.2266149950586 256.401 161.0218504362744
170.7989989835804 256.401 148.1546193018624
137.5363475068244 256.401 166.1213373873299
222.1552770535739 256.401 98.85458670986725
17.11735982161438 256.401 147.9290386893383
36.58144875769287 256.401 156.0304871279117
32.38591227439843 256.401 179.1870284688059
51.42024954671452 256.401 168.5396236583981
187.9466149842269 256.401 59.31997540784506
170.8485408140541 256.401 49.44642169239641
187.8999016379097 256.401 39.2850773978556
205.0510641844773 256.401 29.6978138853912
170.2591414759381 256.401 29.67197384322423
239.2789529614805 256.401 128.5393800282248
222.1605175959475 256.401 138.4252396831892
220.3766329569278 256.401 161.0957849335389
205.0464920097862 256.401 148.304642025281
205.0442283367941 256.401 128.5357906378858
239.6529790497628 256.401 168.1987268214588
17.52357375545055 256.401 69.51908243000955
34.24306304821091 256.401 59.3270993780545
36.00401597559446 256.401 36.66045558465959
51.35447581061355 256.401 49.44743452076545
52.42102058259414 256.401 67.68633478699091
69.37396464729038 256.401 57.54862200652718
68.46046917924606 256.401 39.57715479457283
16.74395483940119 256.401 29.55789384591014
36.1340617091719 256.401 77.62162797346002
102.4262565734387 256.401 128.3915682783818
102.1940876249395 256.401 147.7495239758721
85.83359167393043 256.401 157.3734915800029
118.7604610661162 256.401 160.8732844229951
222.1575027601763 256.401 118.6363161337017
222.2717308719536 256.401 39.68670527874581
68.66413858220432 256.401 146.7070187774011
239.2782357161648 256.401 88.98228251355602
153.7551823964451 256.401 39.57465414529853
119.5317473646713 256.401 118.5254742842754
153.7745895403694 256.401 59.36495088190216
153.7455135550906 256.401 79.06303692747832
224.3207215720692 256.401 18.31616558663889
102.7415513231956 256.401 70.30199521548607
170.8129530539134 256.401 128.4198146102695
128.2005000003184 256.401 17.08075227176764
108.635360419544 256.401 17.02398020788966
205.0415194984477 256.401 108.7254394758237
86.96123536713739 256.401 177.9999815751086
187.6305302621728 256.401 177.7199761121312
68.24910432269768 256.401 88.88503010153829
68.47053781068796 256.401 19.66453415526682
187.9066313337705 256.401 138.3166478580758
187.8383516222299 256.401 156.9964928693437
29.42373350750659 256.401 16.41411403650847
226.971848762481 256.401 181.3426294963764
147.3958961100365 256.401 181.032908020489
84.44578523752108 256.401 47.88499454084513
14.82656171928324 256.401 108.7312107613049
32.00570058750826 256.401 138.4996031740573
97.64594766376601 256.401 33.59374914082314
137.8043157587028 256.401 31.98372102674611
127.6160953680234 256.401 181.0794163468794
100.6473730608638 256.401 164.9501916847862
173.2734822663127 256.401 164.7323144764141
167.6468076925424 256.401 13.38976892840692
206.9882698766275 256.401 13.30938213398636
201.957549468016 256.401 164.7574657201798
49.76528892403393 256.401 185.0023806812655
53.3085512514607 256.401 33.07582999789314
69.46306839209446 256.401 164.3212985078096
82.55949303548608 256.401 31.89414970114523
241.9195124355555 256.401 183.2615149820694
14.48097028376174 256.401 14.4949691830797
241.9293158425867 256.401 14.48570770919358
14.47168417257515 256.401 183.2712922933931
36.86443561941587 256.401 124.7721110545858
87.50068286902389 256.401 63.93709831246961
54.35375455971938 256.401 153.7296139788886
70.53411416877564 256.401 73.91636458459612
53.50999674198457 256.401 83.81006932386001
37.42290895691571 256.401 93.38009832071967
2 25 0 135
780
781
782
783
784
785
786
787
788
789
790
791
792
793
794
795
796
797
798
799
800
801
802
803
804
805
806
807
808
809
810
811
812
813
814
815
816
817
818
819
820
821
822
823
824
825
826
827
828
829
830
831
832
833
834
835
836
837
838
839
840
841
842
843
844
845
846
847
848
849
850
851
852
853
854
855
856
857
858
859
860
861
862
863
864
865
866
867
868
869
870
871
872
873
874
875
876
877
878
879
880
881
882
883
884
885
886
887
888
889
890
891
892
893
894
895
896
897
898
899
900
901
902
903
904
905
906
907
908
909
910
911
912
913
914
0 150.6970784839366 179.2885667762102
0 108.5849370188027 17.37813035922089
0 19.84647916609915 106.7629575905766
0 239.2771363978661 88.99642713983513
0 89.36309904701288 181.3879944052515
0 166.4533953550498 17.56534207178803
0 19.55408239001855 71.27065901733251
0 239.277948833338 128.547128098682
0 187.4969362135317 180.2621375855323
0 66.25395406211544 15.64874839731024
0 239.2765668541913 49.44282892470132
0 17.12548093660472 148.3123398581636
0 47.71484447954547 180.1625011781716
0 208.6701752281519 17.59449815171305
0 239.6670174663078 167.4302798935535
0 16.72902103266691 30.32789543217871
0 239.3324949437367 148.223059218725
0 222.1709456183291 138.4220933061634
0 222.1574827799887 118.6701295568677
0 205.0503939571466 128.5577035127431
0 205.0387341199496 108.8054520603863
0 187.9395699018904 118.6888215485056
0 187.9291995110907 98.94237394494547
0 170.833888480666 108.8213923210942
0 170.8251598970842 89.079650305223
0 153.7338103783525 98.9595008238157
0 153.7245572207542 79.21798007606321
0 136.6337879717353 89.09652111968622
0 136.6425223936353 108.838931824842
0 119.5414248966448 98.97485673255946
0 119.5515828012615 118.7172793756801
0 102.4484052306507 108.8547574872624
0 102.437778501234 89.10970294873361
0 85.34309336436401 98.99102196369869
0 85.35249724275218 118.7380921846015
0 85.33187419299112 79.24507816716797
0 187.9192478304785 79.18132885295775
0 136.6252942069833 69.35605477285564
0 170.8410850266175 128.566199086749
0 68.23763545918936 89.12693715297931
0 68.22782426171818 69.38069095587547
0 85.32351972245623 59.50168781748228
0 153.7136017653841 59.47994993142522
0 136.6148001526354 49.61849894232383
0 136.6509012506922 128.5790951934636
0 119.5628901322103 138.4566827816324
0 205.0425140141809 148.3131214601567
0 51.49736012402982 80.04556013396648
0 49.31336968900082 59.47090191100544
0 51.13903637443585 99.01399687883456
0 136.8173283432664 148.0413283720096
0 118.78679014308 160.9378868854089
0 101.817159329026 146.0041108830223
0 119.5197683421165 59.49076659807691
0 33.03264516763392 89.14514609825248
0 155.2265846403677 36.73515239866322
0 170.7989994115185 49.602380369291
0 137.53634035954 31.63566280692511
0 222.1554611973317 98.90172912671926
0 17.11735983615365 49.8279613236267
0 36.58274867295108 41.72654069162994
0 32.38607668800679 18.5699823528663
0 51.42061109567685 29.21735456374206
0 187.9408839654473 138.4365929452704
0 170.8104278597083 148.4888077442938
0 187.8396667246208 158.7074197265074
0 205.0298331116041 168.0626030860343
0 170.1039363220766 168.7329606108219
0 153.7540332670866 158.4294702031805
0 222.2655950247537 158.081198379599
0 224.3144988705577 179.4459955175591
0 17.52382737536189 128.2357171529629
0 34.24317152705154 138.4265543419386
0 36.00535326500645 161.0946658911073
0 51.35562237038125 148.3046417887958
0 52.42203807616337 130.0665309424514
0 69.37551931821605 140.2030907193561
0 68.46259044174046 158.1732364414303
0 16.74599373623024 168.1988796657124
0 239.279192241097 69.21543174533545
0 222.1612031206928 59.32833248384411
0 220.3770178072793 36.65925287567654
0 205.0476390921592 49.4474344688006
0 205.043695072889 69.21692993500604
0 239.6549209103469 29.55804169521398
0 222.157964449842 79.11849978100783
0 102.4264748151267 69.36543579940644
0 102.1944363651201 50.00745559603887
0 85.83548567883604 40.38325123289088
0 118.7605176030783 36.88370835894805
0 36.13483065250358 120.1326741948728
0 68.66618372673153 51.04986094491439
0 239.2782264163356 108.7744645554398
0 119.5317715450121 79.23152160019873
0 153.7577715018336 138.4615962542277
0 153.7430182291611 118.7041900298462
0 102.7412687555426 127.4536265434346
0 170.8125564829048 69.33706837586567
0 128.2005000250487 180.6762477887429
0 205.0414058691449 89.03038068738336
0 86.96163480309089 19.75686245209483
0 108.6323398178881 180.7335006886316
0 187.6297623346716 20.03671193893962
0 68.24910388265454 108.8719696510974
0 68.471052236909 178.0912109793992
0 187.9057431589227 59.43964662704465
0 187.8375919124151 40.7592853310168
0 226.9725076845318 16.41429742987901
0 29.42462374804962 181.3428101282817
0 147.3958884634871 16.72409196970223
0 84.44614307912424 149.866196241519
0 14.82663760134962 89.02551332223914
0 32.00643955147635 59.25733974936384
0 97.6414452151202 164.1620889887226
0 137.7048055479417 165.7306154303131
0 127.6160998063329 16.67758212487203
0 100.6478045423517 32.80674364968072
0 173.2732107699605 33.02448956123335
0 201.9577281706823 32.99768320818462
0 206.9808698142704 184.4461674512884
0 49.7654243989853 12.75459991909347
0 53.3097154229914 164.6788223815183
0 69.46449640805689 33.43526795647711
0 167.6468076925424 184.9230440503789
0 82.55889929295058 165.8624573648588
0 14.48128298024375 183.2617189907724
0 241.9198250461972 14.49517328756906
0 241.9293157839516 183.2712922818633
0 14.47168410641035 14.48570769652511
0 36.86478989277539 72.98480499958428
0 87.50208986734137 133.8160795902646
0 54.35796016795943 44.02738701109013
0 70.53567516689223 123.8375413132767
0 53.51117458022999 113.9446692337527
0 37.42386076333105 104.3751216974345
2 26 0 178
915
916
917
918
919
920
921
922
923
924
925
926
927
928
929
930
931
932
933
934
935
936
937
938
939
940
941
942
943
944
945
946
947
948
949
950
951
952
953
954
955
956
957
958
959
960
961
962
963
964
965
966
967
968
969
970
971
972
973
974
975
976
977
978
979
980
981
982
983
984
985
986
987
988
989
990
991
992
993
994
995
996
997
998
999
1000
1001
1002
1003
1004
1005
1006
1007
1008
1009
1010
1011
1012
1013
1014
1015
1016
1017
1018
1019
1020
1021
1022
1023
1024
1025
1026
1027
1028
1029
1030
1031
1032
1033
1034
1035
1036
1037
1038
1039
1040
1041
1042
1043
1044
1045
1046
1047
1048
1049
1050
1051
1052
1053
1054
1055
1056
1057
1058
1059
1060
1061
1062
1063
1064
1065
1066
1067
1068
1069
1070
1071
1072
1073
1074
1075
1076
1077
1078
1079
1080
1081
1082
1083
1084
1085
1086
1087
1088
1089
1090
1091
1092
239.320247726509 128.2004999996938 197.757
17.08075227349325 128.2005000003241 197.757
127.2016945810266 17.11237158986931 197.757
128.2005000002604 239.3202477264393 197.757
69.03103846170845 239.3202477264395 197.757
17.08075227354718 69.03103846180363 197.757
238.8645513283341 187.6283651508568 197.757
186.3722445218577 16.5918286703189 197.757
18.76092780344163 188.0693998303396 197.757
68.69270065319303 17.67904351294658 197.757
239.320247726534 69.03103846137448 197.757
187.3699615386348 239.3202477264459 197.757
30.34752639895644 239.7606479885513 197.757
16.6403520114458 30.34752639895181 197.757
238.537793850738 225.0051784190005 197.757
227.0559100449489 16.32433050918146 197.757
17.08075227348046 147.9236538464498 197.757
34.16150454697841 138.0620769234069 197.757
34.16150454700448 118.3389230772739 197.757
51.24225682049392 128.2005000003667 197.757
51.2422568205222 108.477346154229 197.757
68.32300909401307 118.3389230773213 197.757
68.01430529198049 137.5273862538955 197.757
85.35231073383835 128.1113848888214 197.757
85.39518626192194 108.4624936356735 197.757
102.4745093511471 118.3215951390018 197.757
102.2545938709297 138.354058538019 197.757
119.3208880982878 129.2450810318464 197.757
119.522868896862 108.6485550031553 197.757
136.5982223823898 118.5415547241158 197.757
136.6460181880176 138.062076923555 197.757
136.6309860508456 98.67807598052616 197.757
153.7162991377531 108.52150255369 197.757
119.5652659145728 88.75419230817558 197.757
153.7225198847514 88.77193616631371 197.757
170.8050690849836 98.62608594088209 197.757
173.3954328742904 120.1596831068333 197.757
170.8064053639589 78.89729214643864 197.757
153.5408364982454 69.35527271025896 197.757
187.8876798384098 88.75669122006371 197.757
187.8879895850836 69.0322344076189 197.757
34.16150454694992 157.7852307695342 197.757
204.748767699506 78.89323119475365 197.757
204.7121569641291 59.16976349822526 197.757
204.9322181566459 98.61628835157438 197.757
34.16150454703067 98.61576923113432 197.757
51.24225682054835 88.75419230808281 197.757
186.3808664284666 48.16941332776859 197.757
205.4109520746994 39.65443921192998 197.757
222.0497795556464 88.75419230829716 197.757
221.9504551037789 51.2579218428546 197.757
222.0497795556193 108.4773461544361 197.757
205.7345796475382 117.0330319333814 197.757
34.16150454706298 78.89261538497318 197.757
51.24225682058625 69.03103846193386 197.757
68.32300909407051 78.89261538503214 197.757
68.32300909409926 59.16946153888878 197.757
51.2422568206089 49.30788461576757 197.757
85.4037613675882 69.03103846198479 197.757
85.40376136761809 49.30788461584774 197.757
102.4845136411045 59.16946153894085 197.757
102.2801231681971 39.8003223765155 197.757
119.5652659146227 49.307884615899 197.757
85.79111296885927 29.92624250180174 197.757
104.6005871618732 19.1197274568331 197.757
49.43501722045571 239.3936477701298 197.757
59.19065030609613 222.2517287935125 197.757
78.89614684603421 222.2415343429859 197.757
69.03515849980927 205.1611218844808 197.757
88.75546755774759 205.1594794452137 197.757
78.89351459942495 188.0785100676604 197.757
98.61613164167626 188.0782001437648 197.757
108.4776190974514 205.1589007632923 197.757
118.3390289694355 188.0780520427843 197.757
128.200563139461 205.1587796327946 197.757
138.0621050951614 188.0780071708603 197.757
147.9236690648484 205.1587519657108 197.757
157.7852380011115 188.0779950810099 197.757
167.646811434167 205.1587453395423 197.757
177.5083864444248 188.0779919616589 197.757
167.6468092025329 170.9972395040882 197.757
187.3699620950861 170.9972389535005 197.757
197.2315388592473 188.0779911352603 197.757
207.0931153847497 170.9972386321832 197.757
59.17029808071587 188.0784738836713 197.757
197.2315385543986 154.0157039761636 197.757
89.21830156006178 172.3474782522451 197.757
217.0592365402678 154.7082084413574 197.757
128.20052234418 171.3404391516712 197.757
157.7852339294481 222.2394972772713 197.757
217.451089940831 188.0030533181608 197.757
207.1758483898715 205.1462536195825 197.757
227.0288279924306 205.8525768908131 197.757
217.1527012013186 222.9070674986241 197.757
226.7747056304598 170.4682632890286 197.757
237.9882374673565 151.2385350221543 197.757
177.5083849149698 222.239495625651 197.757
118.3389790909242 222.2395277924436 197.757
197.2783288280338 222.3486758959762 197.757
206.9727175776294 239.5427740007155 197.757
167.6468082690898 239.3202480593152 197.757
88.75478088478604 239.3205875414599 197.757
39.59816052610115 222.3271677273042 197.757
18.16868232266538 224.276408862932 197.757
29.74899513724101 205.8338043150583 197.757
49.36492837373098 205.288381251648 197.757
39.72595500602813 188.6727527476425 197.757
50.2577907461817 168.8290936006657 197.757
70.53900247766911 172.0852965833049 197.757
17.00735222987039 49.43501722050604 197.757
34.07587116279598 39.59462906493869 197.757
32.12488240708037 18.16817782820825 197.757
51.08230019792202 29.5803778071074 197.757
206.4650187894127 19.53848856392201 197.757
108.4774535858655 239.3203097521986 197.757
147.7571862760864 17.08602215957764 197.757
137.1301219193143 37.11099040129449 197.757
158.1204781442343 33.72037274624515 197.757
138.0620852767399 222.2395002757104 197.757
85.40233218329156 88.75171688836249 197.757
177.7687008164581 154.0833162480525 197.757
158.4789265107332 155.2860324385331 197.757
185.9584070864134 137.6910593021764 197.757
187.3915498117857 205.1748589296118 197.757
108.9635604163897 171.515533507218 197.757
119.2165878209911 151.4036209027772 197.757
68.39409082478853 39.24309917321059 197.757
188.169333321972 108.2624540100223 197.757
83.73062911372034 145.7505997450657 197.757
153.3047151430659 127.4912675803218 197.757
102.4741127081453 98.63852805990757 197.757
68.3213417123946 98.61288124145018 197.757
98.61674117713483 222.2400566062656 197.757
102.4825419548834 78.89599595323475 197.757
119.5649373002313 69.03160189006132 197.757
136.6117606394595 78.96009009905421 197.757
50.71802470575145 147.4968957166798 197.757
148.0392796794849 171.6258875698704 197.757
17.08075227351237 108.4773461541756 197.757
17.00098010823584 167.1401864007004 197.757
169.7947299933156 60.27729012660023 197.757
136.5049094835487 59.1661182003739 197.757
167.46868183118 16.9247924031321 197.757
147.9236558614051 239.3202488897894 197.757
17.08075227352553 88.75419230798987 197.757
34.13499897574528 59.21537053498717 197.757
206.4261882473612 136.290652266339 197.757
176.2984291273171 31.99971769174255 197.757
226.118122381775 240.1293120599414 197.757
240.5169920312683 28.89625489980521 197.757
240.3379772322878 107.6216630248233 197.757
242.9020009028936 88.58305568188723 197.757
218.5562814099189 69.42122946110103 197.757
240.0980058252711 48.36882108137442 197.757
166.5282996613407 139.4394420398255 197.757
221.3911376298997 126.4770530685624 197.757
139.5468969876366 155.2362880386651 197.757
153.0373081787911 51.06222796190002 197.757
118.2079484141553 32.26699059777884 197.757
97.10116606329979 156.6620713147836 197.757
222.6498457650075 33.60067274675777 197.757
66.47078628192439 154.5770867522101 197.757
49.51489364353531 13.1790819903182 197.757
13.21200786331541 207.0931153845396 197.757
243.4466346343005 206.5344702459316 197.757
87.56256988884969 13.60074296607416 197.757
32.002696025543 173.7692185727939 197.757
243.4060062510067 168.0550749930319 197.757
225.474620918674 140.3662065664539 197.757
14.43835070093738 241.9626492990889 197.757
14.43835070091191 14.43835070093595 197.757
241.9626492990928 241.9626492990693 197.757
242.0630705853119 14.33792941466651 197.757
191.9125563834438 31.61324032114977 197.757
191.0529521497589 122.7191184024941 197.757
168.7263623744249 45.04580437085131 197.757
150.7188696521373 142.7665277352819 197.757
80.33998354751682 160.439590813859 197.757
2 35 0 13
1093
1094
1095
1096
1097
1098
1099
1100
1101
1102
1103
1104
1105
69.0310384818177 0 212.8784994134158
49.30788464369866 0 212.8784995454788
88.75419231037964 0 212.8784991755302
30.37202175221091 0 212.9814851409354
108.4773461538689 0 212.8784991226683
128.2005000314981 0 212.8784991951521
147.9236538582946 0 212.8784994602733
226.0289783161598 0 212.981485129004
167.6468077005011 0 212.8784993964266
207.0931153844939 0 212.8784995037931
187.3699614526497 0 212.8784995113551
241.6086346588846 0 214.0079633948366
14.79236550072802 0 214.007963499025
2 39 0 13
1106
1107
1108
1109
1110
1111
1112
1113
1114
1115
1116
1117
1118
256.401 69.03103847180481 212.8784992336944
256.401 49.30788463978979 212.8784994753194
256.401 88.75419230853096 212.8784991285789
256.401 30.37202174677578 212.9814851334557
256.401 108.4773461647894 212.8784991178971
256.401 128.2005000486034 212.8784991944734
256.401 147.9236538458655 212.8784995037931
256.401 226.0289783161598 212.9814850825776
256.401 167.646807695649 212.8784994134158
256.401 207.0931153844939 212.8784990751213
256.401 187.3699615154986 212.8784991468419
256.401 241.6086346588846 214.0079633948366
256.401 14.79236550072802 214.007963499025
2 43 0 13
1119
1120
1121
1122
1123
1124
1125
1126
1127
1128
1129
1130
1131
226.0289782602717 256.401 212.9814851356747
167.6468076925402 256.401 212.8784992460715
187.3699615386328 256.401 212.8784993447916
207.0931153847255 256.401 212.8784995037931
147.9236538686595 256.401 212.8784991298366
128.2004999914617 256.401 212.878499118025
108.4773461296818 256.401 212.8784992422396
69.03103846949698 256.401 212.8784991883878
49.30788462594317 256.401 212.878499328707
88.7541922587432 256.401 212.8784993555277
30.37202171796089 256.401 212.9814851143409
14.79236542982955 256.401 214.007963452684
241.6086345170166 256.401 214.0079634874557
2 47 0 13
1132
1133
1134
1135
1136
1137
1138
1139
1140
1141
1142
1143
1144
0 226.0289782423681 212.9814851349373
0 187.3699615386338 212.8784994134158
0 167.6468077778885 212.8784995179874
0 207.0931153847255 212.8784995037931
0 147.923653889687 212.8784995338617
0 128.2004999745034 212.878499425154
0 108.4773461151715 212.8784993947273
0 69.03103846949698 212.8784991883878
0 49.30788462594317 212.878499328707
0 88.75419225307874 212.8784994150556
0 30.37202171796089 212.9814851143409
0 14.79236542982955 214.007963452684
0 241.6086345170166 214.0079634874557
2 48 0 178
1145
1146
1147
1148
1149
1150
1151
1152
1153
1154
1155
1156
1157
1158
1159
1160
1161
1162
1163
1164
1165
1166
1167
1168
1169
1170
1171
1172
1173
1174
1175
1176
1177
1178
1179
1180
1181
1182
1183
1184
1185
1186
1187
1188
1189
1190
1191
1192
1193
1194
1195
1196
1197
1198
1199
1200
1201
1202
1203
1204
1205
1206
1207
1208
1209
1210
1211
1212
1213
1214
1215
1216
1217
1218
1219
1220
1221
1222
1223
1224
1225
1226
1227
1228
1229
1230
1231
1232
1233
1234
1235
1236
1237
1238
1239
1240
1241
1242
1243
1244
1245
1246
1247
1248
1249
1250
1251
1252
1253
1254
1255
1256
1257
1258
1259
1260
1261
1262
1263
1264
1265
1266
1267
1268
1269
1270
1271
1272
1273
1274
1275
1276
1277
1278
1279
1280
1281
1282
1283
1284
1285
1286
1287
1288
1289
1290
1291
1292
1293
1294
1295
1296
1297
1298
1299
1300
1301
1302
1303
1304
1305
1306
1307
1308
1309
1310
1311
1312
1313
1314
1315
1316
1317
1318
1319
1320
1321
1322
239.320247726509 128.2004999996938 228
17.08075227349325 128.2005000003241 228
127.2016945810266 17.11237158986937 228
128.2005000002604 239.3202477264393 228
69.03103846170849 239.3202477264394 228
17.08075227354718 69.0310384618036 228
238.8645513283344 187.6283651508566 228
186.3722445218577 16.5918286703189 228
18.76092780344149 188.0693998303396 228
68.69270065319309 17.67904351294658 228
239.320247726534 69.03103846137448 228
187.369961538635 239.3202477264459 228
30.34752639895643 239.7606479885514 228
16.6403520114458 30.34752639895181 228
238.5377938507383 225.0051784190005 228
227.0559100449489 16.32433050918149 228
17.08075227348046 147.9236538464498 228
34.16150454697841 138.0620769234069 228
34.16150454700448 118.3389230772739 228
51.24225682049394 128.2005000003667 228
51.24225682052221 108.477346154229 228
68.32300909401309 118.3389230773213 228
68.01430529198046 137.5273862538955 228
85.35231073383832 128.1113848888215 228
85.39518626192194 108.4624936356735 228
102.4745093511471 118.3215951390019 228
102.2545938709297 138.3540585380194 228
119.3208880982878 129.2450810318468 228
119.522868896862 108.6485550031554 228
136.5982223823897 118.541554724116 228
136.6460181880176 138.0620769235551 228
136.6309860508456 98.6780759805263 228
153.7162991377531 108.5215025536902 228
119.5652659145729 88.7541923081757 228
153.7225198847515 88.77193616631388 228
170.8050690849836 98.62608594088229 228
173.3954328742905 120.1596831068336 228
170.806405363959 78.89729214643882 228
153.5408364982455 69.35527271025914 228
187.8876798384099 88.75669122006389 228
187.8879895850836 69.03223440761906 228
34.16150454694992 157.7852307695342 228
204.7487676995061 78.89323119475382 228
204.7121569641292 59.16976349822546 228
204.932218156646 98.61628835157452 228
34.16150454703069 98.61576923113432 228
51.24225682054836 88.75419230808281 228
186.3808664284666 48.16941332776872 228
205.4109520746995 39.65443921193011 228
222.0497795556465 88.75419230829722 228
221.9504551037789 51.2579218428548 228
222.0497795556195 108.4773461544362 228
205.7345796475383 117.0330319333815 228
34.16150454706299 78.89261538497315 228
51.24225682058628 69.03103846193387 228
68.32300909407053 78.89261538503219 228
68.32300909409932 59.16946153888883 228
51.24225682060897 49.30788461576758 228
85.40376136758825 69.03103846198486 228
85.4037613676182 49.30788461584781 228
102.4845136411046 59.16946153894097 228
102.2801231681972 39.80032237651564 228
119.5652659146228 49.30788461589924 228
85.79111296885942 29.9262425018018 228
104.6005871618734 19.11972745683319 228
49.43501722045571 239.3936477701298 228
59.19065030609612 222.2517287935125 228
78.8961468460343 222.2415343429858 228
69.03515849980928 205.1611218844808 228
88.75546755774769 205.1594794452137 228
78.893514599425 188.0785100676604 228
98.61613164167719 188.0782001437655 228
108.4776190974517 205.1589007632924 228
118.3390289694365 188.0780520427851 228
128.2005631394613 205.1587796327948 228
138.0621050951618 188.0780071708605 228
147.9236690648485 205.158751965711 228
157.7852380011117 188.0779950810101 228
167.6468114341671 205.1587453395425 228
177.508386444425 188.0779919616591 228
167.646809202533 170.9972395040884 228
187.3699620950862 170.9972389535006 228
197.2315388592475 188.0779911352604 228
207.0931153847498 170.9972386321832 228
59.1702980807157 188.0784738836712 228
197.2315385543986 154.0157039761636 228
89.21830156006288 172.3474782522463 228
217.0592365402678 154.7082084413572 228
128.200522344181 171.3404391516723 228
157.7852339294482 222.2394972772713 228
217.4510899408313 188.0030533181606 228
207.175848389872 205.1462536195825 228
227.028827992431 205.852576890813 228
217.1527012013193 222.9070674986242 228
226.77470563046 170.4682632890282 228
237.9882374673565 151.2385350221541 228
177.5083849149699 222.2394956256512 228
118.3389790909243 222.2395277924436 228
197.2783288280343 222.3486758959763 228
206.9727175776299 239.5427740007157 228
167.6468082690898 239.3202480593151 228
88.75478088478607 239.3205875414598 228
39.59816052610106 222.3271677273042 228
18.1686823226653 224.2764088629321 228
29.74899513724082 205.8338043150583 228
49.36492837373083 205.288381251648 228
39.72595500602796 188.6727527476424 228
50.25779074618158 168.8290936006656 228
70.53900247766923 172.0852965833051 228
17.0073522298704 49.43501722050603 228
34.07587116279598 39.59462906493869 228
32.12488240708037 18.16817782820825 228
51.08230019792204 29.58037780710739 228
206.4650187894128 19.53848856392208 228
108.4774535858656 239.3203097521985 228
147.7571862760864 17.08602215957765 228
137.1301219193143 37.11099040129461 228
158.1204781442343 33.7203727462452 228
138.0620852767399 222.2395002757106 228
85.40233218329158 88.75171688836255 228
177.7687008164581 154.0833162480526 228
158.4789265107333 155.2860324385333 228
185.9584070864135 137.6910593021765 228
108.9635604163905 171.5155335072193 228
119.2165878209916 151.4036209027781 228
187.3915498117859 205.174858929612 228
68.39409082478863 39.24309917321061 228
188.1693333219721 108.2624540100226 228
153.304715143066 127.491267580322 228
83.73062911372052 145.7505997450662 228
102.4741127081453 98.63852805990766 228
68.32134171239461 98.61288124145022 228
98.61674117713495 222.2400566062656 228
102.4825419548834 78.89599595323486 228
119.5649373002313 69.03160189006149 228
136.6117606394596 78.96009009905438 228
50.71802470575143 147.4968957166798 228
148.0392796794852 171.6258875698707 228
17.08075227351238 108.4773461541756 228
17.00098010823579 167.1401864007003 228
169.7947299933156 60.27729012660036 228
136.5049094835487 59.16611820037407 228
167.46868183118 16.92479240313212 228
147.9236558614051 239.3202488897894 228
17.08075227352554 88.75419230798987 228
34.13499897574529 59.21537053498714 228
206.4261882473613 136.2906522663391 228
176.2984291273171 31.9997176917426 228
226.1181223817756 240.1293120599417 228
240.5169920312684 28.89625489980526 228
240.3379772322879 107.6216630248233 228
242.9020009028937 88.58305568188725 228
218.5562814099189 69.42122946110116 228
240.0980058252711 48.36882108137446 228
166.5282996613408 139.4394420398258 228
221.3911376298997 126.4770530685625 228
139.5468969876368 155.2362880386655 228
153.0373081787911 51.0622279619001 228
118.2079484141554 32.266990597779 228
97.1011660633002 156.6620713147844 228
222.6498457650077 33.60067274675792 228
66.47078628192428 154.5770867522101 228
49.51489364353531 13.17908199031819 228
13.21200786331519 207.0931153845398 228
243.4466346343007 206.5344702459316 228
87.56256988884986 13.60074296607416 228
32.0026960255429 173.7692185727937 228
243.4060062510073 168.055074993031 228
225.4746209186739 140.3662065664539 228
14.43835070093738 241.9626492990889 228
14.43835070091191 14.43835070093595 228
241.9626492990928 241.9626492990693 228
242.0630705853119 14.33792941466653 228
191.9125563834439 31.61324032114976 228
191.0529521497592 122.7191184024943 228
168.726362374425 45.04580437085141 228
150.7188696521373 142.7665277352821 228
80.33998354751692 160.4395908138594 228
3 1 0 824
1323
1324
1325
1326
1327
1328
1329
1330
1331
1332
1333
1334
1335
1336
1337
1338
1339
1340
1341
1342
1343
1344
1345
1346
1347
1348
1349
1350
1351
1352
1353
1354
1355
1356
1357
1358
1359
1360
1361
1362
1363
1364
1365
1366
1367
1368
1369
1370
1371
1372
1373
1374
1375
1376
1377
1378
1379
1380
1381
1382
1383
1384
1385
1386
1387
1388
1389
1390
1391
1392
1393
1394
1395
1396
1397
1398
1399
1400
1401
1402
1403
1404
1405
1406
1407
1408
1409
1410
1411
1412
1413
1414
1415
1416
1417
1418
1419
1420
1421
1422
1423
1424
1425
1426
1427
1428
1429
1430
1431
1432
1433
1434
1435
1436
1437
1438
1439
1440
1441
1442
1443
1444
1445
1446
1447
1448
1449
1450
1451
1452
1453
1454
1455
1456
1457
1458
1459
1460
1461
1462
1463
1464
1465
1466
1467
1468
1469
1470
1471
1472
1473
1474
1475
1476
1477
1478
1479
1480
1481
1482
1483
1484
1485
1486
1487
1488
1489
1490
1491
1492
1493
1494
1495
1496
1497
1498
1499
1500
1501
1502
1503
1504
1505
1506
1507
1508
1509
1510
1511
1512
1513
1514
1515
1516
1517
1518
1519
1520
1521
1522
1523
1524
1525
1526
1527
1528
1529
1530
1531
1532
1533
1534
1535
1536
1537
1538
1539
1540
1541
1542
1543
1544
1545
1546
1547
1548
1549
1550
1551
1552
1553
1554
1555
1556
1557
1558
1559
1560
1561
1562
1563
1564
1565
1566
1567
1568
1569
1570
1571
1572
1573
1574
1575
1576
1577
1578
1579
1580
1581
1582
1583
1584
1585
1586
1587
1588
1589
1590
1591
1592
1593
1594
1595
1596
1597
1598
1599
1600
1601
1602
1603
1604
1605
1606
1607
1608
1609
1610
1611
1612
1613
1614
1615
1616
1617
1618
1619
1620
1621
1622
1623
1624
1625
1626
1627
1628
1629
1630
1631
1632
1633
1634
1635
1636
1637
1638
1639
1640
1641
1642
1643
1644
1645
1646
1647
1648
1649
1650
1651
1652
1653
1654
1655
1656
1657
1658
1659
1660
1661
1662
1663
1664
1665
1666
1667
1668
1669
1670
1671
1672
1673
1674
1675
1676
1677
1678
1679
1680
1681
1682
1683
1684
1685
1686
1687
1688
1689
1690
1691
1692
1693
1694
1695
1696
1697
1698
1699
1700
1701
1702
1703
1704
1705
1706
1707
1708
1709
1710
1711
1712
1713
1714
1715
1716
1717
1718
1719
1720
1721
1722
1723
1724
1725
1726
1727
1728
1729
1730
1731
1732
1733
1734
1735
1736
1737
1738
1739
1740
1741
1742
1743
1744
1745
1746
1747
1748
1749
1750
1751
1752
1753
1754
1755
1756
1757
1758
1759
1760
1761
1762
1763
1764
1765
1766
1767
1768
1769
1770
1771
1772
1773
1774
1775
1776
1777
1778
1779
1780
1781
1782
1783
1784
1785
1786
1787
1788
1789
1790
1791
1792
1793
1794
1795
1796
1797
1798
1799
1800
1801
1802
1803
1804
1805
1806
1807
1808
1809
1810
1811
1812
1813
1814
1815
1816
1817
1818
1819
1820
1821
1822
1823
1824
1825
1826
1827
1828
1829
1830
1831
1832
1833
1834
1835
1836
1837
1838
1839
1840
1841
1842
1843
1844
1845
1846
1847
1848
1849
1850
1851
1852
1853
1854
1855
1856
1857
1858
1859
1860
1861
1862
1863
1864
1865
1866
1867
1868
1869
1870
1871
1872
1873
1874
1875
1876
1877
1878
1879
1880
1881
1882
1883
1884
1885
1886
1887
1888
1889
1890
1891
1892
1893
1894
1895
1896
1897
1898
1899
1900
1901
1902
1903
1904
1905
1906
1907
1908
1909
1910
1911
1912
1913
1914
1915
1916
1917
1918
1919
1920
1921
1922
1923
1924
1925
1926
1927
1928
1929
1930
1931
1932
1933
1934
1935
1936
1937
1938
1939
1940
1941
1942
1943
1944
1945
1946
1947
1948
1949
1950
1951
1952
1953
1954
1955
1956
1957
1958
1959
1960
1961
1962
1963
1964
1965
1966
1967
1968
1969
1970
1971
1972
1973
1974
1975
1976
1977
1978
1979
1980
1981
1982
1983
1984
1985
1986
1987
1988
1989
1990
1991
1992
1993
1994
1995
1996
1997
1998
1999
2000
2001
2002
2003
2004
2005
2006
2007
2008
2009
2010
2011
2012
2013
2014
2015
2016
2017
2018
2019
2020
2021
2022
2023
2024
2025
2026
2027
2028
2029
2030
2031
2032
2033
2034
2035
2036
2037
2038
2039
2040
2041
2042
2043
2044
2045
2046
2047
2048
2049
2050
2051
2052
2053
2054
2055
2056
2057
2058
2059
2060
2061
2062
2063
2064
2065
2066
2067
2068
2069
2070
2071
2072
2073
2074
2075
2076
2077
2078
2079
2080
2081
2082
2083
2084
2085
2086
2087
2088
2089
2090
2091
2092
2093
2094
2095
2096
2097
2098
2099
2100
2101
2102
2103
2104
2105
2106
2107
2108
2109
2110
2111
2112
2113
2114
2115
2116
2117
2118
2119
2120
2121
2122
2123
2124
2125
2126
2127
2128
2129
2130
2131
2132
2133
2134
2135
2136
2137
2138
2139
2140
2141
2142
2143
2144
2145
2146
157.7106934226696 147.0974730491963 98.8785
89.22073812485104 89.73196369674407 89.72169022827808
80.70748005248551 165.8893342686101 116.6991769026126
179.843259526858 76.77195570426326 121.2676476823334
149.7686837940681 91.65953710671592 65.17810728181735
117.9028374065597 190.0487302657885 66.76051833106824
192.0034998740695 191.7388090786089 131.6450655796389
191.6993173630711 192.0690000962682 66.77541882413892
127.3609456338534 107.123498880049 135.9021866641544
62.41548712734271 139.6859937085635 62.57072238234252
130.7316448860361 195.6550547158682 136.923521333958
61.01643454667057 61.19112427447819 136.5537818630837
200.1485490293524 112.8280427178366 81.86701461239804
59.60323765416454 197.937342804045 71.81932441040672
198.0722850675745 130.0377509622022 137.9761038393816
198.2219515705395 58.59603774686661 58.65963441241043
128.1671314520876 55.73491558708308 112.4743023514841
55.71693808208881 116.3390665252904 126.3651791919744
58.84189632057318 55.86807672876434 55.8328086596947
116.9261050098338 135.403680221503 64.34219527248877
114.1461313267462 52.30434245654674 61.2400500543348
59.19451838777574 204.3707556100731 145.840141175902
149.3623439020539 150.4795909561667 148.217616225241
175.8490784257069 145.8182662502068 50.74712470968426
205.0283662151408 158.1940865140815 98.97686835231553
154.3529714033201 207.2175771190209 95.20231984808105
97.51627107273342 209.0752748252376 105.4460693952458
91.86719816633656 134.9531600724534 151.1069486375598
207.6990321150452 48.70185999822385 149.8588023932237
105.1248749358972 68.57914028080822 151.5955577212459
49.49895417810742 156.329243299117 151.1468066443432
79.06720501047313 99.70859100901396 45.33984394428972
45.54312968092714 99.11791412320926 77.35028893905942
78.62568617014628 45.16945956186769 96.78898496135476
160.8177522620805 46.23632768633679 151.4691713750077
167.1537346017604 45.1524018611072 90.08227423696748
210.8607385604125 47.58401685957884 104.0364497658784
118.879582684739 145.5488463700057 117.9060596870152
154.2796958976619 210.2581672082723 45.85240665576275
212.9211310045277 213.2170875784839 99.21992902078502
212.1009875615378 124.1785725794215 42.03349498136629
43.12340113922567 163.6981224197702 93.96351854640498
83.79091651606888 173.612318096683 43.8858880810244
156.5002113433428 45.38124822152901 45.70079243870017
95.93933795648215 177.7948810545675 155.3843119931828
154.7782815905109 105.6910648529735 104.2997034201698
167.2100856298883 103.1576568358667 154.1367830555457
164.5511583487622 214.4796199047544 155.8197788085005
87.35973283843769 131.0510659411355 94.81872997127853
214.6831465153252 165.0063905904512 156.1134022271122
209.0444664994405 91.73643128647623 155.1272243716845
41.52550669911934 174.8204900935054 41.26618809224757
40.8583931682186 63.65187371491875 99.62658198969007
91.11256959390607 215.1855685541146 41.03636379159479
211.0404873439436 165.734709421738 41.05744612448341
138.6327861543854 163.4155972856242 41.40384762646421
183.8041762478731 93.58757537048918 41.19715597517108
41.6830812949662 91.92036846544195 157.2158605820676
216.5561231436888 93.78606619172101 114.3273920136988
42.04999806855628 214.2941966284562 107.5918808187427
41.356814415506 113.6157439446553 39.66823319562086
104.2904188006077 216.9589991799563 158.3574084178547
119.4023500189443 102.594402197958 40.29883728169293
216.9377396920234 205.1680884054019 38.72851513214013
89.96506737408946 96.82320746578569 128.5513529394443
159.23385289783 175.9990901558609 122.6468263545956
203.7248027690003 217.4118013704894 159.1758449033437
157.2208073962647 175.7512517167418 72.95629407017555
126.96544212835 179.5782595398185 102.4184351890117
177.7109788196412 172.3172779060183 161.0221692480662
98.33483415248104 37.49360636039437 129.3471807613164
45.33664708679864 214.2979261180713 38.51206307038847
154.3442080337738 117.3675220505369 37.51811815232303
119.4322250765981 111.6702358898958 93.27467560346172
91.76021955813569 165.9408026916027 80.29118493554458
90.33790549976392 135.1292974079975 37.08933507855163
180.6641144795995 80.59489330673867 83.75885515885781
219.4610442570684 90.27838514612789 57.90926598853706
124.9061958337915 37.25310580847093 160.5639248642852
173.9765641982871 180.1054234364328 36.24195979102839
36.32005585716546 181.5525710210148 126.4446974160782
164.7257374370027 122.2707065130872 74.68153514650885
87.50315066375059 37.91880210151342 37.5597655004136
80.84066978972771 42.45515499921667 161.630721148689
140.8300870607212 76.94707424997029 160.3457259589549
35.72016196113015 127.9491209610104 97.8480875959653
77.01741904569494 103.2617995538447 162.3459847425914
36.17979238466412 36.17785334884748 76.30752110089152
42.82756793215045 37.305165863403 160.4601544326283
36.74141007394699 36.3847020703188 124.104545294726
181.3263740521799 221.3374986276388 114.2900764577526
165.6175810266184 129.0502595066346 126.9452429201782
181.3658008354465 36.38118821813827 122.7340320700079
221.3555858337294 140.1775520266398 72.69646985460705
123.3736024242576 221.0986228765972 83.76569477176849
123.5973181598213 77.40631303360524 84.62330737169948
144.3991806232125 180.3757278541888 164.6242452131649
221.5209450807269 35.49186781148917 72.34800882357547
221.8961304680264 129.0718613664505 111.2440761649986
35.81280002013852 77.33606590755385 36.74691309746462
100.3213458128877 72.69542735927122 35.22324806390116
222.2761545260778 183.7238268797946 115.7918584328192
124.7691176548227 129.7894926850916 162.8647825789423
222.6847243358352 182.5142026748109 80.57539984770602
182.9399939688737 184.594117926778 99.21482170252125
141.4418513023236 75.48231488173312 34.85679333385627
133.8611388558654 34.74658899344541 84.67089802976957
146.4898322975508 80.91578661492248 125.9588024904357
178.4870061651829 223.0431141943487 75.69350397975603
34.51652836777869 88.72730779939734 123.1473097068122
148.6510550122405 222.9136320059523 125.4736911062454
221.8127089779626 123.4219168116355 162.8660798006672
85.32062986776002 221.5607264432215 75.03000727677694
177.2127938191275 137.9424621899168 164.3449094975579
33.55132261125348 128.2005000003396 164.2832034894629
125.5221382957964 195.3180291968469 33.24398796831268
222.5631240733072 222.9900539604576 67.64520285617131
186.7123106323013 107.9613835759686 112.6371556247486
96.87066446084553 67.61222410351198 113.6841347079322
125.7432629897254 34.05512031139558 33.94749779804561
223.7370087513453 213.9866430395379 131.6550645941041
223.9667439244848 74.24293744252759 87.53112201949433
34.10406232239056 222.0279961327232 70.84759815784287
222.5930739056324 63.04403727908453 34.07560223800774
185.8230434830476 221.4286834585961 34.37568137382047
110.4931421548925 99.20017366273704 164.9078914929276
83.634793827622 223.2930759971731 132.581499547734
209.9966073661273 32.56224546408594 40.84757710738058
65.06460554739959 83.02761112681232 111.478602101041
187.4556970642525 159.336053800256 126.9510073447656
67.99338424667739 193.797032540549 103.7618568228637
122.1196839469667 165.5989270227402 142.2704190701967
181.0478186110687 72.28353612694077 163.4832295156311
33.10551394566527 223.2952950404074 138.1903992229317
116.100611607085 223.7045877389481 128.6084569322281
34.2910806539626 185.7276359885587 160.5347256552174
32.2484261420437 144.4564996973347 32.30715057264683
126.1978461292065 134.0461827684418 32.6147562480329
32.47405443580193 148.654307605627 123.6485513067529
133.1764009890438 156.7806103139743 81.24333374632268
135.1186317757411 224.0628592601677 165.5081529742341
225.1218089675475 65.17005654557894 127.6253273128844
31.37317853905138 144.724101580619 70.44802953508304
149.2616169610131 31.18020829086235 118.0826323081397
30.91739254421359 182.8586015969845 70.8310246389624
94.52871482822644 113.4967088635325 69.37574722369739
35.76248600830239 36.21037574867605 36.01904657335101
180.5668586914809 156.2385113453886 79.74851085277682
74.8773779643417 30.54803966445652 68.12647537765439
124.0232531461134 224.2951727667387 50.2778674463822
76.26136205725508 156.6678043923083 167.0985807581291
66.30973931967155 73.05587336435636 166.0878773451412
104.9500798610296 183.999460822022 123.9648201370425
61.53576649783177 142.0609111690291 109.1239308296273
185.6331369283825 31.33954293865111 165.9908245368193
86.90192907085945 69.50857901396118 64.52872439379428
32.58807358875042 70.39011816746051 68.7518120374141
63.33851495498641 151.6577596793672 32.99456400895654
225.3037762780151 31.25833441526657 128.4651644429054
152.6682192876307 72.60578683959972 96.08669219304579
180.526021018243 62.4735506311816 31.29851469754529
225.433245046599 194.2032500455962 164.4810127929244
180.2253429705477 31.25520283368787 63.40286005869549
68.85023078324357 73.19895817776266 31.21043989999428
67.94498973029388 31.30984934150695 123.1364451717181
30.79603353385079 63.65947588752621 146.8325627146746
106.5528710721097 31.13988540340497 99.72504149407384
119.6961554790742 88.23946176124352 113.0200194886423
185.0289794949613 136.9819297952877 105.6274639613728
225.1299071158964 155.1479249556122 128.2842493019435
73.98641412241386 224.5869846349013 166.0404267358238
70.94905688945448 225.6515146417592 102.6872491347221
65.09328130572813 110.3879019072967 97.92128864396167
96.84649067862267 125.6089837927397 122.8961481891483
183.5838334025843 124.1900306987999 30.00097417830476
69.66099639006624 186.5905792073329 168.5411652709257
180.2654169679204 31.1447395995708 31.06683138361218
146.2105237908128 140.5350877580399 59.47699980468905
144.487546315811 61.69609518309044 68.66560337992475
63.04401008700771 74.92254284945051 82.37280337432412
110.7597411547616 163.3648119735735 53.80900245415576
158.1533434149934 146.8231020424904 27.76208720905999
211.4945752542633 96.68916395786194 29.45355465433222
62.15245756271434 128.4539254647249 153.6303127505239
63.03201089198364 168.1485910903629 71.9863779727783
227.8644690621187 112.1079854028901 135.5173101894387
228.188622823568 105.0444448384936 89.08985277385779
69.1298481078101 196.7499977646147 29.68510446975083
149.2670250813778 227.9905559654416 69.79943294724188
141.1542725065327 128.932303538311 112.8117337353785
117.8129824026753 192.7161536241391 168.5547379944662
43.41292662186996 220.2246294469494 167.1620145864923
225.951483797624 67.88312226715607 167.0851218986687
88.2726771724612 192.1125443089419 66.68647268263459
170.7476547164023 72.56861981806959 57.1972952654081
141.3324338836541 105.6089548313966 169.0060614401638
108.80182939243 153.7808575485459 165.0347952152821
55.0152373982129 27.88600537671629 97.11005542665701
150.5774511898467 135.1494731257669 171.186221131802
137.0664425171117 116.3628040175215 71.42094516657407
67.99114088207472 176.755526656578 140.8815924896782
194.1662830033062 113.7161707310519 168.950132117595
192.0822183964752 29.27061921872706 90.40733977627704
108.2175683106255 88.89371311078494 63.0892675709689
29.01307344767926 188.5034045651028 99.23318088155358
128.891337165826 207.5967600094389 108.532148577092
187.4943148838718 120.9980108354439 57.87550721320119
67.22788615463703 120.0743522291143 28.74319709333568
147.2296965543723 123.0046463424446 146.6250145743277
101.7048627577814 58.96527181888167 86.74505250326202
130.0174452988933 58.1380153882232 141.2301691910554
67.06800301758368 89.15856423814374 142.0757805295728
60.8553511114467 228.099177990546 59.64628582052321
29.95411674452622 112.4190806604612 139.8242190485105
187.7255145122425 156.6681309695571 26.96349909927452
228.8991403625394 145.3828401778937 29.00752762589322
69.04634427593214 227.940560670716 26.85537364316339
184.3572816434477 198.931143395026 169.8035814210452
57.48552893323909 84.37998028051551 56.02012554549276
144.0108984014664 153.9157940443066 122.1560406639988
125.1317240153796 27.84600754404877 133.3815541577079
109.2264452115447 147.8722422168703 92.01418180219103
159.7736608140131 57.25971767136161 118.5562050592462
26.76585571545372 100.952547419022 98.65019657401078
165.9643884702882 201.7482354650275 131.0303362511856
228.628319186874 61.45780304016625 62.17131834305528
205.6191166616013 163.335750767939 68.7103251413882
145.3773233921024 229.4032106933974 26.64414852977514
200.3909493189321 74.31421937297925 102.508627782353
103.309817613512 27.6596153202737 71.36004673421387
226.5322126586602 30.22202147417513 166.8169798508584
89.79582283114047 140.9815376489268 67.91700894647892
72.34536161330313 146.1114876672688 134.5500406749973
98.72793246924743 154.6927635430495 133.708654932973
143.8755025804366 200.3348182565278 70.02512963791955
184.5715915019133 228.466372445685 141.4972409869773
67.04275315332994 112.7271939735524 66.55234865754937
96.50083460862382 110.1420003723439 26.09072015368782
229.7997159739353 115.8714974915256 61.92806114915606
228.8490403953938 228.8477489147068 169.9989346409545
27.29314478263933 195.1951305189709 26.67282705914923
98.2662011616965 191.4920762342762 27.83826299102841
26.74072430267846 158.2305990225119 169.4499304191925
26.88154342459969 95.80846580736383 56.28770797186468
57.3911362562276 230.6067566128589 126.5633129265466
203.9537302490883 143.5938507053991 170.7617733930005
86.11484981271035 196.9174819387806 138.728549354303
229.017883781245 26.38976725370509 98.28780035245283
39.86389636550535 69.04629389302056 172.6706506753817
166.2965848386227 99.05918757670258 127.6228330219856
91.91167954668173 80.50903742600836 172.4385063791581
115.753028093648 170.1555319030278 27.53963575530038
110.4700789498573 229.0835961529764 26.11209222350497
62.23224748859233 27.55128686996362 27.20810825775739
104.320647775454 187.8410145435606 90.08208516467352
148.9259332804404 183.2704574071762 25.51505921530543
160.724189746174 93.1042069457919 26.24371853172727
142.5034655749511 231.1822516065053 100.286371534162
206.3410283084004 231.1008586702671 118.6304375491283
151.5486746752517 172.3351857702311 98.08977974020407
198.9830291284038 58.16087941649157 125.9927618979538
150.2140077743229 27.11375898455895 170.5952647736854
191.5224764410996 55.78628496300738 84.82865655015486
197.9488353267961 230.6377688103684 57.51051564772561
230.9479168260306 161.6182051470201 59.06512702483799
134.7444125362218 156.2493387506278 169.4742913844987
26.62001995900766 118.2879701658936 74.19714641221357
28.06816802667858 26.42909813130635 100.3472815245835
182.0766597851936 230.9667377366152 168.4347447801332
199.3716514087172 186.9099407762426 27.57504213771617
231.2751123506989 151.3682921001781 98.98083665770102
151.2714532590705 26.54946346042046 25.95367880367184
230.9344464699866 119.3296475906356 23.82464033214877
174.8968836966093 99.46382074733128 66.31391441204781
121.6993680252862 61.64310408463062 171.820251059848
190.4359262547414 103.8986718106731 139.3402527655179
55.81290308419827 95.97626556915553 25.46936313496213
196.7083781802051 25.21906796121014 142.0521966140458
153.0789618497763 27.3905796808269 66.31576892392285
121.7871559279385 59.44274004164397 25.27034699920856
227.9819191085809 230.0948538355671 29.45069601695943
230.1622728591134 181.3074550490926 141.3752691790117
24.80072815501082 60.867899947395 120.8796314189335
228.0649975522645 182.5108619974167 25.74646166060631
25.23066222423148 98.58374156195556 24.95474936912567
55.15564341808644 163.9248166526665 122.02144613988
231.004903333613 148.1656565696494 170.3549885169185
200.0659305799587 178.2046523839552 173.4949486843144
92.61543003067314 198.4604372216924 172.7433714573378
95.31174923082241 119.5468385393629 172.3267963441687
110.6852892073106 231.8190216284278 104.1716950085681
86.85631061035834 157.1538066846264 24.52942859223332
194.8510661697065 231.5389429731657 94.30552717179522
51.06620221042795 26.25746920559981 55.99890854920663
53.36533285690633 110.9507812665283 171.4677750826244
82.48043868252209 71.6500004957736 135.5851081639333
164.8316882640297 70.93429799316807 142.4388963012125
229.2149463384361 232.2468277694139 91.31362920531535
231.0236132866076 25.56853396750885 25.19578532181695
116.6970186597772 130.3443181090327 138.4895192816883
183.1203117522376 169.4713523475853 57.82211905133502
101.1220937291584 26.51371634954306 153.8080326943175
58.21073735859322 49.31573691262756 81.0797774461238
198.3703378824454 138.2943981830758 83.8151274875555
26.09712645562212 230.3050293386891 26.1004067048562
127.2806512320652 27.92970819998611 59.80096743989586
26.38058590775477 202.9492826716173 53.68286909692412
98.53344792516492 106.2331062174039 106.5991453259988
70.15068902315373 147.6774390520005 85.65470538752569
132.2138952034739 133.0588037712184 89.63577215794253
177.8487782550756 160.7387994938585 104.0544362462802
62.83061654476551 24.1899451366844 148.4332394872972
229.8102087316913 188.2478535391511 55.25082309843582
25.37360021212044 164.5736005341988 143.6919290729775
121.8816241182191 82.17896158026394 137.8065822233501
175.5175402348932 106.1162980411869 90.38314158905534
200.5776135940356 142.5246694247133 55.16855836756618
168.7745574464368 230.6972010702248 52.81516466827482
168.682331812819 198.4172193205916 75.93547565501684
24.05973618199857 231.5625414037607 115.1837113471156
159.7671554859834 158.7260324009177 172.6764787449541
231.5252963056652 98.48007059750535 169.6936903467574
194.9985535303543 83.8200660096384 62.62802190196712
138.7594562089608 97.07826264604948 87.19155355590331
48.59348521254935 56.95266857752173 25.3586703337146
158.5928416355737 61.74763445766332 172.8615242708527
231.0320141957656 86.69235942702937 141.5718053986255
202.1024151983351 82.62470497433775 131.9352574905782
26.47824264398546 105.0311230933434 173.750845512017
160.8760799778583 182.9753625048111 146.3379533355066
26.50808032137674 24.14912084301711 144.8263412180818
60.15186798274261 53.0635809117986 112.4365488337187
102.5879497532373 168.018860868578 105.0318662965875
191.645993937467 205.4903563798912 88.11715611443236
169.2639247039336 203.3878822163252 25.82656272730913
100.8075456856745 112.0488932890969 145.4852728731793
159.465336995248 198.181540742732 174.5637713878254
203.6939445968956 25.69841529442497 115.5867327538477
49.34204164513966 231.4678640677645 89.58444428624111
172.7534817448458 146.9181978834318 142.0389610992097
23.00109634362619 199.8011586446579 138.433320269103
148.7871516311036 184.6194355023966 50.79478689172912
232.4859375882276 232.9760983662299 116.7631867071306
25.07393700633954 129.2343011268074 51.33073400610478
167.4342860489111 232.4868459062951 96.36433908012256
67.02795738217354 169.8006487308878 96.39734394781983
207.7809243973058 172.4282454213161 133.2716392488883
98.61604230195118 234.0002774685863 175.556498866094
196.9798517824873 53.86033042291311 173.2490908050341
169.7140051724393 24.22102201759834 141.9768698108562
23.67523969881134 163.8528992177466 55.62150133500433
25.42414860950069 56.57828071800691 48.11380583868028
160.4932706035485 87.29295671334016 173.0953024484002
78.00663611026604 118.1011047585501 137.4046990194104
119.2818550243008 119.0583461681133 116.3842842861661
55.62000806009255 127.8270041043884 83.17454447500907
232.8144560876941 42.75687227002426 45.47542022210585
54.89642054145147 143.7871049296511 172.7868561790009
104.4914644955942 211.0704828133969 62.17568576985099
24.67012040640236 24.07358029157962 56.27055516942953
231.3703812426312 50.41605540811457 89.91088622335755
130.1365731848711 78.51357350375005 56.96369090609544
182.0526880637425 56.11339260397646 107.7391973659234
201.6487875699426 75.87395421688132 39.66772155902112
231.5081315243158 205.8923502562573 83.85669843557983
169.1571611922592 24.49891796661651 104.2590975416319
62.45980270698568 184.8336272704822 50.67363144119707
24.38314511267993 24.32142178733125 173.5784907532046
157.1277214952789 233.2470508607015 174.6997573573735
202.5274397062034 193.2418529353835 153.9937145396968
129.1561000977977 22.86298499327656 106.016610790077
202.284597944726 50.64490719176122 24.1925742251804
94.04408634282554 146.6764150272213 111.6584951166972
103.6259334777163 43.84226971660765 172.7329473434093
134.5700079971231 175.6309803324993 124.6309159015816
23.49595012720572 59.89763020171722 23.02893592994849
63.02784511429716 28.04306141582422 174.3583856615668
183.7043071764978 54.69635036456203 145.5985763333372
26.06004536173802 166.9284285796746 23.29088284144212
138.3510841381497 103.7296662579668 24.26698219640801
22.82306338844884 77.9188518808087 90.29098386564742
23.48696578126896 148.8519411278058 93.40620625967715
206.8082868393448 189.1050686521788 97.79619540585531
176.869423942452 200.918518792542 49.16185635256414
25.46913032684331 123.0064431356869 22.47912021870324
143.1537999599416 203.1169037951399 156.3463536746598
232.1725287890595 85.6083717493307 37.23330487939273
217.2256204009276 142.1017137444381 147.5602361574828
24.0562578917792 125.6380353225465 119.6477779774885
45.09315554249801 152.8294384172072 51.36643280313804
204.2654664099287 143.9913773657369 118.6071584880546
192.7787610595803 155.2788694662526 152.7535613731604
231.9891786458936 48.66610398932436 144.8245886089392
165.9681196938408 125.3874856140063 99.15909000940553
205.2025241500088 89.19651434245111 83.9675857155528
22.94628434154741 232.8245941378647 159.2969124503117
105.5702485606922 120.5013282808874 48.9734492098157
22.74888984219033 214.8287393913099 91.83306135961199
212.7986513994113 233.4935281928151 142.5229211505253
108.7852763586719 196.495181892617 146.6285778904681
148.6362940331562 196.1876119765151 115.5842690209398
78.99024974968805 91.92613999917234 68.08172249150527
157.7059077400383 152.5051019197631 76.05372395095807
120.9656035736366 84.04666744676089 24.14879569412968
233.8142602740044 128.6561653507768 90.07980155847127
24.13065670070818 166.9934219341391 109.7906362481197
59.05865995941156 174.5154721118801 23.02869088796015
160.5599466144288 163.9904661114788 52.51951727051605
146.151010024867 53.20061542236704 24.12230707638826
23.89884403632857 49.50526689881229 171.8721311130587
84.60714115264743 24.1214884851011 107.1257230540399
150.3503663155801 233.5942656418254 148.0623297890679
169.4365688964913 87.43224002206145 103.1682149422205
232.494824224529 205.1110626963175 110.9152119120016
135.0521720558254 180.435320523751 80.0969600966706
146.1079705375572 95.21886901473424 145.4349713927978
66.84100624455779 208.4662687660162 123.1223129013634
56.69843696853849 232.3711987855339 150.8092289209513
72.19574019307592 50.29161957770499 22.68817796521423
45.9531831248907 86.85349514819642 97.77382249609327
233.7012458982411 77.8340891006364 109.153608923968
207.385991957733 114.1004854363743 122.8529346996564
41.47426265316988 134.950695380232 141.9915204049192
133.7592628391981 55.04343631179277 46.44527692856935
202.8923002390016 137.8174971216632 24.06194472349512
81.02191560571885 68.61696559703634 96.25957195393724
106.1357670743134 23.0098670557605 46.47410585889069
50.58802240122044 170.2421127254498 172.3853132116587
85.99972344974779 88.54980969091383 24.08565309595506
57.18917266397379 51.81513137922698 174.143540482233
74.89137131574013 123.5530213127216 114.7517120330311
23.26058148326906 54.1229324972918 86.07057339052071
46.05835563144418 122.5050379710877 61.19735510987397
71.36383319183126 207.3227955431531 52.76611933752635
72.51856431431396 127.2989937957144 175.5700975252763
81.17045102830873 52.73900685644541 123.4095738672369
234.6160195461862 108.9986779124784 111.6271017836353
232.8495342883886 172.0866398674536 170.0967922334076
94.20337327145457 89.56484702129849 150.684193635551
50.80283622283831 185.6032504193225 89.87364566036732
165.7895824328083 150.0358852398557 119.4413672248916
119.1970941689122 234.4622172838185 150.2605970414957
83.57015504953681 201.7130359103385 87.80021014135224
135.3821779879024 57.68755989884947 90.07796871413645
22.96668416578781 85.93338530375722 143.7764340385179
201.7394337915422 21.64969795291758 69.42890370920996
89.41143431796326 234.2633675525869 55.25671787292579
202.4106335674452 104.5195843112489 50.38551716154353
213.9050441630596 200.7482923728752 67.91961859193835
233.2837367852154 21.89373191926285 56.8237452001558
145.8438600038536 27.48461930407479 146.4811993142757
163.3997568682645 114.4994227957892 175.7904345305599
233.3366795314543 47.89714361041553 113.4828309396668
196.3133588291557 203.7805403018472 112.3286037252002
106.1375247887218 232.8653538212068 72.20898437832099
229.9518613312613 136.784068788223 50.9706167422015
114.4519238400429 170.0343649841231 77.93018280459326
131.5982536707634 157.5643097073839 103.7073847450413
165.9584388400466 51.20506189397958 66.93041797864976
146.9715768528748 110.6960695325013 125.0269093211205
90.94026824882272 46.32222472852246 59.78547817543109
143.8555806276561 206.1542745474554 23.17955429710995
177.3312011452394 122.8641097927856 146.3388442486722
109.0165395404294 58.11727587736544 131.1484663864545
200.4332877369169 213.4698594389128 133.1804775899431
49.37883756487656 198.1032012603173 174.7242090568591
106.3956499364864 127.2006361392782 83.05172923764006
99.12817246366586 52.46101948531538 22.64504262982369
78.36686640646403 152.0135721416386 50.83303498072544
197.3808308431375 85.64143445245546 175.5816262775575
204.9960104192965 229.3272847831431 21.86741298949008
21.96132093828886 212.7774716298377 175.8118629938332
107.0439293312689 144.4130165133787 22.66485419320619
187.5176814919537 159.1048437259732 177.3413722223121
89.39800059814134 186.5669917190327 107.3798414044516
92.02868453193685 142.2388236465541 176.3020073546891
116.2775457346224 21.38772458033898 176.4169538661016
50.98505615601866 135.2841435428014 22.11122331260946
184.4269464065658 206.0458473118011 147.9533609014784
139.376891863307 106.3224965658516 50.93196248715148
234.4207442434909 213.0798214385032 152.9747600155047
167.6468098989907 227.9330809246514 20.23585751175962
92.21403982549282 22.36432631919018 175.8037421449224
103.2654292385272 184.8973495536898 49.51287672779095
84.0572721500566 21.23573333479215 138.5298393763875
201.3803418165619 121.7749749335074 102.5234541276213
171.4764645329191 201.5739081724263 109.0042996261525
117.8107930703557 214.0859887816757 176.4798334129496
94.26647392649662 167.751541564028 175.8973394501814
22.45434358566235 204.1189012954509 115.4159306429571
124.8875484478401 84.3680998845434 175.554132966774
163.7909862689159 22.18089677988303 45.71434401675302
89.58275384337055 234.3374977013418 113.1970079398647
22.82611879630613 82.90100818010519 166.4089849452707
133.6519779588151 217.6717241506738 141.7145773327911
124.1863903427663 198.7678080758725 88.08884573158622
34.49123902115893 233.858623331654 49.11118755777611
143.0990452717446 170.7948834849519 143.9668155898261
198.034693670348 174.6585152372142 112.9163922774609
82.16002365232231 59.95979390260536 176.7134295366285
43.72668091962744 203.642260648344 128.330590251248
116.208576469029 108.1369369696974 71.36937916135491
136.6703738891497 138.3403870747381 135.4164724903458
47.0554807363073 69.8210199993225 120.7023630824627
206.9380431081548 187.0864567134804 49.72320420663679
89.95139490447266 234.1453938654432 152.1289187960638
58.28914062304929 210.3533178027591 91.11530571861769
233.7817760816071 174.0460892994909 98.62638278045758
165.2333149914002 236.7508425422253 118.5353612099996
104.6857397891532 28.57276335747023 22.63113762159218
191.1081874631653 104.0614028532711 22.25844921230994
208.8514329214684 123.5967732374715 64.21979626454377
22.067994668136 22.22820058708253 22.00265450798039
180.6937182464146 83.02270365287309 21.04350878090065
58.18844121919639 186.3934437594607 122.8340172611053
137.1885173171396 199.6206952335325 177.8201462219732
74.1169794819379 125.5886427456865 49.46736588666752
178.6220124590618 178.3264382402166 78.34113298003399
140.4830072473705 54.02276747134281 161.1742885658172
162.0736894520783 98.99643863527459 47.87742623805273
213.0525241820584 55.85020008542156 77.68177698888587
136.5824741663871 151.3943314658021 22.21345215375326
234.6820756598162 133.8709610011798 130.25235919678
161.359329884465 70.61113930730741 21.57408097576414
92.84167084094722 235.9650346261601 90.8281992168597
214.4079580083616 70.61902144284511 147.3078385395332
45.97048901995134 106.3207739205735 108.8584642322712
206.3458192981516 199.9380078973961 175.3425009085847
102.6944884282799 205.9790372716689 126.9035907951922
83.02771350005436 60.62582721858712 43.89020840986856
131.0802745466721 167.9422582665969 61.96924459498825
163.6724766390858 167.2918428201599 21.4436035355703
167.4484009848788 41.02991814959543 175.4704428598852
234.7296036365988 89.15799051646444 74.47419901335701
54.01995632434156 108.2271687661432 147.4537268803777
20.55250476917412 45.59610099427756 137.3227603665278
152.769876144247 22.71345670009386 88.57865699895251
133.408317736548 104.5255028763177 108.386054815608
200.2829935900563 28.31862732663883 20.80868156204475
198.4395928271259 208.3304407318382 51.99758522425637
235.1382688143008 209.6303485250293 21.37028287813886
37.93335137292764 201.9979003920254 80.84784864426859
131.9509632111589 236.4866134444689 119.304441224616
118.6186693784947 171.1208398215297 176.7326237783649
81.54053939699199 178.5620760204689 20.19400952679556
22.76262120050412 170.4485467512076 87.57656251529014
89.01612461635023 174.1384178781566 135.0622939587747
91.05822076441481 52.59403308818275 144.346313065041
73.86237477151506 19.9646998239837 87.87856027690808
118.1840370988441 115.7026154920214 21.66009872968976
180.1137659713038 175.3892899844811 139.6368731224084
159.7676918653242 92.44971053135626 84.4108237302305
19.99278610316902 96.34478946338471 77.69749508866882
145.0776350067524 129.6697348912968 20.95510804083974
166.7475388311239 126.1028811927887 53.25595641820616
75.92706094249299 20.70736664858721 47.40748989260751
104.5201926897831 209.3229801966126 84.34313176433176
213.9534659225649 194.1850357136216 133.4666787412247
209.0726655618018 113.1072808684969 147.6298322394085
61.23259192525542 91.17019943880746 178.0028108454634
106.5220709473227 79.38242644062733 98.05633691162927
84.37561815396519 110.7146129078728 88.22173342446374
179.7408844464947 137.0173975314796 70.03262365263913
109.6862417089068 143.0637080015296 44.73068072932934
109.3904109090575 21.1151964045895 119.2949178044887
148.2590035848179 119.1624723995089 89.24219279333263
218.5502116651876 236.1711521747758 49.49456339345384
209.9390673463193 237.1722079495767 79.07893560411844
71.05877678892497 102.5332900648769 119.2433170837419
167.4301629858412 46.98390594768259 22.13509578826632
115.9192230825518 166.0443208508888 122.0809672307728
202.7545703599319 230.5910551281779 177.4723096053631
224.01983924328 160.5826702837221 80.39961517155481
146.9486671479273 235.9376397032164 48.49247647346346
76.38936034938047 138.244759253344 20.34588401841059
54.23603312718473 132.5600639592099 43.57298120127206
22.82602467148388 18.86015228145907 79.10533675672946
197.288017141174 208.1470437263165 20.10813018460499
106.2976384314835 130.894488192328 104.4426070242753
147.5108866257635 46.76403920903926 133.7489956063756
96.46065383232964 212.0979139908435 19.67288095613617
69.47606998514803 235.6159017166666 81.41359051787585
227.0315863831246 106.7828146721796 41.79523210940475
99.86603733568526 93.09124120066443 43.25607504665818
89.65967075892198 235.2430594430753 31.34302291971217
77.62726251565186 203.8978668067425 157.6975448956119
41.6318319977551 163.9010467982136 72.19685520366177
149.3584418489001 46.58444399394583 102.6284837203036
46.044538175324 156.8047861040116 20.11155442439316
208.9893060377149 116.9562581173969 21.62632385380801
234.7128848648623 210.6232565728251 52.40599015532823
21.94388339228068 143.0497073576572 151.0783405540165
180.0135970650219 48.96906292780795 49.3938984738202
86.23612156342705 85.89933616017656 110.548316377485
235.6224461292186 232.0801184044614 139.5865350680513
49.87204113859936 19.59527896717749 118.6807016449694
57.15085014753822 235.8258725453514 176.5783763442431
107.6825070908703 49.07790960778121 111.6249637617597
182.6341400615592 83.62269396315534 141.8479837128933
208.34128588474 160.5676048660129 19.59892178021809
161.69991815054 163.9149320355045 138.9639028269441
21.29443291736412 183.1788847928796 44.96091308958174
205.9302068377407 22.23697080275875 162.3948567930269
79.10456299613388 53.24471430342426 76.63109503926975
75.84366888759801 182.6187939761679 81.49832283052098
48.53098068467621 199.9729714713648 21.676819049791
162.0499668601685 72.52882940295531 76.8010570423362
19.99395009972652 45.84037953675357 105.9121106208997
51.18997102487899 20.37228762678295 76.99764569273147
234.2188608927423 156.7316589936707 148.7566614621377
129.6014353930293 203.1868801598941 53.44695185065546
50.08929510095923 72.63222122534319 151.5405962106439
237.1872607098181 27.44751359561641 146.4712944553014
127.5684949920309 236.3328288652542 68.39846420606929
51.30033684794987 41.44554434480332 140.2380445997441
190.1532179793996 92.47010720010095 98.55737032233851
118.339121252887 210.0654466998932 18.8443302333316
58.47423778885266 104.4930032507178 48.73950869585258
198.0806343560187 173.623443373846 85.88662319366387
120.5204689270413 235.949257585101 176.9617227066076
166.2073945918954 178.3016202737098 177.8553607212359
212.1917666669707 76.71662842724949 20.48588555929324
20.96219122622505 20.74533075251722 120.8711338510731
19.95548939923951 104.3116514409181 119.0064626332801
135.7640932606596 75.14018455673789 108.6162619935174
44.37253613610949 131.9556017162759 117.045007965388
83.40250590309114 158.2740662015017 147.4967767708512
116.2158057633538 116.0651995468176 177.5083740226272
127.2358636860732 147.5513577139566 151.8314438712603
131.919640990188 126.4361201436033 51.85995362228435
179.218384695563 180.829642814359 119.3529395830416
173.5214638987816 21.56662300273798 81.81248184526166
179.3370084826842 98.82345487190631 176.6121711383297
109.9450611179838 102.382071159038 125.1318640286008
75.8392256442192 128.4402444407291 77.41771018733962
236.8639372570057 21.01184557103866 78.48292567461098
182.5865712410892 125.2425654834233 86.81805105455122
176.3836614659031 140.7023915195222 18.76332053520214
19.60854415074708 236.5661101758712 79.1056475781977
127.3191553937936 182.7411405608456 152.9201841480613
202.3270376934865 217.7336306732423 74.09292144748868
19.23411328710782 79.29685513547413 111.401748758102
235.0795583130723 164.9827047913361 37.48287748984208
108.0583379373117 44.94995653277364 41.35936597239601
191.9007800250088 21.46074365250745 47.28256045635683
47.83004560417724 234.8463006977159 29.70826631909212
44.56618697896464 237.1265837959378 110.1312370289457
22.63843728959054 178.3789825948551 178.0598526430051
48.40782261769449 185.606148080569 144.0287485010893
102.7848710502568 80.24166949581323 129.3510943211895
234.917144413855 47.52644379714476 23.74418901408166
40.09597246639395 89.17141533720665 179.6199336384965
128.1205953194716 149.1365743529587 52.93543711683353
84.0737970825319 158.2804289817427 97.82863927238763
20.28062333743878 110.4771222072897 42.10187784245833
83.34688009557809 20.55062753278415 23.88728439755609
163.4451093788859 188.6693715764607 93.46468660782834
213.6431954234486 161.7788620987963 177.5375150861732
85.44628589292526 69.08051354051567 158.500224114534
113.9281911660337 41.97209324095732 82.97133249852259
108.4713705360383 95.89034248450758 85.95817849388845
42.88162347278451 43.29682756808291 105.0647187174072
113.1456455909726 194.0979955601929 107.7925361331677
44.81976190664045 115.3427198775155 18.90885045703986
167.1855810491833 113.2783141801173 20.03453594768876
65.20471011802459 95.61500988848174 83.24617888015285
172.6177644850461 214.5910619301391 178.4029053899148
183.7008247378699 139.0274435134852 126.1513535237982
72.49550129637107 43.08087279711932 140.2433202302807
120.9392629845342 18.78102828937098 79.22679058239767
113.1383471582573 41.72973123553334 143.6971526198417
45.64046213670704 78.89261538499757 17.9703612729727
122.9518643041968 178.4766683849669 45.6363485439776
40.65366019734149 44.82595872935781 57.32925864442994
89.69050542417131 100.3879647289532 178.8482190315374
106.9166944054781 151.7979366835259 71.88637570735474
19.56611252927046 138.0620769233886 178.1908874759485
49.6343673540707 147.6996597713856 82.43282018598738
38.65127949680995 207.1212609088083 150.9851837425777
44.40791494759613 192.8883944008349 58.06946657738168
210.7421754991777 126.4312485886081 180.0505795038634
212.0684409010272 104.6086552929042 177.8583494402035
100.1064262422905 236.2587364521755 133.8673330266691
141.7493830788806 20.22123639360604 44.91660700657102
168.3575311462072 184.0020167799295 57.55996711553568
127.7338253849156 92.43961550134568 155.110137212768
123.2742405626508 209.0547677834338 157.2737335858063
68.8097644480531 205.9854097529237 176.7115839599873
18.88287671697871 44.68708480368991 67.69988509458076
237.4587877078025 236.8151769199773 60.08679398184297
211.0300894284879 18.85594146083897 88.81692551323098
214.9547037545842 46.38682860318628 55.74246940282251
168.2745617974666 19.99652169893628 162.5219215128553
209.6804926083936 103.6667063120097 97.75523174882881
85.45182060660746 194.478475566257 44.11962761853193
76.6041250916895 79.533797935899 49.55254088426204
111.563004375127 208.9353652013895 42.08065018212658
142.7906669151695 190.5339373403335 95.93028873421977
237.003975734916 134.272889967363 151.8172126210071
112.9904592036573 137.8956274125329 179.027798108924
212.2823218602924 75.24808658222685 70.30980209747335
165.8780437055057 221.525838989149 136.5723171413694
101.1213836333767 77.58753584218265 78.48803465241592
45.88044653242763 178.1211210970963 108.4731321420716
94.63830891149631 18.70862669710947 88.03113480834347
236.5320399673729 197.5814470906845 129.960442300103
216.3074888973354 104.4812565677786 72.37405228107862
150.439551266632 74.53333064925107 53.51165632133459
237.6921251445114 79.30899366506785 56.33213955382438
17.991626576236 197.9710898756653 76.75913249329967
216.2073146773802 138.4269470846769 93.91489790832921
18.63195555826984 212.74671164134 154.498328099103
62.03510688570483 164.3682490324906 51.85850677746986
81.31049885808611 173.0327612774305 64.18993650563638
236.6292537420028 171.7404968093738 124.3569357162491
87.48883810159711 217.1611387159865 179.726128753601
67.13193084803538 39.99040671873137 44.00234430878001
161.1497494598592 135.413262747353 153.1338366362546
143.0562366785257 78.93979147657438 79.37873249680504
85.87431776824509 68.18077943142283 20.63650584125946
142.5138753161721 143.7541217584717 39.99373795147088
206.4784857776146 39.48899766967653 130.7304847410321
111.1884857482005 71.07096944610645 52.8479036267733
163.7151270685074 214.5469368842836 64.34097898497792
198.2502605319656 237.4167620863412 156.9480605909324
173.4840419865758 213.1246123736074 92.55968640840483
75.91661022162528 105.1700004036504 17.79762163615445
23.19658994588568 79.62398004119039 17.3430969744208
171.3496067838829 65.36647512599653 93.27847584581613
19.55292682150217 76.82631132767058 50.33976209814735
165.2069027016911 238.443725470002 77.00426618482874
237.6776051311736 118.0694573846303 176.6240036900703
102.2448256495824 63.68907115877669 177.8066232808512
161.1600982383696 218.8547181581265 110.1925035905766
45.36682108921148 17.58936114418607 138.9126853066711
129.7106380178769 182.0368824743142 17.9408820539135
93.46620027290517 40.60813006603899 83.61216365171822
230.914010957527 97.64938227816737 18.46720020473667
198.9827083144862 42.10689567756168 71.17687540864782
167.6600836475121 138.2747255707945 84.96351341041786
138.8557424108961 69.86694301195539 179.5016882338029
220.5832652718399 164.1377392512694 110.6314307286823
130.39285255304 94.23279982041055 69.28114532424304
18.29869095896231 237.9319878831292 138.3889005725011
237.8410034246602 92.3018973889134 123.0703862622139
65.78295534165184 55.24169943947727 155.7141742011508
182.8789003013321 179.7914913566041 17.87046405659175
148.115520363158 135.5214816354303 78.37221117460872
235.2230035089691 49.12888981239039 175.6829838205085
168.5636545733522 114.2950625057613 114.7907399273456
238.7572152280511 146.6955232275471 80.75038113317137
94.1341213569833 128.681424669909 18.25538188012112
44.26334840824028 19.46237088865613 178.3932188874015
191.8360845349271 171.5778645753513 39.81986748898893
132.7385232501373 44.95088949502636 178.6247300461351
216.574822187255 199.1288108527952 18.22884425209856
204.4003353107605 152.9289211660217 136.5689654814062
17.09098523068303 125.9248376758077 90.29347664315894
212.6003297446524 238.6744088465018 100.9301672203146
195.2932257946127 174.9007670432067 152.3204959446913
217.4821777702297 65.92172651970535 109.022890160329
169.8004293524469 79.18359155860671 37.98092983576115
40.42555356192145 146.4764842686956 103.8269776351704
78.09629838605302 186.4301675528896 123.796390820761
164.4630873602468 18.69992759163746 123.1496929061029
119.2706676641432 113.0224820834626 153.2984451287082
43.30648142476346 22.04793854392155 18.58915751210628
30.35169597590416 231.5670105532576 178.6662444398023
154.9727233345548 110.4550406986336 62.26828360033121
217.1626287660968 19.80205018342588 144.4658316661308
150.420934528636 44.8574188183213 78.47107896676062
234.682778973006 209.1442362274936 177.5222842668976
53.00226967846248 145.3334326762455 129.262868115198
144.1533285747959 85.63398702696523 17.48445517985779
149.9698472334193 215.1373946065811 180.2555339676271
238.1125328934151 68.30517592028062 148.573032790629
238.2310489135743 18.36673204539444 118.6607788759174
239.2168791946318 177.0085126674678 69.78278047386658
237.603802932661 111.9617772409357 154.4171119015629
238.1945732623477 43.93819121296043 64.84729976202733
80.03189255158176 17.82309181445449 159.0605784980003
170.5497264850886 158.3002164044127 37.04638122508979
177.6968679413987 57.91865756530775 126.9890246860357
182.69292243628 119.5802031041305 127.8319946308445
237.5704410699063 196.2440419139789 37.87541237088131
52.94419045147158 96.1472031920073 124.4885104201904
200.8276315230416 31.99807983449357 179.4864723512183
188.6425689990085 95.13300976150877 158.246655238842
128.2005401272499 227.9330994962019 16.46602846656909
136.110251029685 122.8728702781465 178.0544774970076
117.8431713308567 63.19085352855345 97.35299715301385
126.6248819782118 239.2968249674292 91.30664191524137
95.69640847487447 157.0597632972851 42.38820799745899
29.37318895452144 238.1312799578888 96.77857142812768
147.8608292593957 187.7306062325496 132.910256542069
127.8249903623146 18.6708741928909 151.7990650092403
176.8416973773624 111.8883017409407 43.93243119917138
128.3225726116405 238.1601336256732 34.47206642631625
188.2088649655695 237.2669873136497 124.0263554897745
176.071225118442 22.0094359477818 180.6363741985857
177.8345218859402 58.33120524384361 179.0131633825162
167.5682011917777 166.8610424897142 89.04967633531712
71.95945756620522 236.9881654913131 44.95816096298017
107.9386959687616 237.1553470937254 45.48909717680696
195.0093106600759 130.7024385716938 157.9736770577773
216.9313267803571 122.8942341707017 82.03098600899968
226.2690173185721 192.2287506346699 97.35202376635263
19.75189701443556 212.6708548664152 36.03452100225523
17.19334614022795 182.8335449034172 148.5467568328258
213.6847413516404 98.55678723887024 133.2681841053829
192.4206316554015 213.712435270379 180.4654487631595
150.9250402072528 87.29707226280848 108.3700946936266
49.10924810035517 211.9959251714886 62.05590342395188
238.3514304282233 79.59440386205748 179.333391533918
71.08007901615365 108.1787711727649 180.6118867129013
16.65151321056082 217.8146719335176 128.5490760574697
16.43911856447624 182.2414893787339 128.5630864544042
76.34393440754488 211.4132168839208 17.78251391005074
120.46934221658 70.93037272219456 121.9501928110714
123.6464767678996 40.89700164087378 100.3427631283167
141.0996660602504 42.67012240444775 60.65790913787905
169.8916267691213 236.6238931725317 153.0807389172641
190.3936380524291 141.2729564707129 38.60458845415097
154.7171815391017 142.8933800744551 132.3110770087021
3 2 0 2
2147
2148
197.8684660806014 42.22167989434597 212.8785
207.3879097921852 20.98563839082108 212.8784999999999
$EndNodes
$Elements
4 10280 1 10280
2 1 2 406
1 1 13 367 
2 60 1 367 
3 24 2 369 
4 2 25 369 
5 36 3 368 
6 3 37 368 
7 48 4 366 
8 4 49 366 
9 13 14 308 
10 13 308 367 
11 14 15 359 
12 308 14 359 
13 15 16 206 
14 15 206 359 
15 16 17 362 
16 206 16 362 
17 17 18 261 
18 17 261 362 
19 18 19 199 
20 18 199 261 
21 19 20 312 
22 199 19 312 
23 20 21 339 
24 312 20 339 
25 21 22 204 
26 21 204 339 
27 22 23 310 
28 204 22 310 
29 23 24 212 
30 23 212 310 
31 212 24 369 
32 25 26 346 
33 25 346 369 
34 26 27 350 
35 346 26 350 
36 27 28 207 
37 27 207 350 
38 28 29 348 
39 207 28 348 
40 29 30 347 
41 29 347 348 
42 30 31 197 
43 30 197 347 
44 31 32 292 
45 197 31 292 
46 32 33 364 
47 292 32 364 
48 33 34 203 
49 33 203 364 
50 34 35 361 
51 203 34 361 
52 35 36 211 
53 35 211 361 
54 211 36 368 
55 37 38 345 
56 37 345 368 
57 38 39 296 
58 38 296 345 
59 39 40 208 
60 39 208 296 
61 40 41 297 
62 208 40 297 
63 41 42 340 
64 297 41 340 
65 42 43 200 
66 42 200 340 
67 43 44 311 
68 200 43 311 
69 44 45 298 
70 44 298 311 
71 45 46 201 
72 45 201 298 
73 46 47 262 
74 201 46 262 
75 47 48 209 
76 47 209 262 
77 209 48 366 
78 49 50 300 
79 49 300 366 
80 50 51 360 
81 300 50 360 
82 51 52 205 
83 51 205 360 
84 52 53 336 
85 205 52 336 
86 53 54 213 
87 53 213 336 
88 54 55 198 
89 54 198 213 
90 55 56 335 
91 198 55 335 
92 56 57 341 
93 335 56 341 
94 57 58 202 
95 57 202 341 
96 58 59 306 
97 202 58 306 
98 59 60 210 
99 59 210 306 
100 210 60 367 
101 197 248 347 
102 248 197 352 
103 197 292 365 
104 352 197 365 
105 213 198 214 
106 214 198 215 
107 215 198 335 
108 261 199 355 
109 199 312 313 
110 199 313 355 
111 294 200 311 
112 200 294 315 
113 200 315 340 
114 201 262 263 
115 201 263 264 
116 201 264 298 
117 202 250 341 
118 250 202 342 
119 202 306 342 
120 287 203 289 
121 203 287 291 
122 289 203 361 
123 203 291 364 
124 204 310 370 
125 339 204 344 
126 344 204 370 
127 301 205 303 
128 205 301 360 
129 303 205 363 
130 205 336 363 
131 206 260 321 
132 260 206 362 
133 309 206 321 
134 206 309 359 
135 246 207 348 
136 207 246 349 
137 247 207 349 
138 207 247 350 
139 208 293 295 
140 293 208 297 
141 208 295 296 
142 262 209 299 
143 299 209 300 
144 300 209 366 
145 306 210 307 
146 307 210 308 
147 308 210 367 
148 289 211 290 
149 211 289 361 
150 290 211 345 
151 345 211 368 
152 310 212 357 
153 212 346 357 
154 346 212 369 
155 213 214 238 
156 213 238 336 
157 214 215 216 
158 214 216 333 
159 238 214 333 
160 216 215 217 
161 217 215 242 
162 242 215 335 
163 216 217 218 
164 216 218 219 
165 216 219 333 
166 218 217 328 
167 217 242 243 
168 217 243 328 
169 219 218 220 
170 220 218 221 
171 221 218 328 
172 219 220 326 
173 219 326 358 
174 333 219 358 
175 220 221 222 
176 220 222 223 
177 220 223 326 
178 222 221 327 
179 221 316 327 
180 316 221 328 
181 223 222 224 
182 224 222 225 
183 225 222 327 
184 223 224 323 
185 223 323 356 
186 326 223 356 
187 224 225 226 
188 224 226 227 
189 224 227 323 
190 226 225 228 
191 228 225 230 
192 230 225 327 
193 227 226 325 
194 226 228 229 
195 226 229 325 
196 323 227 353 
197 227 325 373 
198 353 227 373 
199 229 228 231 
200 228 230 332 
201 231 228 332 
202 229 231 232 
203 229 232 233 
204 229 233 325 
205 230 327 330 
206 230 330 331 
207 230 331 332 
208 232 231 234 
209 234 231 235 
210 235 231 332 
211 233 232 324 
212 232 234 236 
213 232 236 324 
214 233 319 351 
215 319 233 371 
216 233 324 371 
217 325 233 351 
218 234 235 337 
219 236 234 237 
220 237 234 337 
221 235 332 338 
222 337 235 354 
223 235 338 354 
224 236 237 239 
225 236 239 241 
226 236 241 324 
227 239 237 240 
228 240 237 244 
229 244 237 337 
230 304 238 333 
231 238 304 363 
232 336 238 363 
233 239 240 349 
234 241 239 246 
235 246 239 349 
236 240 244 245 
237 240 245 247 
238 240 247 349 
239 241 246 248 
240 241 248 249 
241 241 249 324 
242 243 242 250 
243 250 242 341 
244 242 335 341 
245 243 250 251 
246 243 251 252 
247 243 252 328 
248 245 244 370 
249 244 337 372 
250 244 344 370 
251 344 244 372 
252 247 245 357 
253 245 310 357 
254 310 245 370 
255 248 246 347 
256 347 246 348 
257 350 247 357 
258 249 248 352 
259 324 249 371 
260 343 249 352 
261 249 343 371 
262 251 250 342 
263 252 251 253 
264 253 251 254 
265 254 251 342 
266 252 253 255 
267 252 255 316 
268 252 316 328 
269 253 254 321 
270 255 253 256 
271 256 253 321 
272 254 307 309 
273 307 254 342 
274 254 309 321 
275 255 256 257 
276 255 257 330 
277 316 255 330 
278 257 256 258 
279 258 256 260 
280 260 256 321 
281 257 258 259 
282 257 259 331 
283 330 257 331 
284 259 258 355 
285 258 260 261 
286 258 261 355 
287 259 313 338 
288 313 259 355 
289 331 259 338 
290 261 260 362 
291 263 262 299 
292 264 263 265 
293 265 263 302 
294 263 299 302 
295 264 265 266 
296 264 266 329 
297 298 264 329 
298 266 265 267 
299 267 265 281 
300 281 265 302 
301 266 267 268 
302 266 268 269 
303 266 269 329 
304 268 267 283 
305 267 281 305 
306 283 267 305 
307 269 268 270 
308 270 268 322 
309 268 283 322 
310 269 270 271 
311 269 271 294 
312 269 294 329 
313 271 270 272 
314 272 270 285 
315 285 270 322 
316 271 272 273 
317 271 273 315 
318 294 271 315 
319 273 272 274 
320 274 272 334 
321 272 285 334 
322 273 274 275 
323 273 275 286 
324 273 286 315 
325 275 274 276 
326 276 274 277 
327 277 274 334 
328 275 276 320 
329 286 275 293 
330 293 275 320 
331 276 277 278 
332 276 278 279 
333 276 279 320 
334 278 277 317 
335 317 277 318 
336 318 277 334 
337 279 278 280 
338 280 278 282 
339 282 278 317 
340 279 280 287 
341 279 287 288 
342 279 288 320 
343 280 282 284 
344 280 284 291 
345 287 280 291 
346 281 302 303 
347 281 303 304 
348 281 304 305 
349 284 282 343 
350 282 317 319 
351 282 319 343 
352 283 305 374 
353 322 283 356 
354 356 283 374 
355 291 284 292 
356 292 284 365 
357 284 343 365 
358 285 322 323 
359 285 323 353 
360 334 285 353 
361 286 293 297 
362 286 297 340 
363 315 286 340 
364 288 287 289 
365 288 289 290 
366 288 290 295 
367 288 295 320 
368 295 290 296 
369 296 290 345 
370 291 292 364 
371 295 293 320 
372 294 311 329 
373 311 298 329 
374 299 300 301 
375 299 301 302 
376 301 300 360 
377 302 301 303 
378 304 303 363 
379 305 304 358 
380 304 333 358 
381 305 358 374 
382 306 307 342 
383 307 308 309 
384 309 308 359 
385 313 312 314 
386 314 312 339 
387 313 314 354 
388 338 313 354 
389 314 339 344 
390 314 344 372 
391 354 314 372 
392 327 316 330 
393 317 318 351 
394 319 317 351 
395 318 334 353 
396 351 318 373 
397 318 353 373 
398 343 319 371 
399 323 322 356 
400 325 351 373 
401 326 356 374 
402 358 326 374 
403 332 331 338 
404 337 354 372 
405 343 352 365 
406 346 350 357 
2 48 2 406
407 9 145 1315 
408 192 9 1315 
409 156 10 1317 
410 10 157 1317 
411 168 11 1316 
412 11 169 1316 
413 180 12 1314 
414 12 181 1314 
415 145 146 1256 
416 145 1256 1315 
417 146 147 1307 
418 1256 146 1307 
419 147 148 1154 
420 147 1154 1307 
421 148 149 1310 
422 1154 148 1310 
423 149 150 1209 
424 149 1209 1310 
425 150 151 1147 
426 150 1147 1209 
427 151 152 1260 
428 1147 151 1260 
429 152 153 1287 
430 1260 152 1287 
431 153 154 1152 
432 153 1152 1287 
433 154 155 1258 
434 1152 154 1258 
435 155 156 1160 
436 155 1160 1258 
437 1160 156 1317 
438 157 158 1294 
439 157 1294 1317 
440 158 159 1298 
441 1294 158 1298 
442 159 160 1155 
443 159 1155 1298 
444 160 161 1296 
445 1155 160 1296 
446 161 162 1295 
447 161 1295 1296 
448 162 163 1145 
449 162 1145 1295 
450 163 164 1240 
451 1145 163 1240 
452 164 165 1312 
453 1240 164 1312 
454 165 166 1151 
455 165 1151 1312 
456 166 167 1309 
457 1151 166 1309 
458 167 168 1159 
459 167 1159 1309 
460 1159 168 1316 
461 169 170 1293 
462 169 1293 1316 
463 170 171 1244 
464 170 1244 1293 
465 171 172 1156 
466 171 1156 1244 
467 172 173 1245 
468 1156 172 1245 
469 173 174 1288 
470 1245 173 1288 
471 174 175 1148 
472 174 1148 1288 
473 175 176 1259 
474 1148 175 1259 
475 176 177 1246 
476 176 1246 1259 
477 177 178 1149 
478 177 1149 1246 
479 178 179 1210 
480 1149 178 1210 
481 179 180 1157 
482 179 1157 1210 
483 1157 180 1314 
484 181 182 1248 
485 181 1248 1314 
486 182 183 1308 
487 1248 182 1308 
488 183 184 1153 
489 183 1153 1308 
490 184 185 1284 
491 1153 184 1284 
492 185 186 1161 
493 185 1161 1284 
494 186 187 1146 
495 186 1146 1161 
496 187 188 1283 
497 1146 187 1283 
498 188 189 1289 
499 1283 188 1289 
500 189 190 1150 
501 189 1150 1289 
502 190 191 1254 
503 1150 190 1254 
504 191 192 1158 
505 191 1158 1254 
506 1158 192 1315 
507 1145 1196 1295 
508 1196 1145 1300 
509 1145 1240 1313 
510 1300 1145 1313 
511 1161 1146 1162 
512 1162 1146 1163 
513 1163 1146 1283 
514 1209 1147 1303 
515 1147 1260 1261 
516 1147 1261 1303 
517 1242 1148 1259 
518 1148 1242 1263 
519 1148 1263 1288 
520 1149 1210 1211 
521 1149 1211 1212 
522 1149 1212 1246 
523 1150 1198 1289 
524 1198 1150 1290 
525 1150 1254 1290 
526 1235 1151 1237 
527 1151 1235 1239 
528 1237 1151 1309 
529 1151 1239 1312 
530 1152 1258 1318 
531 1287 1152 1292 
532 1292 1152 1318 
533 1249 1153 1251 
534 1153 1249 1308 
535 1251 1153 1311 
536 1153 1284 1311 
537 1154 1208 1271 
538 1208 1154 1310 
539 1257 1154 1271 
540 1154 1257 1307 
541 1194 1155 1296 
542 1155 1194 1297 
543 1195 1155 1297 
544 1155 1195 1298 
545 1156 1241 1243 
546 1241 1156 1245 
547 1156 1243 1244 
548 1210 1157 1247 
549 1247 1157 1248 
550 1248 1157 1314 
551 1254 1158 1255 
552 1255 1158 1256 
553 1256 1158 1315 
554 1237 1159 1238 
555 1159 1237 1309 
556 1238 1159 1293 
557 1293 1159 1316 
558 1258 1160 1305 
559 1160 1294 1305 
560 1294 1160 1317 
561 1161 1162 1186 
562 1161 1186 1284 
563 1162 1163 1164 
564 1162 1164 1281 
565 1186 1162 1281 
566 1164 1163 1165 
567 1165 1163 1190 
568 1190 1163 1283 
569 1164 1165 1166 
570 1164 1166 1167 
571 1164 1167 1281 
572 1166 1165 1276 
573 1165 1190 1191 
574 1165 1191 1276 
575 1167 1166 1168 
576 1168 1166 1169 
577 1169 1166 1276 
578 1167 1168 1274 
579 1167 1274 1306 
580 1281 1167 1306 
581 1168 1169 1170 
582 1168 1170 1171 
583 1168 1171 1274 
584 1170 1169 1275 
585 1169 1264 1275 
586 1264 1169 1276 
587 1171 1170 1172 
588 1172 1170 1173 
589 1173 1170 1275 
590 1171 1172 1269 
591 1171 1269 1304 
592 1274 1171 1304 
593 1172 1173 1174 
594 1172 1174 1175 
595 1172 1175 1269 
596 1174 1173 1176 
597 1176 1173 1178 
598 1178 1173 1275 
599 1175 1174 1273 
600 1174 1176 1177 
601 1174 1177 1273 
602 1269 1175 1301 
603 1175 1273 1321 
604 1301 1175 1321 
605 1177 1176 1179 
606 1176 1178 1280 
607 1179 1176 1280 
608 1177 1179 1180 
609 1177 1180 1181 
610 1177 1181 1273 
611 1178 1275 1278 
612 1178 1278 1279 
613 1178 1279 1280 
614 1180 1179 1182 
615 1182 1179 1183 
616 1183 1179 1280 
617 1181 1180 1272 
618 1180 1182 1184 
619 1180 1184 1272 
620 1181 1267 1299 
621 1267 1181 1319 
622 1181 1272 1319 
623 1273 1181 1299 
624 1182 1183 1285 
625 1184 1182 1185 
626 1185 1182 1285 
627 1183 1280 1286 
628 1285 1183 1302 
629 1183 1286 1302 
630 1184 1185 1187 
631 1184 1187 1189 
632 1184 1189 1272 
633 1187 1185 1188 
634 1188 1185 1192 
635 1192 1185 1285 
636 1252 1186 1281 
637 1186 1252 1311 
638 1284 1186 1311 
639 1187 1188 1297 
640 1189 1187 1194 
641 1194 1187 1297 
642 1188 1192 1193 
643 1188 1193 1195 
644 1188 1195 1297 
645 1189 1194 1196 
646 1189 1196 1197 
647 1189 1197 1272 
648 1191 1190 1198 
649 1198 1190 1289 
650 1190 1283 1289 
651 1191 1198 1199 
652 1191 1199 1200 
653 1191 1200 1276 
654 1193 1192 1318 
655 1192 1285 1320 
656 1192 1292 1318 
657 1292 1192 1320 
658 1195 1193 1305 
659 1193 1258 1305 
660 1258 1193 1318 
661 1196 1194 1295 
662 1295 1194 1296 
663 1298 1195 1305 
664 1197 1196 1300 
665 1272 1197 1319 
666 1291 1197 1300 
667 1197 1291 1319 
668 1199 1198 1290 
669 1200 1199 1201 
670 1201 1199 1202 
671 1202 1199 1290 
672 1200 1201 1203 
673 1200 1203 1264 
674 1200 1264 1276 
675 1201 1202 1271 
676 1203 1201 1204 
677 1204 1201 1271 
678 1202 1255 1257 
679 1255 1202 1290 
680 1202 1257 1271 
681 1203 1204 1205 
682 1203 1205 1278 
683 1264 1203 1278 
684 1205 1204 1206 
685 1206 1204 1208 
686 1208 1204 1271 
687 1205 1206 1207 
688 1205 1207 1279 
689 1278 1205 1279 
690 1207 1206 1303 
691 1206 1208 1209 
692 1206 1209 1303 
693 1207 1261 1286 
694 1261 1207 1303 
695 1279 1207 1286 
696 1209 1208 1310 
697 1211 1210 1247 
698 1212 1211 1213 
699 1213 1211 1250 
700 1211 1247 1250 
701 1212 1213 1214 
702 1212 1214 1277 
703 1246 1212 1277 
704 1214 1213 1215 
705 1215 1213 1229 
706 1229 1213 1250 
707 1214 1215 1216 
708 1214 1216 1217 
709 1214 1217 1277 
710 1216 1215 1231 
711 1215 1229 1253 
712 1231 1215 1253 
713 1217 1216 1218 
714 1218 1216 1268 
715 1216 1231 1268 
716 1217 1218 1219 
717 1217 1219 1242 
718 1217 1242 1277 
719 1219 1218 1220 
720 1220 1218 1233 
721 1233 1218 1268 
722 1219 1220 1221 
723 1219 1221 1263 
724 1242 1219 1263 
725 1221 1220 1222 
726 1222 1220 1282 
727 1220 1233 1282 
728 1221 1222 1223 
729 1221 1223 1234 
730 1221 1234 1263 
731 1223 1222 1224 
732 1224 1222 1225 
733 1225 1222 1282 
734 1223 1224 1270 
735 1234 1223 1241 
736 1241 1223 1270 
737 1224 1225 1226 
738 1224 1226 1227 
739 1224 1227 1270 
740 1226 1225 1265 
741 1265 1225 1266 
742 1266 1225 1282 
743 1227 1226 1228 
744 1228 1226 1230 
745 1230 1226 1265 
746 1227 1228 1235 
747 1227 1235 1236 
748 1227 1236 1270 
749 1228 1230 1232 
750 1228 1232 1239 
751 1235 1228 1239 
752 1229 1250 1251 
753 1229 1251 1252 
754 1229 1252 1253 
755 1232 1230 1291 
756 1230 1265 1267 
757 1230 1267 1291 
758 1231 1253 1322 
759 1268 1231 1304 
760 1304 1231 1322 
761 1239 1232 1240 
762 1240 1232 1313 
763 1232 1291 1313 
764 1233 1268 1269 
765 1233 1269 1301 
766 1282 1233 1301 
767 1234 1241 1245 
768 1234 1245 1288 
769 1263 1234 1288 
770 1236 1235 1237 
771 1236 1237 1238 
772 1236 1238 1243 
773 1236 1243 1270 
774 1243 1238 1244 
775 1244 1238 1293 
776 1239 1240 1312 
777 1243 1241 1270 
778 1242 1259 1277 
779 1259 1246 1277 
780 1247 1248 1249 
781 1247 1249 1250 
782 1249 1248 1308 
783 1250 1249 1251 
784 1252 1251 1311 
785 1253 1252 1306 
786 1252 1281 1306 
787 1253 1306 1322 
788 1254 1255 1290 
789 1255 1256 1257 
790 1257 1256 1307 
791 1261 1260 1262 
792 1262 1260 1287 
793 1261 1262 1302 
794 1286 1261 1302 
795 1262 1287 1292 
796 1262 1292 1320 
797 1302 1262 1320 
798 1275 1264 1278 
799 1265 1266 1299 
800 1267 1265 1299 
801 1266 1282 1301 
802 1299 1266 1321 
803 1266 1301 1321 
804 1291 1267 1319 
805 1269 1268 1304 
806 1273 1299 1321 
807 1274 1304 1322 
808 1306 1274 1322 
809 1280 1279 1286 
810 1285 1302 1320 
811 1291 1300 1313 
812 1294 1298 1305 
3 1 4 8072
813 1341 1486 1422 1541 
814 1449 734 1567 1740 
815 327 1726 1560 1751 
816 875 1461 808 1704 
817 1519 1622 1556 1951 
818 478 1415 1660 1688 
819 1350 1556 1519 1622 
820 1067 1515 1671 1792 
821 478 1415 507 1660 
822 986 1611 1513 1811 
823 1422 1479 1341 1541 
824 1338 1399 1517 1585 
825 1511 1557 1417 1933 
826 1536 1651 832 1767 
827 541 1492 1593 1845 
828 1445 1535 723 1661 
829 1525 1660 1359 1685 
830 1538 1639 1377 1747 
831 1708 1817 1547 2117 
832 1511 1933 1417 1936 
833 1407 1533 1430 1619 
834 1375 1502 1451 1654 
835 1370 1652 1540 1659 
836 823 1666 1459 1673 
837 330 1602 1423 1790 
838 1355 1678 1408 1849 
839 397 1733 1520 1918 
840 1423 1602 330 1726 
841 1067 1671 957 1792 
842 1335 1638 1596 1717 
843 534 535 1509 1743 
844 1370 1540 1652 1801 
845 1643 1820 1652 1923 
846 808 1704 1461 1711 
847 1348 1417 1511 1557 
848 654 208 1793 1804 
849 1415 1660 1525 1685 
850 396 1733 397 1918 
851 1360 1454 1556 1622 
852 1389 1803 1692 1880 
853 1326 1440 1650 1938 
854 1435 1535 1336 1829 
855 1644 1792 1515 2136 
856 1371 1495 1476 1678 
857 710 1586 1447 1793 
858 534 1743 1509 1856 
859 1561 1727 547 2073 
860 1596 1638 1399 1717 
861 1547 1817 1433 2117 
862 541 1593 540 1845 
863 1363 1639 1538 1747 
864 946 1675 949 1813 
865 1516 1779 1397 1806 
866 1392 1652 1540 1801 
867 1440 1381 1650 1938 
868 1341 1422 1486 1647 
869 1346 1504 1497 1877 
870 1643 1345 1820 1923 
871 539 1421 540 1593 
872 1339 1545 1430 1902 
873 1472 1784 1939 2111 
874 1449 734 1740 1828 
875 1422 1383 1566 1940 
876 1605 1826 1488 1937 
877 1547 1817 1708 2024 
878 1739 1349 1851 2086 
879 1451 1654 1502 1748 
880 875 1636 1461 1728 
881 1471 1552 472 1878 
882 1473 1498 1367 1949 
883 920 1571 1732 1816 
884 1422 1341 1479 1674 
885 1339 1430 1533 1902 
886 1517 1585 1399 1929 
887 1472 1550 1784 2111 
888 1350 1506 1473 1949 
889 330 257 1602 1790 
890 1498 1523 1473 1750 
891 946 1518 1675 1813 
892 1455 1792 1671 1848 
893 1479 1502 1375 1625 
894 875 818 1636 1728 
895 1476 1678 1495 1948 
896 986 1811 1513 1866 
897 1454 1367 1519 1962 
898 1503 1397 1779 1806 
899 666 1431 1586 1890 
900 1497 1504 1395 1877 
901 1397 1516 1806 2036 
902 1409 1534 1474 1882 
903 1476 1495 1371 1753 
904 1474 1534 1380 1882 
905 1348 1511 1417 1580 
906 1671 1792 1515 1848 
907 1586 1862 1793 1889 
908 1335 1645 1596 1770 
909 1338 1517 1399 1645 
910 1652 1801 1392 1873 
911 1341 1502 1479 1625 
912 1473 1523 1498 1949 
913 1355 1495 1678 1849 
914 708 1640 1431 2053 
915 1540 1652 1392 1659 
916 1509 1743 535 1759 
917 1397 1806 1503 2036 
918 1443 1803 1389 1880 
919 213 1459 889 1707 
920 493 1616 1576 2089 
921 1374 1701 1563 1729 
922 478 1660 1525 1688 
923 1419 1652 1643 1820 
924 1472 1784 1438 1939 
925 654 1793 1447 1804 
926 1554 1791 1631 2036 
927 1502 1654 1625 1748 
928 1353 1473 1523 1750 
929 1377 1639 1538 1778 
930 1446 1709 207 1944 
931 1454 1475 1367 1722 
932 1561 1778 1416 2073 
933 1473 1498 1023 1811 
934 1498 1523 1367 1949 
935 1658 1761 1637 2008 
936 199 1442 490 1594 
937 1422 1599 1383 1940 
938 1344 1493 1449 1740 
939 685 1449 734 1567 
940 806 1465 1673 1868 
941 1451 1758 1748 1916 
942 1412 1826 1605 1937 
943 1400 1905 1561 2031 
944 1351 1515 1671 2071 
945 1350 1506 1409 1757 
946 327 330 1726 1751 
947 1360 1454 1622 1951 
948 1035 1436 1643 1796 
949 1433 1817 1547 2024 
950 493 456 1616 2089 
951 263 1928 1539 1968 
952 1618 1758 1451 1916 
953 1351 1700 1455 1848 
954 1351 1671 1553 2071 
955 1631 1791 1507 2036 
956 1339 1466 1543 1693 
957 1517 1781 1585 1929 
958 708 1586 1431 1640 
959 1345 1643 1662 1923 
960 1563 1701 303 1729 
961 1341 1479 1502 1541 
962 1422 1566 1541 1940 
963 1067 958 957 1671 
964 875 1461 1704 1728 
965 1392 1662 1643 1923 
966 708 666 1431 1586 
967 1441 1748 1758 1916 
968 539 538 540 1421 
969 606 1492 541 1845 
970 303 1563 1729 1928 
971 666 1615 1431 1890 
972 1431 1706 1640 1862 
973 1449 1493 1344 1908 
974 723 1535 1445 1819 
975 1400 1686 1548 2023 
976 736 1804 1640 1896 
977 1560 1726 327 1872 
978 1358 1685 1545 1688 
979 708 1431 666 2053 
980 1337 1421 1713 1845 
981 1435 1535 1829 1904 
982 1338 1585 1517 1781 
983 1409 1506 1350 1676 
984 331 330 257 1602 
985 1446 1548 1400 1686 
986 603 547 1727 2073 
987 344 339 1499 1594 
988 507 1600 1415 1672 
989 1016 1493 746 1670 
990 1493 1670 1016 2038 
991 919 746 1016 1493 
992 693 757 774 1456 
993 1349 1449 1494 1739 
994 1538 1639 1363 1778 
995 1418 1532 1982 2113 
996 1556 1622 1454 1951 
997 1620 1687 644 1736 
998 1334 1451 1618 1758 
999 1380 1934 1432 2108 
1000 1479 1502 1355 1742 
1001 1418 1982 1766 2113 
1002 301 1627 1563 1928 
1003 331 330 1602 1726 
1004 1337 1744 1421 1845 
1005 774 1567 1456 1969 
1006 1455 1671 1351 1848 
1007 1561 1856 1400 2031 
1008 933 1437 934 1617 
1009 1375 1625 1502 1654 
1010 1472 1933 1511 1936 
1011 547 1561 1509 1727 
1012 616 1548 1446 1679 
1013 396 1487 1733 1918 
1014 263 299 1928 1968 
1015 1339 1543 1533 1786 
1016 723 727 1445 1661 
1017 1413 1547 1329 1787 
1018 1445 863 1629 2032 
1019 1375 1502 1479 1742 
1020 1035 1436 1069 1643 
1021 1544 1554 1371 1976 
1022 710 711 1586 1793 
1023 1793 1862 1386 1889 
1024 1331 1658 1637 2088 
1025 1533 1430 1619 1902 
1026 1341 1422 1647 1674 
1027 691 1586 711 1889 
1028 1472 1417 1933 1936 
1029 1343 1766 1418 1982 
1030 1418 1343 1501 1766 
1031 667 1667 1615 2121 
1032 1520 1733 1487 1918 
1033 1407 1533 1352 1637 
1034 1359 1420 2013 2061 
1035 1374 1689 1928 2002 
1036 1367 1475 1454 1869 
1037 538 1421 539 1727 
1038 919 1493 1016 2038 
1039 606 541 540 1845 
1040 1349 1494 1453 1739 
1041 1479 1625 1375 1754 
1042 949 1813 1675 2063 
1043 1443 1776 1736 1880 
1044 639 1620 1439 1687 
1045 1736 1776 1424 1880 
1046 946 949 1050 1813 
1047 1421 540 1593 1845 
1048 420 1466 405 1543 
1049 831 1536 1437 1651 
1050 1448 1761 1658 2008 
1051 1388 1633 1582 1953 
1052 1410 1625 1479 1754 
1053 734 1449 686 1828 
1054 1349 1494 1449 1815 
1055 1380 1534 1934 2108 
1056 1545 1685 1415 1688 
1057 1339 1543 1786 1920 
1058 1331 1637 1658 1956 
1059 1337 1508 1744 1845 
1060 684 1567 1494 1815 
1061 1331 1430 1490 1860 
1062 1339 1693 1543 2142 
1063 469 1624 1543 1887 
1064 1586 1793 711 1889 
1065 1399 1717 1638 1938 
1066 893 832 1651 1767 
1067 1429 1982 1766 2143 
1068 1350 1409 1612 1757 
1069 237 1836 1483 1944 
1070 1414 1512 1323 1716 
1071 1554 1998 1791 2036 
1072 472 1552 417 1878 
1073 1450 1768 423 1772 
1074 1472 1550 1361 1784 
1075 1455 1848 1700 1921 
1076 1658 2008 1637 2088 
1077 507 1672 1415 2087 
1078 1355 1408 1546 1849 
1079 1350 1555 1506 1949 
1080 1352 1533 1407 1597 
1081 1374 1928 1563 2002 
1082 1476 1408 1678 1948 
1083 1415 1600 507 1660 
1084 1362 1736 1443 1776 
1085 291 1922 1538 1965 
1086 1387 1534 1409 1676 
1087 1335 1596 1529 1770 
1088 1473 1506 1350 1757 
1089 1431 1640 1586 1862 
1090 1521 1588 1091 1643 
1091 1791 2036 1998 2115 
1092 208 293 1793 1804 
1093 1354 1719 1560 1839 
1094 1058 1463 1033 1942 
1095 1003 1419 1052 1588 
1096 1005 1610 1484 1760 
1097 1528 1697 1333 1985 
1098 693 757 1456 1740 
1099 865 863 1445 2032 
1100 1052 1588 1419 1643 
1101 1392 1643 1652 1923 
1102 1355 1502 1479 1541 
1103 1415 1902 1357 2105 
1104 1337 1713 1710 1845 
1105 1356 1758 1733 1920 
1106 1637 1761 1658 1956 
1107 1412 1605 1488 1937 
1108 1439 1620 639 2012 
1109 1582 1953 1633 1979 
1110 1436 1643 1392 1662 
1111 1333 1475 1454 1962 
1112 842 1698 1469 1835 
1113 1453 1837 1382 2026 
1114 1343 1418 1532 1982 
1115 432 1442 490 1832 
1116 539 1421 1593 1727 
1117 420 1466 1543 1773 
1118 1554 1631 1397 2036 
1119 1407 1533 1619 1841 
1120 893 1767 1651 1816 
1121 1447 1793 1586 1862 
1122 1367 1454 1519 1556 
1123 693 1456 774 1567 
1124 1359 2013 1525 2061 
1125 1337 1710 1508 1845 
1126 956 932 1565 1680 
1127 985 1498 1611 1811 
1128 1791 1998 1554 2115 
1129 1453 1382 1762 2026 
1130 1444 1548 546 1683 
1131 1739 1797 1349 2086 
1132 1420 1359 1843 2061 
1133 1366 1846 2030 2084 
1134 1449 1739 1349 1851 
1135 237 1483 1694 1944 
1136 1334 1654 1451 1758 
1137 1360 1632 1512 1677 
1138 1411 2057 1634 2075 
1139 1533 1786 1543 1993 
1140 835 823 1459 1673 
1141 974 1406 1041 1822 
1142 1509 1743 1444 1856 
1143 1436 1524 951 1774 
1144 934 1617 1437 1680 
1145 1377 1587 1639 1778 
1146 1407 1352 1597 2008 
1147 547 1509 537 1727 
1148 1431 1640 1706 2046 
1149 1343 1418 1501 1684 
1150 1409 1534 1387 1761 
1151 563 1561 547 2073 
1152 691 710 711 1586 
1153 673 1511 739 1580 
1154 1343 1766 1982 2143 
1155 874 1461 875 1636 
1156 1692 1803 1484 1880 
1157 1619 1841 1533 1902 
1158 1472 1784 1361 1933 
1159 1440 1598 1326 1650 
1160 1374 1729 1563 1928 
1161 536 1509 547 1561 
1162 667 669 1667 2121 
1163 685 686 734 1449 
1164 974 1406 1696 1805 
1165 431 472 417 1878 
1166 1335 1596 1645 1717 
1167 1388 1953 1582 1979 
1168 1335 1638 1717 1938 
1169 584 1604 587 1803 
1170 1488 857 1732 1816 
1171 1367 1866 1519 1962 
1172 1358 1688 1545 1910 
1173 1437 1536 831 1914 
1174 1331 1637 2008 2088 
1175 1455 1351 1671 1700 
1176 1371 1476 1631 1678 
1177 1333 1433 1817 2117 
1178 1323 1512 1414 1763 
1179 1352 1407 1637 2008 
1180 330 1790 1423 2042 
1181 1392 1873 1801 2082 
1182 1350 1425 1612 2088 
1183 1326 1545 1430 2134 
1184 705 1456 757 1740 
1185 831 832 1536 1651 
1186 1416 1727 1561 2073 
1187 1023 1498 1473 1750 
1188 306 900 841 1698 
1189 1475 1722 1454 1962 
1190 307 1698 306 1835 
1191 1413 1547 1787 1801 
1192 1324 1916 1495 1988 
1193 1395 1504 1497 1960 
1194 616 1446 1548 2031 
1195 1654 1748 1451 1758 
1196 344 1594 1499 1892 
1197 1348 1417 1557 1818 
1198 974 1696 1406 1822 
1199 1058 1691 1463 1942 
1200 920 1732 884 1816 
1201 587 1604 1484 1803 
1202 1366 1846 1428 2030 
1203 1425 1350 1519 1622 
1204 1569 1739 1851 2086 
1205 933 932 934 1437 
1206 1453 1349 1739 1797 
1207 1496 1555 1350 1556 
1208 1415 1672 1357 1902 
1209 1064 637 1087 1553 
1210 949 1050 1813 2063 
1211 500 1087 637 1553 
1212 1415 1466 1672 1902 
1213 1338 1399 1585 1645 
1214 1441 1758 1618 1916 
1215 1353 1403 1608 1636 
1216 1333 1528 1433 1723 
1217 1339 1543 1466 1902 
1218 1632 1677 1360 1901 
1219 1397 1554 1544 1976 
1220 1497 1504 1346 1960 
1221 1479 1625 1410 1996 
1222 1553 2071 1671 2109 
1223 1432 1934 1826 2108 
1224 1338 1548 1686 2023 
1225 1413 1547 1801 2024 
1226 1466 1693 1339 2142 
1227 1339 1430 1545 1947 
1228 1449 1384 1569 1851 
1229 934 1437 932 1680 
1230 875 808 1461 1711 
1231 1339 1543 1920 2142 
1232 1438 1784 1472 1933 
1233 1511 1580 673 2114 
1234 1998 2036 1503 2115 
1235 1331 1512 1677 1825 
1236 1326 1735 1545 2134 
1237 592 1548 616 1679 
1238 420 471 405 1466 
1239 990 1838 1419 1866 
1240 291 292 364 1965 
1241 875 824 808 1711 
1242 1329 1547 1413 1776 
1243 736 1550 1804 1896 
1244 614 207 1446 1709 
1245 1562 1894 1850 2094 
1246 1619 1675 1369 1738 
1247 1560 1751 1726 1906 
1248 1423 1726 330 1751 
1249 1574 1886 1844 1975 
1250 1430 1533 1407 1637 
1251 875 1461 824 1711 
1252 974 978 1041 1406 
1253 1355 1589 1408 1678 
1254 1362 1424 1736 1776 
1255 420 471 1466 1773 
1256 322 283 1614 1867 
1257 1463 1691 702 1942 
1258 1402 1361 1657 1664 
1259 821 1875 1479 2052 
1260 1449 1384 1851 2005 
1261 708 683 1640 2053 
1262 683 708 666 2053 
1263 1384 1449 1569 1908 
1264 1419 1588 1003 1866 
1265 1449 1567 685 1815 
1266 1331 1782 1512 1825 
1267 746 1493 919 1919 
1268 1345 1820 1542 1825 
1269 547 536 537 1509 
1270 824 1711 1461 1914 
1271 1495 1916 1451 1988 
1272 299 1394 1627 1928 
1273 1504 1877 1346 2043 
1274 685 1567 684 1815 
1275 712 1447 1640 1804 
1276 1393 1733 1758 1920 
1277 1355 1546 1408 1589 
1278 1551 1650 1381 1938 
1279 1360 1542 1454 1825 
1280 214 1459 213 1707 
1281 1069 1436 1521 1643 
1282 1448 1573 1352 1813 
1283 1367 1569 1523 1908 
1284 1326 1650 1551 1938 
1285 1331 1782 1430 1860 
1286 919 1016 982 2038 
1287 299 1627 301 1928 
1288 1333 1723 1433 2117 
1289 1333 1722 1475 1962 
1290 1447 1793 293 1804 
1291 883 1930 1703 1964 
1292 860 1445 1629 1819 
1293 1615 1667 1413 2121 
1294 1540 1392 1801 2082 
1295 1338 1694 1450 1915 
1296 1394 1928 299 1968 
1297 1501 1766 1343 2143 
1298 1380 1651 1536 1767 
1299 1417 1818 1328 1933 
1300 274 1657 1578 2069 
1301 1043 1757 1473 1798 
1302 1367 1523 1498 1908 
1303 1409 1350 1658 1676 
1304 846 1794 1458 2034 
1305 1338 1548 1446 1686 
1306 563 1778 1561 2073 
1307 473 1499 339 1594 
1308 291 1538 292 1965 
1309 1381 1440 1650 1744 
1310 1470 1346 1623 1639 
1311 1633 1953 1427 1979 
1312 1415 1545 1902 2105 
1313 1398 1560 1719 1839 
1314 1338 1450 2014 2061 
1315 1458 1794 846 1970 
1316 1402 1657 1578 1664 
1317 1826 1934 1534 2108 
1318 1043 937 1473 1757 
1319 1339 1533 1430 2141 
1320 1339 1533 1543 1902 
1321 1331 1677 1512 1782 
1322 1353 1608 1403 1971 
1323 363 303 1701 1729 
1324 1467 1762 1507 2002 
1325 877 806 1673 1868 
1326 1326 1440 1572 1598 
1327 1356 1625 1654 1748 
1328 534 1444 1743 1856 
1329 1387 1676 1409 1761 
1330 444 2057 1411 2075 
1331 1454 1475 1333 1697 
1332 774 1456 1642 1969 
1333 291 1606 1922 1965 
1334 1328 1779 1516 1806 
1335 566 1905 1709 2031 
1336 820 821 815 1875 
1337 1060 972 1732 1752 
1338 1328 1681 1417 1933 
1339 1621 1694 357 1861 
1340 1333 1697 1528 1723 
1341 883 1754 1703 1930 
1342 1700 1848 1650 1921 
1343 1346 1639 1470 1885 
1344 1468 1719 1354 1839 
1345 1394 1928 1689 2002 
1346 1540 1610 994 1943 
1347 1466 406 1693 1859 
1348 1391 1697 1528 1985 
1349 1447 1586 710 1640 
1350 1333 1433 1528 1817 
1351 654 1447 712 1804 
1352 1431 1330 1706 1862 
1353 546 1548 1444 1856 
1354 1552 1749 417 1878 
1355 1734 1817 1764 1865 
1356 736 712 1640 1804 
1357 541 1593 1492 2037 
1358 1385 1684 1428 1802 
1359 1411 1752 1025 2075 
1360 1417 1557 1818 1933 
1361 1361 1402 1657 1706 
1362 1380 1437 1617 1857 
1363 1544 1779 1655 1780 
1364 1341 1674 1647 1996 
1365 889 1459 837 1707 
1366 1425 1622 1519 1951 
1367 1323 1632 1512 1780 
1368 682 671 1433 1865 
1369 1365 1614 1574 2115 
1370 874 875 818 1636 
1371 1331 1490 1430 1637 
1372 1484 1692 1389 1803 
1373 1409 1350 1612 1658 
1374 889 1459 213 1701 
1375 1380 1536 1437 1857 
1376 1407 1675 1619 1738 
1377 1005 1610 1760 1980 
1378 1333 1457 1528 1851 
1379 1561 1905 552 2031 
1380 820 1479 821 1875 
1381 992 1052 990 1419 
1382 1565 1680 932 1999 
1383 1345 1531 1521 1951 
1384 1352 1813 1597 2008 
1385 992 1419 990 1838 
1386 1457 1851 1384 2005 
1387 1536 1711 825 1914 
1388 1507 1762 1467 1909 
1389 1634 2057 441 2075 
1390 1850 1894 1008 2094 
1391 1488 1826 1334 1937 
1392 1476 1695 1555 1753 
1393 1555 1556 1496 1695 
1394 985 1023 1498 1811 
1395 1411 1732 1025 1752 
1396 1370 1547 1708 2024 
1397 1092 1473 1023 1811 
1398 1453 1494 1349 1765 
1399 1338 1915 1450 2061 
1400 1469 1616 456 2089 
1401 1052 1419 992 1943 
1402 1630 1891 1884 1916 
1403 1915 1967 1450 2061 
1404 291 364 1606 1965 
1405 1325 1555 1476 1695 
1406 322 1614 1574 1867 
1407 974 978 1406 1805 
1408 1426 1705 1347 1830 
1409 1411 1488 1571 1934 
1410 1071 1091 1588 1643 
1411 490 1442 199 1832 
1412 468 1859 1601 1992 
1413 1380 1432 1536 2108 
1414 1394 1563 1928 2002 
1415 1655 1779 1391 1780 
1416 306 1698 841 1835 
1417 1355 1566 1755 1940 
1418 1511 1667 1348 2048 
1419 1415 1545 1466 1902 
1420 1413 1801 1558 2024 
1421 992 1659 1419 1838 
1422 644 1665 1620 1736 
1423 1488 1826 1432 1934 
1424 1415 1672 1466 2087 
1425 1574 1844 1378 1975 
1426 1547 1329 1787 1801 
1427 1344 1449 1567 1740 
1428 1443 1581 1362 1776 
1429 1543 1624 469 2118 
1430 1428 1702 1385 1802 
1431 1350 1612 1658 2088 
1432 1466 1545 1415 1688 
1433 1349 1613 1528 1879 
1434 825 1711 824 1914 
1435 299 1627 1394 1968 
1436 739 1580 1511 2053 
1437 1472 1939 1438 2019 
1438 468 1601 1628 1992 
1439 1450 1621 437 1861 
1440 710 712 1447 1640 
1441 1323 1414 1716 1763 
1442 1052 1003 990 1419 
1443 1795 1872 1719 2074 
1444 1426 1635 1549 1827 
1445 1330 1641 1431 1706 
1446 1573 1352 1813 2055 
1447 208 293 295 1793 
1448 1048 1045 948 1813 
1449 563 547 603 2073 
1450 1435 1336 1535 1756 
1451 1349 1765 1494 1847 
1452 1347 1830 1705 2064 
1453 274 1578 1854 2069 
1454 1884 1891 1495 1916 
1455 824 1461 874 1914 
1456 493 456 457 1616 
1457 1392 1659 1652 1943 
1458 1444 1509 1381 1743 
1459 912 1767 1605 1964 
1460 707 1514 1919 2090 
1461 1353 1608 1461 1636 
1462 1426 1587 1549 1635 
1463 1432 1380 1767 1934 
1464 1549 1635 1587 1827 
1465 1467 1507 1909 2002 
1466 1422 1541 1599 1940 
1467 1329 1776 1413 1787 
1468 1415 1685 1525 1688 
1469 1413 1787 1558 1801 
1470 534 533 535 1743 
1471 1396 1646 1490 1983 
1472 357 1694 1621 1973 
1473 637 524 453 1553 
1474 1507 1762 1336 2002 
1475 500 930 1087 1553 
1476 1069 1521 1436 1774 
1477 1725 1730 1500 1853 
1478 1337 1713 1421 1744 
1479 1398 1795 1719 2074 
1480 1495 1753 1476 1948 
1481 1323 1582 1542 1763 
1482 1381 1509 1444 2016 
1483 1391 1528 1697 1723 
1484 548 1464 1649 2067 
1485 548 531 1464 2067 
1486 842 1674 1469 1698 
1487 1450 1694 1621 1861 
1488 1345 1662 1643 2040 
1489 552 1856 1561 2031 
1490 919 982 1493 2038 
1491 1448 2008 1658 2088 
1492 1330 1771 1705 1941 
1493 1542 1820 1454 1825 
1494 1585 1399 1717 2023 
1495 1333 1851 1528 1985 
1496 1578 1657 1361 1664 
1497 1348 1417 1528 1580 
1498 754 1691 1058 1942 
1499 1332 1507 1631 1791 
1500 1563 1627 1394 1928 
1501 1887 1920 1543 2142 
1502 1511 1580 1348 1667 
1503 1348 1528 1417 1818 
1504 1369 1619 1455 1675 
1505 1395 1504 1960 1987 
1506 1353 1523 1473 1949 
1507 241 1833 236 1944 
1508 1342 1500 1462 2070 
1509 313 1442 199 1594 
1510 1374 2002 1909 2035 
1511 1362 1705 1424 1776 
1512 669 1831 1667 2121 
1513 1604 1803 584 2028 
1514 252 1599 1486 1751 
1515 1475 1333 1697 1985 
1516 668 1615 1667 2053 
1517 1380 1536 1857 2108 
1518 1555 1695 1496 1753 
1519 1411 1571 1752 1934 
1520 236 1833 1836 1944 
1521 653 746 919 1919 
1522 1417 1528 1613 1879 
1523 1458 845 2034 2131 
1524 774 1456 757 2066 
1525 1455 1373 1848 1921 
1526 1657 1706 1592 1900 
1527 853 1732 1653 1858 
1528 1469 1698 307 1835 
1529 1437 1536 1380 1651 
1530 1435 1336 1516 1765 
1531 207 1944 1709 2060 
1532 339 204 344 1499 
1533 405 1543 1466 1693 
1534 856 1605 912 1767 
1535 1382 1837 1823 2026 
1536 1432 1767 1488 1934 
1537 1400 1548 1446 2031 
1538 668 666 1615 2053 
1539 1545 1688 1466 1910 
1540 1552 1471 1783 1878 
1541 1388 1542 1582 1763 
1542 964 1515 1792 2136 
1543 1347 1470 1491 1633 
1544 1484 1610 1005 1850 
1545 1383 1599 1422 1607 
1546 1337 1508 1710 1881 
1547 1387 1618 1451 1916 
1548 1460 1844 1886 1975 
1549 937 1680 1473 1757 
1550 1490 1646 1418 1983 
1551 1445 1819 860 1961 
1552 546 532 1444 1683 
1553 1385 1702 1460 1952 
1554 548 531 573 1464 
1555 532 1743 1683 1775 
1556 860 1445 863 1629 
1557 1360 1825 1454 1951 
1558 1422 1541 1486 1599 
1559 1562 1008 1894 2094 
1560 471 1466 1773 2087 
1561 1377 1747 1639 2145 
1562 846 1458 845 2034 
1563 990 1419 1003 1866 
1564 1334 1451 1534 1618 
1565 431 417 1749 1878 
1566 1399 1645 1596 1717 
1567 469 1807 1624 1887 
1568 1387 1534 1451 1618 
1569 1352 1597 1696 1993 
1570 845 1458 846 1970 
1571 992 1419 1659 1943 
1572 500 637 453 1553 
1573 1650 1700 1583 1848 
1574 1384 1828 1449 1908 
1575 1342 1462 1632 2070 
1576 339 473 204 1499 
1577 1465 1704 817 2080 
1578 1454 1542 1360 1893 
1579 654 710 1447 1793 
1580 1333 1817 1708 2117 
1581 1602 1428 1726 2045 
1582 859 860 790 1961 
1583 978 1041 1406 1699 
1584 1350 1622 1425 2088 
1585 1633 1582 1979 2124 
1586 1433 1723 1547 2117 
1587 1515 1644 1373 1792 
1588 1518 1813 946 1950 
1589 688 682 1734 1865 
1590 475 433 1520 1931 
1591 548 1464 573 1649 
1592 558 1635 1687 1913 
1593 1385 1802 1702 1952 
1594 457 493 1616 1878 
1595 540 1421 538 1845 
1596 1470 1623 1549 1639 
1597 1700 1855 1477 2123 
1598 509 465 1570 1660 
1599 1346 1730 1504 2043 
1600 1335 1645 1770 2029 
1601 1425 1350 1612 2022 
1602 688 1734 1764 1865 
1603 1336 1829 1535 2135 
1604 1576 1647 254 2089 
1605 1377 1549 1587 1827 
1606 996 994 1610 1943 
1607 293 1447 295 1793 
1608 656 719 859 1961 
1609 1600 1672 1477 1700 
1610 1601 1859 1429 1992 
1611 628 616 1446 1679 
1612 1435 1516 1336 1756 
1613 558 1635 550 1687 
1614 1355 1541 1479 1566 
1615 1413 1776 1547 1809 
1616 818 1636 1728 2139 
1617 1380 1617 1437 1651 
1618 1392 1643 1419 1652 
1619 1446 1338 1694 2014 
1620 1346 1725 1500 1885 
1621 1585 1645 1399 2023 
1622 860 1819 1629 2130 
1623 1377 1587 1549 1639 
1624 1455 1373 1792 1848 
1625 1324 1884 1495 1916 
1626 1367 1454 1556 1869 
1627 238 213 214 1459 
1628 1443 1389 1787 1880 
1629 451 1600 507 1672 
1630 1353 1403 1636 1971 
1631 423 1450 506 1967 
1632 1705 1771 1426 1941 
1633 358 1614 374 1729 
1634 433 1590 1520 1931 
1635 723 1445 720 1819 
1636 1385 1726 1684 2045 
1637 1527 1762 1382 2026 
1638 1525 1685 1358 1688 
1639 1581 1776 1443 1787 
1640 820 821 1479 2052 
1641 1019 1794 1788 1970 
1642 723 727 720 1445 
1643 1595 1747 352 1912 
1644 860 865 863 1445 
1645 1479 1355 1703 1742 
1646 1488 1605 1412 1858 
1647 1428 1366 1731 1846 
1648 1428 1731 1602 2096 
1649 241 236 239 1944 
1650 1058 1033 918 1942 
1651 831 1536 825 1914 
1652 970 1573 1474 1882 
1653 1346 1504 1730 2104 
1654 1621 1694 1450 1973 
1655 1719 1795 1460 1872 
1656 1410 1625 1375 1984 
1657 1453 1797 1739 2086 
1658 1706 1862 1592 1900 
1659 1352 1533 1597 1993 
1660 270 1939 1564 2058 
1661 201 298 649 1539 
1662 1703 1930 1375 1964 
1663 1346 1725 1470 1730 
1664 807 817 1704 2080 
1665 1371 1554 1631 1976 
1666 682 1433 1734 1865 
1667 1553 1671 1351 2109 
1668 1585 1717 1551 2023 
1669 1348 2046 1511 2048 
1670 1488 1605 856 1767 
1671 444 441 2057 2075 
1672 1341 1478 1502 1926 
1673 1347 1491 1470 1626 
1674 1060 972 1025 1732 
1675 1422 1566 1383 1607 
1676 1428 1842 1802 2030 
1677 1341 1625 1479 1996 
1678 1500 1346 1877 2043 
1679 806 1704 1465 1868 
1680 1540 1659 1392 1943 
1681 1527 1382 1823 2026 
1682 1519 1556 1454 1951 
1683 1667 2048 1511 2053 
1684 1329 1547 1776 1809 
1685 584 586 587 1604 
1686 533 535 1743 1759 
1687 230 225 327 1726 
1688 1446 1338 1686 1694 
1689 528 527 529 1481 
1690 1578 1844 334 1854 
1691 978 1699 1406 1805 
1692 1358 1525 1485 1585 
1693 1381 1744 1650 2132 
1694 654 710 712 1447 
1695 1479 1541 1422 1566 
1696 1797 1851 1349 2086 
1697 1412 1654 1826 1937 
1698 1455 952 1792 1955 
1699 1510 1689 1394 1928 
1700 1442 1602 259 1832 
1701 1324 1502 1478 1748 
1702 608 364 292 1965 
1703 1795 1844 1574 1886 
1704 1353 1506 1473 1680 
1705 298 649 1539 1907 
1706 1460 1702 1395 1952 
1707 1582 1633 1388 1763 
1708 1326 1735 1551 2051 
1709 1599 1751 252 2049 
1710 257 1790 330 2042 
1711 527 529 1481 1715 
1712 1457 1528 1349 1613 
1713 1786 1920 1543 1993 
1714 875 874 824 1461 
1715 1335 1529 1596 1959 
1716 1396 1490 1646 1860 
1717 1410 1375 1625 1754 
1718 1431 1615 666 2053 
1719 1347 1705 1426 1941 
1720 808 1704 1711 2080 
1721 985 1001 1023 1811 
1722 457 481 493 1878 
1723 1342 1462 1544 1632 
1724 553 1778 1595 1905 
1725 754 702 1691 1942 
1726 1343 2025 1418 2045 
1727 1713 1990 1808 2106 
1728 1733 1807 413 1887 
1729 253 1486 251 1647 
1730 1354 1560 1530 1839 
1731 1366 2030 1517 2084 
1732 1371 1495 1678 1957 
1733 1375 1479 1703 1742 
1734 1554 1719 1468 1839 
1735 1475 1454 1869 1893 
1736 1367 1556 1519 1949 
1737 529 528 1481 1775 
1738 213 1459 238 1701 
1739 1435 1494 1765 1847 
1740 1330 1623 1706 2076 
1741 1397 1998 1554 2036 
1742 355 1442 259 1832 
1743 225 327 1726 1872 
1744 1369 1455 1619 1921 
1745 1450 1694 1338 2014 
1746 1513 1611 1367 1811 
1747 1354 1940 1599 2018 
1748 1366 1483 1846 2084 
1749 1556 1869 1454 1893 
1750 1355 1541 1566 1940 
1751 396 1733 1487 1807 
1752 1418 1343 1532 2025 
1753 1531 1369 1738 1782 
1754 1460 1844 1795 1886 
1755 322 1574 1564 1867 
1756 972 1025 1732 1752 
1757 1549 1587 1416 1639 
1758 1474 1573 970 1822 
1759 1461 1608 1403 1636 
1760 567 1595 553 1778 
1761 1060 1732 1571 1752 
1762 344 314 339 1594 
1763 421 441 1634 2057 
1764 1416 1639 1587 1778 
1765 1451 1502 1375 1742 
1766 198 213 889 1707 
1767 360 1563 301 2130 
1768 1477 1600 452 2015 
1769 1411 1488 1934 1937 
1770 574 577 1649 2098 
1771 1431 1706 1641 2046 
1772 1450 1694 1499 1915 
1773 985 1611 986 1811 
1774 1600 1672 452 2015 
1775 1352 1448 1813 2008 
1776 483 930 500 1553 
1777 1500 1725 1404 1885 
1778 1360 1512 1632 1780 
1779 1552 1783 1749 1878 
1780 965 1671 2071 2109 
1781 433 460 1899 1931 
1782 806 817 1465 1704 
1783 1713 1808 1744 2106 
1784 1340 1555 1506 1676 
1785 1406 1752 1699 1822 
1786 1338 1446 1548 2014 
1787 1693 1859 404 1992 
1788 1340 1506 1555 2095 
1789 1436 1662 1392 1714 
1790 403 402 1489 1693 
1791 1361 1511 1472 1933 
1792 263 1539 1928 2140 
1793 1481 1715 529 1775 
1794 478 1525 414 1688 
1795 344 314 1594 1892 
1796 1497 1363 1770 1912 
1797 532 1444 1683 1743 
1798 1326 1545 1735 2051 
1799 1549 1639 1623 2076 
1800 859 790 656 1961 
1801 1343 1418 1684 2045 
1802 1473 1757 1350 1798 
1803 1703 1754 1375 1930 
1804 1064 1087 930 1553 
1805 403 402 400 1489 
1806 1340 1753 1495 1948 
1807 1516 1577 1397 1779 
1808 1323 1512 1542 1780 
1809 1370 1708 1817 2024 
1810 413 1733 396 1807 
1811 1598 1650 1440 1744 
1812 737 1613 1457 2005 
1813 1390 1470 1725 1730 
1814 1362 1705 1656 1771 
1815 1702 1802 1395 1952 
1816 1410 1375 1754 1984 
1817 1653 1732 1411 1858 
1818 1346 1500 1877 1885 
1819 1421 1759 538 1845 
1820 1332 1631 1554 1791 
1821 1371 1678 1631 1957 
1822 541 1492 606 2037 
1823 1334 1474 1534 1934 
1824 1389 1850 1562 1894 
1825 964 1792 1644 2136 
1826 1354 1468 1724 1906 
1827 1599 1940 1541 2018 
1828 1346 1500 1730 2043 
1829 1526 1724 1468 1906 
1830 774 1642 1456 2066 
1831 1551 1585 1399 1717 
1832 1520 1733 397 1871 
1833 1338 1483 1517 1686 
1834 956 1680 1565 1750 
1835 854 1488 1732 1858 
1836 705 1718 1456 1740 
1837 1357 1841 1619 1902 
1838 1411 1937 1934 2068 
1839 252 251 253 1486 
1840 1324 1478 1502 1724 
1841 1341 1616 1471 1625 
1842 837 1459 1666 1707 
1843 260 256 1741 1790 
1844 1572 1738 1369 1782 
1845 1390 1730 1725 1853 
1846 504 487 1768 1772 
1847 1350 1555 1496 1676 
1848 1411 1934 1752 2068 
1849 1576 1616 1469 2089 
1850 435 1450 423 1772 
1851 835 1673 1459 1701 
1852 293 295 1447 1900 
1853 748 684 694 1494 
1854 608 292 1538 1965 
1855 1509 1561 536 1856 
1856 1052 1643 1419 1943 
1857 1330 1706 1827 2076 
1858 1406 1699 1041 1822 
1859 1366 1517 1483 2084 
1860 1437 1617 933 1651 
1861 1644 1792 964 2004 
1862 1550 2111 1472 2120 
1863 968 1571 920 1816 
1864 1549 1626 1470 1639 
1865 1689 1729 1374 1928 
1866 1474 1409 1573 1981 
1867 1323 1462 1632 1780 
1868 1479 1674 1341 1996 
1869 1545 1735 1482 2134 
1870 1328 1664 1737 1853 
1871 1394 1627 1563 2130 
1872 1449 1344 1567 1739 
1873 1381 1444 1551 1717 
1874 1465 1666 822 1673 
1875 1431 1330 1862 1963 
1876 860 1819 790 1961 
1877 1037 1436 1035 1796 
1878 332 1726 1602 2096 
1879 1585 1551 1843 2023 
1880 444 1653 1411 2057 
1881 854 1488 901 1732 
1882 901 1488 857 1732 
1883 504 1768 1420 1772 
1884 338 1602 1731 2096 
1885 710 1586 708 1640 
1886 1457 1815 1349 1851 
1887 987 1513 986 1611 
1888 1326 1430 1572 2134 
1889 723 1661 1535 1904 
1890 1333 1528 1457 1817 
1891 1377 1639 1549 2076 
1892 586 1604 584 2028 
1893 897 1673 1701 1924 
1894 1341 1996 1647 2039 
1895 802 1527 801 1728 
1896 1545 1619 1430 1902 
1897 694 748 1494 1661 
1898 433 1899 1590 1931 
1899 1354 1719 1468 1906 
1900 986 1513 988 1866 
1901 1369 1572 1619 1738 
1902 1323 1633 1582 1763 
1903 1497 1770 1833 1912 
1904 1349 1528 1457 1851 
1905 260 1790 1741 1978 
1906 1328 1664 1557 1737 
1907 1346 1470 1623 1730 
1908 693 1456 1567 1740 
1909 1330 1656 1705 1771 
1910 311 649 298 1907 
1911 1380 1534 1474 1934 
1912 1441 1356 1532 1920 
1913 1390 1623 1470 1730 
1914 332 1602 338 2096 
1915 1407 1597 1813 2008 
1916 363 1729 1701 1911 
1917 1576 1616 493 1878 
1918 1360 1632 1544 1780 
1919 1367 1454 1722 1962 
1920 307 1469 1647 1698 
1921 1451 1534 1387 1891 
1922 1684 1726 1428 2045 
1923 842 841 1698 1835 
1924 280 1606 1592 1922 
1925 1447 1361 1640 1804 
1926 1395 1960 1497 1987 
1927 1328 1577 1516 1779 
1928 1425 1519 1350 2022 
1929 1455 1675 952 1955 
1930 1417 1681 1472 1933 
1931 1640 1706 1447 1862 
1932 1324 1724 1468 1983 
1933 1409 1761 1573 1981 
1934 1523 1750 1498 1971 
1935 1597 1813 1352 2055 
1936 1468 1724 1526 1983 
1937 1692 1787 1389 1880 
1938 1592 1657 1402 1706 
1939 1346 1623 1639 2145 
1940 1347 1426 1830 1895 
1941 1341 1647 1486 2039 
1942 1435 1777 679 1847 
1943 1741 1790 1405 1978 
1944 865 1445 1720 2032 
1945 639 1687 1439 1913 
1946 1384 1722 1457 2009 
1947 1605 1375 1930 1964 
1948 1395 1877 1504 2043 
1949 1362 1687 1705 1771 
1950 1544 1632 1360 1901 
1951 854 857 901 1488 
1952 423 1768 1450 1967 
1953 1590 1754 1410 1899 
1954 1430 1637 1407 1738 
1955 842 1469 840 1835 
1956 1420 1768 1450 1772 
1957 468 404 1859 1992 
1958 334 1844 1578 2058 
1959 1398 1719 1795 1886 
1960 538 1421 1727 1759 
1961 1460 1795 1719 1886 
1962 1360 1622 1825 1951 
1963 1563 1627 301 2130 
1964 1328 1818 1557 1933 
1965 1474 1571 969 1882 
1966 673 689 739 1511 
1967 883 819 1703 1754 
1968 478 424 1525 1660 
1969 1525 1660 1415 1688 
1970 1043 937 1076 1473 
1971 254 1647 307 2089 
1972 1488 1858 1412 1937 
1973 679 1435 1769 1777 
1974 1500 1404 1877 1885 
1975 1453 1762 1382 1829 
1976 1699 1752 1041 1822 
1977 1453 1739 1382 1837 
1978 1427 1633 1979 2124 
1979 1336 1765 1435 1829 
1980 1496 1556 1350 1622 
1981 1353 1461 1608 2095 
1982 1360 1556 1496 1622 
1983 1578 1730 1378 1854 
1984 614 1709 515 2060 
1985 532 534 546 1444 
1986 1624 1807 1393 1887 
1987 1485 1585 1525 2061 
1988 531 1743 1464 2067 
1989 971 969 970 1474 
1990 210 307 306 1835 
1991 355 313 259 1442 
1992 580 637 1064 1553 
1993 1401 1543 1533 1773 
1994 616 614 1446 1709 
1995 1328 1417 1681 1818 
1996 1449 1569 1739 1851 
1997 1530 1560 1398 1839 
1998 956 1051 932 1680 
1999 1548 1856 546 2031 
2000 1374 1689 2002 2035 
2001 1486 1599 1541 2018 
2002 1539 1928 1394 1968 
2003 1494 1661 748 1904 
2004 564 644 1620 1687 
2005 1564 1939 1438 2058 
2006 1385 1906 1726 2045 
2007 1507 1397 1631 2036 
2008 1333 1475 1851 1985 
2009 724 1535 1769 1904 
2010 831 893 832 1651 
2011 806 807 817 1704 
2012 1069 1035 1037 1436 
2013 1400 1446 1709 2031 
2014 1428 1684 1385 1726 
2015 1457 1613 1349 1815 
2016 1592 1827 1706 2076 
2017 877 885 1467 1673 
2018 970 1034 1573 1882 
2019 1535 1829 1661 2135 
2020 1350 1658 1622 2088 
2021 1076 1023 1473 1750 
2022 404 1693 406 1859 
2023 981 1788 1514 2010 
2024 1617 1857 1409 1882 
2025 1521 1531 1425 1951 
2026 1630 1789 1396 1983 
2027 1342 1544 1462 1998 
2028 1630 1884 1789 1983 
2029 509 1570 465 2099 
2030 1460 1702 1385 1872 
2031 1357 1855 1700 2123 
2032 1344 1567 1456 1740 
2033 1408 1589 1465 1678 
2034 1470 1639 1626 1885 
2035 1381 1444 1717 2016 
2036 1364 1608 1476 1668 
2037 1356 1733 1489 1920 
2038 550 1687 1635 2100 
2039 801 1728 1527 2139 
2040 1686 1483 1836 1944 
2041 802 801 803 1728 
2042 1661 1829 1535 1904 
2043 1788 1794 1458 1970 
2044 1428 1602 1746 2045 
2045 1367 1498 1473 1811 
2046 1371 1476 1695 1976 
2047 204 473 384 1499 
2048 1402 1730 1578 1854 
2049 305 358 374 1729 
2050 1623 2076 1639 2145 
2051 1407 1648 1619 1675 
2052 1681 1818 1417 1879 
2053 1401 1597 1533 1993 
2054 1384 1722 1569 1851 
2055 1547 1652 1370 1708 
2056 199 1442 355 1832 
2057 1515 1351 1715 2071 
2058 1027 1025 1752 2075 
2059 1335 1596 1638 1959 
2060 1323 1462 1582 1725 
2061 534 1444 532 1743 
2062 790 1819 656 1961 
2063 1067 964 1515 1792 
2064 507 478 409 2087 
2065 1536 1711 1340 1849 
2066 1358 1585 1485 1781 
2067 322 1564 268 1867 
2068 1711 1946 809 2080 
2069 1457 1528 1433 1817 
2070 1586 1640 1447 1862 
2071 1362 1581 1443 1665 
2072 472 1552 1471 2027 
2073 1496 1630 1387 1753 
2074 1449 1740 1493 1828 
2075 1546 809 1946 2080 
2076 1393 1543 1920 1993 
2077 254 1647 1576 1741 
2078 270 1564 1574 2058 
2079 1423 1751 330 2042 
2080 421 444 441 2057 
2081 1398 1719 1554 1839 
2082 1415 1357 1700 2105 
2083 1326 1430 1545 1619 
2084 1486 251 1647 1994 
2085 418 432 1442 2006 
2086 1401 1696 1597 1993 
2087 1449 1815 686 2005 
2088 656 1819 719 1961 
2089 671 687 682 1433 
2090 567 599 1595 1778 
2091 969 1474 971 1752 
2092 1340 1555 1753 2095 
2093 244 1499 1694 1892 
2094 470 1733 413 1887 
2095 918 754 1058 1942 
2096 1451 1748 1502 1988 
2097 456 1616 1469 1682 
2098 1359 1420 1570 2013 
2099 1570 1660 465 2099 
2100 1324 1526 1724 1983 
2101 737 728 1613 2005 
2102 1354 1599 1486 2018 
2103 517 639 1620 2012 
2104 1361 1557 1511 1933 
2105 1346 2076 1623 2145 
2106 266 1867 1564 2140 
2107 1643 1662 1436 2040 
2108 910 1767 912 1964 
2109 1461 1711 1704 2085 
2110 1407 1619 1430 1738 
2111 1045 943 948 1950 
2112 1331 1738 1531 2088 
2113 981 1020 1788 2010 
2114 1457 1722 1384 1851 
2115 1413 1667 1831 2121 
2116 1466 1688 406 1859 
2117 1510 1729 1689 1928 
2118 1403 1527 1823 2026 
2119 1578 1657 1402 2069 
2120 724 1769 777 1904 
2121 266 267 1867 2140 
2122 985 986 1001 1811 
2123 1380 1536 1432 1767 
2124 1037 1568 1436 1796 
2125 566 552 1905 2031 
2126 937 1076 1473 1680 
2127 910 1946 1767 1964 
2128 1560 1726 1385 1906 
2129 1610 1796 996 1943 
2130 1531 1738 1518 2088 
2131 1062 1855 1477 2122 
2132 705 1718 1514 2090 
2133 875 808 805 1704 
2134 1536 1745 1711 1914 
2135 1457 1722 1333 1817 
2136 1437 932 1680 1999 
2137 348 614 515 2060 
2138 328 1599 252 2049 
2139 1671 1700 1477 2123 
2140 1005 1484 921 1760 
2141 478 1688 409 2087 
2142 1693 1887 1543 2142 
2143 1491 1808 1990 2106 
2144 1545 1482 1735 2051 
2145 438 1487 1918 2057 
2146 817 1589 1465 2080 
2147 679 1769 1435 1904 
2148 1475 1697 1454 1893 
2149 1359 1585 1525 1685 
2150 1647 1741 1486 2039 
2151 1830 1895 545 2073 
2152 1340 1555 1676 1753 
2153 608 1606 364 1965 
2154 1480 1614 358 1729 
2155 1512 1825 1782 2146 
2156 1459 1673 1666 1712 
2157 1328 1818 1681 1879 
2158 1411 1690 1025 1732 
2159 1344 1493 1514 2010 
2160 1767 1946 1432 1964 
2161 1361 1447 1657 1804 
2162 553 1595 567 1905 
2163 1338 1517 1645 1686 
2164 1404 1596 1529 1959 
2165 1326 1572 1430 1619 
2166 1465 1589 817 1666 
2167 1483 1686 1338 1694 
2168 469 1543 419 1887 
2169 549 1687 1426 2129 
2170 1396 1632 1522 1789 
2171 1410 1899 1754 2011 
2172 684 694 1494 1969 
2173 1464 1381 1650 2132 
2174 1400 1446 1686 1709 
2175 241 1505 1833 1944 
2176 1477 1700 1357 1855 
2177 559 644 1687 1736 
2178 588 718 655 1562 
2179 1522 1632 1342 1789 
2180 1544 1554 1397 1998 
2181 1362 1665 1443 1736 
2182 199 313 355 1442 
2183 1424 1705 1362 2129 
2184 853 1690 1653 1732 
2185 1411 1690 444 2075 
2186 487 435 423 1772 
2187 1323 1542 1512 1763 
2188 1650 1744 1598 2132 
2189 1399 1929 1585 2051 
2190 1464 1359 1775 2044 
2191 1069 1436 951 1774 
2192 291 284 1538 1922 
2193 1385 1726 1560 1872 
2194 1353 1750 1523 1971 
2195 506 423 435 1450 
2196 1424 1776 1821 1880 
2197 1637 1761 1352 2008 
2198 252 251 1486 1994 
2199 444 1411 1653 1690 
2200 1069 1521 1091 1643 
2201 1472 1511 1361 1896 
2202 1540 1801 1692 2082 
2203 817 822 1465 1666 
2204 1340 1495 1849 1948 
2205 384 204 1499 1861 
2206 1655 1869 1556 1893 
2207 1380 1857 1617 1882 
2208 1500 1404 1725 2070 
2209 1510 1394 1689 1756 
2210 920 784 1059 1816 
2211 1713 1491 1808 1990 
2212 1414 1512 1782 2146 
2213 1541 1724 1502 2018 
2214 1478 1502 1724 2018 
2215 1409 1676 1658 1761 
2216 705 1514 1718 1740 
2217 1651 1767 1380 1816 
2218 1025 1690 1411 2075 
2219 1370 1652 1659 1708 
2220 837 1459 823 1666 
2221 1339 1430 1947 2141 
2222 1388 1582 1542 1697 
2223 405 1466 406 1693 
2224 1585 1929 1781 2051 
2225 1415 1672 1600 1700 
2226 1331 1677 1622 1825 
2227 1462 1500 1342 1975 
2228 834 1754 1590 1899 
2229 1353 1523 1555 1608 
2230 1419 1643 1392 1943 
2231 432 418 1442 1749 
2232 309 1576 254 2089 
2233 987 988 986 1513 
2234 1428 1802 1684 2030 
2235 1761 1956 1637 1972 
2236 1367 1611 1722 1908 
2237 1326 1551 1685 2051 
2238 1424 1362 1736 2129 
2239 881 916 1053 1651 
2240 1359 1570 1420 1683 
2241 1484 1803 1604 1880 
2242 1379 1645 1517 1686 
2243 549 1426 1687 2100 
2244 737 728 677 1613 
2245 1334 1826 1654 1937 
2246 1724 1906 1526 2018 
2247 1451 1891 1387 1916 
2248 1383 1755 1566 1940 
2249 1476 1371 1695 1753 
2250 670 1580 739 2053 
2251 684 1494 1567 1969 
2252 1367 1722 1569 1908 
2253 1357 1477 1672 1700 
2254 885 1467 1673 1924 
2255 1457 1333 1722 1851 
2256 1464 1649 1381 2132 
2257 511 608 1538 1965 
2258 1356 1441 1758 1920 
2259 874 1461 1636 1914 
2260 1399 1735 1551 1938 
2261 614 207 1709 2060 
2262 1323 1512 1632 1888 
2263 1546 1946 1711 2080 
2264 1335 1717 1645 2029 
2265 1536 1767 876 1946 
2266 1543 1624 1393 1887 
2267 1739 1823 1382 1837 
2268 954 1792 952 1955 
2269 1448 1352 1761 2008 
2270 1533 1773 1543 1902 
2271 1462 1323 1582 1780 
2272 1389 1484 1803 2094 
2273 573 1649 1464 2098 
2274 1048 1573 1813 2055 
2275 542 1830 545 2073 
2276 677 1613 728 2005 
2277 1402 1592 1706 2076 
2278 613 1424 1736 2129 
2279 705 1514 707 2090 
2280 1447 1386 1793 1862 
2281 1338 1645 1585 2023 
2282 1581 1665 732 1721 
2283 1429 1859 1693 1992 
2284 1373 1792 1644 2004 
2285 968 920 1059 1816 
2286 1478 1724 1526 2018 
2287 1415 1357 1672 1700 
2288 1644 1649 577 2098 
2289 280 287 1592 1606 
2290 1397 1503 1998 2036 
2291 1353 1565 1437 1680 
2292 1468 1719 1526 1906 
2293 1397 1797 1927 1976 
2294 840 1469 842 1674 
2295 1385 1719 1824 1952 
2296 1462 1725 1500 1853 
2297 1441 1532 1356 1748 
2298 1353 1555 1523 1949 
2299 614 628 616 1446 
2300 1438 1664 1578 1784 
2301 1396 1789 1522 1824 
2302 1547 1801 1652 1873 
2303 1494 694 1661 1969 
2304 1578 1402 1854 2069 
2305 487 423 1768 1772 
2306 1552 1628 412 1749 
2307 1370 1652 1547 1801 
2308 974 1696 978 1805 
2309 574 577 1644 1649 
2310 1347 1470 1549 1626 
2311 1399 1551 1735 2051 
2312 1365 1574 1564 1806 
2313 295 1793 1447 1900 
2314 1572 1369 1619 1921 
2315 1344 1456 1567 1823 
2316 1326 1572 1735 2134 
2317 613 1736 1424 2028 
2318 1512 1860 1632 1888 
2319 1359 1464 1583 2044 
2320 1379 1686 1517 2084 
2321 742 1831 1558 2144 
2322 1362 1705 1687 2129 
2323 468 1601 428 1628 
2324 1088 1062 2109 2122 
2325 1447 1862 1706 1900 
2326 307 1647 1469 2089 
2327 628 592 616 1679 
2328 737 1457 1613 1865 
2329 1337 1990 1713 2106 
2330 945 2022 1588 2112 
2331 1489 1693 402 1992 
2332 270 268 322 1564 
2333 868 2050 1607 2052 
2334 1396 1632 1512 1860 
2335 274 276 1657 2069 
2336 1495 1891 1451 1916 
2337 1338 1585 1781 2061 
2338 1402 1706 1623 2076 
2339 1387 1753 1630 1891 
2340 1528 1580 1417 1613 
2341 1719 1872 1560 2074 
2342 1325 1556 1655 1869 
2343 236 1836 239 1944 
2344 395 1520 433 1918 
2345 1442 1594 313 1731 
2346 1475 1869 1655 1893 
2347 210 306 841 1835 
2348 1524 1774 1436 1785 
2349 1553 1715 1351 2071 
2350 1488 1605 1432 1826 
2351 1602 1790 259 1832 
2352 613 2028 1424 2037 
2353 613 1830 1424 2129 
2354 587 1484 1604 1760 
2355 1520 1590 433 1918 
2356 1421 1593 1492 1845 
2357 1386 1862 1439 1889 
2358 965 1671 1515 2071 
2359 435 437 1450 1621 
2360 1477 2109 1062 2122 
2361 1402 1664 1578 1730 
2362 1385 1702 1428 1726 
2363 1338 1483 1694 1915 
2364 504 1772 1420 1958 
2365 868 1607 1977 2052 
2366 917 1584 1799 2077 
2367 1329 1821 1776 1880 
2368 1381 1743 1509 1759 
2369 1069 1037 951 1436 
2370 1618 1761 1534 1981 
2371 970 1474 969 1882 
2372 1363 1529 1497 1770 
2373 1508 1337 1744 1881 
2374 1617 1680 934 1757 
2375 1325 1695 1476 1976 
2376 262 201 749 1968 
2377 452 1600 451 1672 
2378 884 1732 857 1816 
2379 1067 957 964 1792 
2380 1485 1601 416 1954 
2381 270 269 1564 1939 
2382 1385 1824 1802 1952 
2383 693 705 757 1740 
2384 1705 1771 1687 2129 
2385 473 1499 1594 1814 
2386 1782 1825 1531 2146 
2387 761 1764 1670 1828 
2388 569 661 1603 2012 
2389 1542 1697 1582 1780 
2390 1394 1629 1563 2002 
2391 921 1484 612 1760 
2392 1689 1756 1394 2002 
2393 1696 1870 1352 1993 
2394 1323 1632 1462 2070 
2395 1408 1711 1704 2080 
2396 1387 1658 1676 1761 
2397 1373 1515 1792 1848 
2398 1478 1526 1906 2018 
2399 1337 1713 1744 2106 
2400 746 1670 1493 1828 
2401 1414 1782 1531 2146 
2402 1063 753 1562 1894 
2403 438 1634 1487 2057 
2404 1394 1510 1539 1756 
2405 1361 1557 2007 2046 
2406 412 1628 1552 1992 
2407 744 311 1575 1907 
2408 1352 1870 1696 1981 
2409 969 1571 1474 1752 
2410 875 1704 805 1728 
2411 1566 1977 1607 2052 
2412 639 564 1620 1687 
2413 1432 1605 1488 1767 
2414 1484 1389 1850 2094 
2415 1604 1880 1803 2028 
2416 1496 1676 1555 1753 
2417 1488 1411 1732 1858 
2418 1647 1996 1469 2039 
2419 1483 1517 1366 1915 
2420 916 933 1651 1999 
2421 1377 1587 1635 1827 
2422 425 469 1624 2118 
2423 1382 1812 1527 1823 
2424 370 244 344 1499 
2425 1583 1700 1650 1921 
2426 671 687 1433 1831 
2427 320 293 1657 1900 
2428 1347 1549 1470 1941 
2429 1484 1604 1372 1692 
2430 1734 2024 1831 2144 
2431 997 994 1540 1610 
2432 1471 1616 480 1931 
2433 1486 1647 253 1741 
2434 952 954 955 1792 
2435 1334 1534 1451 1826 
2436 1397 1631 1554 1976 
2437 201 649 749 1539 
2438 962 1477 1062 1855 
2439 1326 1598 1572 1921 
2440 1060 920 1571 1732 
2441 1361 1557 1664 2007 
2442 866 1566 833 1589 
2443 1444 1843 1551 2023 
2444 1396 1512 1632 1677 
2445 680 685 684 1815 
2446 829 1754 883 1930 
2447 1604 1669 1372 1692 
2448 322 268 283 1867 
2449 1019 1788 1021 1970 
2450 1711 1849 1536 1946 
2451 396 438 1487 1918 
2452 1428 1746 1684 2045 
2453 1697 1723 1582 2020 
2454 1580 1613 1528 1865 
2455 1722 1817 1457 2009 
2456 1389 1803 1562 2094 
2457 1710 1713 1492 1845 
2458 682 1433 687 1734 
2459 224 1795 1460 1844 
2460 426 1799 1584 2118 
2461 1365 1574 1806 2115 
2462 1454 1360 1556 1893 
2463 1527 1812 1403 1823 
2464 1686 1694 1483 1944 
2465 1418 1646 1490 1947 
2466 1620 1890 663 2012 
2467 952 1675 1455 2123 
2468 831 1651 1437 1999 
2469 1433 1528 1457 1865 
2470 1619 1648 1407 1841 
2471 1392 1643 1436 1796 
2472 1351 1600 1477 1700 
2473 1027 1025 972 1752 
2474 1395 1876 1504 1987 
2475 587 1604 620 1760 
2476 793 360 300 2130 
2477 775 1769 679 1904 
2478 1903 1907 264 2140 
2479 450 507 1600 1660 
2480 1652 1708 1547 2117 
2481 546 1444 534 1856 
2482 670 1667 1580 2053 
2483 823 837 835 1459 
2484 897 1673 835 1701 
2485 1409 1612 1448 1658 
2486 565 1709 566 1905 
2487 481 1576 493 1878 
2488 541 1830 1593 2037 
2489 1447 1706 1657 1900 
2490 1385 1719 1526 1824 
2491 973 970 1573 1822 
2492 400 1489 402 2027 
2493 878 916 1651 1999 
2494 1517 1686 1483 2084 
2495 1464 1650 1649 2132 
2496 1562 1850 1389 2094 
2497 1432 1849 1536 2108 
2498 1458 1788 1498 1971 
2499 1477 1672 1600 2015 
2500 532 1683 530 1775 
2501 988 1838 990 1866 
2502 1646 1888 1874 2091 
2503 270 1564 322 1574 
2504 1407 1675 1518 1813 
2505 1513 1866 1367 1962 
2506 790 1627 1819 2130 
2507 1630 1916 1490 1956 
2508 1526 1719 1468 1824 
2509 1349 1879 1528 1985 
2510 408 478 414 1688 
2511 1616 1625 1341 1996 
2512 1326 1572 1440 1735 
2513 1420 1768 504 2013 
2514 320 1900 1657 2069 
2515 298 1539 264 1907 
2516 834 1754 1899 2011 
2517 1455 1357 1700 2123 
2518 411 1471 480 1931 
2519 495 436 310 1861 
2520 1479 1703 1355 1875 
2521 252 1486 1599 1994 
2522 1342 1522 1500 2070 
2523 775 777 1769 1904 
2524 1522 1789 1342 1824 
2525 945 1588 1521 2112 
2526 511 608 292 1538 
2527 1076 1473 1680 1750 
2528 1815 1851 1457 2005 
2529 614 628 1446 1973 
2530 1489 1992 402 2027 
2531 435 1621 1450 1772 
2532 500 453 483 1553 
2533 790 864 726 1627 
2534 1392 1610 1540 1943 
2535 1365 1614 1480 1729 
2536 1500 1952 1877 2091 
2537 244 1694 1499 1861 
2538 1582 1697 1388 1723 
2539 1519 1556 1350 1949 
2540 1374 1563 1924 2002 
2541 1391 1697 1582 2020 
2542 1519 1798 1473 1949 
2543 616 1709 1446 2031 
2544 1412 1826 1654 1984 
2545 484 432 490 1832 
2546 735 517 621 1620 
2547 1619 1648 1455 1675 
2548 1342 1632 1522 2070 
2549 1390 1582 1462 1725 
2550 1350 1798 1519 1949 
2551 1325 1476 1608 1668 
2552 1347 1633 1491 1713 
2553 962 1088 1062 2109 
2554 1512 1414 1763 2146 
2555 1347 1426 1895 1941 
2556 853 854 1732 1858 
2557 275 1657 286 1784 
2558 1324 1748 1478 2025 
2559 1423 1726 1751 1906 
2560 1437 1651 933 1999 
2561 702 1691 1463 1734 
2562 286 1784 1657 1804 
2563 1360 1496 1556 1695 
2564 1573 1882 1034 1997 
2565 1396 1632 1860 1888 
2566 1472 1361 1550 1896 
2567 1347 1626 1549 1895 
2568 1373 1921 1455 2110 
2569 666 1586 664 1890 
2570 474 917 1584 1799 
2571 1542 1582 1323 1780 
2572 1347 1452 1633 1713 
2573 1354 1559 1468 1839 
2574 1083 1070 2003 2054 
2575 238 1459 214 1911 
2576 1493 1740 768 1828 
2577 1444 1381 1551 2083 
2578 1711 1745 1461 1914 
2579 1390 1725 1462 1853 
2580 1369 1774 1524 1785 
2581 1505 1836 1833 1944 
2582 1359 1683 1420 1843 
2583 532 530 1743 1775 
2584 1428 2030 1846 2084 
2585 1071 1588 1052 1643 
2586 1401 1773 1533 1841 
2587 331 1602 332 1726 
2588 1419 1392 1652 1943 
2589 549 1426 1830 2129 
2590 1341 1486 1852 2039 
2591 1361 1550 1657 1784 
2592 414 1688 1525 1954 
2593 659 525 661 1603 
2594 596 1587 563 2073 
2595 1431 1667 1615 2053 
2596 724 775 777 1769 
2597 1514 1919 981 2010 
2598 592 615 616 1548 
2599 710 709 712 1640 
2600 1411 1571 1488 1732 
2601 1500 1730 1378 1853 
2602 956 1565 932 1999 
2603 370 244 1499 1861 
2604 1334 1451 1654 1826 
2605 1395 1702 1460 1876 
2606 1432 1536 1849 1946 
2607 1586 1890 1431 1963 
2608 857 1488 1767 1816 
2609 1831 2024 1558 2144 
2610 1348 1557 1511 2046 
2611 419 1543 405 1693 
2612 679 1769 775 1777 
2613 1352 1981 1696 2055 
2614 1492 1421 1713 2064 
2615 1353 1437 1565 1914 
2616 1325 1523 1555 1949 
2617 1092 1076 1023 1473 
2618 820 1674 1479 2011 
2619 1384 1722 1611 1908 
2620 1326 1551 1735 1938 
2621 416 1601 1485 1814 
2622 1471 1625 1616 1931 
2623 1599 1607 242 1994 
2624 1431 1656 1330 1963 
2625 1435 1681 1516 1756 
2626 242 1607 1599 1986 
2627 1350 1473 1798 1949 
2628 1325 1555 1523 1608 
2629 1323 1716 1512 1888 
2630 1362 1771 1656 1963 
2631 1443 1787 1776 1880 
2632 1404 1885 1725 2062 
2633 667 668 666 1615 
2634 1664 1853 1328 1995 
2635 558 550 557 1687 
2636 1536 1849 1340 2108 
2637 1435 1376 1681 1756 
2638 1657 1784 1550 1804 
2639 1605 1767 1432 1964 
2640 1490 1956 1916 1972 
2641 883 829 819 1754 
2642 1645 1717 1399 2023 
2643 1557 1664 1328 1933 
2644 1644 2098 577 2136 
2645 1472 1939 1575 2111 
2646 1393 1920 1786 1993 
2647 616 1548 615 2031 
2648 1614 1729 1365 1867 
2649 1578 1664 1378 1730 
2650 744 649 311 1907 
2651 1588 2022 1425 2112 
2652 1420 504 1958 2013 
2653 1051 1680 956 1750 
2654 1324 1502 1748 1988 
2655 1503 1886 1574 1975 
2656 932 1437 933 1999 
2657 1465 1678 1589 1755 
2658 1459 1673 1374 1701 
2659 748 678 684 1494 
2660 531 529 1464 1775 
2661 962 1062 1477 2109 
2662 225 1726 1702 1872 
2663 1450 1915 1499 1967 
2664 1356 1520 1487 1654 
2665 833 1589 1566 1977 
2666 1359 1583 1464 2083 
2667 822 1666 823 1673 
2668 1666 1673 1465 1712 
2669 822 806 1465 1673 
2670 988 1513 1838 1866 
2671 318 334 1844 1854 
2672 1581 1615 1362 1776 
2673 1605 1826 1412 1984 
2674 678 1494 748 1904 
2675 1401 1533 1543 1993 
2676 750 1721 1558 2121 
2677 1448 1409 1658 1761 
2678 668 1615 667 1667 
2679 418 1442 1749 2006 
2680 1491 1633 1452 1713 
2681 1424 1830 613 2037 
2682 230 1702 225 1726 
2683 790 1819 860 2130 
2684 1361 1657 1550 1804 
2685 1075 2071 1553 2109 
2686 686 1815 680 2005 
2687 889 835 1459 1701 
2688 1553 1351 1925 2109 
2689 1578 1657 274 1784 
2690 568 595 1570 1683 
2691 553 1561 1778 1905 
2692 1378 1844 1578 1854 
2693 1706 1827 1592 1862 
2694 1330 1431 1641 1656 
2695 1359 1843 1551 2083 
2696 1525 1585 1359 2061 
2697 749 1539 649 1907 
2698 1462 1779 1544 1780 
2699 1877 1952 1395 2091 
2700 198 214 213 1707 
2701 1083 2003 1609 2054 
2702 1492 1593 1421 2064 
2703 302 263 299 1928 
2704 1367 1611 1498 1811 
2705 1325 1869 1523 1949 
2706 1439 1890 1620 2012 
2707 1340 1849 1711 1948 
2708 530 531 1743 1775 
2709 1535 1968 722 2125 
2710 1587 1778 563 2073 
2711 1469 1674 840 1682 
2712 517 735 652 1620 
2713 1668 1927 1797 1976 
2714 475 460 433 1931 
2715 1493 1449 1828 1908 
2716 1471 1356 1625 1871 
2717 1513 1611 987 1810 
2718 1346 1500 1725 1730 
2719 1367 1513 1811 1866 
2720 529 1464 1715 2098 
2721 1543 1887 1393 1920 
2722 1704 1711 1408 2085 
2723 1464 529 1715 1775 
2724 856 1605 1488 1858 
2725 1396 1512 1677 1860 
2726 1686 1836 1505 1944 
2727 1512 1763 1542 2146 
2728 1075 1553 930 2109 
2729 1362 1890 1439 1963 
2730 453 1553 524 1935 
2731 1876 1960 1504 1987 
2732 1450 1768 1420 2014 
2733 895 198 889 1707 
2734 671 1580 1831 1865 
2735 877 1673 1467 1868 
2736 1397 1797 1577 1927 
2737 1361 1578 1664 1784 
2738 1327 1802 1842 2030 
2739 1488 1732 1571 1816 
2740 1375 1654 1451 1826 
2741 1371 1631 1476 1976 
2742 1483 1366 1846 1892 
2743 1324 1724 1526 2025 
2744 1353 1523 1608 1971 
2745 1423 1478 1906 2018 
2746 1413 1615 1581 1776 
2747 1439 1362 1620 1890 
2748 715 1562 1721 1917 
2749 1533 1841 1773 1902 
2750 389 391 791 1653 
2751 1471 1783 1341 1926 
2752 1670 1764 761 1942 
2753 1487 1520 1356 1733 
2754 363 303 1563 1701 
2755 900 842 841 1698 
2756 1329 1801 1547 1873 
2757 533 1759 1743 2067 
2758 201 1539 749 1968 
2759 1588 1820 1454 1962 
2760 1653 1690 1411 1732 
2761 1458 1498 1750 1971 
2762 1369 1531 1774 2040 
2763 1338 1517 1483 1915 
2764 1485 1525 1358 1954 
2765 1324 1630 1884 1916 
2766 1344 1514 1788 2010 
2767 1526 1719 1385 1906 
2768 1449 1851 1815 2005 
2769 268 270 269 1564 
2770 820 1479 1674 2052 
2771 531 529 573 1464 
2772 1467 1909 1374 2002 
2773 955 957 1671 1792 
2774 1498 1788 1344 1971 
2775 344 204 370 1499 
2776 830 831 825 1914 
2777 1344 1514 1493 1740 
2778 1509 1717 1444 2016 
2779 1528 1580 1433 2056 
2780 207 614 1446 1973 
2781 1408 1678 1465 2000 
2782 1372 1610 1484 1692 
2783 1355 1566 1589 1755 
2784 237 1694 240 1944 
2785 363 304 1729 1911 
2786 709 710 708 1640 
2787 702 688 1463 1764 
2788 1351 1671 1515 1848 
2789 1593 1713 1421 2064 
2790 1809 1953 1388 1979 
2791 663 652 1620 2012 
2792 403 1489 400 1887 
2793 866 1566 1589 1875 
2794 1397 1655 1797 1976 
2795 677 1815 1613 2005 
2796 1429 1628 1601 1992 
2797 642 2028 613 2037 
2798 1486 1599 1354 1751 
2799 532 530 531 1743 
2800 639 622 1913 2012 
2801 1452 1763 1388 1953 
2802 1449 1344 1569 1908 
2803 1359 1585 1551 1843 
2804 921 612 1484 2094 
2805 276 320 1657 2069 
2806 537 1727 1509 1759 
2807 1458 1750 1498 1788 
2808 1528 1879 1818 1985 
2809 1440 1638 1808 1938 
2810 1496 1387 1676 1753 
2811 1494 1567 1449 1815 
2812 1434 1710 1508 1881 
2813 628 1679 1446 1973 
2814 1471 1871 1625 1931 
2815 1384 1569 1722 1908 
2816 1359 1570 1481 1660 
2817 734 768 1740 1828 
2818 1446 1450 1694 1973 
2819 1360 1544 1655 1780 
2820 1331 1531 1782 1825 
2821 1388 1763 1452 1923 
2822 1417 1818 1528 1879 
2823 456 1682 1469 1835 
2824 1355 1589 1678 1755 
2825 1485 1967 1915 2061 
2826 1518 1950 946 2112 
2827 1326 1650 1598 1921 
2828 426 474 1584 1799 
2829 801 1527 1812 2139 
2830 1360 1677 1512 1825 
2831 1566 1755 1383 1977 
2832 1083 1568 1609 2003 
2833 344 1499 244 1892 
2834 1623 1706 1402 2007 
2835 1515 1649 1644 2098 
2836 1728 2026 1608 2085 
2837 1374 1673 1459 1712 
2838 1421 1509 2016 2128 
2839 465 1481 1660 2092 
2840 1478 1423 1906 2045 
2841 580 524 637 1553 
2842 485 452 451 1672 
2843 793 1563 360 2130 
2844 1453 1837 1668 2086 
2845 539 540 541 1593 
2846 723 722 1535 1819 
2847 419 1543 1693 1887 
2848 1430 1619 1572 1738 
2849 1353 1565 1458 1636 
2850 1602 1726 1428 2096 
2851 1388 1763 1633 1953 
2852 1515 2098 1644 2136 
2853 436 1621 310 1861 
2854 1491 1716 1414 1763 
2855 1417 1613 1580 2114 
2856 1325 1476 1555 1608 
2857 1476 1608 1364 2085 
2858 1456 1567 1382 1969 
2859 1470 1623 1390 1840 
2860 1497 1960 1346 2145 
2861 910 814 1946 1964 
2862 1500 1395 1877 1952 
2863 273 275 286 1784 
2864 795 1682 385 1835 
2865 1385 1684 1526 2045 
2866 702 1463 688 1734 
2867 655 521 588 1562 
2868 868 1977 1566 2052 
2869 432 1749 1442 1832 
2870 1470 1626 1491 2062 
2871 1324 1526 1983 2025 
2872 1468 1554 1342 1719 
2873 1356 1625 1520 1654 
2874 1491 1633 1470 2062 
2875 1362 1620 1665 1736 
2876 529 573 1464 2098 
2877 461 416 1601 1954 
2878 1467 1629 885 2032 
2879 1331 1738 1430 1782 
2880 1350 1798 1612 2022 
2881 1382 1762 1527 1864 
2882 1484 1610 1372 1760 
2883 1335 1808 1638 1938 
2884 1546 1711 1408 2080 
2885 1391 1723 1697 2020 
2886 1558 1831 742 2121 
2887 1404 1874 1888 2091 
2888 1518 1531 1521 1774 
2889 1069 1091 1036 1643 
2890 1342 1632 1544 1789 
2891 671 1831 1433 1865 
2892 1625 1871 1520 1931 
2893 935 933 1617 1651 
2894 478 424 414 1525 
2895 437 1621 436 1861 
2896 1686 1833 1505 1836 
2897 1381 1649 1464 2067 
2898 465 1660 450 2092 
2899 365 1538 284 1747 
2900 1346 1470 1725 1885 
2901 1629 1924 1563 2002 
2902 395 397 1520 1918 
2903 254 1576 321 1741 
2904 897 836 1673 1924 
2905 1371 1554 1544 1789 
2906 1560 1719 1354 1906 
2907 1474 1573 1409 1882 
2908 1433 1723 1528 2056 
2909 1392 1796 1610 1943 
2910 1435 1847 679 1904 
2911 1375 1826 1742 1964 
2912 1574 1614 356 1795 
2913 517 1620 652 2012 
2914 244 1694 1483 1892 
2915 1585 1843 1359 2061 
2916 260 1832 1790 1978 
2917 1092 1798 1473 1811 
2918 678 1847 1494 1904 
2919 639 558 1687 1913 
2920 1587 1635 551 1965 
2921 1527 1868 802 2032 
2922 1341 1852 1478 1926 
2923 1558 1721 750 2047 
2924 1551 1843 1444 2083 
2925 1357 1648 1619 1841 
2926 1393 1807 1733 1887 
2927 1664 1328 1933 1995 
2928 1673 1868 1465 1909 
2929 1352 1573 1448 1761 
2930 1436 1714 1392 1796 
2931 1615 1431 1890 1963 
2932 1357 1455 1648 2123 
2933 1469 1682 840 1835 
2934 1410 1616 1625 1931 
2935 1330 1705 1656 1941 
2936 396 1487 438 1807 
2937 1338 1781 1915 2061 
2938 1506 1473 1680 1757 
2939 1713 1821 1669 2064 
2940 962 1477 1855 2123 
2941 724 1769 1535 2125 
2942 1409 1676 1534 1857 
2943 1481 465 1660 2099 
2944 1378 1854 1730 2104 
2945 982 981 1493 2010 
2946 549 1830 1426 2100 
2947 238 1701 1459 1911 
2948 403 1693 1489 1887 
2949 1348 1580 1528 2056 
2950 885 816 877 1467 
2951 793 300 1627 2130 
2952 1504 1854 1378 2104 
2953 318 1844 1504 1854 
2954 1388 1723 1809 1979 
2955 1424 1776 1705 1821 
2956 1741 1852 1486 2039 
2957 297 208 763 1804 
2958 816 802 1868 2032 
2959 687 1831 742 2144 
2960 245 357 1694 1861 
2961 971 1474 970 1822 
2962 1422 1599 1486 1994 
2963 1646 1522 1888 2091 
2964 1325 1476 1668 1976 
2965 1083 1609 1568 1980 
2966 1514 1788 1019 1794 
2967 1532 1920 1356 2059 
2968 856 857 1488 1767 
2969 1384 1449 1828 2005 
2970 1407 1675 1813 2063 
2971 1535 1819 722 1968 
2972 1435 1765 1494 1829 
2973 511 1538 626 1965 
2974 1426 1771 1705 2129 
2975 1075 930 1028 2109 
2976 537 1509 535 1759 
2977 472 1471 1871 2027 
2978 885 1629 1467 1924 
2979 1461 1728 1608 2085 
2980 1479 1566 1422 2052 
2981 485 452 1672 2015 
2982 1343 1478 1532 2025 
2983 1326 1735 1440 1938 
2984 349 1446 207 1944 
2985 1379 1833 1686 1836 
2986 1447 1640 1361 1706 
2987 1419 1838 1513 1866 
2988 1549 1626 1416 1895 
2989 1607 2050 1422 2052 
2990 1404 1638 1596 1959 
2991 717 1581 732 1721 
2992 1437 1680 1565 1999 
2993 1043 1076 1092 1473 
2994 1444 1551 1717 2023 
2995 1841 1855 1648 2077 
2996 865 1445 860 1961 
2997 495 437 436 1861 
2998 1630 1883 1490 1916 
2999 1491 1440 1716 1959 
3000 614 627 515 1709 
3001 1396 1677 1632 1901 
3002 1464 1743 531 1775 
3003 840 1682 1674 2011 
3004 1525 1585 1358 1685 
3005 1331 1637 1430 1738 
3006 1510 1376 1539 1756 
3007 1432 1742 1826 1964 
3008 1329 1801 1873 2082 
3009 1518 1369 1531 1774 
3010 1398 1554 1719 1886 
3011 1373 1508 1881 2101 
3012 600 1443 1736 2028 
3013 920 884 784 1816 
3014 1406 1696 1870 1981 
3015 1476 1753 1555 2095 
3016 1370 1817 1734 2024 
3017 788 846 1794 1970 
3018 921 1484 1005 2094 
3019 917 1031 1584 2077 
3020 1593 1492 2037 2064 
3021 1355 1559 1678 1988 
3022 1410 1625 1616 1996 
3023 1341 1502 1625 1926 
3024 919 1493 982 1919 
3025 1485 1781 1585 2061 
3026 1341 1783 1852 1926 
3027 1570 1683 595 1958 
3028 838 1720 1642 1812 
3029 639 1913 1439 2012 
3030 1489 1733 400 1887 
3031 1526 1418 2025 2045 
3032 1397 1655 1577 1797 
3033 883 1605 1930 1964 
3034 1479 1703 820 1754 
3035 1738 2008 1518 2088 
3036 1353 1608 1555 2095 
3037 838 1642 798 1812 
3038 837 889 835 1459 
3039 1454 1697 1542 1893 
3040 1508 1373 1649 2101 
3041 1347 1713 1491 2033 
3042 1468 1789 1884 1983 
3043 1327 1684 1802 2030 
3044 1439 1862 1586 1889 
3045 424 1525 1660 2013 
3046 1341 1783 1471 2039 
3047 1376 1756 1435 1769 
3048 1344 1449 1569 1739 
3049 1071 1036 1091 1643 
3050 1648 1855 1072 2077 
3051 676 1847 1777 2114 
3052 1646 1860 1490 1947 
3053 1043 1473 1092 1798 
3054 1351 1583 1700 1848 
3055 1403 1608 1461 1728 
3056 958 955 957 1671 
3057 1355 1678 1495 1988 
3058 1520 1625 1356 1871 
3059 1404 2062 1725 2070 
3060 1390 1979 1557 2020 
3061 1330 1706 1623 2007 
3062 597 626 1538 1965 
3063 1385 1526 1906 2045 
3064 717 1721 750 2121 
3065 1505 1686 1379 1833 
3066 1539 264 1907 2140 
3067 1641 2007 1557 2046 
3068 471 406 405 1466 
3069 1326 1685 1545 2051 
3070 1383 1755 1666 1977 
3071 600 1443 1665 1736 
3072 1078 923 899 1794 
3073 1360 1542 1512 1780 
3074 1393 1489 1733 1920 
3075 1366 1594 1442 1731 
3076 1347 1626 1895 2033 
3077 1349 1528 1851 1985 
3078 1481 1660 1570 2099 
3079 1584 1072 1855 2077 
3080 881 878 916 1651 
3081 509 1660 1570 2013 
3082 879 1720 1527 2032 
3083 1450 1420 1772 2014 
3084 545 1895 1830 2100 
3085 830 825 824 1914 
3086 1619 1902 1545 2105 
3087 1452 1633 1763 1953 
3088 329 1903 1575 1907 
3089 1479 1355 1566 1875 
3090 1603 1793 1386 1889 
3091 1381 1464 1650 2083 
3092 568 1570 528 1775 
3093 1538 1595 599 1778 
3094 1377 1639 2076 2145 
3095 1347 1491 1626 2033 
3096 1820 1962 1419 2117 
3097 473 1594 491 1814 
3098 1541 1559 1355 1988 
3099 1326 1583 1921 2105 
3100 816 877 1467 1868 
3101 567 553 599 1778 
3102 1839 1897 1530 1898 
3103 802 801 1527 1812 
3104 1371 1630 1496 1753 
3105 475 433 395 1520 
3106 569 661 525 1603 
3107 655 521 1562 1917 
3108 982 1493 981 1919 
3109 1330 1549 1623 1827 
3110 1464 1775 1481 2044 
3111 670 673 739 1580 
3112 667 681 669 2121 
3113 1708 1419 1962 2117 
3114 1519 1811 1074 1866 
3115 1391 1475 1697 1985 
3116 831 878 1651 1999 
3117 1497 1833 1770 2119 
3118 1462 1582 1390 1737 
3119 1348 1528 1723 2056 
3120 935 960 1651 1974 
3121 1450 1446 1679 1973 
3122 244 237 1483 1694 
3123 1481 1570 1359 1775 
3124 935 1651 1617 1974 
3125 469 413 1807 1887 
3126 1339 1545 1910 1947 
3127 1580 1667 1511 2053 
3128 230 228 225 1702 
3129 952 1648 1675 2123 
3130 702 1764 1463 1942 
3131 1389 1443 1721 1803 
3132 1345 1825 1531 1951 
3133 885 816 1467 2032 
3134 1480 1398 1839 1897 
3135 1449 1349 1815 1851 
3136 1323 1716 1491 1763 
3137 876 1536 832 1767 
3138 1413 1656 1615 1776 
3139 1361 1657 1447 1706 
3140 597 1538 1778 1965 
3141 1497 1770 1529 2119 
3142 802 1527 1728 1868 
3143 1371 1789 1630 1884 
3144 1480 1897 1839 1898 
3145 1381 1938 1440 2016 
3146 1347 1895 1830 2064 
3147 1478 1906 1526 2045 
3148 1419 1652 1659 1943 
3149 1510 1539 1376 2140 
3150 1439 1620 1362 1687 
3151 1454 1588 1519 1951 
3152 1365 1729 1480 2035 
3153 1386 1771 1439 1862 
3154 1423 1726 1906 2045 
3155 715 1562 1894 2047 
3156 549 1687 550 2100 
3157 291 284 292 1538 
3158 1669 1692 1604 1880 
3159 1497 1529 1363 2145 
3160 1628 1982 1429 2143 
3161 438 1918 394 2057 
3162 591 1679 1621 1772 
3163 520 1621 390 1772 
3164 1409 1448 1612 1997 
3165 687 1734 1831 2144 
3166 678 684 1494 1815 
3167 1475 1391 1697 1893 
3168 715 1721 1562 2047 
3169 708 664 666 1586 
3170 414 408 1688 1954 
3171 962 1671 1477 2123 
3172 1380 1571 1474 1882 
3173 1521 1774 1531 2040 
3174 1362 1439 1687 1963 
3175 499 452 2015 2122 
3176 1700 1921 1583 2105 
3177 1650 1848 1373 1921 
3178 837 1666 869 1707 
3179 1380 1857 1534 2108 
3180 1361 1657 1578 1784 
3181 1382 1829 1762 1864 
3182 1377 1538 1747 1922 
3183 1477 1671 1351 1700 
3184 844 847 1636 2131 
3185 437 506 1450 1967 
3186 1417 1580 1511 2114 
3187 284 1747 1538 1922 
3188 1444 1743 1381 2083 
3189 1387 1676 1753 1891 
3190 1340 1745 1506 2095 
3191 894 1437 831 1914 
3192 795 839 385 1682 
3193 1498 1523 1344 1908 
3194 1336 1689 1516 2036 
3195 1478 1852 1783 1926 
3196 1519 1798 1350 2022 
3197 1427 1840 1656 1941 
3198 1578 1844 1378 2058 
3199 965 963 1671 2109 
3200 1394 1539 1510 1928 
3201 1386 1447 1793 1900 
3202 962 1477 1671 2109 
3203 1362 1687 1620 1736 
3204 1336 1516 1927 2036 
3205 1402 1657 1592 2069 
3206 520 594 390 1621 
3207 230 327 330 1726 
3208 1445 1661 727 1961 
3209 1929 2051 1482 2093 
3210 1063 658 753 1894 
3211 1405 1749 1783 1878 
3212 459 795 385 1835 
3213 1565 1636 847 2131 
3214 1373 1508 1649 2132 
3215 1330 1656 1840 1941 
3216 1393 1624 1543 1993 
3217 1457 1528 1613 1865 
3218 1325 1655 1475 1869 
3219 1489 1356 1920 2059 
3220 834 1590 1754 1930 
3221 879 1527 802 2032 
3222 1783 1966 1852 2045 
3223 395 396 397 1918 
3224 385 1682 456 1835 
3225 688 1734 1463 1764 
3226 1503 1574 1378 1975 
3227 307 1647 342 1698 
3228 737 1457 698 2005 
3229 1017 1019 1514 1788 
3230 1323 1633 1491 2062 
3231 1516 1756 1681 2017 
3232 358 1614 1480 1897 
3233 480 1616 1471 1878 
3234 1371 1630 1789 1901 
3235 554 538 1759 1845 
3236 1433 1817 1734 1865 
3237 370 1499 204 1861 
3238 1461 1636 1403 1728 
3239 554 605 1508 1759 
3240 1481 1715 1464 2044 
3241 353 318 334 1844 
3242 1344 1908 1493 2010 
3243 1456 1382 1642 1969 
3244 1323 1888 1632 2070 
3245 1628 1749 1442 2006 
3246 1526 1684 1418 2045 
3247 1378 1504 1844 1854 
3248 973 970 1034 1573 
3249 349 207 1446 1973 
3250 480 411 472 1471 
3251 1343 1532 1478 1783 
3252 587 1484 631 1803 
3253 726 656 790 1627 
3254 1417 1613 1777 1879 
3255 969 1882 1571 1974 
3256 1508 1710 1434 2021 
3257 1325 1556 1555 1695 
3258 1472 2111 1575 2120 
3259 656 790 1627 1819 
3260 1417 1472 1681 1777 
3261 1382 1567 1456 1823 
3262 379 1584 1057 2122 
3263 1344 1740 1456 2001 
3264 1373 1881 1508 2132 
3265 845 1458 1970 2131 
3266 1342 1500 1522 1952 
3267 1473 1811 1519 1949 
3268 1331 1531 1622 2088 
3269 743 340 1550 2111 
3270 1366 1428 1746 2030 
3271 252 1486 253 2042 
3272 865 1720 1445 1961 
3273 266 1564 1903 2140 
3274 1338 1781 1517 1915 
3275 1032 1584 1072 1855 
3276 639 558 557 1687 
3277 968 1816 1059 1974 
3278 1456 1718 1514 1740 
3279 1582 1737 1462 1780 
3280 1344 1569 1523 2086 
3281 1508 1421 1744 1845 
3282 1613 1847 1777 1879 
3283 916 933 1053 1651 
3284 935 960 933 1651 
3285 1371 1630 1753 1884 
3286 1452 1669 1713 1821 
3287 240 1694 349 1944 
3288 1374 1467 1673 1909 
3289 687 1734 1433 1831 
3290 263 302 265 1928 
3291 1472 1777 1417 1936 
3292 1382 1494 1567 1739 
3293 1480 1800 358 1897 
3294 551 1635 1587 2100 
3295 201 264 298 1539 
3296 1358 1482 2051 2093 
3297 1534 1826 1334 1934 
3298 312 199 490 1594 
3299 1408 1711 1546 1849 
3300 218 220 1897 2049 
3301 1393 1733 1487 1758 
3302 1423 1602 1726 2045 
3303 1357 1455 1619 1648 
3304 207 614 348 2060 
3305 1388 1452 1873 1923 
3306 237 239 1836 1944 
3307 1017 1020 1019 1788 
3308 417 1552 412 1749 
3309 1572 1414 1785 2106 
3310 1510 1928 1539 2140 
3311 263 1928 265 2140 
3312 1341 1486 1541 2018 
3313 737 698 1457 1865 
3314 1623 1827 1549 2076 
3315 323 1795 224 1844 
3316 676 1613 1847 2114 
3317 1398 1719 1560 2074 
3318 1472 1438 1933 2019 
3319 1415 1700 1600 2044 
3320 1411 1858 1488 1937 
3321 1370 1591 1540 1801 
3322 1342 1554 1468 1789 
3323 318 373 1504 1844 
3324 473 463 1499 1814 
3325 638 772 368 1603 
3326 356 1574 322 1614 
3327 1331 1622 1531 1825 
3328 259 338 1602 1731 
3329 1545 1947 1430 2134 
3330 1384 1457 1764 2009 
3331 1584 1799 1401 2118 
3332 1381 1717 1551 2016 
3333 993 1540 994 1659 
3334 1343 1982 1628 2143 
3335 802 1728 803 1868 
3336 1389 1721 1562 1803 
3337 1683 1775 1743 2083 
3338 469 470 413 1887 
3339 1494 1815 1349 1847 
3340 247 1694 1446 1944 
3341 1479 1996 1410 2011 
3342 1480 1398 1791 1839 
3343 1468 1554 1839 1957 
3344 754 918 760 1942 
3345 1507 1712 1332 1909 
3346 1353 1636 1458 1971 
3347 1584 1855 1841 2077 
3348 1512 1716 1414 2072 
3349 790 861 1627 2130 
3350 406 1466 471 2087 
3351 895 889 837 1707 
3352 1479 1410 1754 2011 
3353 1377 1537 1922 2145 
3354 1005 1484 1850 2094 
3355 484 490 199 1832 
3356 554 605 604 1508 
3357 1713 1808 1491 2033 
3358 1083 1568 1002 1980 
3359 1790 1832 1405 1978 
3360 1669 1452 1713 2079 
3361 1391 1737 1582 1780 
3362 1458 1565 1353 1750 
3363 1328 1516 1577 1879 
3364 988 989 1513 1810 
3365 459 385 456 1835 
3366 795 840 1682 1835 
3367 1425 1622 1531 2088 
3368 681 667 745 2121 
3369 208 654 763 1804 
3370 1421 1713 1593 2033 
3371 452 1600 1477 1925 
3372 1357 1902 1619 2105 
3373 1435 1829 1494 1904 
3374 1466 1339 1910 2142 
3375 856 857 854 1488 
3376 1477 1925 1351 2109 
3377 987 1810 1611 2038 
3378 1540 1591 1389 1801 
3379 1426 1771 1635 1827 
3380 536 534 535 1509 
3381 1477 1351 1671 2109 
3382 1329 1692 1801 2082 
3383 1897 2049 220 2074 
3384 788 1794 923 1970 
3385 1360 1622 1677 1825 
3386 1404 1874 1638 1888 
3387 778 1661 723 1904 
3388 662 1890 1439 2012 
3389 470 398 413 1733 
3390 228 1702 230 1726 
3391 910 856 912 1767 
3392 1411 1699 1634 2068 
3393 997 996 994 1610 
3394 1419 1708 1652 2117 
3395 1330 1827 1623 2076 
3396 565 566 552 1905 
3397 1531 1622 1425 1825 
3398 943 946 1950 2112 
3399 1351 1464 1715 2044 
3400 1356 1441 1748 1758 
3401 1005 1760 1009 1980 
3402 1490 1630 1396 1983 
3403 1521 1588 1425 2112 
3404 1366 1746 1442 2143 
3405 428 468 1628 1992 
3406 1388 1547 1873 1953 
3407 988 1513 987 1810 
3408 663 1890 662 2012 
3409 541 544 1830 2037 
3410 1345 1521 1588 1951 
3411 1331 2008 1738 2088 
3412 396 394 438 1918 
3413 1360 1780 1655 1893 
3414 1482 1947 1545 2134 
3415 714 732 1665 1721 
3416 1381 1650 1551 2083 
3417 368 772 345 1603 
3418 1626 1959 1491 2062 
3419 470 400 1733 1887 
3420 1416 1895 1626 2033 
3421 1425 1531 1518 2088 
3422 1344 1523 1837 2086 
3423 536 534 1509 1856 
3424 1367 1722 1475 1869 
3425 1388 1582 1723 1979 
3426 605 1508 1759 2067 
3427 1509 1759 1421 2016 
3428 505 1672 507 2087 
3429 1354 1468 1559 1724 
3430 1355 1742 1546 1875 
3431 1582 1697 1391 1780 
3432 1344 1523 1498 1971 
3433 1388 1547 1652 1873 
3434 448 1553 453 1935 
3435 1027 1752 1699 2075 
3436 1504 1346 1960 2104 
3437 1355 1559 1541 1940 
3438 1366 1442 2006 2143 
3439 317 1854 1537 2069 
3440 1464 1775 1359 2083 
3441 1459 1707 214 1800 
3442 1347 1633 1452 1821 
3443 605 604 1508 2067 
3444 1355 1703 1742 1875 
3445 1435 1681 1376 1769 
3446 528 1775 1570 2099 
3447 1479 1754 820 2011 
3448 661 1889 1603 2012 
3449 1747 1922 1537 2145 
3450 868 1607 896 1977 
3451 1487 1733 1356 1758 
3452 1019 1017 1514 1794 
3453 1466 1859 1693 1910 
3454 542 1593 1830 2073 
3455 1416 1626 1549 1639 
3456 1388 1873 1452 1953 
3457 1696 1981 1822 2055 
3458 1464 1351 1583 2044 
3459 1421 1727 1509 2128 
3460 451 507 505 1672 
3461 224 1460 227 1844 
3462 235 338 1731 2096 
3463 436 212 310 1621 
3464 1365 1689 1510 1729 
3465 218 1897 1530 2049 
3466 205 1563 882 1701 
3467 1323 1462 1725 2070 
3468 1490 1916 1883 1972 
3469 1482 1910 1545 1947 
3470 1392 1873 1662 1923 
3471 1802 1824 1385 2065 
3472 1345 1521 1531 2040 
3473 1437 1353 1680 1745 
3474 1525 1768 414 1954 
3475 1394 2002 1756 2135 
3476 356 322 283 1614 
3477 1382 1494 1739 1829 
3478 325 1960 1876 1987 
3479 1373 1644 1515 1649 
3480 1442 1594 1366 2006 
3481 1487 1412 1654 1984 
3482 1382 1739 1453 1829 
3483 587 620 634 1760 
3484 897 836 835 1673 
3485 662 1889 1439 1890 
3486 1610 1796 1714 1980 
3487 1446 1694 1450 2014 
3488 400 1733 1489 2027 
3489 1635 1687 1426 2100 
3490 811 1546 809 1946 
3491 373 351 1504 1876 
3492 546 610 532 1683 
3493 312 490 376 1594 
3494 1526 1385 1824 2065 
3495 1657 1900 1592 2069 
3496 1540 1591 1370 1989 
3497 1326 1583 1551 1650 
3498 720 1445 727 1961 
3499 1495 1355 1742 1849 
3500 511 626 608 1965 
3501 209 299 262 1968 
3502 1406 1822 1696 1981 
3503 620 1760 1604 1932 
3504 468 461 1601 1859 
3505 528 1570 568 2099 
3506 1067 1515 964 2136 
3507 1327 1646 1874 2091 
3508 1421 2016 1808 2128 
3509 1602 1790 1442 1966 
3510 1487 1654 1412 1937 
3511 1520 1654 1625 1984 
3512 1336 1689 1507 2002 
3513 965 2071 1075 2109 
3514 1377 1922 1747 2145 
3515 1435 1756 1535 1769 
3516 1348 1818 1557 2020 
3517 1575 1939 1472 2019 
3518 1681 1756 1376 2017 
3519 616 627 614 1709 
3520 1483 1694 1499 1892 
3521 474 917 1030 1584 
3522 1377 1635 1606 1827 
3523 1430 1860 1782 2134 
3524 218 1530 219 1800 
3525 406 1688 1466 2087 
3526 1487 1634 438 1807 
3527 363 304 303 1729 
3528 971 1752 1474 1822 
3529 1777 1847 1613 2114 
3530 1493 981 1919 2010 
3531 536 1561 552 1856 
3532 1490 1860 1430 1947 
3533 1343 1478 2025 2045 
3534 1340 1676 1534 1891 
3535 1377 1549 1827 2076 
3536 671 1580 670 1831 
3537 1593 2033 1713 2064 
3538 1333 1817 1722 2009 
3539 1351 1715 1553 2092 
3540 1380 1571 1882 1974 
3541 1008 1894 1850 2133 
3542 1365 1689 1729 2035 
3543 1430 1947 1860 2134 
3544 1359 1583 1551 1685 
3545 351 1504 1876 1960 
3546 999 1498 1023 1750 
3547 1419 1652 1820 2117 
3548 1364 2026 1728 2085 
3549 1330 1623 1549 1941 
3550 1519 1811 1367 1949 
3551 842 840 841 1835 
3552 817 822 806 1465 
3553 1382 1720 1661 1864 
3554 437 1450 1861 1967 
3555 1385 1460 1719 1952 
3556 1730 1854 1402 2104 
3557 1326 1583 1650 1921 
3558 1353 1555 1506 2095 
3559 1448 1813 1518 1950 
3560 995 1796 1643 1943 
3561 1546 1742 1703 1875 
3562 568 1570 595 1958 
3563 365 343 352 1747 
3564 1409 1882 1573 1997 
3565 831 1437 894 1999 
3566 968 1571 1816 1974 
3567 1450 1967 1768 2061 
3568 1477 2015 452 2122 
3569 1332 1507 1909 2000 
3570 1362 1615 1656 1776 
3571 1610 1714 1372 1980 
3572 1369 1774 1785 2040 
3573 1362 1687 1771 1963 
3574 219 1800 1530 1897 
3575 788 899 923 1794 
3576 1380 1474 1571 1934 
3577 1392 1714 1662 1873 
3578 894 1437 1914 1999 
3579 1419 1820 1588 1962 
3580 1071 1003 1052 1588 
3581 1063 1014 658 1894 
3582 1449 1567 1494 1739 
3583 1647 1674 1469 1996 
3584 794 773 907 2090 
3585 1418 1883 1490 1983 
3586 1459 1383 1707 1800 
3587 1372 1692 1669 2082 
3588 1340 1711 1536 1948 
3589 1035 1643 995 1796 
3590 1342 1719 1554 1886 
3591 1458 1794 1788 2001 
3592 935 933 934 1617 
3593 817 823 822 1666 
3594 1374 1909 1712 2035 
3595 1445 1661 1829 2135 
3596 1366 1731 1442 1746 
3597 1356 1748 1654 1758 
3598 1421 1759 1744 2016 
3599 1483 1836 337 1846 
3600 235 1731 1846 2096 
3601 809 1711 810 1946 
3602 1030 476 474 1584 
3603 1341 1471 1616 2039 
3604 477 2109 1477 2122 
3605 1766 2093 1429 2143 
3606 1495 1678 1559 1988 
3607 1350 1506 1555 1676 
3608 1045 1950 1448 1997 
3609 1526 1684 1385 2065 
3610 244 1483 337 1892 
3611 1332 1465 1712 1755 
3612 1019 923 1794 1970 
3613 1476 1678 1408 2085 
3614 1336 1765 1453 1927 
3615 788 845 846 1970 
3616 1682 1899 455 1931 
3617 1339 1902 1466 1910 
3618 472 1471 411 1871 
3619 1471 1341 1625 1926 
3620 1579 1842 1428 2084 
3621 654 711 710 1793 
3622 1353 1636 1461 1745 
3623 1359 1551 1585 1685 
3624 1339 1545 1902 1910 
3625 1592 1606 287 2078 
3626 358 1800 1480 1911 
3627 1433 1831 1580 1865 
3628 715 655 1562 1917 
3629 1535 1394 1968 2125 
3630 1372 1604 1492 1669 
3631 411 1871 1471 1931 
3632 1342 1462 1975 1998 
3633 280 1922 1592 2069 
3634 332 331 338 1602 
3635 1419 1659 1652 1708 
3636 477 1925 1477 2109 
3637 1562 1721 1389 2047 
3638 286 1550 1784 1804 
3639 1842 2030 1428 2084 
3640 461 410 416 1954 
3641 1006 1008 1850 2133 
3642 1357 1619 1455 1700 
3643 1033 1810 1463 2097 
3644 835 822 823 1673 
3645 497 384 1499 1861 
3646 1731 1846 1366 1892 
3647 219 1530 218 1897 
3648 274 1854 277 2069 
3649 1042 959 1955 2004 
3650 1395 1500 1877 2043 
3651 1475 1722 1333 1851 
3652 994 1659 1540 1943 
3653 1332 1465 1755 2000 
3654 1353 1745 1437 1914 
3655 735 663 652 1620 
3656 1049 1048 1813 2055 
3657 1666 1712 1465 1755 
3658 1059 784 1651 1816 
3659 1356 1471 1625 1926 
3660 601 1965 1635 2107 
3661 1438 1578 1664 1995 
3662 456 455 1616 1682 
3663 480 1471 472 1878 
3664 1542 1697 1454 1820 
3665 1390 1641 1557 1979 
3666 418 1749 1628 2006 
3667 595 1958 1683 2102 
3668 1344 1739 1569 2086 
3669 1538 1595 1363 1747 
3670 1518 1531 1369 1738 
3671 1455 1921 1369 2110 
3672 1534 1676 1340 1857 
3673 1551 1650 1583 2083 
3674 1456 1642 1382 2138 
3675 870 1930 1858 1945 
3676 1764 1817 1457 1865 
3677 1358 1910 1482 2093 
3678 613 559 549 2129 
3679 433 1590 393 1918 
3680 678 1815 1494 1847 
3681 1634 1699 1406 2068 
3682 262 749 657 1968 
3683 416 1814 1485 1967 
3684 1072 1584 1032 2077 
3685 1381 1464 1743 2067 
3686 635 1086 770 1562 
3687 1496 1630 1371 1901 
3688 1328 1503 1779 1806 
3689 1495 1451 1742 1988 
3690 1466 1773 1672 1902 
3691 537 538 1727 1759 
3692 1363 1747 1595 1912 
3693 1436 1785 1774 2040 
3694 1366 1428 1731 1746 
3695 1412 1858 1930 1945 
3696 1390 1557 1737 2020 
3697 1325 1655 1556 1695 
3698 1042 951 1524 1955 
3699 985 1611 1498 2010 
3700 1442 1790 1602 1832 
3701 1553 1715 579 1935 
3702 1454 1820 1588 1951 
3703 1463 1810 1033 1942 
3704 1603 1913 570 2012 
3705 545 2073 1895 2100 
3706 368 211 638 1603 
3707 1336 1453 1765 1829 
3708 1429 1693 1859 1910 
3709 993 1540 1659 1989 
3710 1400 1686 1505 1709 
3711 1015 1591 1011 1989 
3712 1530 1986 218 2049 
3713 1521 1531 1518 2112 
3714 237 337 244 1483 
3715 527 1715 1481 1935 
3716 1541 1724 1559 1988 
3717 812 1546 1875 2080 
3718 1523 1569 1367 1869 
3719 1391 1655 1577 1779 
3720 456 455 457 1616 
3721 1437 1617 1506 1680 
3722 1344 1837 1739 2086 
3723 1506 1437 1745 1857 
3724 564 559 644 1687 
3725 1330 1840 1623 1941 
3726 1378 1500 1853 1975 
3727 615 1548 546 2031 
3728 717 716 750 1721 
3729 723 778 727 1661 
3730 1426 1687 1771 2129 
3731 1523 1569 1344 1908 
3732 716 750 1721 2047 
3733 217 218 1986 2049 
3734 803 1728 801 2139 
3735 1386 1889 1439 1913 
3736 838 783 872 2116 
3737 1626 1491 1808 2033 
3738 1383 1800 1459 1898 
3739 1501 2093 1766 2143 
3740 450 1660 1600 2092 
3741 1491 1716 1440 2072 
3742 1606 1635 1377 1965 
3743 1712 1755 1666 1898 
3744 1386 1862 1447 1900 
3745 1713 2064 1669 2079 
3746 1431 1862 1586 1963 
3747 1001 1092 1023 1811 
3748 1536 1745 1437 1857 
3749 1348 1641 1557 2046 
3750 1533 1597 1401 1841 
3751 1624 1870 1696 1993 
3752 1089 1042 951 1524 
3753 855 1605 856 1858 
3754 599 597 626 1538 
3755 1530 1560 1354 2049 
3756 1437 1680 1506 1745 
3757 237 337 1483 1836 
3758 1502 1478 1748 1926 
3759 1324 1495 1884 1988 
3760 517 639 564 1620 
3761 307 1469 1835 2089 
3762 1564 1867 1510 2140 
3763 1398 1554 1886 2115 
3764 795 840 839 1682 
3765 1343 1552 1783 1966 
3766 1021 1788 1750 1970 
3767 363 1563 205 1701 
3768 955 1792 1671 2123 
3769 1403 1608 1728 2026 
3770 1395 1802 1702 1842 
3771 275 320 293 1657 
3772 1554 1998 1886 2115 
3773 1462 1853 1975 1998 
3774 1039 1811 986 1866 
3775 662 1439 1889 2012 
3776 988 987 989 1810 
3777 441 1699 1634 2075 
3778 936 1617 934 1757 
3779 1455 1369 1675 2110 
3780 591 1621 520 1772 
3781 1533 1637 1430 2141 
3782 735 621 512 1620 
3783 867 833 866 1566 
3784 1517 1596 1327 1929 
3785 252 1751 1486 2042 
3786 1546 1849 1711 1946 
3787 492 431 430 1878 
3788 1356 1625 1748 1926 
3789 492 1878 430 1978 
3790 1638 1716 1440 1959 
3791 1628 1746 1442 1966 
3792 920 1024 884 1732 
3793 1360 1655 1544 1695 
3794 1433 1580 1528 1865 
3795 756 872 783 2116 
3796 404 405 406 1693 
3797 951 1774 1524 1955 
3798 1445 1535 1661 2135 
3799 1364 1608 2026 2085 
3800 598 1965 601 2107 
3801 1502 1541 1355 1988 
3802 600 1665 1443 1917 
3803 299 263 262 1968 
3804 1803 1880 1443 2028 
3805 1450 1768 2014 2061 
3806 736 712 709 1640 
3807 412 1628 418 1749 
3808 1639 1834 1626 1885 
3809 1448 1409 1761 1997 
3810 285 1844 334 2058 
3811 351 1876 325 1960 
3812 1422 2050 1698 2052 
3813 765 715 1894 2047 
3814 854 856 1488 1858 
3815 1699 1752 1411 2075 
3816 1407 1597 1533 1841 
3817 452 1477 477 1925 
3818 612 1484 587 1760 
3819 892 1682 840 2011 
3820 1332 1712 1507 2035 
3821 1386 1793 1603 2078 
3822 1384 1493 1828 1908 
3823 1469 1647 1576 2089 
3824 1364 2000 1476 2085 
3825 1389 1591 1540 2133 
3826 579 1715 1553 2071 
3827 1382 1661 1829 1864 
3828 1580 1667 670 1831 
3829 1335 1770 1529 1834 
3830 247 1446 349 1944 
3831 1487 1918 1412 1984 
3832 613 1736 559 2129 
3833 357 247 1694 1973 
3834 1499 1694 1483 1915 
3835 1549 1587 1426 1895 
3836 584 587 631 1803 
3837 435 437 506 1450 
3838 1530 2049 1897 2074 
3839 1431 2048 1667 2053 
3840 1391 1737 1779 1818 
3841 1566 1607 1422 2052 
3842 1635 1771 1687 1913 
3843 892 909 1682 2011 
3844 1391 1779 1577 1818 
3845 1406 1624 1807 1870 
3846 833 1666 1589 1977 
3847 1534 1618 1387 1761 
3848 1506 1680 1353 1745 
3849 1465 1589 1408 2080 
3850 1354 1751 1599 2049 
3851 1401 1799 1584 2077 
3852 819 820 1703 1754 
3853 1634 1699 1411 2075 
3854 1061 1568 1083 2003 
3855 1437 1506 1617 1857 
3856 754 760 702 1942 
3857 1367 1498 1611 1908 
3858 1622 1658 1496 1956 
3859 209 752 1627 1968 
3860 1059 1816 1651 1974 
3861 569 1603 570 2012 
3862 209 1627 299 1968 
3863 1783 1852 1478 2045 
3864 740 296 345 1793 
3865 1852 1966 1423 2045 
3866 1488 1334 1826 1934 
3867 1425 1518 1531 2112 
3868 1459 1666 1383 1898 
3869 1440 1491 1808 1959 
3870 423 504 487 1768 
3871 286 1657 275 1804 
3872 349 1446 247 1973 
3873 1403 1728 1636 2139 
3874 1015 1691 1591 1989 
3875 1502 1748 1625 1926 
3876 1670 1764 1384 1828 
3877 1015 926 1011 1591 
3878 597 1538 599 1778 
3879 838 872 1642 2116 
3880 1398 1560 1530 2074 
3881 1525 1359 1660 2013 
3882 1379 1596 1517 1645 
3883 1616 1682 455 1931 
3884 1534 1676 1387 1891 
3885 1587 1635 1426 2100 
3886 470 400 398 1733 
3887 1362 1581 1665 2081 
3888 1384 1764 1457 2005 
3889 384 473 497 1499 
3890 1497 1747 371 1960 
3891 1792 1955 959 2004 
3892 998 1610 1005 1980 
3893 1494 1765 1453 1829 
3894 1503 1806 1365 2036 
3895 1344 1498 1908 2010 
3896 1378 1664 1578 1995 
3897 1664 1730 1390 1853 
3898 1368 1716 1512 2072 
3899 371 1747 1497 1912 
3900 1370 1708 1734 1817 
3901 554 1759 1508 1845 
3902 902 1698 2050 2052 
3903 1821 1873 1329 1953 
3904 1355 1755 1559 1940 
3905 1334 1934 1488 1937 
3906 838 798 800 1812 
3907 891 1590 378 1899 
3908 254 307 309 2089 
3909 761 729 1764 1828 
3910 1344 1788 1498 2010 
3911 597 1778 1587 1965 
3912 1621 1679 1450 1772 
3913 1351 1481 1715 2092 
3914 1510 1365 1729 1867 
3915 671 672 1580 1865 
3916 448 453 386 1935 
3917 1474 1934 1334 2068 
3918 309 321 254 1576 
3919 520 390 434 1772 
3920 1347 1470 1633 1941 
3921 1325 1555 1556 1949 
3922 1485 1915 1781 2061 
3923 1539 1968 1394 2125 
3924 731 761 1764 1942 
3925 877 836 885 1673 
3926 1593 2037 1830 2064 
3927 1355 1678 1559 1755 
3928 208 296 764 1793 
3929 1343 1684 1501 1746 
3930 209 262 657 1968 
3931 1588 1866 1519 2022 
3932 1486 1741 253 2042 
3933 1082 514 1010 1760 
3934 413 398 396 1733 
3935 1057 379 1030 1584 
3936 1348 1641 2046 2048 
3937 1357 1648 1855 2123 
3938 1504 1378 1730 2104 
3939 1487 1733 1393 1807 
3940 1350 1496 1622 1658 
3941 1434 1881 1644 2004 
3942 282 1747 1537 1960 
3943 1479 1875 1566 2052 
3944 720 1819 1445 1961 
3945 1495 1742 1451 1849 
3946 1387 1916 1956 1972 
3947 1396 1789 1630 1901 
3948 822 877 806 1673 
3949 1478 1748 1532 2025 
3950 1328 1681 1516 1879 
3951 606 1492 1845 1932 
3952 988 1513 989 1838 
3953 559 1687 549 2129 
3954 568 1683 1570 1775 
3955 1337 1714 1662 2127 
3956 1584 488 1773 2015 
3957 1460 1385 1719 1872 
3958 1684 1802 1385 2065 
3959 1638 1808 1335 1959 
3960 1323 1633 2062 2124 
3961 1343 1746 1628 1966 
3962 613 549 1830 2129 
3963 989 1513 1810 1838 
3964 468 461 428 1601 
3965 1383 1607 1566 1977 
3966 1662 1714 1337 1990 
3967 740 345 1603 1793 
3968 1440 1744 1381 2016 
3969 868 902 2050 2052 
3970 1386 1439 1771 1913 
3971 1625 1654 1375 1984 
3972 1615 1656 1413 2048 
3973 243 1599 242 1994 
3974 1348 1528 1818 2020 
3975 416 1485 466 1967 
3976 1342 1824 1719 1952 
3977 1596 1770 1379 2119 
3978 1410 1520 1625 1984 
3979 1421 1492 1713 1845 
3980 1529 1770 1596 2119 
3981 327 1560 221 1751 
3982 1329 1821 1669 1873 
3983 217 242 1599 1986 
3984 1460 1872 224 1876 
3985 1410 1899 1682 1931 
3986 677 728 1815 2005 
3987 1480 1712 1374 1911 
3988 1749 1783 1552 1966 
3989 1609 2003 1434 2054 
3990 1351 1464 1583 1848 
3991 1336 1535 1756 2135 
3992 318 1854 1504 1960 
3993 1398 1791 1554 2115 
3994 1367 1611 1513 1722 
3995 840 842 911 1674 
3996 1678 1755 1465 2000 
3997 910 876 1767 1946 
3998 1622 1496 1677 1956 
3999 217 1986 1599 2049 
4000 582 1803 1443 2028 
4001 1406 1870 1807 1991 
4002 884 901 857 1732 
4003 1501 1929 1482 2093 
4004 446 2092 1935 2099 
4005 1343 1628 1552 1749 
4006 821 1566 1875 2052 
4007 993 1038 994 1540 
4008 968 1060 920 1571 
4009 1500 1404 2070 2091 
4010 1935 2092 1481 2099 
4011 1593 1895 1830 2073 
4012 1355 1495 1742 1988 
4013 1445 1661 1720 1864 
4014 1478 1532 1748 1926 
4015 1373 1455 1792 2110 
4016 1500 1395 1952 2043 
4017 1596 1874 1404 2091 
4018 1360 1512 1542 1825 
4019 1042 1955 1524 2004 
4020 448 483 1553 1925 
4021 1425 1531 1521 2112 
4022 913 1605 855 1930 
4023 527 1481 528 2099 
4024 698 1764 1457 1865 
4025 1361 2007 1706 2046 
4026 1459 1800 214 1911 
4027 311 200 744 2111 
4028 645 1550 340 1804 
4029 1451 1826 1534 2108 
4030 1365 1503 2036 2115 
4031 1329 1547 1809 1953 
4032 1354 1530 1599 1940 
4033 596 597 563 1587 
4034 415 414 1768 1954 
4035 1462 1544 1632 1780 
4036 1390 1737 1664 1853 
4037 1336 1453 1762 1927 
4038 1530 1354 1599 2049 
4039 945 1040 1588 2022 
4040 1517 1596 1399 1645 
4041 1035 1069 1036 1643 
4042 1345 1588 1521 1643 
4043 750 1558 742 2121 
4044 1459 1374 1712 1911 
4045 1444 1683 1743 2083 
4046 686 1828 1449 2005 
4047 1612 1425 1950 2088 
4048 1063 753 1086 1562 
4049 1435 1769 1535 1904 
4050 1395 1702 1579 1842 
4051 514 1609 1010 1760 
4052 1511 1640 738 2053 
4053 1476 2000 1678 2085 
4054 1587 1377 1635 1965 
4055 1487 1654 1520 1984 
4056 1382 1567 1494 1969 
4057 1485 1781 1601 1954 
4058 563 1587 597 1778 
4059 281 267 1510 1867 
4060 1570 1660 1359 2013 
4061 1492 1713 1710 2079 
4062 1427 1641 1979 2048 
4063 1443 1389 1721 1787 
4064 1602 1966 1746 2045 
4065 323 1574 1795 1844 
4066 817 1589 833 1666 
4067 1422 1486 1647 1994 
4068 473 491 463 1814 
4069 1564 2017 1903 2140 
4070 489 1624 1799 2118 
4071 650 1591 1015 1691 
4072 1349 1847 1613 1879 
4073 743 200 340 2111 
4074 1378 1995 1578 2058 
4075 351 1960 325 1987 
4076 1343 1749 1552 1966 
4077 1604 1692 1484 1880 
4078 1426 1687 1635 1771 
4079 833 1566 867 1977 
4080 541 544 543 1830 
4081 583 1803 1562 1917 
4082 415 1485 416 1954 
4083 317 1537 278 2069 
4084 549 557 550 1687 
4085 1353 1458 1750 1971 
4086 286 1550 315 1784 
4087 390 1621 435 1772 
4088 1457 1817 1764 2009 
4089 1410 1754 1590 1984 
4090 419 1693 403 1887 
4091 336 205 882 1701 
4092 1427 1656 1641 2048 
4093 1500 2070 1522 2091 
4094 371 1833 1497 1987 
4095 1596 1645 1379 1770 
4096 1008 1007 1850 2094 
4097 885 1673 836 1924 
4098 1416 1778 1587 2073 
4099 1009 1760 1609 1980 
4100 471 1773 427 2087 
4101 924 383 1699 1805 
4102 1340 1536 1745 1948 
4103 1069 1044 1521 1774 
4104 631 587 612 1484 
4105 1444 1843 1683 2083 
4106 1452 1873 1821 1953 
4107 1379 1517 1596 1842 
4108 1669 1821 1452 1873 
4109 1409 1506 1676 1857 
4110 1335 1808 1938 2016 
4111 416 415 466 1485 
4112 1417 1511 1936 2114 
4113 453 524 386 1935 
4114 1445 1829 1864 2135 
4115 1623 1840 1470 1941 
4116 770 718 635 1562 
4117 1359 1683 1843 2083 
4118 1383 1666 1459 1707 
4119 1332 1755 1678 2000 
4120 1381 1744 1759 2016 
4121 1360 1622 1496 1677 
4122 1464 1715 1481 1775 
4123 1440 1808 1638 1959 
4124 242 243 217 1599 
4125 1596 1638 1404 1874 
4126 873 812 1875 2080 
4127 1469 1576 1647 2039 
4128 359 479 206 2089 
4129 718 588 635 1562 
4130 419 405 403 1693 
4131 524 526 386 1935 
4132 1397 1577 1516 1927 
4133 1784 1939 271 2058 
4134 853 854 901 1732 
4135 1332 1909 1712 2000 
4136 1605 1858 855 1930 
4137 1373 1649 1515 1848 
4138 1482 1766 1501 2093 
4139 1347 1713 2033 2064 
4140 256 260 258 1790 
4141 444 1653 389 1690 
4142 1462 1737 1390 1853 
4143 247 349 1694 1944 
4144 1384 1513 1611 1722 
4145 814 910 912 1964 
4146 1378 1504 1730 2043 
4147 1487 1520 1918 1984 
4148 676 1777 675 2114 
4149 1750 1788 1458 1970 
4150 530 532 610 1683 
4151 1549 1623 1470 1941 
4152 1411 1752 1699 2068 
4153 1465 1704 1408 2000 
4154 809 808 1711 2080 
4155 1344 1971 1788 2001 
4156 1633 1427 1941 2124 
4157 1539 1756 1376 2125 
4158 1481 1775 1359 2044 
4159 1349 1453 1765 1797 
4160 1336 1516 1689 1756 
4161 1442 1790 1832 1966 
4162 684 1567 692 1969 
4163 1565 847 1970 2131 
4164 1453 1739 1494 1829 
4165 615 593 546 1548 
4166 816 1868 1467 2032 
4167 783 838 1961 2116 
4168 1324 1478 1724 2025 
4169 1480 1729 358 1911 
4170 1642 1720 838 2116 
4171 1668 1608 1837 2026 
4172 1388 1723 1547 1809 
4173 444 391 389 1653 
4174 1450 1679 1446 2014 
4175 1802 1824 1522 1952 
4176 1459 1712 1666 1898 
4177 259 313 338 1731 
4178 371 1497 1833 1912 
4179 888 928 1690 1732 
4180 1388 1809 1547 1953 
4181 1362 1665 1620 2081 
4182 1438 1574 1564 2058 
4183 460 455 1899 1931 
4184 1384 1493 1908 2038 
4185 1499 1814 463 1967 
4186 1557 1664 1390 1737 
4187 1465 1408 1704 2080 
4188 1372 1760 1610 1980 
4189 1345 1588 1820 1951 
4190 952 1648 953 1675 
4191 1367 1722 1513 1962 
4192 1518 1675 1407 1738 
4193 1482 1910 1766 2093 
4194 1415 1583 1700 2044 
4195 1583 1650 1464 2083 
4196 477 452 499 2122 
4197 477 1477 452 2122 
4198 1387 1916 1630 1956 
4199 221 1751 1560 2049 
4200 735 512 647 1620 
4201 1344 1567 1739 1823 
4202 458 480 1616 1931 
4203 1351 2044 1481 2092 
4204 1860 1947 1646 2134 
4205 1529 1834 1639 1885 
4206 743 340 645 1550 
4207 1325 1556 1869 1949 
4208 568 530 1683 1775 
4209 461 416 462 1601 
4210 1493 982 2010 2038 
4211 1462 1853 1500 1975 
4212 1510 1867 267 2140 
4213 1356 1654 1487 1758 
4214 1341 1852 1783 2039 
4215 324 1833 371 1987 
4216 1498 1750 999 1788 
4217 1370 1463 1708 2097 
4218 1641 1656 1427 1840 
4219 764 296 740 1793 
4220 790 860 861 2130 
4221 219 358 1800 1897 
4222 1323 1491 1633 1763 
4223 1509 1727 1421 1759 
4224 554 540 538 1845 
4225 1327 1596 1517 1842 
4226 1505 1833 1770 1912 
4227 1451 1742 1375 1826 
4228 1492 1604 1372 1932 
4229 1475 1655 1391 1893 
4230 1446 1694 247 1973 
4231 1327 1522 1646 2091 
4232 1519 1798 1074 1811 
4233 1467 1364 1762 1868 
4234 1342 1468 1719 1824 
4235 993 1038 1540 1989 
4236 820 828 1674 2011 
4237 820 1674 871 2052 
4238 1468 1839 1559 1957 
4239 1505 1686 1400 1770 
4240 520 591 594 1621 
4241 775 679 777 1904 
4242 431 1749 430 1878 
4243 726 656 1627 1819 
4244 1351 1477 1600 1925 
4245 1351 1600 1700 2044 
4246 1720 1961 838 2116 
4247 1005 1850 1007 2094 
4248 1348 1557 1979 2020 
4249 1379 1833 1579 1987 
4250 1040 1866 1588 2022 
4251 1503 1779 1397 1998 
4252 1556 1695 1655 1893 
4253 711 1793 1603 1889 
4254 512 1620 644 1665 
4255 793 300 887 1627 
4256 1358 1585 1781 2051 
4257 873 1875 1589 2080 
4258 1544 1397 1655 1779 
4259 1520 1590 1410 1931 
4260 311 744 1575 2111 
4261 1361 1511 1557 2046 
4262 1369 1675 1518 1738 
4263 1477 1357 1672 2015 
4264 1522 1952 1500 2091 
4265 1343 1966 1783 2045 
4266 1460 1952 1395 2043 
4267 1370 1708 1463 1734 
4268 252 1599 243 1994 
4269 1508 1845 1710 2021 
4270 1475 1851 1797 2086 
4271 280 278 1922 2069 
4272 772 740 345 1603 
4273 426 1584 488 1773 
4274 427 1773 1672 2087 
4275 291 1606 280 1922 
4276 987 1047 1810 2038 
4277 1372 1604 1484 1760 
4278 1551 1583 1326 1685 
4279 1366 1781 1517 2030 
4280 1562 1389 1894 2047 
4281 600 1665 644 1736 
4282 1363 1639 1747 2145 
4283 1470 1633 1941 2124 
4284 1008 1063 1562 1894 
4285 1595 1778 1363 1905 
4286 1794 2001 1458 2034 
4287 1564 1510 2017 2140 
4288 456 1835 1469 2089 
4289 1529 1639 1363 2145 
4290 787 872 756 1642 
4291 281 267 265 1510 
4292 1452 1713 1347 1821 
4293 1053 1059 784 1651 
4294 235 332 338 2096 
4295 882 205 360 1563 
4296 521 583 1562 1917 
4297 1590 1899 1410 1931 
4298 1337 1990 1714 2079 
4299 1425 1588 1521 1951 
4300 825 831 832 1536 
4301 1592 1606 1377 1922 
4302 1061 1002 1083 1568 
4303 659 661 733 1603 
4304 430 1878 1749 1978 
4305 209 657 752 1968 
4306 556 1715 576 2098 
4307 974 976 978 1696 
4308 1326 1572 1619 1921 
4309 635 618 1086 1562 
4310 490 464 376 1594 
4311 1086 753 770 1562 
4312 1491 1440 1808 2106 
4313 1571 1732 1411 1752 
4314 1559 1495 1884 1957 
4315 809 1546 812 2080 
4316 258 259 1790 1832 
4317 1499 1594 1366 1892 
4318 1598 1785 1524 2127 
4319 1509 1727 1561 2128 
4320 1399 1596 1517 1929 
4321 393 1918 1590 1945 
4322 215 335 1607 1707 
4323 1333 1708 1962 2117 
4324 376 473 339 1594 
4325 1006 1008 1007 1850 
4326 1334 1937 1654 1991 
4327 1715 2071 576 2098 
4328 1411 1653 1858 1937 
4329 1404 1500 1877 2091 
4330 1376 1903 2017 2140 
4331 1414 1782 1512 2072 
4332 853 858 791 1690 
4333 1414 1716 1491 2072 
4334 278 1537 1922 2069 
4335 1596 1874 1327 1929 
4336 1568 1714 1796 1980 
4337 1325 1608 1523 2086 
4338 279 1900 320 2069 
4339 834 1899 909 2011 
4340 1074 1798 1519 2022 
4341 1631 1668 1476 1976 
4342 1463 1370 1691 2097 
4343 947 1675 1518 1774 
4344 1399 1585 1551 2051 
4345 838 800 1720 1812 
4346 1497 1877 1529 2145 
4347 1788 1794 1514 2001 
4348 1546 1742 1355 1849 
4349 1336 1762 1453 1829 
4350 1490 1883 1630 1983 
4351 1369 1785 1531 2040 
4352 1934 1937 1334 2068 
4353 260 258 1790 1832 
4354 922 1028 477 2109 
4355 1324 1468 1724 1884 
4356 1546 1703 813 1875 
4357 1654 1937 1487 1991 
4358 1323 1582 1633 2124 
4359 497 1861 1499 1967 
4360 280 1592 279 2069 
4361 588 521 583 1562 
4362 1073 1799 1696 2077 
4363 1358 1781 1485 1954 
4364 909 1899 1682 2011 
4365 1356 1733 1520 1871 
4366 1444 1717 1509 1856 
4367 1351 1715 1481 2044 
4368 478 508 424 1660 
4369 922 2109 477 2122 
4370 1368 1638 1874 1888 
4371 574 604 1649 2101 
4372 1531 1825 1425 1951 
4373 1387 1956 1761 1972 
4374 655 718 715 1562 
4375 1393 1807 1624 1870 
4376 714 1721 1665 1917 
4377 853 791 1653 1690 
4378 924 1080 383 1805 
4379 537 535 538 1759 
4380 1344 1456 1823 2001 
4381 1386 1592 1862 1900 
4382 1480 1839 1791 1898 
4383 857 1767 890 1816 
4384 281 1510 1729 1867 
4385 1364 1467 1762 1909 
4386 714 717 732 1721 
4387 585 584 1803 2028 
4388 216 218 219 1800 
4389 1406 1696 1624 1870 
4390 600 1443 582 1917 
4391 693 1567 734 1740 
4392 1419 1588 1866 1962 
4393 1374 1712 1480 2035 
4394 869 1707 1666 1977 
4395 280 287 279 1592 
4396 1333 1454 1697 1962 
4397 1468 1342 1789 1824 
4398 738 1640 1511 1896 
4399 462 1601 416 1814 
4400 1670 1828 1384 2038 
4401 1369 1524 1774 1955 
4402 277 1854 317 2069 
4403 224 227 323 1844 
4404 1465 1332 1712 2000 
4405 997 1610 1540 1850 
4406 1348 1557 1641 1979 
4407 1372 1714 1610 2082 
4408 1354 1906 1724 2018 
4409 215 1707 1607 1986 
4410 773 794 660 2090 
4411 275 274 276 1657 
4412 1502 1742 1451 1988 
4413 1468 1824 1789 1983 
4414 938 1612 939 2137 
4415 208 764 654 1793 
4416 733 1603 661 1889 
4417 1341 1478 1852 2018 
4418 1391 1655 1475 1985 
4419 1499 1694 1450 1861 
4420 1840 1941 1427 2124 
4421 1559 1678 1495 1957 
4422 812 1546 813 1875 
4423 802 803 804 1868 
4424 1457 1817 1433 1865 
4425 1922 2069 1537 2076 
4426 981 1514 1017 1919 
4427 700 1691 702 1734 
4428 1384 1764 1810 2009 
4429 1598 1524 1881 2127 
4430 1377 2076 1537 2145 
4431 1410 1682 1616 1931 
4432 1009 1005 921 1760 
4433 1470 2062 1633 2124 
4434 997 994 1038 1540 
4435 1377 1606 1592 1827 
4436 326 1795 1614 2074 
4437 1422 1607 1599 1994 
4438 1463 1691 1370 1734 
4439 1601 1859 461 1954 
4440 1418 1646 1947 2041 
4441 310 1621 357 1861 
4442 1388 1697 1542 1820 
4443 1455 1700 1671 2123 
4444 1037 1568 1061 2003 
4445 336 882 785 1701 
4446 1656 1705 1427 1941 
4447 1352 1696 1597 2055 
4448 1329 1809 1776 1953 
4449 1423 1966 1602 2045 
4450 1452 1714 1662 1990 
4451 709 708 683 1640 
4452 1388 1820 1542 1923 
4453 1353 1506 1745 2095 
4454 314 1731 1594 1892 
4455 1393 1733 1489 1887 
4456 1715 1935 1553 2092 
4457 285 353 334 1844 
4458 727 1961 1661 2116 
4459 1343 1532 1783 2059 
4460 1445 1829 1661 1864 
4461 328 243 252 1599 
4462 1400 1709 1905 2031 
4463 1374 1701 1729 1911 
4464 1369 1598 1572 1785 
4465 1387 1658 1761 1956 
4466 443 1624 489 2118 
4467 1364 1507 1668 2000 
4468 1672 1773 1466 2087 
4469 913 855 870 1930 
4470 1495 1849 1451 1891 
4471 1366 1594 1499 1814 
4472 1360 1655 1695 1893 
4473 1492 1932 606 2037 
4474 1332 1507 1791 2035 
4475 604 1649 1508 2067 
4476 1578 1995 1438 2058 
4477 1480 1729 1374 2035 
4478 1455 1675 1648 2123 
4479 579 576 1715 2071 
4480 317 1537 1854 1960 
4481 1671 1792 1455 2123 
4482 509 424 1660 2013 
4483 813 1546 811 1964 
4484 1488 1380 1816 1934 
4485 1492 1669 2064 2079 
4486 312 313 199 1594 
4487 984 1611 985 2010 
4488 542 543 545 1830 
4489 414 1768 1525 2013 
4490 466 1485 415 1967 
4491 1642 1812 1382 2138 
4492 1080 498 383 1805 
4493 215 1607 242 1986 
4494 1512 1782 1368 2072 
4495 1076 1680 1051 1750 
4496 1346 1529 1877 2145 
4497 1345 1643 1521 2040 
4498 1391 1655 1780 1893 
4499 855 1858 870 1930 
4500 1564 1438 1806 1995 
4501 1535 1769 1756 2125 
4502 1011 1591 926 2133 
4503 1329 1669 1821 1880 
4504 898 862 1924 2130 
4505 1389 1591 1558 1801 
4506 448 387 483 1925 
4507 390 435 434 1772 
4508 919 982 981 1919 
4509 1415 1466 1688 2087 
4510 1544 1789 1554 1998 
4511 1374 1673 1712 1909 
4512 1844 1975 1460 2043 
4513 215 335 242 1607 
4514 1323 1725 1582 2124 
4515 1644 1649 1373 2101 
4516 1329 1873 1547 1953 
4517 1360 1542 1780 1893 
4518 792 1024 928 1732 
4519 227 1460 224 1876 
4520 1883 1916 1441 1972 
4521 552 536 547 1561 
4522 1375 1826 1605 1984 
4523 1347 1705 1821 2064 
4524 1366 1601 1485 1781 
4525 260 1741 321 1978 
4526 356 322 1574 1795 
4527 938 1757 1612 2137 
4528 1608 1668 1364 2026 
4529 1424 1705 1830 2064 
4530 214 1800 1707 1986 
4531 1363 1770 1561 1834 
4532 1889 1913 1603 2012 
4533 1579 1379 1987 2119 
4534 568 610 595 1683 
4535 1378 1574 1503 1995 
4536 1488 1816 1571 1934 
4537 625 599 1538 1595 
4538 1644 1881 1434 2101 
4539 1357 1841 1584 1855 
4540 1337 1710 1713 2079 
4541 1463 1810 1764 2009 
4542 580 1553 1064 2071 
4543 1398 1614 1480 1791 
4544 489 1624 443 1799 
4545 1384 1611 1810 2038 
4546 1464 1381 1743 2083 
4547 1461 1745 1636 1914 
4548 898 862 886 1924 
4549 1335 1770 1834 2029 
4550 1540 1610 1392 2082 
4551 881 831 878 1651 
4552 1373 1644 1881 2004 
4553 1562 1803 1721 1917 
4554 318 317 1854 1960 
4555 319 371 1747 1960 
4556 1350 1757 1612 1798 
4557 1360 1695 1556 1893 
4558 1492 2064 1713 2079 
4559 457 1616 480 1878 
4560 1670 1810 1047 2038 
4561 535 537 536 1509 
4562 448 1553 1935 2092 
4563 1324 1468 1884 1983 
4564 1480 1712 1459 1898 
4565 1323 1716 1888 2070 
4566 679 775 741 1777 
4567 1398 1554 1791 1839 
4568 1408 1589 1546 2080 
4569 1355 1546 1589 1875 
4570 1886 1998 1503 2115 
4571 1347 1821 1713 2064 
4572 1503 1806 1574 2115 
4573 1036 1071 1052 1643 
4574 1331 1658 1622 1956 
4575 1496 1695 1371 1753 
4576 1384 1764 1670 1942 
4577 1558 1591 1370 1801 
4578 671 672 670 1580 
4579 1428 1702 1579 2096 
4580 882 360 793 1563 
4581 659 772 525 1603 
4582 1634 1937 1411 2068 
4583 343 365 284 1747 
4584 1379 1770 1833 2119 
4585 861 864 790 1627 
4586 497 473 463 1499 
4587 1427 1821 1633 1941 
4588 1522 1396 1646 1888 
4589 321 1741 1576 1978 
4590 738 1511 689 1896 
4591 383 1699 1805 2103 
4592 1371 1695 1544 1976 
4593 451 450 507 1600 
4594 1960 2104 1346 2145 
4595 1369 1785 1524 2110 
4596 856 890 857 1767 
4597 1473 1353 1680 1750 
4598 997 1540 1038 1850 
4599 1387 1658 1496 1676 
4600 664 1586 1889 1890 
4601 1047 1670 1012 1810 
4602 980 766 1919 2090 
4603 1378 1975 1844 2043 
4604 1060 1024 920 1732 
4605 1557 1641 1390 2007 
4606 1508 1649 604 2101 
4607 1350 1496 1658 1676 
4608 1041 1752 971 1822 
4609 1587 2073 596 2100 
4610 1452 1714 1990 2079 
4611 1420 1683 1958 2102 
4612 1572 1785 1598 2106 
4613 1528 1723 1391 2020 
4614 817 873 1589 2080 
4615 1481 1359 1660 2044 
4616 402 1693 404 1992 
4617 1482 1947 1646 2041 
4618 1475 1722 1569 1869 
4619 1506 1680 1617 1757 
4620 720 719 1819 1961 
4621 1417 1777 1613 2114 
4622 1039 986 988 1866 
4623 1384 1810 1764 1942 
4624 631 1484 612 2094 
4625 556 579 576 1715 
4626 1366 1485 1601 1814 
4627 224 1460 1795 1872 
4628 607 546 1856 2031 
4629 825 1711 1536 1946 
4630 1379 1833 1987 2119 
4631 647 1620 512 1665 
4632 1051 956 1022 1750 
4633 1000 1568 1037 1796 
4634 914 1590 1930 1945 
4635 552 1561 553 1905 
4636 358 374 1614 1897 
4637 1628 1749 1343 1966 
4638 612 514 1082 1760 
4639 1470 1390 1725 2124 
4640 312 376 339 1594 
4641 1081 1021 1750 1970 
4642 323 1574 322 1795 
4643 1574 1378 1844 2058 
4644 1460 1395 1876 2043 
4645 1438 1933 1806 1995 
4646 285 1574 323 1844 
4647 1337 1662 1785 2127 
4648 909 786 892 1682 
4649 224 1872 226 1876 
4650 1347 1633 1821 1941 
4651 595 1683 610 2102 
4652 1592 2069 1922 2076 
4653 1527 1403 1812 2139 
4654 780 1054 931 1565 
4655 1373 1881 1644 2101 
4656 1424 1821 1669 1880 
4657 1711 1745 1536 1948 
4658 1396 1860 1646 1888 
4659 961 1882 969 1974 
4660 1396 1632 1789 1901 
4661 269 1903 1564 1939 
4662 1802 1395 1952 2091 
4663 1742 1826 1451 2108 
4664 265 1510 267 2140 
4665 1409 1506 1617 1757 
4666 1440 1735 1572 2072 
4667 276 274 277 2069 
4668 1368 1512 1716 1888 
4669 1545 1685 1358 2051 
4670 307 254 342 1647 
4671 1430 1637 1490 2141 
4672 1579 1833 1379 1836 
4673 1471 1356 1871 2059 
4674 387 1925 477 2109 
4675 917 1031 1030 1584 
4676 1702 1872 1460 1876 
4677 1435 1765 1516 1879 
4678 545 596 2073 2100 
4679 1433 1831 1734 2024 
4680 791 391 381 1653 
4681 888 792 928 1732 
4682 1353 1636 1745 1914 
4683 1734 1817 1433 2024 
4684 1668 1797 1325 1976 
4685 1467 1374 1673 1924 
4686 327 221 316 1751 
4687 1363 1561 1770 1905 
4688 1374 1459 1701 1911 
4689 1443 1665 1581 1721 
4690 1631 1668 1507 2000 
4691 472 401 1552 2027 
4692 690 1936 1472 2120 
4693 1353 1745 1461 2095 
4694 1564 1574 1438 1995 
4695 1529 1596 1404 1877 
4696 1341 1852 1486 2018 
4697 1366 1501 1781 2030 
4698 527 1935 1481 2099 
4699 1432 1826 1742 2108 
4700 610 568 530 1683 
4701 1491 1414 2072 2106 
4702 335 781 341 1607 
4703 812 809 811 1546 
4704 1371 1884 1495 1957 
4705 1756 1769 1376 2125 
4706 1384 1611 1513 1810 
4707 314 313 1594 1731 
4708 1046 1034 1882 1997 
4709 1375 1742 1703 1964 
4710 427 1773 488 2015 
4711 1368 1860 1512 1888 
4712 1400 1686 1645 1770 
4713 1435 1516 1681 1879 
4714 1656 1776 1413 2048 
4715 1416 1561 1727 2128 
4716 820 828 871 1674 
4717 1480 1614 1365 1791 
4718 281 1510 265 1928 
4719 275 276 320 1657 
4720 1646 1947 1482 2134 
4721 674 1865 1613 2114 
4722 934 936 935 1617 
4723 1527 1728 1403 2139 
4724 692 1567 774 1969 
4725 232 1836 1833 1987 
4726 1478 1783 1532 1926 
4727 1585 1685 1551 2051 
4728 1697 1780 1542 1893 
4729 1450 1679 1621 1973 
4730 1323 2062 1716 2070 
4731 446 447 1935 2092 
4732 1522 1632 1396 1888 
4733 282 319 1747 1960 
4734 1608 1837 1523 2086 
4735 1493 1384 1828 2038 
4736 560 554 1508 1845 
4737 868 867 1566 1977 
4738 1401 1584 1773 1841 
4739 545 1830 549 2100 
4740 1346 1623 2076 2104 
4741 1589 1875 1546 2080 
4742 1386 1603 1863 2078 
4743 479 1576 206 2089 
4744 1473 1798 1519 1811 
4745 1364 1868 1467 1909 
4746 1870 1981 1618 2068 
4747 1430 1782 1572 2134 
4748 689 738 739 1511 
4749 1398 1480 1614 1897 
4750 1467 1868 1673 1909 
4751 674 737 1613 1865 
4752 988 990 1003 1866 
4753 1561 1770 1400 2029 
4754 1468 1371 1789 1957 
4755 416 466 1814 1967 
4756 1501 1684 1418 2041 
4757 285 1574 1844 2058 
4758 571 638 211 1603 
4759 1045 940 1950 1997 
4760 890 1767 893 1816 
4761 559 1736 1687 2129 
4762 1613 1815 1457 2005 
4763 227 1844 1460 1876 
4764 1325 1475 1655 1797 
4765 1330 1656 1641 1840 
4766 1400 1645 1686 2023 
4767 612 1082 921 1760 
4768 497 1499 463 1967 
4769 1432 1546 1742 1964 
4770 1488 1380 1767 1816 
4771 406 1688 408 1859 
4772 1452 1633 1491 1990 
4773 396 438 413 1807 
4774 1343 1982 1532 2059 
4775 1358 1910 1545 2051 
4776 689 1896 1511 1936 
4777 943 944 946 2112 
4778 785 889 213 1701 
4779 664 1889 662 1890 
4780 1649 1650 1464 1848 
4781 277 317 278 2069 
4782 1515 1715 1351 1848 
4783 1591 1894 926 2133 
4784 1523 1869 1367 1949 
4785 234 337 1836 1846 
4786 765 715 658 1894 
4787 565 567 1595 1905 
4788 1396 1824 1646 1983 
4789 1495 1559 1884 1988 
4790 1438 1806 1933 2019 
4791 258 355 259 1832 
4792 406 408 407 1859 
4793 1375 1703 1479 1754 
4794 1546 1946 811 1964 
4795 785 213 336 1701 
4796 936 1617 1757 2137 
4797 1582 1725 1390 2124 
4798 1565 1680 1353 1750 
4799 299 300 301 1627 
4800 1332 1480 1712 2035 
4801 638 525 772 1603 
4802 1330 1827 1706 1862 
4803 1340 1857 1536 2108 
4804 1049 1813 1597 2055 
4805 1437 1745 1536 1914 
4806 1384 1908 1611 2038 
4807 1636 1971 1403 2131 
4808 1346 1877 1497 2145 
4809 1453 1668 1837 2026 
4810 419 420 405 1543 
4811 1764 1810 1463 1942 
4812 1440 1938 1808 2016 
4813 1440 1491 2072 2106 
4814 711 1603 733 1889 
4815 1359 1551 1583 2083 
4816 467 393 433 1590 
4817 275 1657 293 1804 
4818 1360 1677 1496 1901 
4819 1324 1724 1502 1988 
4820 1400 1770 1561 1905 
4821 640 606 1932 2037 
4822 271 272 1784 2058 
4823 247 349 240 1694 
4824 1445 1629 1819 2135 
4825 1466 1910 1693 2142 
4826 1338 1585 1843 2023 
4827 965 1075 963 2109 
4828 921 1005 1007 2094 
4829 388 479 359 2089 
4830 333 1800 358 1911 
4831 476 1030 379 1584 
4832 424 414 1525 2013 
4833 1599 1607 1383 1986 
4834 1470 1941 1840 2124 
4835 1386 1606 1635 1827 
4836 1439 1771 1687 1963 
4837 446 447 2092 2099 
4838 379 2015 1584 2122 
4839 794 1718 660 2090 
4840 1480 1459 1800 1898 
4841 450 508 507 1660 
4842 1568 1372 1714 1980 
4843 1371 1468 1789 1884 
4844 1367 1869 1556 1949 
4845 1376 1903 1564 2017 
4846 326 1614 1897 2074 
4847 245 357 247 1694 
4848 1599 1986 1530 2049 
4849 868 880 1607 2050 
4850 1010 1609 1009 1760 
4851 1457 1764 698 2005 
4852 1538 1363 1595 1778 
4853 1473 1367 1811 1949 
4854 1467 1762 1527 1868 
4855 1557 1390 1664 2007 
4856 1479 1422 1674 2052 
4857 702 731 1764 1942 
4858 1721 1787 1558 2121 
4859 1489 1920 1532 2059 
4860 1496 1658 1387 1956 
4861 703 1620 647 1665 
4862 1374 1729 1480 1911 
4863 1633 1763 1491 1990 
4864 1071 945 1040 1588 
4865 1581 1721 717 2121 
4866 1371 1468 1884 1957 
4867 280 291 287 1606 
4868 585 1803 582 2028 
4869 1632 1544 1789 1901 
4870 228 1702 1726 2096 
4871 1438 1939 1784 2058 
4872 1493 1919 1514 2010 
4873 1581 1787 1721 2121 
4874 269 268 1564 1903 
4875 211 368 345 1603 
4876 1631 1678 1476 2000 
4877 1344 1788 1514 2001 
4878 1075 1064 930 1553 
4879 1638 1735 1440 2072 
4880 1023 999 985 1498 
4881 1564 1806 1574 1995 
4882 574 578 604 2101 
4883 1038 1850 1540 2133 
4884 654 712 763 1804 
4885 414 422 1768 2013 
4886 1467 1374 1924 2002 
4887 1545 1910 1482 2051 
4888 310 212 357 1621 
4889 1421 1744 1808 2016 
4890 1766 1910 1482 1947 
4891 345 290 1603 1793 
4892 197 625 1538 1595 
4893 1382 1739 1567 1823 
4894 1367 1569 1722 1869 
4895 1577 1797 1765 1927 
4896 715 1721 714 1917 
4897 1378 1730 1500 2043 
4898 1343 1783 1478 2045 
4899 1592 1606 1386 1827 
4900 1423 1751 1486 2018 
4901 985 1498 999 2010 
4902 1468 1789 1554 1957 
4903 1504 1844 373 1876 
4904 544 613 1830 2037 
4905 1367 1811 1519 1866 
4906 620 1604 640 1932 
4907 855 912 856 1605 
4908 1506 1409 1617 1857 
4909 1571 1816 1380 1934 
4910 1430 1738 1572 1782 
4911 478 507 508 1660 
4912 1381 1551 1938 2016 
4913 1458 1788 1971 2001 
4914 1350 1556 1555 1949 
4915 222 1560 327 1872 
4916 1629 1924 862 2130 
4917 1524 1785 1598 2110 
4918 373 351 318 1504 
4919 1548 1679 592 2102 
4920 1024 792 884 1732 
4921 1028 387 477 2109 
4922 1458 1636 1565 2131 
4923 1423 1852 1478 2018 
4924 1744 1808 1440 2106 
4925 1668 1453 1797 1927 
4926 1046 1997 1882 2137 
4927 1590 1754 1930 1984 
4928 476 426 474 1584 
4929 1475 1569 1851 2086 
4930 1390 1470 1840 2124 
4931 1410 1590 1520 1984 
4932 1332 1712 1480 1898 
4933 1535 1394 1819 1968 
4934 426 489 1799 2118 
4935 224 1872 1795 2074 
4936 437 1861 497 1967 
4937 1394 1819 1629 2135 
4938 1559 1724 1541 1940 
4939 352 1747 343 1912 
4940 1647 1674 1422 1698 
4941 226 1872 1702 1876 
4942 1613 1865 1580 2114 
4943 1374 1701 1673 1924 
4944 1342 1522 1824 1952 
4945 1519 1588 1425 1951 
4946 693 685 734 1567 
4947 229 1876 1702 1987 
4948 1833 1836 1579 1987 
4949 1358 1954 1859 2093 
4950 1553 1925 1351 2092 
4951 435 436 437 1621 
4952 1577 1655 1397 1779 
4953 330 327 316 1751 
4954 1073 1696 977 2077 
4955 1646 1983 1824 2065 
4956 1362 1615 1890 1963 
4957 575 2071 1515 2098 
4958 1323 1491 1716 2062 
4959 342 1698 1647 1994 
4960 395 397 475 1520 
4961 1331 1622 1677 1956 
4962 528 1481 1775 2099 
4963 518 1515 575 2071 
4964 876 825 1536 1946 
4965 1503 1574 1886 2115 
4966 828 840 1674 2011 
4967 1382 1527 1720 1864 
4968 1559 1724 1468 1884 
4969 1448 1950 1518 2088 
4970 1395 1497 1877 2119 
4971 1382 1494 1661 1969 
4972 1338 1686 1645 2023 
4973 793 1627 887 2130 
4974 1458 1565 1970 2131 
4975 1440 1716 1638 2072 
4976 683 738 1640 2053 
4977 1379 1686 1505 1770 
4978 1375 1605 1826 1964 
4979 242 1994 1607 2050 
4980 625 511 197 1538 
4981 1513 1708 1838 1962 
4982 417 412 418 1749 
4983 386 526 516 1935 
4984 1464 1351 1715 1848 
4985 1339 1910 1766 1947 
4986 1419 1838 1708 1962 
4987 1707 1800 1383 1986 
4988 1019 1021 923 1970 
4989 1462 1779 1853 1998 
4990 1810 1838 1463 2097 
4991 1477 1855 1357 2015 
4992 903 1054 780 1565 
4993 1489 1920 1887 2142 
4994 810 809 808 1711 
4995 1331 1860 1490 1956 
4996 1384 1810 1670 2038 
4997 756 783 648 2116 
4998 397 396 398 1733 
4999 1332 1631 1507 2000 
5000 412 1552 401 1992 
5001 1032 1057 1584 2122 
5002 1612 1950 940 1997 
5003 1806 2017 1681 2019 
5004 743 744 200 2111 
5005 232 1579 1836 1987 
5006 1452 1763 1633 1990 
5007 798 1812 1642 2138 
5008 907 850 794 2090 
5009 1407 1738 1637 2008 
5010 1493 1828 1670 2038 
5011 606 1845 555 1932 
5012 1364 1704 1909 2000 
5013 1377 1922 1606 1965 
5014 237 234 337 1836 
5015 1376 2017 1510 2140 
5016 1465 1868 1704 1909 
5017 1012 1810 1670 1942 
5018 1505 1709 1686 1944 
5019 1340 1745 1536 1857 
5020 441 440 1634 1699 
5021 1332 1791 1480 2035 
5022 1340 1506 1745 1857 
5023 934 932 1051 1680 
5024 1795 1886 1574 2115 
5025 618 929 1086 1562 
5026 1607 1707 781 1977 
5027 1386 1603 1889 1913 
5028 237 240 239 1944 
5029 730 768 734 1828 
5030 1364 1668 1507 1762 
5031 541 543 1593 1830 
5032 723 720 722 1819 
5033 426 488 427 1773 
5034 1439 1586 1862 1963 
5035 393 1590 467 1945 
5036 1688 1859 1466 1910 
5037 1504 1876 1395 2043 
5038 1033 1810 1012 1942 
5039 1859 1954 1601 2093 
5040 1524 1785 1436 2127 
5041 1357 1648 1841 1855 
5042 290 1793 1900 2078 
5043 1592 1900 279 2069 
5044 1524 1955 1792 2004 
5045 1614 1795 1574 2115 
5046 640 1932 1604 2037 
5047 1356 1471 1926 2059 
5048 1021 999 1750 1788 
5049 1509 1856 1717 2029 
5050 278 1537 282 1922 
5051 802 800 801 1812 
5052 1568 1609 1434 1710 
5053 615 1548 592 2102 
5054 1469 1674 1647 1698 
5055 513 486 1570 1958 
5056 1427 1953 1809 1979 
5057 1491 1763 1414 1990 
5058 995 996 1796 1943 
5059 1530 1560 2049 2074 
5060 560 1845 1508 2021 
5061 1470 1885 1626 2062 
5062 1419 1866 1513 1962 
5063 411 480 458 1931 
5064 1399 1874 1596 1929 
5065 695 1936 690 2120 
5066 1427 1821 1776 1953 
5067 1463 1734 1708 1817 
5068 1518 1813 1448 2008 
5069 415 1768 1485 1954 
5070 851 1653 381 1945 
5071 1428 1846 1731 2096 
5072 1502 1724 1541 1988 
5073 1662 1714 1452 1873 
5074 1441 1618 1758 1786 
5075 850 1718 794 2090 
5076 452 477 496 1925 
5077 1387 1630 1496 1956 
5078 1443 1803 582 1917 
5079 1326 1619 1545 2105 
5080 1526 1724 1478 2025 
5081 397 475 1520 1871 
5082 1360 1496 1695 1901 
5083 767 1539 725 2125 
5084 205 363 303 1563 
5085 1414 1531 1785 2040 
5086 1378 1730 1664 1853 
5087 1332 1791 1839 1898 
5088 1403 1971 1663 2131 
5089 1674 1682 1469 1996 
5090 1403 1823 1837 2026 
5091 1396 1789 1824 1983 
5092 1459 1712 1480 1911 
5093 1331 1490 1637 1956 
5094 1372 1610 1692 2082 
5095 1469 1996 1616 2039 
5096 1337 1785 1598 2127 
5097 1379 1836 1686 2084 
5098 937 934 1680 1757 
5099 768 1740 1493 1919 
5100 519 203 1606 1863 
5101 781 1607 335 1707 
5102 266 1564 268 1903 
5103 542 1593 543 1830 
5104 215 214 1707 1986 
5105 1714 1796 1610 2082 
5106 1626 1639 1416 1834 
5107 805 1728 1704 1868 
5108 1337 1598 1881 2127 
5109 1009 1609 1010 1980 
5110 1372 1609 1568 1710 
5111 1371 1753 1495 1884 
5112 1381 1744 1508 1759 
5113 816 802 804 1868 
5114 1328 1577 1779 1818 
5115 1426 1705 1830 2129 
5116 1682 1996 1674 2011 
5117 928 1025 1690 1732 
5118 1485 1768 415 1967 
5119 722 724 723 1535 
5120 318 353 373 1844 
5121 1554 1371 1631 1957 
5122 1408 1711 1849 1948 
5123 1662 1714 1436 2127 
5124 428 1628 1601 2006 
5125 692 693 774 1567 
5126 860 1629 862 2130 
5127 509 424 508 1660 
5128 863 885 1629 2032 
5129 1414 1572 1782 2072 
5130 1674 1698 902 2052 
5131 949 1675 953 2063 
5132 1342 1789 1544 1998 
5133 574 577 578 1644 
5134 621 517 564 1620 
5135 1393 1758 1487 1991 
5136 1491 1713 1452 1990 
5137 1410 1625 1520 1931 
5138 446 1935 516 2099 
5139 1429 1693 1910 2142 
5140 1374 1729 1689 2035 
5141 1521 1643 1436 2040 
5142 393 1918 1945 2057 
5143 1793 1386 1900 2078 
5144 575 577 2098 2136 
5145 909 786 1682 1899 
5146 1349 1815 1613 1847 
5147 1357 1773 1584 1841 
5148 725 1539 769 2125 
5149 326 1614 374 1897 
5150 767 722 1968 2125 
5151 898 1924 1563 2130 
5152 634 620 623 1760 
5153 1424 1830 1705 2129 
5154 1328 1779 1737 1818 
5155 1325 1475 1797 1869 
5156 1400 1770 1645 2029 
5157 1648 1072 2063 2077 
5158 509 508 465 1660 
5159 1337 1714 1710 2079 
5160 1755 1898 1839 1940 
5161 524 1553 579 1935 
5162 1486 1751 1354 2018 
5163 811 809 810 1946 
5164 1465 1909 1704 2000 
5165 1332 1755 1712 1898 
5166 1035 1036 995 1643 
5167 217 1599 328 2049 
5168 1547 1723 1433 2056 
5169 974 1696 1822 2055 
5170 1352 1761 1637 1972 
5171 1712 1909 1507 2035 
5172 1444 1548 1683 1843 
5173 1412 1858 1653 1937 
5174 1383 1599 1530 1940 
5175 1396 1522 1646 1824 
5176 1332 1480 1791 1898 
5177 1416 1639 1778 1834 
5178 891 834 1590 1899 
5179 1554 1789 1371 1957 
5180 1342 1886 1554 1998 
5181 1355 1589 1566 1875 
5182 1432 1767 1536 1946 
5183 756 1642 872 2116 
5184 881 1053 784 1651 
5185 1444 1856 1548 2023 
5186 1529 1885 1404 1959 
5187 1515 2071 1715 2098 
5188 1561 1856 1509 2029 
5189 967 1042 1524 2004 
5190 443 1799 1624 1805 
5191 1393 1807 1870 1991 
5192 1576 1741 1647 2039 
5193 1328 1933 1806 2019 
5194 1486 1751 1423 2042 
5195 701 687 742 2144 
5196 1689 2017 1516 2036 
5197 1358 1482 1910 2051 
5198 747 1014 926 1894 
5199 1329 1776 1821 1953 
5200 851 791 381 1653 
5201 1478 1852 1423 2045 
5202 565 1905 1595 2060 
5203 1686 1709 1446 1944 
5204 1491 1990 1414 2106 
5205 1345 1542 1820 1923 
5206 740 1603 711 1793 
5207 1755 1839 1559 1940 
5208 974 975 1696 2055 
5209 1776 1809 1413 2048 
5210 1483 1846 337 1892 
5211 910 876 832 1767 
5212 1510 265 1928 2140 
5213 1364 1762 1507 1909 
5214 1508 1744 1421 1759 
5215 928 1024 1025 1732 
5216 1379 1517 1842 2084 
5217 948 1049 1048 1813 
5218 1366 1746 1501 2030 
5219 1783 1878 1471 2039 
5220 1505 1770 1363 1912 
5221 1513 1838 1419 1962 
5222 197 1538 365 1595 
5223 1895 2073 1587 2100 
5224 1372 1669 1492 2079 
5225 1476 1555 1608 2095 
5226 810 1711 825 1946 
5227 316 1751 252 2042 
5228 1448 1658 1612 2088 
5229 1710 1881 1434 2127 
5230 987 1611 984 2038 
5231 518 575 1515 2136 
5232 585 584 582 1803 
5233 1687 1771 1439 1913 
5234 286 315 273 1784 
5235 281 1729 1510 1928 
5236 1015 1011 1004 1989 
5237 931 1054 956 1565 
5238 1561 1834 1770 2029 
5239 1082 1010 1009 1760 
5240 726 1627 721 1819 
5241 1393 1487 1807 1991 
5242 393 1945 392 2057 
5243 1649 2067 1381 2132 
5244 1445 1720 1661 2116 
5245 333 219 358 1800 
5246 1702 1726 1385 1872 
5247 1517 1781 1366 1915 
5248 1427 1776 1656 1809 
5249 1334 1758 1618 1991 
5250 1469 1616 1576 2039 
5251 254 253 1647 1741 
5252 1425 1612 1950 2022 
5253 1040 1003 1588 1866 
5254 1456 1740 1514 2001 
5255 911 828 840 1674 
5256 1806 1933 1328 1995 
5257 600 1736 585 2028 
5258 233 371 1497 1987 
5259 1076 1051 1022 1750 
5260 813 1703 1546 1964 
5261 1698 1994 342 2050 
5262 728 737 698 2005 
5263 439 1624 469 1807 
5264 1423 1486 1852 2018 
5265 233 324 371 1987 
5266 853 1653 852 1858 
5267 533 605 535 1759 
5268 1379 1645 1686 1770 
5269 1885 1959 1626 2062 
5270 860 863 862 1629 
5271 525 570 569 1603 
5272 1638 1716 1404 1888 
5273 953 1675 1648 2063 
5274 805 1704 806 1868 
5275 1656 1809 1776 2048 
5276 1501 1343 1746 2143 
5277 848 1636 1565 1914 
5278 395 433 393 1918 
5279 1620 1890 1362 2081 
5280 620 587 586 1604 
5281 1516 1765 1336 1927 
5282 769 749 649 1907 
5283 560 2021 1508 2101 
5284 1368 1735 1638 2072 
5285 1669 1452 2079 2082 
5286 965 963 958 1671 
5287 1418 1983 1646 2065 
5288 1413 1776 1581 1787 
5289 1363 1778 1639 1834 
5290 340 1550 286 1804 
5291 848 894 1914 1999 
5292 1425 1588 1519 2022 
5293 565 553 567 1905 
5294 554 604 560 1508 
5295 1540 1692 1610 2082 
5296 448 1935 386 2092 
5297 1031 1032 1584 2077 
5298 787 756 651 1642 
5299 1011 926 1013 2133 
5300 1620 1665 703 2081 
5301 570 1603 1863 1913 
5302 373 325 351 1876 
5303 292 197 511 1538 
5304 833 817 873 1589 
5305 1337 1710 1714 2127 
5306 926 1894 1013 2133 
5307 1328 1806 1681 2019 
5308 674 1613 676 2114 
5309 1596 1404 1877 2091 
5310 956 931 1565 1999 
5311 241 1833 1505 1912 
5312 1438 1664 1933 1995 
5313 1507 1336 1762 1927 
5314 1856 2023 1717 2029 
5315 1615 1362 1890 2081 
5316 1527 1762 1364 1868 
5317 432 430 1749 1832 
5318 1583 1415 1700 2105 
5319 561 1609 2021 2054 
5320 533 605 1759 2067 
5321 710 691 708 1586 
5322 216 1800 214 1986 
5323 767 1968 1539 2125 
5324 1071 1040 1003 1588 
5325 1389 1692 1484 1850 
5326 1714 2079 1452 2082 
5327 1703 1742 1546 1964 
5328 1408 1948 1476 2085 
5329 1334 1654 1758 1991 
5330 1490 1883 1441 1972 
5331 1008 1014 1063 1894 
5332 1704 1728 1461 2085 
5333 886 897 882 1924 
5334 199 261 484 1832 
5335 271 1784 315 2111 
5336 907 1084 1018 2090 
5337 458 1616 455 1931 
5338 1686 1836 1483 2084 
5339 684 685 692 1567 
5340 1689 1756 1516 2017 
5341 1480 1791 1365 2035 
5342 1055 1648 952 2123 
5343 234 1579 231 1846 
5344 914 1930 870 1945 
5345 1064 1553 1075 2071 
5346 1543 1773 1466 1902 
5347 1344 1514 1740 2001 
5348 643 1736 613 2028 
5349 1423 1906 1751 2018 
5350 514 611 1010 1609 
5351 1681 1806 1516 2017 
5352 228 1726 230 2096 
5353 978 1696 976 1805 
5354 1425 1825 1622 1951 
5355 1364 1704 1868 1909 
5356 1499 1814 1485 1915 
5357 1363 1497 1747 1912 
5358 1475 1797 1851 1985 
5359 1421 1744 1713 1808 
5360 978 924 1699 1805 
5361 418 464 432 2006 
5362 1390 1582 1979 2020 
5363 743 1575 744 2111 
5364 246 1944 207 2060 
5365 862 863 885 1629 
5366 1418 1947 1766 2041 
5367 463 416 466 1814 
5368 1693 1992 1489 2142 
5369 1518 2008 1448 2088 
5370 713 714 732 1665 
5371 1743 1759 1381 2067 
5372 1696 1799 976 1805 
5373 1356 1733 1871 2059 
5374 1377 1538 1922 1965 
5375 542 541 543 1593 
5376 274 1578 334 1854 
5377 1749 1878 1405 1978 
5378 619 565 567 1595 
5379 475 1520 1871 1931 
5380 354 1731 314 1892 
5381 1353 1565 1636 1914 
5382 664 1586 691 1889 
5383 1343 1552 1628 1982 
5384 1331 1531 1738 1782 
5385 941 1612 938 1798 
5386 221 316 1751 2049 
5387 808 807 1704 2080 
5388 1464 1650 1583 1848 
5389 1015 1004 1691 1989 
5390 1368 1716 1638 1888 
5391 1430 1490 1947 2141 
5392 690 2120 1472 2126 
5393 1382 1661 1494 1829 
5394 722 724 1535 2125 
5395 1758 1870 1618 1991 
5396 1439 1862 1771 1963 
5397 1386 1635 1606 2107 
5398 335 198 895 1707 
5399 1083 1609 915 2054 
5400 811 813 812 1546 
5401 739 1511 738 2053 
5402 1503 1975 1853 1998 
5403 1347 2033 1593 2064 
5404 1012 1047 1029 1670 
5405 449 1600 452 1925 
5406 1372 1492 1710 2079 
5407 585 1736 643 2028 
5408 1074 1798 1092 1811 
5409 828 892 840 2011 
5410 401 417 472 1552 
5411 1678 2000 1408 2085 
5412 563 553 1561 1778 
5413 1521 1436 1774 2040 
5414 1462 1500 1725 2070 
5415 1052 995 1643 1943 
5416 1702 1876 1395 1987 
5417 1455 1675 1955 2110 
5418 769 1539 749 1907 
5419 575 576 2071 2098 
5420 1526 1418 1684 2065 
5421 907 773 1084 2090 
5422 1037 1061 1089 2003 
5423 1434 1609 1568 2003 
5424 1530 1839 1398 1897 
5425 1597 1696 977 2055 
5426 1758 1786 1618 1870 
5427 1547 2024 1413 2056 
5428 1508 1759 1421 1845 
5429 866 1589 873 1875 
5430 282 1537 317 1960 
5431 1340 1891 1534 2108 
5432 1577 1765 1516 1927 
5433 271 1939 1784 2111 
5434 1544 1655 1397 1976 
5435 474 426 489 1799 
5436 1349 1851 1797 1985 
5437 1579 1702 229 2096 
5438 1352 1637 1533 1786 
5439 1776 1809 1427 1953 
5440 519 1863 1606 2107 
5441 1054 1565 903 1970 
5442 1406 1699 1752 2068 
5443 1766 1947 1482 2041 
5444 709 683 738 1640 
5445 1487 1758 1654 1991 
5446 254 253 251 1647 
5447 457 458 480 1616 
5448 1408 2000 1704 2085 
5449 1327 1842 1517 2030 
5450 747 926 1591 1894 
5451 404 406 407 1859 
5452 1619 1700 1357 2105 
5453 270 271 1939 2058 
5454 741 679 1777 1847 
5455 1512 1782 1677 1860 
5456 1572 1598 1369 1921 
5457 365 197 292 1538 
5458 1357 1672 1773 1902 
5459 468 402 404 1992 
5460 1390 1737 1582 2020 
5461 446 386 516 1935 
5462 1529 1877 1497 2119 
5463 1660 2044 1600 2092 
5464 1366 1485 1814 1915 
5465 1572 2072 1414 2106 
5466 322 270 1574 2058 
5467 1458 1971 1636 2131 
5468 1388 1542 1763 1923 
5469 1416 1587 1549 1895 
5470 427 1672 1773 2015 
5471 1369 1955 1675 2110 
5472 603 547 537 1727 
5473 1356 1489 1733 2059 
5474 1465 1712 1909 2000 
5475 848 1914 1565 1999 
5476 1436 1785 1662 2127 
5477 1386 1592 1827 1862 
5478 634 612 587 1760 
5479 600 643 585 1736 
5480 1055 953 952 1648 
5481 1451 1891 1849 2108 
5482 1540 1591 1989 2133 
5483 1031 1072 1032 2077 
5484 1489 1532 1920 1982 
5485 426 1584 1773 2118 
5486 1494 1847 1435 1904 
5487 804 805 806 1868 
5488 466 463 1814 1967 
5489 579 524 580 1553 
5490 1458 2034 1663 2131 
5491 632 1965 598 2107 
5492 1372 1710 1568 1714 
5493 894 831 830 1914 
5494 1424 1821 1705 2064 
5495 666 665 1615 1890 
5496 896 1607 781 1977 
5497 1530 1599 1383 1986 
5498 602 568 513 1570 
5499 1387 1891 1630 1916 
5500 751 750 1558 2144 
5501 236 237 239 1836 
5502 1661 1720 1382 2116 
5503 448 483 453 1553 
5504 1376 1769 1681 2126 
5505 1352 1786 1533 1993 
5506 318 1504 351 1960 
5507 906 366 771 1627 
5508 788 846 899 1794 
5509 1450 1772 1679 2014 
5510 402 1992 401 2027 
5511 1384 1828 1764 2005 
5512 221 220 2049 2074 
5513 1383 1530 1800 1898 
5514 1514 1794 1017 2090 
5515 1394 1756 1535 2135 
5516 1405 1878 1783 2039 
5517 1723 1979 1582 2020 
5518 1328 1516 1681 1806 
5519 428 461 462 1601 
5520 301 302 299 1928 
5521 1034 1048 1573 1997 
5522 1697 1723 1333 2117 
5523 1371 1695 1496 1901 
5524 1581 1615 1413 2121 
5525 244 240 237 1694 
5526 288 290 1900 2078 
5527 674 672 1865 2114 
5528 1526 1824 1468 1983 
5529 625 567 599 1595 
5530 1560 1719 1385 1872 
5531 883 1605 913 1930 
5532 1488 1767 1380 1934 
5533 998 1005 1009 1980 
5534 1022 956 1081 1750 
5535 1518 1950 1425 2088 
5536 1524 1881 1434 2004 
5537 1427 1979 1809 2048 
5538 1441 1786 1758 1920 
5539 1558 1721 1389 1787 
5540 341 781 880 1607 
5541 1332 1791 1554 1839 
5542 1406 1991 1634 2068 
5543 886 882 1563 1924 
5544 229 1702 1579 1987 
5545 1331 1677 1782 1860 
5546 314 354 313 1731 
5547 1758 1786 1393 1920 
5548 825 832 876 1536 
5549 408 409 478 1688 
5550 1530 1383 1800 1986 
5551 1483 1366 1892 1915 
5552 1508 1744 1381 2132 
5553 732 1665 1581 2081 
5554 1523 1837 1608 1971 
5555 1529 1596 1877 2119 
5556 862 1629 885 1924 
5557 1572 1782 1368 2134 
5558 1332 1839 1554 1957 
5559 1036 1052 995 1643 
5560 1575 2111 743 2120 
5561 276 279 320 2069 
5562 1376 1681 2019 2126 
5563 1376 1681 2017 2019 
5564 527 516 1935 2099 
5565 226 1702 229 1876 
5566 1423 1852 1486 2042 
5567 281 303 1729 1928 
5568 317 282 278 1537 
5569 420 427 471 1773 
5570 1366 1814 1499 1915 
5571 1363 1747 1497 2145 
5572 1733 2027 1871 2059 
5573 595 610 593 2102 
5574 1442 1628 2006 2143 
5575 565 552 553 1905 
5576 1012 1670 1029 1942 
5577 924 1699 383 2075 
5578 938 941 940 1612 
5579 1577 1516 1765 1879 
5580 1076 1022 1023 1750 
5581 1746 1966 1343 2045 
5582 1640 1361 1706 2046 
5583 316 330 1751 2042 
5584 1357 1773 1841 1902 
5585 725 767 749 1539 
5586 1617 1882 935 1974 
5587 623 1609 514 1760 
5588 1390 1623 1730 2007 
5589 488 1584 379 2015 
5590 280 279 278 2069 
5591 780 1565 931 1999 
5592 656 720 719 1819 
5593 1091 1069 1044 1521 
5594 1362 1656 1615 1963 
5595 974 1041 971 1822 
5596 1074 1811 1039 1866 
5597 821 1566 866 1875 
5598 1808 2033 1421 2128 
5599 1724 1884 1559 1988 
5600 356 323 322 1795 
5601 1328 1779 1503 1853 
5602 1578 1784 272 2058 
5603 678 679 1847 1904 
5604 1452 1669 1873 2082 
5605 408 1859 1688 1954 
5606 820 1754 827 2011 
5607 1361 1664 1557 1933 
5608 1499 1892 1366 1915 
5609 561 609 1609 2054 
5610 1368 1572 1735 2072 
5611 1382 1720 1527 1812 
5612 1000 1061 1037 1568 
5613 776 1740 768 1919 
5614 1615 1413 1667 2048 
5615 1385 1719 1560 1906 
5616 223 1795 326 2074 
5617 668 667 669 1667 
5618 602 568 1570 2099 
5619 547 563 553 1561 
5620 960 1059 1651 1974 
5621 1608 1837 1403 1971 
5622 706 705 707 2090 
5623 815 819 820 1703 
5624 1498 1788 999 2010 
5625 713 647 581 1665 
5626 250 342 1994 2050 
5627 1347 1895 1549 1941 
5628 1378 1574 1995 2058 
5629 233 1497 371 1960 
5630 1379 1770 1505 1833 
5631 1355 1742 1502 1988 
5632 1358 1859 1688 1910 
5633 1423 1852 1790 1966 
5634 1063 1086 929 1562 
5635 784 893 1651 1816 
5636 1089 967 1042 1524 
5637 1484 1692 1610 1850 
5638 1604 1760 1372 1932 
5639 977 1696 1597 2077 
5640 1522 2070 1404 2091 
5641 743 2111 1550 2120 
5642 481 457 480 1878 
5643 1055 1090 1648 1855 
5644 1474 1752 1571 1934 
5645 1506 1340 1676 1857 
5646 518 1515 2071 2136 
5647 593 1548 615 2102 
5648 714 1665 713 1917 
5649 1442 1746 1628 2143 
5650 706 1919 766 2090 
5651 1537 1747 282 1922 
5652 408 407 1859 1954 
5653 868 896 867 1977 
5654 477 387 496 1925 
5655 725 749 769 1539 
5656 1428 1726 1702 2096 
5657 1717 1938 1551 2016 
5658 467 433 378 1590 
5659 531 530 529 1775 
5660 1641 1706 2007 2046 
5661 759 743 1550 2120 
5662 1363 1639 1529 1834 
5663 284 365 292 1538 
5664 215 216 214 1986 
5665 1325 1869 1797 2086 
5666 290 211 345 1603 
5667 1665 1721 1443 1917 
5668 1596 2091 1877 2119 
5669 678 748 679 1904 
5670 1425 1950 1518 2112 
5671 259 1602 257 1790 
5672 1332 1554 1631 1957 
5673 518 575 576 2071 
5674 1452 1763 1662 1923 
5675 1354 1839 1530 1940 
5676 1481 2044 1660 2092 
5677 623 1760 620 1932 
5678 417 401 412 1552 
5679 410 415 416 1954 
5680 1532 1926 1783 2059 
5681 321 1576 206 1978 
5682 372 344 244 1892 
5683 1769 1777 1681 2126 
5684 326 356 1614 1795 
5685 321 260 256 1741 
5686 1545 1415 1685 2105 
5687 1518 1675 1369 1774 
5688 1442 1731 1602 1746 
5689 1396 1630 1677 1901 
5690 1459 1480 1800 1911 
5691 1366 1781 1485 1915 
5692 898 886 1563 1924 
5693 315 286 340 1550 
5694 1412 1858 1605 1930 
5695 771 864 906 1627 
5696 1552 1471 2027 2059 
5697 1568 1710 1434 2127 
5698 1572 1598 1440 2106 
5699 611 609 915 1609 
5700 1452 1873 1714 2082 
5701 709 1640 738 1896 
5702 1406 1991 1807 2103 
5703 864 771 726 1627 
5704 936 935 1617 2137 
5705 705 693 776 1740 
5706 1424 2037 1669 2064 
5707 893 890 832 1767 
5708 998 1796 1610 1980 
5709 996 1610 998 1796 
5710 834 909 827 2011 
5711 1331 1677 1860 1956 
5712 1354 1724 1559 1940 
5713 1735 1874 1399 2051 
5714 1564 1806 1438 2019 
5715 690 1472 1936 2126 
5716 1324 1883 1630 1916 
5717 1525 1688 1358 1954 
5718 366 209 752 1627 
5719 1634 1699 440 2103 
5720 1548 1683 1843 2102 
5721 593 615 592 2102 
5722 443 425 469 1624 
5723 631 1803 1484 2094 
5724 818 875 803 1728 
5725 294 1575 329 1939 
5726 351 233 1960 1987 
5727 428 1601 462 2006 
5728 976 974 975 1696 
5729 759 743 645 1550 
5730 1487 1412 1918 1937 
5731 1420 1683 1570 1958 
5732 1365 2017 1689 2036 
5733 1559 1755 1332 1839 
5734 1384 1670 1810 1942 
5735 1548 2023 1856 2031 
5736 1539 1907 769 2125 
5737 1329 1669 1692 2082 
5738 914 782 1590 1945 
5739 607 615 546 2031 
5740 1482 1874 1735 2051 
5741 1383 1530 1898 1940 
5742 670 1667 669 1831 
5743 1481 1935 1715 2092 
5744 750 751 1558 2047 
5745 1013 1894 1008 2133 
5746 736 1640 709 1896 
5747 1073 976 1696 1799 
5748 1436 1568 1714 1796 
5749 1444 1717 1856 2023 
5750 715 714 655 1917 
5751 1561 1363 1778 1905 
5752 1391 1577 1655 1985 
5753 1090 1072 1648 1855 
5754 1472 1681 1777 2126 
5755 1002 1568 1000 1980 
5756 349 247 207 1973 
5757 1522 1824 1802 2065 
5758 601 1635 551 2100 
5759 1643 1796 1392 1943 
5760 1629 1819 1394 2130 
5761 1365 1510 1689 2017 
5762 1656 1771 1330 1963 
5763 1337 1785 1662 1990 
5764 972 1041 1027 1752 
5765 838 1720 865 1961 
5766 1329 1692 1669 1880 
5767 1420 1843 1683 2102 
5768 234 1836 1579 1846 
5769 1705 1776 1427 1821 
5770 1017 1919 1514 2090 
5771 1492 1669 1604 2037 
5772 1472 1896 1550 2120 
5773 1432 1742 1546 1849 
5774 635 588 618 1562 
5775 896 868 880 1607 
5776 358 326 374 1897 
5777 1337 1881 1710 2127 
5778 1485 1814 1499 1967 
5779 753 718 770 1562 
5780 565 1709 1905 2060 
5781 1454 1820 1697 1962 
5782 1492 1669 2037 2064 
5783 1400 1856 1561 2029 
5784 915 1609 609 2054 
5785 1427 1809 1656 2048 
5786 1398 1530 1897 2074 
5787 1487 1937 1918 2057 
5788 1448 1761 1573 1997 
5789 346 1621 617 1973 
5790 952 953 949 1675 
5791 965 1515 1067 2071 
5792 544 613 543 1830 
5793 1628 1746 1343 2143 
5794 1006 1013 1008 2133 
5795 1508 1381 1759 2067 
5796 1034 1045 1048 1997 
5797 1346 1529 1639 1885 
5798 439 443 469 1624 
5799 400 402 401 2027 
5800 606 555 562 1932 
5801 1333 1697 1820 1962 
5802 1418 1526 1983 2065 
5803 1360 1695 1544 1901 
5804 1067 1515 925 2071 
5805 1348 1667 1580 2056 
5806 1019 923 1078 1794 
5807 307 342 306 1698 
5808 1368 1874 1646 1888 
5809 443 425 1624 2118 
5810 1696 1799 1401 2077 
5811 564 644 512 1620 
5812 1920 1982 1532 2113 
5813 279 1592 287 2078 
5814 850 1794 1718 2090 
5815 867 1566 821 2052 
5816 1663 1458 2001 2034 
5817 1344 1837 1523 1971 
5818 1351 1925 1600 2092 
5819 1393 1887 1489 1920 
5820 813 1703 815 1875 
5821 1653 392 1945 2057 
5822 1057 1030 1032 1584 
5823 1634 1991 1937 2068 
5824 1361 1896 1511 2046 
5825 1663 1971 1458 2131 
5826 310 384 495 1861 
5827 632 598 601 2107 
5828 1642 1720 1382 1812 
5829 1429 1992 1693 2142 
5830 712 645 763 1804 
5831 1575 1903 329 1939 
5832 1511 1896 1472 1936 
5833 331 230 330 1726 
5834 428 1628 412 1992 
5835 1563 1701 1374 1924 
5836 711 740 733 1603 
5837 1340 1534 1857 2108 
5838 1456 1514 1718 2001 
5839 967 1524 1089 2003 
5840 1346 1639 1529 2145 
5841 1655 1325 1797 1976 
5842 1005 1610 997 1850 
5843 420 1773 1543 2118 
5844 627 565 515 1709 
5845 735 647 703 1620 
5846 1413 1809 1547 2056 
5847 940 1612 941 2022 
5848 1544 1779 1462 1998 
5849 726 721 656 1819 
5850 1445 1629 1864 2032 
5851 568 513 1570 1958 
5852 1463 1764 1734 1817 
5853 1420 1768 2013 2061 
5854 961 970 969 1882 
5855 970 1046 1034 1882 
5856 939 1612 1997 2137 
5857 232 1579 234 1836 
5858 565 1595 619 2060 
5859 534 532 533 1743 
5860 1369 1598 1785 2110 
5861 991 1659 992 1838 
5862 1839 1898 1530 1940 
5863 574 575 577 2098 
5864 1612 1798 941 2022 
5865 849 2034 797 2066 
5866 1579 1987 1842 2119 
5867 866 833 873 1589 
5868 1495 1753 1340 1891 
5869 1590 1918 1520 1984 
5870 762 1591 650 1691 
5871 1422 1698 1674 2052 
5872 544 541 606 2037 
5873 1736 1880 1424 2028 
5874 1400 2023 1856 2029 
5875 816 804 877 1868 
5876 1369 1524 1955 2110 
5877 342 1647 251 1994 
5878 511 625 599 1538 
5879 1448 1612 1950 2088 
5880 622 570 1913 2012 
5881 1490 1972 1441 2141 
5882 225 222 327 1872 
5883 1664 1730 1402 2007 
5884 774 651 1642 2066 
5885 868 1566 867 2052 
5886 1608 2085 1476 2095 
5887 575 2098 1515 2136 
5888 586 1604 2028 2037 
5889 973 971 970 1822 
5890 1372 1710 1492 1932 
5891 222 1872 224 2074 
5892 845 826 2034 2131 
5893 1018 850 907 2090 
5894 1351 1700 1583 2044 
5895 1441 1883 1490 2141 
5896 1061 1000 1002 1568 
5897 255 316 252 2042 
5898 398 397 1733 1871 
5899 1568 1714 1710 2127 
5900 1797 1869 1475 2086 
5901 597 1587 551 1965 
5902 994 992 1659 1943 
5903 752 771 366 1627 
5904 906 887 366 1627 
5905 1022 999 1023 1750 
5906 432 484 430 1832 
5907 694 778 748 1661 
5908 947 950 1675 1774 
5909 1589 1666 1465 1755 
5910 241 1505 248 1912 
5911 888 1690 853 1732 
5912 345 296 290 1793 
5913 398 1733 399 1871 
5914 1370 1708 1659 2097 
5915 834 827 1754 2011 
5916 1606 1863 203 2078 
5917 1399 1638 1596 1874 
5918 225 1702 226 1872 
5919 468 407 461 1859 
5920 749 1539 767 1968 
5921 1623 1390 1840 2007 
5922 1807 1991 1634 2103 
5923 947 950 949 1675 
5924 1433 1580 1831 2056 
5925 1641 1840 1427 1979 
5926 586 2028 642 2037 
5927 983 984 985 2010 
5928 1467 1527 1762 1864 
5929 1347 1821 1705 1941 
5930 1391 1780 1697 1893 
5931 88 1015 650 926 
5932 1612 1757 938 1798 
5933 231 234 232 1579 
5934 1543 1993 1624 2118 
5935 852 1858 1653 1945 
5936 497 437 384 1861 
5937 636 346 369 1621 
5938 1426 1895 1587 2100 
5939 560 1508 604 2101 
5940 1361 1640 1896 2046 
5941 1460 1886 1719 1952 
5942 221 2049 1560 2074 
5943 465 508 450 1660 
5944 1452 1662 1873 1923 
5945 1331 1622 1658 2088 
5946 678 680 684 1815 
5947 706 707 1919 2090 
5948 1392 1796 1714 2082 
5949 293 320 295 1900 
5950 1066 510 633 1644 
5951 315 1784 1550 2111 
5952 1471 1871 2027 2059 
5953 558 601 550 1635 
5954 837 823 869 1666 
5955 732 703 1665 2081 
5956 231 1579 229 2096 
5957 1395 1842 1987 2119 
5958 343 1747 371 1912 
5959 1874 1929 1399 2051 
5960 751 1558 2047 2144 
5961 1434 2021 1609 2054 
5962 889 785 835 1701 
5963 1751 1906 1354 2018 
5964 259 331 257 1602 
5965 1532 1748 1441 1883 
5966 1482 1874 1646 2134 
5967 1765 1797 1453 1927 
5968 211 1603 290 1863 
5969 1489 1992 1982 2142 
5970 1373 1881 1524 2004 
5971 764 740 711 1793 
5972 1370 1591 1558 2144 
5973 246 349 207 1944 
5974 1032 1584 1855 2122 
5975 747 658 1014 1894 
5976 1328 1853 1503 1995 
5977 1328 1681 1933 2019 
5978 839 786 454 1682 
5979 1570 1775 1481 2099 
5980 1482 1929 1874 2051 
5981 452 449 451 1600 
5982 1406 1634 1991 2103 
5983 574 548 573 1649 
5984 1368 1735 1572 2134 
5985 1549 1895 1426 1941 
5986 1512 1368 1782 1860 
5987 232 236 1833 1836 
5988 1479 1674 1996 2011 
5989 1441 2113 1883 2141 
5990 1357 1773 1672 2015 
5991 956 1565 1054 1970 
5992 468 404 407 1859 
5993 480 472 431 1878 
5994 1357 1584 1773 2015 
5995 1579 1842 1379 2119 
5996 1467 1868 1527 2032 
5997 1499 1915 1485 1967 
5998 670 668 1667 2053 
5999 1684 1746 1343 2045 
6000 1749 1832 430 1978 
6001 895 781 335 1707 
6002 834 914 1590 1930 
6003 1445 1661 1961 2116 
6004 1423 1790 1602 1966 
6005 897 785 882 1701 
6006 772 659 740 1603 
6007 1407 1813 1518 2008 
6008 1635 1965 1606 2107 
6009 1604 1669 1424 2037 
6010 636 369 503 1621 
6011 1573 1761 1409 1997 
6012 602 528 568 2099 
6013 1982 2113 1920 2142 
6014 1474 1752 1934 2068 
6015 527 528 516 2099 
6016 1072 1055 1090 1648 
6017 762 1591 1691 2144 
6018 1777 1847 1435 1879 
6019 926 747 87 1014 
6020 1406 1807 1624 2103 
6021 947 1774 1518 2112 
6022 748 1661 778 1904 
6023 1646 1824 1522 2065 
6024 1389 1787 1692 1801 
6025 141 872 756 787 
6026 854 855 856 1858 
6027 398 1733 400 2027 
6028 1466 1902 1545 1910 
6029 1040 1074 1039 1866 
6030 984 987 986 1611 
6031 1442 1749 1628 1966 
6032 985 984 986 1611 
6033 1327 1646 1522 2065 
6034 227 224 226 1876 
6035 1461 1948 1711 2085 
6036 602 1570 377 2099 
6037 1055 1090 1855 2123 
6038 865 1720 879 2032 
6039 1461 2085 1608 2095 
6040 1409 1757 1617 2137 
6041 1340 1849 1495 1891 
6042 662 652 663 2012 
6043 1768 1967 1485 2061 
6044 1434 1881 1524 2127 
6045 1619 1921 1700 2105 
6046 869 781 1707 1977 
6047 1511 1896 1640 2046 
6048 1508 1381 2067 2132 
6049 1324 1630 1883 1983 
6050 1507 1791 2035 2036 
6051 727 1661 779 2116 
6052 580 579 1553 2071 
6053 674 672 737 1865 
6054 1505 1400 1709 1905 
6055 242 250 1994 2050 
6056 1421 1808 1713 2033 
6057 343 371 249 1912 
6058 1501 1766 1482 2041 
6059 1041 1699 1027 1752 
6060 1666 1755 1383 1898 
6061 381 1653 392 1945 
6062 1395 1842 1579 1987 
6063 1558 1389 1721 2047 
6064 877 804 806 1868 
6065 398 399 397 1871 
6066 1043 938 1757 1798 
6067 1386 1606 1592 2078 
6068 998 1000 1796 1980 
6069 993 994 992 1659 
6070 433 378 1590 1899 
6071 1431 1615 1667 2048 
6072 849 1718 2034 2066 
6073 868 867 821 2052 
6074 1510 1376 1756 2017 
6075 984 1611 2010 2038 
6076 1408 1711 1948 2085 
6077 460 458 455 1931 
6078 1375 1654 1826 1984 
6079 1392 1610 1796 2082 
6080 201 263 264 1539 
6081 1376 1907 1903 2140 
6082 1570 1683 1359 1775 
6083 1920 2113 1441 2141 
6084 1518 1774 1521 2112 
6085 812 813 815 1875 
6086 639 622 558 1913 
6087 884 920 106 1024 
6088 201 749 46 262 
6089 1418 1766 1501 2041 
6090 1070 1083 915 2054 
6091 1375 1605 1930 1984 
6092 443 489 425 2118 
6093 1560 1751 1354 2049 
6094 1443 1880 1736 2028 
6095 503 594 636 1621 
6096 775 1769 741 1777 
6097 921 1079 612 2094 
6098 956 932 931 1999 
6099 916 932 933 1999 
6100 975 977 1696 2055 
6101 1445 1819 1535 2135 
6102 1764 1828 729 2005 
6103 559 557 549 1687 
6104 967 959 1042 2004 
6105 834 782 891 1590 
6106 1010 611 915 1609 
6107 590 1679 591 1772 
6108 1363 1770 1505 1905 
6109 1532 1982 1489 2059 
6110 1328 1577 1818 1879 
6111 269 266 268 1903 
6112 1362 1615 1581 2081 
6113 1535 1819 1394 2135 
6114 632 1606 1965 2107 
6115 1074 1043 1092 1798 
6116 1487 1634 1937 2057 
6117 1505 1770 1400 1905 
6118 1513 1708 1962 2009 
6119 824 874 830 1914 
6120 797 2066 2034 2138 
6121 1558 1591 1389 2047 
6122 1432 1826 1605 1964 
6123 1649 1515 1848 2098 
6124 1510 1365 1867 2017 
6125 1412 1945 1918 2057 
6126 467 1590 782 1945 
6127 1347 1593 1895 2064 
6128 383 1805 442 2103 
6129 1049 1597 977 2055 
6130 260 321 206 1978 
6131 1388 1652 1547 2117 
6132 821 867 866 1566 
6133 1339 1786 1533 2141 
6134 783 838 865 1961 
6135 676 1613 677 1847 
6136 1446 1694 1686 1944 
6137 228 226 225 1702 
6138 1512 1542 1825 2146 
6139 1386 1863 1603 1913 
6140 376 491 473 1594 
6141 1332 1559 1678 1755 
6142 633 1066 1644 2136 
6143 545 543 549 1830 
6144 343 1747 284 1922 
6145 1854 1960 1537 2104 
6146 1407 1518 1738 2008 
6147 277 274 334 1854 
6148 1345 1542 1923 2146 
6149 1401 1624 1696 1993 
6150 1332 1839 1755 1898 
6151 1384 1513 1722 2009 
6152 1568 1609 1372 1980 
6153 1327 1802 1684 2065 
6154 641 601 1913 2107 
6155 834 1754 829 1930 
6156 1413 1558 1787 2121 
6157 1615 1656 1431 1963 
6158 1081 1021 1022 1750 
6159 1769 1907 755 2126 
6160 1328 1737 1557 1818 
6161 1440 1808 1744 2016 
6162 874 1636 848 1914 
6163 378 891 113 467 
6164 122 513 486 602 
6165 462 1601 1814 2006 
6166 437 495 384 1861 
6167 1356 1748 1532 1926 
6168 1381 1759 1509 2016 
6169 732 703 647 1665 
6170 1324 1884 1630 1983 
6171 1438 1939 1564 2019 
6172 872 783 140 756 
6173 819 827 820 1754 
6174 440 1699 383 2103 
6175 1489 1887 1693 2142 
6176 1009 1010 1002 1980 
6177 1503 1853 1779 1998 
6178 1336 1756 1689 2002 
6179 481 1576 1878 1978 
6180 415 414 422 1768 
6181 1431 1656 1615 2048 
6182 539 1727 1593 2073 
6183 1365 2036 1791 2115 
6184 316 255 330 2042 
6185 1412 1918 1590 1984 
6186 1559 1884 1468 1957 
6187 1067 925 1515 2136 
6188 1053 103 916 881 
6189 1401 1696 1624 1799 
6190 808 807 805 1704 
6191 371 1833 249 1912 
6192 1427 1705 1656 1776 
6193 744 311 43 200 
6194 1434 1524 2003 2127 
6195 1537 1402 1854 2104 
6196 205 301 360 1563 
6197 1537 1854 1402 2069 
6198 1613 1815 677 1847 
6199 1021 999 1022 1750 
6200 640 620 586 1604 
6201 1401 1799 1624 2118 
6202 1532 1441 1920 2113 
6203 476 379 488 1584 
6204 819 813 883 1703 
6205 1044 1521 1774 2112 
6206 1010 915 1083 1609 
6207 1508 2021 1434 2101 
6208 503 369 212 1621 
6209 813 883 1703 1964 
6210 1366 1501 1746 2143 
6211 1483 1892 1499 1915 
6212 1338 1843 1548 2023 
6213 1446 1679 1548 2014 
6214 875 805 803 1728 
6215 690 1936 1777 2126 
6216 1439 1889 1586 1890 
6217 871 911 902 1674 
6218 205 52 336 882 
6219 736 759 1550 1896 
6220 1351 1600 2044 2092 
6221 1364 1909 1507 2000 
6222 1590 1918 1412 1945 
6223 717 745 1581 2121 
6224 570 1913 1863 2107 
6225 1448 1950 1612 1997 
6226 218 217 328 2049 
6227 361 519 630 1863 
6228 1598 1881 1524 2110 
6229 504 382 487 1772 
6230 1326 1545 1685 2105 
6231 1504 1960 1854 2104 
6232 707 776 768 1919 
6233 814 811 1946 1964 
6234 329 294 311 1575 
6235 427 1672 505 2087 
6236 962 1062 1090 1855 
6237 608 632 1606 1965 
6238 1719 1886 1342 1952 
6239 291 364 203 1606 
6240 351 325 233 1987 
6241 991 992 990 1838 
6242 1414 1531 2040 2146 
6243 472 1871 399 2027 
6244 744 1575 743 2120 
6245 230 1726 332 2096 
6246 1482 1929 1501 2041 
6247 1618 1352 1786 1972 
6248 642 643 613 2028 
6249 255 252 253 2042 
6250 1517 1781 1501 2030 
6251 1451 1849 1742 2108 
6252 985 999 983 2010 
6253 1412 1930 1605 1984 
6254 530 568 528 1775 
6255 223 224 1795 2074 
6256 799 1812 1663 2139 
6257 1389 1850 1894 2133 
6258 221 327 222 1560 
6259 454 385 839 1682 
6260 1336 1864 1829 2135 
6261 857 890 904 1816 
6262 1035 995 996 1796 
6263 1368 1782 1860 2134 
6264 747 765 1894 2047 
6265 758 744 1575 1907 
6266 1568 1796 1000 1980 
6267 940 1950 1612 2022 
6268 1323 2062 1725 2124 
6269 1579 1702 1395 1987 
6270 336 363 205 1701 
6271 533 1743 531 2067 
6272 1584 1841 1401 2077 
6273 636 617 346 1621 
6274 1630 1677 1496 1956 
6275 882 898 886 1563 
6276 1456 2001 1718 2034 
6277 271 272 273 1784 
6278 70 477 922 1028 
6279 1327 1874 1596 2091 
6280 1650 1848 1649 2132 
6281 1417 1777 1681 1879 
6282 1330 1641 1706 2007 
6283 1368 1646 1860 1888 
6284 754 90 918 1058 
6285 213 54 198 889 
6286 1496 1677 1630 1901 
6287 956 1054 1081 1970 
6288 231 1846 1579 2096 
6289 1748 1883 1532 2025 
6290 475 1871 411 1931 
6291 1598 1650 1373 1921 
6292 221 220 218 2049 
6293 586 640 1604 2037 
6294 868 902 880 2050 
6295 1616 1878 1576 2039 
6296 1440 1735 1638 1938 
6297 1413 1787 1581 2121 
6298 408 410 407 1954 
6299 1082 1009 921 1760 
6300 428 412 468 1992 
6301 639 557 564 1687 
6302 1525 2013 1768 2061 
6303 1011 1989 1591 2133 
6304 803 818 1728 2139 
6305 978 1080 924 1805 
6306 666 665 667 1615 
6307 1594 1731 1366 1892 
6308 1461 1745 1711 1948 
6309 446 447 386 1935 
6310 440 421 441 1634 
6311 664 691 662 1889 
6312 514 623 611 1609 
6313 665 667 1615 2081 
6314 1540 1389 1692 1801 
6315 281 1729 305 1867 
6316 1982 1992 1429 2142 
6317 1329 1787 1692 1880 
6318 1365 1806 1503 2115 
6319 717 745 732 1581 
6320 1464 1743 1775 2083 
6321 295 290 1793 1900 
6322 1539 1907 1376 2140 
6323 852 870 1858 1945 
6324 1503 1574 1806 1995 
6325 663 1890 1620 2081 
6326 1741 1790 256 2042 
6327 767 725 722 2125 
6328 199 355 261 1832 
6329 938 940 939 1612 
6330 876 810 825 1946 
6331 1394 1563 1629 2130 
6332 874 844 848 1636 
6333 568 595 513 1958 
6334 1363 1529 1770 1834 
6335 1059 920 105 784 
6336 201 45 649 298 
6337 1617 1651 1380 1974 
6338 1540 1370 1659 1989 
6339 1592 1922 1377 2076 
6340 1544 1695 1655 1976 
6341 1073 976 977 1696 
6342 1642 1382 1720 2116 
6343 344 372 314 1892 
6344 1328 1503 1806 1995 
6345 1830 1895 1593 2064 
6346 887 300 366 1627 
6347 1405 1790 1741 1852 
6348 1336 1756 2002 2135 
6349 848 1565 780 1999 
6350 1324 1883 1748 2025 
6351 443 375 1799 1805 
6352 548 1649 604 2067 
6353 261 362 380 1978 
6354 538 539 537 1727 
6355 384 310 204 1861 
6356 1681 1472 2019 2126 
6357 1441 1618 1786 1972 
6358 1445 1864 1629 2135 
6359 1501 1781 1517 1929 
6360 1727 1421 2033 2128 
6361 246 1505 241 1944 
6362 1342 1554 1789 1998 
6363 799 801 1812 2139 
6364 281 305 267 1867 
6365 1547 1809 1723 2056 
6366 677 676 674 1613 
6367 124 516 386 526 
6368 115 791 391 381 
6369 845 1970 847 2131 
6370 904 884 857 1816 
6371 295 288 290 1900 
6372 1059 104 1053 784 
6373 1663 2034 826 2131 
6374 1551 1717 1399 1938 
6375 649 44 311 298 
6376 1584 1357 1855 2015 
6377 527 556 529 1715 
6378 1441 1916 1618 1972 
6379 1342 1975 1503 1998 
6380 1401 1773 1584 2118 
6381 1329 1692 1787 1801 
6382 441 383 440 1699 
6383 1882 1997 1409 2137 
6384 519 361 203 1863 
6385 1445 1961 1720 2116 
6386 1387 1618 1916 1972 
6387 354 1846 1731 1892 
6388 732 1581 745 2081 
6389 766 706 707 1919 
6390 548 533 531 2067 
6391 1443 1721 1803 1917 
6392 1069 951 1044 1774 
6393 1544 1397 1779 1998 
6394 1352 1618 1786 1870 
6395 731 761 729 1764 
6396 249 1833 241 1912 
6397 663 1620 703 2081 
6398 601 1635 558 1913 
6399 1742 1849 1432 2108 
6400 1768 1420 2014 2061 
6401 1389 1558 1787 1801 
6402 243 328 217 1599 
6403 555 1932 1845 2021 
6404 573 574 1649 2098 
6405 1564 2017 1806 2019 
6406 1667 1831 1580 2056 
6407 945 1091 1044 1521 
6408 1393 1870 1624 1993 
6409 1342 1503 1886 1998 
6410 1429 1982 1628 1992 
6411 1363 1905 1505 1912 
6412 420 1543 419 2118 
6413 706 1718 705 2090 
6414 525 638 571 1603 
6415 1777 1936 675 2114 
6416 306 789 900 1698 
6417 711 654 764 1793 
6418 1655 1797 1475 1985 
6419 1517 2030 1842 2084 
6420 430 484 380 1832 
6421 1033 989 1012 1810 
6422 997 1005 998 1610 
6423 844 1636 818 2139 
6424 1338 1548 1843 2014 
6425 455 458 457 1616 
6426 1883 2113 1490 2141 
6427 447 465 450 2092 
6428 1371 1544 1695 1901 
6429 604 548 574 1649 
6430 1015 1058 650 1691 
6431 1629 1864 1467 2002 
6432 233 1497 1960 1987 
6433 882 52 336 785 
6434 323 285 322 1574 
6435 213 238 336 1701 
6436 1715 1848 1515 2098 
6437 561 1609 623 1932 
6438 950 1675 1774 1955 
6439 967 1524 2003 2004 
6440 607 546 534 1856 
6441 1467 1864 1629 2032 
6442 1596 1842 2091 2119 
6443 1600 1660 1415 2044 
6444 597 551 598 1965 
6445 443 1805 1624 2103 
6446 741 1777 676 1847 
6447 1442 1746 1602 1966 
6448 1056 2063 1072 2077 
6449 343 282 1747 1922 
6450 380 430 1832 1978 
6451 607 1856 552 2031 
6452 581 647 512 1665 
6453 1601 1366 2006 2143 
6454 1485 1768 1525 1954 
6455 849 797 796 2066 
6456 1490 2113 1947 2141 
6457 354 337 1846 1892 
6458 1349 1765 1577 1797 
6459 874 818 844 1636 
6460 1741 1852 1790 2042 
6461 357 1621 346 1973 
6462 406 409 408 1688 
6463 862 885 886 1924 
6464 968 969 1571 1974 
6465 1548 1843 1420 2102 
6466 1628 1982 1552 1992 
6467 1493 1740 1514 1919 
6468 1503 1342 1886 1975 
6469 1564 1939 1903 2019 
6470 1378 1500 1975 2043 
6471 1063 929 1008 1562 
6472 1580 1865 672 2114 
6473 1348 1723 1528 2020 
6474 1426 1830 1895 2100 
6475 747 1894 1591 2047 
6476 1453 1762 1668 2026 
6477 232 1833 324 1987 
6478 1383 1666 1707 1977 
6479 1043 938 937 1757 
6480 491 1814 1594 2006 
6481 737 677 674 1613 
6482 1679 1772 1420 2014 
6483 1354 1559 1839 1940 
6484 561 1609 1932 2021 
6485 872 798 838 1642 
6486 736 709 738 1896 
6487 1329 1873 1669 2082 
6488 621 564 512 1620 
6489 279 1900 1592 2078 
6490 848 780 894 1999 
6491 1524 2004 1792 2110 
6492 910 814 876 1946 
6493 796 660 794 1718 
6494 980 1919 1017 2090 
6495 1601 1366 1814 2006 
6496 935 1882 961 1974 
6497 406 409 1688 2087 
6498 1499 1861 1450 1967 
6499 1646 1874 1482 2041 
6500 1048 973 1573 2055 
6501 1507 1762 1668 1927 
6502 1340 1948 1745 2095 
6503 1378 1853 1503 1975 
6504 1059 1053 960 1651 
6505 850 849 1718 1794 
6506 1456 2034 2066 2138 
6507 1577 1797 1655 1985 
6508 221 1560 222 2074 
6509 1329 1776 1787 1880 
6510 1331 1637 1738 2008 
6511 1386 1771 1635 1913 
6512 464 491 376 1594 
6513 283 374 1614 1867 
6514 1364 1728 1527 1868 
6515 1641 1656 1431 2048 
6516 1543 1773 1401 2118 
6517 427 1773 420 2118 
6518 957 959 964 1792 
6519 1614 1791 1398 2115 
6520 427 426 1773 2118 
6521 256 253 1741 2042 
6522 670 739 668 2053 
6523 665 745 667 2081 
6524 611 561 609 1609 
6525 1552 1992 1489 2027 
6526 1526 2025 1478 2045 
6527 741 676 679 1847 
6528 979 976 1799 1805 
6529 1635 1913 601 2107 
6530 866 873 812 1875 
6531 1364 1527 1728 2026 
6532 1324 1884 1724 1988 
6533 1790 1852 1405 1966 
6534 1569 1722 1475 1851 
6535 1055 1855 1648 2123 
6536 1489 2027 1733 2059 
6537 778 779 727 1661 
6538 758 755 1907 2126 
6539 1405 1783 1749 1966 
6540 1501 1929 1517 2030 
6541 509 377 1570 2099 
6542 1864 2002 1629 2135 
6543 341 1607 880 2050 
6544 1452 1821 1633 1953 
6545 793 898 1563 2130 
6546 1378 1503 1853 1995 
6547 664 708 691 1586 
6548 697 741 1769 1777 
6549 1373 1649 1848 2132 
6550 1708 1513 1838 2009 
6551 937 936 934 1757 
6552 1397 1507 1927 2036 
6553 996 998 1000 1796 
6554 1015 1058 89 650 
6555 1635 1771 1386 1827 
6556 761 646 1670 1942 
6557 331 332 230 1726 
6558 1637 1786 1352 1972 
6559 1619 1455 1700 1921 
6560 903 1565 847 1970 
6561 695 1896 689 1936 
6562 1552 1783 1471 2059 
6563 1354 1751 1560 1906 
6564 471 427 505 2087 
6565 786 454 1682 1899 
6566 641 601 558 1913 
6567 895 335 55 198 
6568 751 701 750 2144 
6569 1456 1823 1663 2138 
6570 1406 1805 1699 2103 
6571 852 1653 851 1945 
6572 315 1550 340 2111 
6573 392 381 391 1653 
6574 326 223 356 1795 
6575 1393 1786 1758 1870 
6576 1601 1628 1429 2143 
6577 464 491 1594 2006 
6578 849 796 1718 2066 
6579 973 1034 1048 1573 
6580 959 964 1792 2004 
6581 228 230 332 2096 
6582 319 282 317 1960 
6583 581 133 713 1917 
6584 1403 1728 1527 2026 
6585 214 1800 333 1911 
6586 746 93 919 1016 
6587 1458 1971 1663 2001 
6588 1384 1810 1513 2009 
6589 980 95 766 927 
6590 371 324 249 1833 
6591 551 1587 596 2100 
6592 1392 1652 1873 1923 
6593 1528 1391 1818 2020 
6594 884 904 784 1816 
6595 539 541 542 1593 
6596 1647 1698 1422 1994 
6597 793 898 882 1563 
6598 1373 1598 1921 2110 
6599 1332 1678 1559 1957 
6600 1373 1848 1650 2132 
6601 1614 1398 1897 2074 
6602 217 218 216 1986 
6603 1370 1591 1691 1989 
6604 1653 1937 1411 2057 
6605 350 346 617 1973 
6606 527 556 1715 1935 
6607 479 1576 481 1978 
6608 1432 1849 1546 1946 
6609 983 999 1020 2010 
6610 1363 1561 1778 1834 
6611 1333 1820 1697 2117 
6612 571 1603 211 1863 
6613 254 251 342 1647 
6614 736 759 645 1550 
6615 1388 1547 1723 2117 
6616 1403 1812 1663 1823 
6617 1373 2004 1524 2110 
6618 825 810 824 1711 
6619 682 687 688 1734 
6620 570 1603 571 1863 
6621 1389 1540 1692 1850 
6622 1648 2063 1841 2077 
6623 1522 1802 1952 2091 
6624 1345 1531 1825 2146 
6625 539 1593 542 2073 
6626 1514 1718 2001 2034 
6627 1509 1561 2029 2128 
6628 717 681 745 2121 
6629 975 1049 977 2055 
6630 929 1008 1562 2094 
6631 1347 1895 1593 2033 
6632 312 339 314 1594 
6633 950 952 1675 1955 
6634 643 559 613 1736 
6635 1612 1757 1409 2137 
6636 1424 1669 1821 2064 
6637 1395 1987 1497 2119 
6638 829 883 913 1930 
6639 1326 1921 1619 2105 
6640 623 1609 1760 1932 
6641 1403 1823 1663 1971 
6642 925 2071 1515 2136 
6643 1653 1412 1937 2057 
6644 1565 1750 1458 1970 
6645 1029 1016 92 1670 
6646 1420 1772 1679 2102 
6647 697 690 741 1777 
6648 747 88 650 926 
6649 904 890 893 1816 
6650 197 365 352 1595 
6651 929 1562 618 2094 
6652 1623 1730 1402 2104 
6653 1681 1769 1435 1777 
6654 670 672 673 1580 
6655 1614 1795 1398 2074 
6656 677 1815 678 1847 
6657 403 400 470 1887 
6658 1489 1552 1982 1992 
6659 1433 2024 1547 2056 
6660 792 888 853 1732 
6661 730 734 686 1828 
6662 1418 1983 1526 2025 
6663 264 1539 263 2140 
6664 1373 1792 2004 2110 
6665 1679 2014 1420 2102 
6666 1668 1762 1453 1927 
6667 1617 1380 1882 1974 
6668 981 983 1020 2010 
6669 1548 1400 2023 2031 
6670 1342 1500 1952 1975 
6671 896 781 869 1977 
6672 940 939 1612 1997 
6673 1368 1646 1874 2134 
6674 853 852 854 1858 
6675 481 479 493 1576 
6676 1602 1731 1428 1746 
6677 618 1562 583 2094 
6678 702 731 688 1764 
6679 1416 1778 1561 1834 
6680 274 272 334 1578 
6681 1624 1807 439 2103 
6682 1327 1517 1929 2030 
6683 232 236 324 1833 
6684 399 1733 398 2027 
6685 1663 1823 1812 2138 
6686 1443 1721 1581 1787 
6687 1344 1823 1739 1837 
6688 716 1721 715 2047 
6689 1060 1025 1024 1732 
6690 999 1788 1020 2010 
6691 1777 1936 1472 2126 
6692 519 608 632 1606 
6693 1576 1741 1405 1978 
6694 579 1715 556 1935 
6695 1527 1864 1467 2032 
6696 1489 1982 1920 2142 
6697 1375 1930 1754 1984 
6698 134 718 655 588 
6699 242 335 341 1607 
6700 790 864 137 726 
6701 515 1709 565 2060 
6702 1532 1883 1441 2113 
6703 399 1871 1733 2027 
6704 994 996 995 1943 
6705 1604 1932 1492 2037 
6706 1324 1748 1883 1916 
6707 1404 1888 1522 2091 
6708 1557 1818 1737 2020 
6709 257 330 255 2042 
6710 763 41 297 340 
6711 429 1958 504 2013 
6712 816 879 802 2032 
6713 222 1560 1872 2074 
6714 871 1674 902 2052 
6715 359 206 309 2089 
6716 1501 1366 1781 2143 
6717 982 983 981 2010 
6718 1624 1696 1406 1805 
6719 697 1777 1769 2126 
6720 1376 2019 1575 2126 
6721 296 764 39 208 
6722 1388 1723 1697 2117 
6723 758 1575 696 2126 
6724 297 340 286 1804 
6725 229 1702 228 2096 
6726 613 549 543 1830 
6727 918 1033 1012 1942 
6728 526 386 125 524 
6729 791 389 116 391 
6730 306 202 789 1698 
6731 335 56 341 781 
6732 1429 1910 1859 2093 
6733 383 498 442 1805 
6734 834 914 782 1590 
6735 297 293 208 1804 
6736 1597 1696 1401 2077 
6737 658 87 747 1014 
6738 1708 1333 1962 2009 
6739 286 275 293 1804 
6740 975 977 976 1696 
6741 1424 1669 1604 1880 
6742 1656 1705 1362 1776 
6743 881 893 831 1651 
6744 1383 1898 1755 1940 
6745 439 443 1624 2103 
6746 1434 2003 1568 2127 
6747 1410 1616 1682 1996 
6748 878 831 894 1999 
6749 594 503 390 1621 
6750 865 879 863 2032 
6751 650 762 747 1591 
6752 814 813 811 1964 
6753 261 380 1832 1978 
6754 315 271 273 1784 
6755 1365 1791 1614 2115 
6756 1325 1523 1869 2086 
6757 542 545 596 2073 
6758 987 984 1047 2038 
6759 612 1079 522 2094 
6760 1918 1937 1412 2057 
6761 642 613 544 2037 
6762 936 1757 938 2137 
6763 616 566 627 1709 
6764 640 606 562 1932 
6765 1358 1859 1910 2093 
6766 1412 1653 1945 2057 
6767 429 1570 486 1958 
6768 437 497 506 1967 
6769 1621 1679 591 1973 
6770 128 661 659 525 
6771 794 796 143 660 
6772 403 404 402 1693 
6773 1044 1774 947 2112 
6774 257 256 1790 2042 
6775 1467 1924 1629 2002 
6776 575 556 576 2098 
6777 844 2131 1636 2139 
6778 33 519 203 364 
6779 1370 1691 1591 2144 
6780 600 644 643 1736 
6781 728 680 1815 2005 
6782 1583 1685 1415 2105 
6783 256 255 253 2042 
6784 1505 1905 1595 1912 
6785 1352 1870 1786 1993 
6786 1616 1996 1341 2039 
6787 1332 1559 1839 1957 
6788 244 337 372 1892 
6789 1345 2040 1531 2146 
6790 1539 1376 1907 2125 
6791 1376 2017 1564 2019 
6792 1397 1927 1516 2036 
6793 1856 2023 1400 2031 
6794 412 428 418 1628 
6795 261 380 484 1832 
6796 401 1992 1552 2027 
6797 248 1505 241 2060 
6798 511 599 626 1538 
6799 383 1699 441 2075 
6800 564 557 559 1687 
6801 1370 1989 1691 2097 
6802 969 971 972 1752 
6803 206 1576 479 1978 
6804 70 477 1028 387 
6805 675 676 741 1777 
6806 1370 1801 1547 2024 
6807 303 304 281 1729 
6808 1510 1867 1564 2017 
6809 1333 1962 1820 2117 
6810 278 282 280 1922 
6811 504 382 1772 1958 
6812 616 566 1709 2031 
6813 657 46 749 262 
6814 792 884 106 1024 
6815 1326 1685 1583 2105 
6816 1412 1930 1590 1945 
6817 1372 1669 2079 2082 
6818 1441 1883 1748 1916 
6819 466 415 1768 1967 
6820 1720 1864 1527 2032 
6821 1524 1434 2003 2004 
6822 1432 1946 1546 1964 
6823 704 757 705 2066 
6824 1533 1786 1637 2141 
6825 1725 2062 1470 2124 
6826 697 690 1777 2126 
6827 1370 1734 1691 2144 
6828 1683 1359 1775 2083 
6829 1522 1888 1404 2070 
6830 206 1576 309 2089 
6831 696 758 744 1575 
6832 1060 968 969 1571 
6833 1372 1710 1714 2079 
6834 132 581 713 647 
6835 903 780 847 1565 
6836 1391 1528 1818 1985 
6837 1431 2046 1641 2048 
6838 719 138 656 859 
6839 849 1718 1794 2034 
6840 778 723 777 1904 
6841 302 281 265 1928 
6842 124 516 446 386 
6843 115 791 381 851 
6844 787 756 141 651 
6845 272 334 1578 2058 
6846 519 1606 632 2107 
6847 301 1563 303 1928 
6848 935 1882 1617 2137 
6849 1403 1663 1812 2139 
6850 40 297 208 763 
6851 671 670 669 1831 
6852 418 1628 428 2006 
6853 1378 1844 1504 2043 
6854 561 2021 624 2054 
6855 677 728 680 1815 
6856 1663 1971 1823 2001 
6857 936 938 939 2137 
6858 502 1085 445 1690 
6859 1352 1573 1981 2055 
6860 1439 1913 1889 2012 
6861 1428 1846 1579 2084 
6862 1364 1762 1527 2026 
6863 294 311 1575 2111 
6864 1471 1878 1616 2039 
6865 1494 1829 1661 1904 
6866 721 1627 752 1968 
6867 608 598 632 1965 
6868 1607 1707 1383 1986 
6869 810 808 824 1711 
6870 773 927 1084 2090 
6871 1818 1879 1577 1985 
6872 363 1701 238 1911 
6873 1047 1012 987 1810 
6874 304 358 1729 1911 
6875 649 749 45 201 
6876 884 105 920 784 
6877 1463 1838 1810 2009 
6878 663 664 662 1890 
6879 787 1642 651 2066 
6880 1335 1626 1808 2128 
6881 655 713 133 1917 
6882 1565 1914 1437 1999 
6883 1598 1744 1440 2106 
6884 485 451 505 1672 
6885 289 203 1863 2078 
6886 1378 1853 1664 1995 
6887 1405 1832 1749 1978 
6888 838 800 879 1720 
6889 1327 1522 1802 2065 
6890 1540 1989 1038 2133 
6891 589 434 382 1772 
6892 249 324 241 1833 
6893 978 924 1041 1699 
6894 1710 1845 1492 1932 
6895 1352 1618 1761 1972 
6896 449 450 451 1600 
6897 1697 1820 1388 2117 
6898 1427 1633 1821 1953 
6899 336 53 213 785 
6900 1550 1896 759 2120 
6901 791 852 853 1653 
6902 1406 1699 1634 2103 
6903 1436 1714 1568 2127 
6904 229 231 232 1579 
6905 235 1731 354 1846 
6906 1722 1962 1333 2009 
6907 572 570 1863 2107 
6908 1349 1577 1879 1985 
6909 448 1925 1553 2092 
6910 754 650 1058 1691 
6911 953 1648 1072 2063 
6912 449 450 1600 2092 
6913 524 386 125 453 
6914 858 389 116 791 
6915 1763 1923 1542 2146 
6916 1463 1708 1838 2009 
6917 1399 1735 1638 1874 
6918 1624 1993 1401 2118 
6919 1594 1814 1366 2006 
6920 438 1807 1634 2103 
6921 54 895 198 889 
6922 918 760 90 754 
6923 744 696 1575 2120 
6924 1783 1405 1852 1966 
6925 622 569 570 2012 
6926 1368 1860 1646 2134 
6927 246 207 348 2060 
6928 1445 1864 1720 2032 
6929 1358 1685 1585 2051 
6930 563 597 599 1778 
6931 397 411 475 1871 
6932 389 858 502 1690 
6933 1414 1785 1662 2040 
6934 829 834 827 1754 
6935 869 895 837 1707 
6936 1597 1813 1049 2063 
6937 393 381 392 1945 
6938 796 704 660 1718 
6939 1373 1524 1881 2110 
6940 1534 1891 1451 2108 
6941 878 916 103 881 
6942 1330 1840 1641 2007 
6943 1624 1799 1696 1805 
6944 1356 1926 1532 2059 
6945 340 743 42 200 
6946 865 860 859 1961 
6947 588 583 618 1562 
6948 934 1051 937 1680 
6949 1372 2079 1714 2082 
6950 1653 1858 1412 1945 
6951 715 718 753 1562 
6952 1771 1862 1330 1963 
6953 1463 1838 1708 2097 
6954 774 757 651 2066 
6955 1058 1004 1033 2097 
6956 1422 1607 1994 2050 
6957 485 1672 427 2015 
6958 743 744 43 200 
6959 590 591 520 1772 
6960 1505 248 1912 2060 
6961 289 1863 290 2078 
6962 551 597 596 1587 
6963 254 321 253 1741 
6964 257 255 256 2042 
6965 600 581 1665 1917 
6966 1058 1691 1004 2097 
6967 466 1768 423 1967 
6968 318 351 317 1960 
6969 1648 1675 1407 2063 
6970 583 1562 1803 2094 
6971 973 1822 1573 2055 
6972 1434 1710 1609 2021 
6973 206 479 362 1978 
6974 1327 1802 1522 2091 
6975 881 784 893 1651 
6976 481 1878 492 1978 
6977 826 2034 1663 2138 
6978 1783 1852 1405 2039 
6979 891 782 113 467 
6980 486 377 122 602 
6981 436 503 212 1621 
6982 1508 1434 1881 2101 
6983 1050 949 953 2063 
6984 1609 1710 1372 1932 
6985 1348 1809 1723 1979 
6986 1485 1525 1768 2061 
6987 962 1855 1090 2123 
6988 755 775 724 1769 
6989 756 783 140 648 
6990 208 764 39 654 
6991 997 1038 1006 1850 
6992 207 523 614 1973 
6993 1623 1402 1730 2007 
6994 229 325 1876 1987 
6995 494 1077 63 383 
6996 689 673 675 2114 
6997 674 676 675 2114 
6998 93 919 653 746 
6999 494 383 441 2075 
7000 1564 1867 1365 2017 
7001 1391 1582 1737 2020 
7002 665 1890 663 2081 
7003 1388 1873 1652 1923 
7004 1497 1987 1833 2119 
7005 581 713 1665 1917 
7006 1598 1744 1337 1881 
7007 785 897 835 1701 
7008 1058 754 89 650 
7009 889 213 53 785 
7010 914 870 782 1945 
7011 1345 1825 1542 2146 
7012 1659 1708 1419 1838 
7013 828 911 871 1674 
7014 758 649 744 1907 
7015 1339 2113 1920 2141 
7016 1537 2104 1960 2145 
7017 881 1053 104 784 
7018 744 44 311 649 
7019 794 850 849 1718 
7020 945 942 2022 2112 
7021 1368 1638 1716 2072 
7022 554 538 605 1759 
7023 1337 1744 1598 2106 
7024 1569 1475 1869 2086 
7025 787 798 1642 2138 
7026 689 675 1936 2114 
7027 1662 1785 1414 1990 
7028 684 692 694 1969 
7029 242 1607 341 2050 
7030 285 323 353 1844 
7031 1629 2002 1394 2135 
7032 1413 2024 1831 2056 
7033 988 989 990 1838 
7034 1049 1056 977 1597 
7035 690 675 1777 1936 
7036 1349 1577 1765 1879 
7037 1781 1929 1501 2093 
7038 519 33 608 364 
7039 673 1580 672 2114 
7040 379 1030 68 1057 
7041 246 241 1505 2060 
7042 343 282 319 1747 
7043 1626 1808 1491 1959 
7044 1371 1789 1544 1901 
7045 728 686 680 2005 
7046 1386 1827 1771 1862 
7047 758 1907 1575 2126 
7048 763 208 40 654 
7049 329 1903 269 1939 
7050 343 284 282 1922 
7051 665 663 703 2081 
7052 1418 2041 1684 2065 
7053 1637 1956 1490 1972 
7054 1601 1781 1366 2143 
7055 294 329 269 1939 
7056 787 1642 2066 2138 
7057 249 352 343 1912 
7058 1031 1032 1030 1584 
7059 980 981 1017 1919 
7060 1005 1006 1007 1850 
7061 2003 2004 1434 2054 
7062 1752 1822 1406 2068 
7063 427 420 426 2118 
7064 207 350 523 1973 
7065 1564 1903 1376 2019 
7066 617 1621 591 1973 
7067 1766 1947 1418 2113 
7068 1563 1924 1629 2130 
7069 1823 1837 1344 1971 
7070 882 205 51 360 
7071 502 858 905 1690 
7072 945 1521 1044 2112 
7073 989 991 1838 2097 
7074 520 434 589 1772 
7075 527 579 556 1935 
7076 488 426 476 1584 
7077 209 300 299 1627 
7078 839 840 892 1682 
7079 1681 1777 1435 1879 
7080 1688 1859 1358 1954 
7081 1362 1687 1736 2129 
7082 846 845 826 2034 
7083 525 571 570 1603 
7084 1820 1923 1388 2117 
7085 1529 1877 1404 1885 
7086 1332 1678 1631 2000 
7087 258 259 257 1790 
7088 1368 1638 1735 1874 
7089 279 288 1900 2078 
7090 823 817 833 1666 
7091 755 1769 724 2125 
7092 35 361 630 211 
7093 1346 1877 1529 1885 
7094 138 790 656 859 
7095 1824 1983 1526 2065 
7096 1616 1469 1682 1996 
7097 762 1691 700 2144 
7098 55 335 895 781 
7099 590 1772 1958 2102 
7100 209 366 300 1627 
7101 989 1033 991 2097 
7102 695 738 689 1896 
7103 1370 1659 1989 2097 
7104 219 218 220 1897 
7105 1335 1808 1626 1959 
7106 1514 2001 1794 2034 
7107 986 1039 1001 1811 
7108 690 675 741 1777 
7109 444 1690 445 2075 
7110 1346 1730 1623 2104 
7111 261 260 362 1978 
7112 826 797 2034 2138 
7113 1335 1834 1626 2128 
7114 1386 1863 1913 2107 
7115 888 928 1085 1690 
7116 1332 1631 1678 1957 
7117 287 1606 203 2078 
7118 1335 1938 1717 2016 
7119 1725 1885 1470 2062 
7120 1422 1994 1698 2050 
7121 496 449 452 1925 
7122 776 734 768 1740 
7123 1376 1903 1575 2019 
7124 232 229 1579 1987 
7125 1402 1537 2069 2076 
7126 1018 1794 850 2090 
7127 1363 1595 1905 1912 
7128 950 952 949 1675 
7129 612 81 1082 514 
7130 1414 2040 1662 2146 
7131 223 222 224 2074 
7132 1016 746 92 1670 
7133 668 669 670 1667 
7134 641 1913 570 2107 
7135 318 317 277 1854 
7136 1330 1623 1840 2007 
7137 997 998 996 1610 
7138 399 472 411 1871 
7139 1623 1402 2076 2104 
7140 1029 92 646 1670 
7141 826 1663 799 2138 
7142 206 321 309 1576 
7143 469 419 470 1887 
7144 586 642 640 2037 
7145 1073 979 976 1799 
7146 590 1958 595 2102 
7147 505 507 409 2087 
7148 386 1935 447 2092 
7149 319 371 343 1747 
7150 1456 2034 1718 2066 
7151 1349 1797 1577 1985 
7152 787 798 872 1642 
7153 779 1661 1969 2116 
7154 661 128 569 525 
7155 704 143 796 660 
7156 377 486 429 1570 
7157 693 692 685 1567 
7158 1610 1692 1540 1850 
7159 1373 1650 1598 2132 
7160 703 663 735 1620 
7161 1587 1895 1416 2073 
7162 1026 1690 1025 2075 
7163 1438 1784 1578 2058 
7164 704 705 1718 2066 
7165 1636 2131 1403 2139 
7166 1501 1746 1684 2030 
7167 295 296 208 1793 
7168 1045 940 943 1950 
7169 1370 1558 1801 2024 
7170 1465 1712 1673 1909 
7171 1883 2025 1418 2113 
7172 1638 1735 1399 1938 
7173 700 754 702 1691 
7174 1047 1016 1670 2038 
7175 1053 933 960 1651 
7176 921 81 1082 612 
7177 1626 1834 1416 2128 
7178 1895 2033 1416 2073 
7179 227 373 1844 1876 
7180 588 655 134 521 
7181 726 137 790 656 
7182 697 1769 755 2126 
7183 524 579 526 1935 
7184 682 672 671 1865 
7185 107 928 792 1024 
7186 262 657 47 209 
7187 445 1085 1026 1690 
7188 1532 1418 2025 2113 
7189 563 599 553 1778 
7190 206 359 15 479 
7191 941 1798 1074 2022 
7192 1626 2033 1808 2128 
7193 699 774 1642 1969 
7194 1661 1382 1969 2116 
7195 439 1807 438 2103 
7196 805 807 806 1704 
7197 1691 1734 700 2144 
7198 1705 1821 1427 1941 
7199 1652 1923 1820 2117 
7200 1085 502 905 1690 
7201 779 1661 694 1969 
7202 1006 1850 1038 2133 
7203 1403 2131 1663 2139 
7204 314 313 312 1594 
7205 1364 1704 2000 2085 
7206 112 891 378 1899 
7207 1548 1843 1444 2023 
7208 658 1063 86 1014 
7209 479 481 492 1978 
7210 1464 1848 1715 2098 
7211 21 204 339 473 
7212 962 1671 963 2109 
7213 443 442 1805 2103 
7214 722 1819 721 1968 
7215 1634 1411 1937 2057 
7216 482 1835 456 2089 
7217 1532 2025 1883 2113 
7218 547 553 552 1561 
7219 385 455 456 1682 
7220 1404 1716 1638 1959 
7221 1020 1021 1019 1788 
7222 466 415 423 1768 
7223 1652 1388 1923 2117 
7224 690 696 2120 2126 
7225 1627 1394 1819 2130 
7226 519 572 1863 2107 
7227 1389 1540 1850 2133 
7228 235 354 337 1846 
7229 489 443 375 1799 
7230 529 530 528 1775 
7231 833 869 1666 1977 
7232 1593 2033 1895 2073 
7233 465 447 446 2099 
7234 1421 1593 1727 2033 
7235 1070 966 2003 2054 
7236 454 455 1682 1899 
7237 399 398 400 2027 
7238 847 780 848 1565 
7239 231 229 228 2096 
7240 1066 1065 510 1644 
7241 1420 1958 1570 2013 
7242 350 617 523 1973 
7243 485 499 452 2015 
7244 581 521 133 1917 
7245 1327 2030 1929 2041 
7246 836 822 835 1673 
7247 965 1067 925 2071 
7248 1572 1440 2072 2106 
7249 955 1671 962 2123 
7250 56 880 341 781 
7251 1684 1746 1428 2030 
7252 624 2054 2021 2101 
7253 902 1698 789 2050 
7254 1379 1842 1596 2119 
7255 1383 1707 1607 1977 
7256 1376 1575 1907 2126 
7257 1352 1573 1761 1981 
7258 266 265 267 2140 
7259 1387 1761 1618 1972 
7260 202 1698 342 2050 
7261 301 205 303 1563 
7262 1364 1728 1704 2085 
7263 1085 905 888 1690 
7264 1327 1684 2030 2041 
7265 433 460 378 1899 
7266 912 855 913 1605 
7267 946 1050 948 1813 
7268 1709 1944 1505 2060 
7269 560 555 554 1845 
7270 572 641 570 2107 
7271 1682 1899 1410 2011 
7272 234 231 235 1846 
7273 1328 1737 1779 1853 
7274 1416 1834 1561 2128 
7275 751 2047 1591 2144 
7276 393 394 1918 2057 
7277 1845 1932 1710 2021 
7278 374 356 283 1614 
7279 887 1627 861 2130 
7280 691 711 733 1889 
7281 1393 1870 1758 1991 
7282 1786 1920 1441 2141 
7283 1056 1597 1049 2063 
7284 1612 1409 1997 2137 
7285 693 734 776 1740 
7286 1514 1794 1718 2034 
7287 41 763 645 340 
7288 1088 2109 922 2122 
7289 1391 1818 1577 1985 
7290 1420 1843 1548 2014 
7291 924 63 1077 383 
7292 1405 1741 1576 2039 
7293 784 904 893 1816 
7294 380 362 479 1978 
7295 421 1634 438 2057 
7296 752 726 771 1627 
7297 912 913 883 1605 
7298 16 362 206 479 
7299 645 743 42 340 
7300 980 766 94 653 
7301 900 306 58 789 
7302 392 1653 444 2057 
7303 906 864 887 1627 
7304 1342 1952 1886 1975 
7305 984 2010 983 2038 
7306 1369 1774 1675 1955 
7307 1417 1936 1777 2114 
7308 702 688 700 1734 
7309 1390 1840 1641 1979 
7310 319 233 371 1960 
7311 580 1064 1068 2071 
7312 912 1605 883 1964 
7313 410 414 415 1954 
7314 1903 1939 1575 2019 
7315 1368 1782 1572 2072 
7316 504 1768 422 2013 
7317 590 1772 589 1958 
7318 1505 1912 1595 2060 
7319 1066 964 1644 2136 
7320 1762 1829 1336 1864 
7321 1439 1890 1586 1963 
7322 747 1591 751 2047 
7323 1369 1921 1598 2110 
7324 950 954 952 1955 
7325 612 634 514 1760 
7326 706 766 95 927 
7327 1491 1959 1716 2062 
7328 719 720 727 1961 
7329 1056 977 1597 2077 
7330 473 339 20 376 
7331 660 1718 706 2090 
7332 1406 1624 1805 2103 
7333 749 767 657 1968 
7334 132 581 647 512 
7335 851 852 791 1653 
7336 697 755 758 2126 
7337 1398 1795 1614 2115 
7338 228 229 226 1702 
7339 1460 1886 1952 1975 
7340 935 1046 1882 2137 
7341 761 731 646 1942 
7342 235 1846 231 2096 
7343 1714 1873 1392 2082 
7344 955 958 962 1671 
7345 1405 1852 1741 2039 
7346 960 968 1059 1974 
7347 968 961 969 1974 
7348 1537 1377 1922 2076 
7349 582 1803 583 1917 
7350 215 214 198 1707 
7351 346 26 350 617 
7352 733 740 659 1603 
7353 414 410 408 1954 
7354 783 1961 648 2116 
7355 1510 1756 1689 2017 
7356 869 781 895 1707 
7357 747 765 658 1894 
7358 1352 1761 1618 1981 
7359 821 866 815 1875 
7360 271 270 272 2058 
7361 1769 1907 1376 2125 
7362 1340 1753 1676 1891 
7363 1429 1910 1766 2142 
7364 1662 1763 1452 1990 
7365 1513 1962 1722 2009 
7366 304 358 305 1729 
7367 666 664 665 1890 
7368 120 382 589 434 
7369 786 111 839 454 
7370 698 1764 729 2005 
7371 350 357 346 1973 
7372 910 890 856 1767 
7373 1507 2035 1689 2036 
7374 1325 1655 1695 1976 
7375 212 369 346 1621 
7376 860 862 861 2130 
7377 1766 2113 1982 2142 
7378 1395 1842 1877 2091 
7379 1474 1822 1752 2068 
7380 1372 1760 1609 1932 
7381 766 653 980 1919 
7382 1364 1704 1728 1868 
7383 1476 2085 1948 2095 
7384 1537 2076 1402 2104 
7385 1575 1903 1376 1907 
7386 971 1041 972 1752 
7387 1348 1979 1723 2020 
7388 1590 1930 1412 1984 
7389 762 751 1591 2144 
7390 1689 2035 1365 2036 
7391 737 682 698 1865 
7392 755 1907 1769 2125 
7393 1783 1926 1471 2059 
7394 539 603 1727 2073 
7395 466 497 463 1967 
7396 91 918 1029 1942 
7397 612 921 82 1079 
7398 360 51 882 793 
7399 591 1679 628 1973 
7400 238 214 333 1911 
7401 809 812 873 2080 
7402 1717 2016 1509 2029 
7403 817 807 873 2080 
7404 1078 899 850 1794 
7405 515 348 28 614 
7406 376 339 20 312 
7407 1642 1969 1382 2116 
7408 259 338 331 1602 
7409 64 383 1080 498 
7410 683 666 668 2053 
7411 1423 1790 1852 2042 
7412 1501 2030 1684 2041 
7413 307 1835 308 2089 
7414 590 1679 1772 2102 
7415 1877 2091 1842 2119 
7416 721 1819 1627 1968 
7417 1390 1979 1582 2124 
7418 798 800 1812 2138 
7419 1348 1723 1809 2056 
7420 799 1663 843 2139 
7421 521 655 133 1917 
7422 226 229 325 1876 
7423 215 198 335 1707 
7424 425 420 419 2118 
7425 671 742 687 1831 
7426 509 1570 429 2013 
7427 1505 1595 1905 2060 
7428 1365 1806 1564 2017 
7429 1708 1838 1659 2097 
7430 440 438 1634 2103 
7431 518 2071 925 2136 
7432 1640 2046 1431 2053 
7433 561 623 562 1932 
7434 1668 1762 1364 2026 
7435 390 436 435 1621 
7436 726 752 721 1627 
7437 462 1814 491 2006 
7438 861 887 864 1627 
7439 512 644 600 1665 
7440 800 799 801 1812 
7441 536 552 607 1856 
7442 1339 1766 1910 2142 
7443 773 706 927 2090 
7444 1050 1049 1813 2063 
7445 555 1845 560 2021 
7446 1786 1972 1637 2141 
7447 940 1045 939 1997 
7448 445 444 389 1690 
7449 1508 2067 1649 2132 
7450 1000 1037 1035 1796 
7451 359 388 15 479 
7452 1571 1380 1816 1974 
7453 966 2004 2003 2054 
7454 583 1803 631 2094 
7455 429 1570 1958 2013 
7456 1455 1955 1792 2110 
7457 111 385 839 454 
7458 520 120 589 434 
7459 322 1574 285 2058 
7460 197 619 625 1595 
7461 1511 2046 1640 2053 
7462 243 242 250 1994 
7463 1030 68 476 379 
7464 962 958 963 1671 
7465 676 677 678 1847 
7466 590 589 595 1958 
7467 834 829 914 1930 
7468 566 565 627 1709 
7469 983 2010 982 2038 
7470 324 236 241 1833 
7471 880 781 896 1607 
7472 1764 1817 1463 2009 
7473 789 306 58 202 
7474 919 980 94 653 
7475 607 552 566 2031 
7476 792 901 884 1732 
7477 937 1051 1076 1680 
7478 1410 1996 1682 2011 
7479 991 993 992 1659 
7480 643 644 559 1736 
7481 799 1812 800 2138 
7482 1025 1026 928 1690 
7483 112 378 454 1899 
7484 250 342 251 1994 
7485 550 1635 601 2100 
7486 1509 2029 2016 2128 
7487 765 747 751 2047 
7488 270 271 269 1939 
7489 1575 2019 1472 2126 
7490 1604 1424 1880 2028 
7491 1335 2016 2029 2128 
7492 119 520 594 390 
7493 459 110 385 795 
7494 1634 1807 1487 1991 
7495 204 21 384 473 
7496 752 47 657 209 
7497 888 107 928 792 
7498 518 629 925 2071 
7499 1424 2028 1604 2037 
7500 1368 1874 1735 2134 
7501 261 1832 260 1978 
7502 789 202 57 2050 
7503 1576 1878 1405 2039 
7504 383 924 64 1080 
7505 1489 1982 1552 2059 
7506 993 1659 991 2097 
7507 755 769 1907 2125 
7508 775 697 741 1769 
7509 1044 947 944 2112 
7510 202 342 250 2050 
7511 391 444 392 1653 
7512 562 1932 555 2021 
7513 732 647 713 1665 
7514 1337 1598 1785 2106 
7515 746 646 92 1670 
7516 1579 1846 1428 2096 
7517 1592 1377 1827 2076 
7518 578 2054 624 2101 
7519 1472 1933 1681 2019 
7520 591 617 594 1621 
7521 1489 1552 2027 2059 
7522 252 243 251 1994 
7523 429 509 377 1570 
7524 476 474 67 1030 
7525 362 16 380 479 
7526 1929 2030 1501 2041 
7527 954 957 955 1792 
7528 449 1600 1925 2092 
7529 363 238 304 1911 
7530 403 405 404 1693 
7531 509 465 377 2099 
7532 307 210 308 1835 
7533 1395 1877 1842 2119 
7534 753 1063 86 658 
7535 1641 1840 1390 2007 
7536 1406 1981 1870 2068 
7537 1741 1486 1852 2042 
7538 1379 1842 1579 2084 
7539 310 384 22 495 
7540 779 778 694 1661 
7541 1386 1592 1900 2078 
7542 235 338 354 1731 
7543 798 799 800 2138 
7544 839 892 786 1682 
7545 1573 1822 1474 1981 
7546 246 1505 1944 2060 
7547 705 706 660 1718 
7548 1609 1760 1372 1980 
7549 1406 1822 1981 2068 
7550 1810 1838 1513 2009 
7551 919 980 653 1919 
7552 1523 1569 1869 2086 
7553 1548 1420 2014 2102 
7554 1337 1713 1990 2079 
7555 1335 1808 2016 2128 
7556 1663 1812 799 2138 
7557 729 1828 686 2005 
7558 533 532 531 1743 
7559 1348 2048 1667 2056 
7560 845 788 847 1970 
7561 1414 1763 1662 1990 
7562 580 576 579 2071 
7563 393 392 394 2057 
7564 1390 1730 1664 2007 
7565 823 833 869 1666 
7566 662 1889 661 2012 
7567 789 1698 202 2050 
7568 1453 1739 1837 2086 
7569 747 762 751 1591 
7570 699 774 651 1642 
7571 562 561 1932 2021 
7572 1046 939 1034 1997 
7573 917 67 474 1030 
7574 834 786 909 1899 
7575 695 690 696 2120 
7576 1948 2085 1461 2095 
7577 1409 1617 1882 2137 
7578 796 704 1718 2066 
7579 424 422 414 2013 
7580 1462 1779 1737 1853 
7581 948 1050 1049 1813 
7582 1662 1763 1414 2146 
7583 1068 1064 1075 2071 
7584 993 1989 1659 2097 
7585 289 203 361 1863 
7586 797 826 799 2138 
7587 1405 1878 1576 1978 
7588 1691 1989 1004 2097 
7589 744 743 696 2120 
7590 517 622 639 2012 
7591 960 935 961 1974 
7592 840 795 841 1835 
7593 767 722 721 1968 
7594 1464 1649 1848 2098 
7595 1537 1960 1747 2145 
7596 1429 1766 1910 2093 
7597 1047 982 1016 2038 
7598 609 561 624 2054 
7599 1601 1429 2093 2143 
7600 382 589 1772 1958 
7601 1543 1401 1993 2118 
7602 240 244 245 1694 
7603 239 246 241 1944 
7604 786 891 112 1899 
7605 1747 1960 1497 2145 
7606 515 565 619 2060 
7607 287 291 203 1606 
7608 1373 1598 1881 2132 
7609 1601 2093 1781 2143 
7610 1579 1836 1379 2084 
7611 899 850 98 1078 
7612 628 591 592 1679 
7613 614 207 27 523 
7614 843 1663 826 2131 
7615 636 594 617 1621 
7616 716 714 715 1721 
7617 1029 1670 646 1942 
7618 1365 2035 1791 2036 
7619 1327 1596 1842 2091 
7620 1634 1487 1937 1991 
7621 1072 953 1055 1648 
7622 939 1997 1046 2137 
7623 819 815 813 1703 
7624 91 1029 646 1942 
7625 699 1642 756 2116 
7626 522 1079 83 929 
7627 1390 1840 1979 2124 
7628 1373 1881 1598 2110 
7629 354 314 372 1892 
7630 585 586 584 2028 
7631 1032 1855 1062 2122 
7632 1766 1982 1429 2142 
7633 580 1068 629 2071 
7634 220 221 222 2074 
7635 665 1615 1890 2081 
7636 1323 1725 2062 2070 
7637 119 520 390 434 
7638 110 385 795 839 
7639 1908 2010 1611 2038 
7640 1429 1859 1601 2093 
7641 722 725 724 2125 
7642 1662 1923 1763 2146 
7643 838 879 865 1720 
7644 680 678 677 1815 
7645 1376 1907 1769 2126 
7646 1735 1874 1482 2134 
7647 545 551 596 2100 
7648 657 721 752 1968 
7649 1339 1920 1786 2141 
7650 1611 1908 1498 2010 
7651 486 513 121 1958 
7652 603 537 539 1727 
7653 984 983 982 2038 
7654 1333 1708 1817 2009 
7655 633 1644 577 2136 
7656 1389 1894 1591 2133 
7657 431 417 430 1749 
7658 354 338 313 1731 
7659 496 387 448 1925 
7660 1079 82 612 522 
7661 498 1080 979 1805 
7662 19 376 312 490 
7663 1090 1032 1072 1855 
7664 1597 2063 1056 2077 
7665 619 567 625 1595 
7666 578 1644 2054 2101 
7667 908 367 210 1835 
7668 1601 2006 1628 2143 
7669 611 623 561 1609 
7670 578 510 624 2054 
7671 1370 1558 2024 2144 
7672 350 27 207 523 
7673 421 438 394 2057 
7674 1338 1843 1585 2061 
7675 950 1774 951 1955 
7676 1330 1771 1827 1862 
7677 342 202 306 1698 
7678 793 887 861 2130 
7679 1641 1348 1979 2048 
7680 1017 1794 1018 2090 
7681 1079 929 522 2094 
7682 1662 1785 1436 2040 
7683 387 1028 71 930 
7684 1744 1881 1598 2132 
7685 352 248 1595 1912 
7686 1340 1849 1891 2108 
7687 1015 1004 1058 1691 
7688 388 456 493 2089 
7689 1574 1438 1995 2058 
7690 245 310 357 1861 
7691 1663 1823 1456 2001 
7692 334 318 277 1854 
7693 700 687 701 2144 
7694 850 1018 1078 1794 
7695 827 819 829 1754 
7696 329 264 266 1903 
7697 1066 964 1065 1644 
7698 1627 1819 1394 1968 
7699 1651 1816 1380 1974 
7700 1040 941 1074 2022 
7701 716 715 765 2047 
7702 1042 950 951 1955 
7703 440 438 421 1634 
7704 699 651 756 1642 
7705 240 245 247 1694 
7706 620 640 562 1932 
7707 485 505 427 1672 
7708 935 1046 961 1882 
7709 536 607 534 1856 
7710 596 563 603 2073 
7711 1398 1886 1795 2115 
7712 1434 2004 1644 2054 
7713 773 660 706 2090 
7714 360 300 50 793 
7715 1575 2120 696 2126 
7716 942 1950 940 2022 
7717 341 57 202 2050 
7718 1427 1979 1840 2124 
7719 1663 2034 1456 2138 
7720 1474 1981 1822 2068 
7721 1452 1990 1713 2079 
7722 454 460 455 1899 
7723 374 326 356 1614 
7724 1414 1990 1785 2106 
7725 294 1575 1939 2111 
7726 942 1950 2022 2112 
7727 606 540 555 1845 
7728 1006 1005 997 1850 
7729 312 199 19 490 
7730 216 219 333 1800 
7731 439 469 413 1807 
7732 762 650 700 1691 
7733 571 35 630 211 
7734 1327 1684 2041 2065 
7735 991 1659 1838 2097 
7736 853 888 858 1690 
7737 1052 992 995 1943 
7738 287 203 289 2078 
7739 483 387 71 930 
7740 521 582 583 1917 
7741 434 435 487 1772 
7742 700 1734 687 2144 
7743 828 820 827 2011 
7744 822 836 877 1673 
7745 289 211 290 1863 
7746 354 372 337 1892 
7747 523 350 26 617 
7748 1524 1792 1955 2110 
7749 799 826 843 1663 
7750 600 582 581 1917 
7751 214 216 333 1800 
7752 1433 1831 2024 2056 
7753 522 631 612 2094 
7754 1056 953 1072 2063 
7755 100 1054 903 1970 
7756 14 359 308 2089 
7757 381 467 114 1945 
7758 577 633 510 1644 
7759 592 1679 590 2102 
7760 1416 2033 1727 2073 
7761 1068 580 74 1064 
7762 267 283 268 1867 
7763 266 1903 264 2140 
7764 323 223 224 1795 
7765 454 786 112 1899 
7766 614 523 628 1973 
7767 1339 1947 1766 2113 
7768 623 514 634 1760 
7769 294 1939 271 2111 
7770 440 439 438 2103 
7771 1029 1047 1016 1670 
7772 578 1644 510 2054 
7773 975 1048 1049 2055 
7774 204 384 22 310 
7775 100 903 788 1970 
7776 852 851 870 1945 
7777 1490 1637 1972 2141 
7778 572 630 519 1863 
7779 1591 2047 1558 2144 
7780 1822 1981 1573 2055 
7781 467 782 114 1945 
7782 466 423 506 1967 
7783 733 661 662 1889 
7784 993 1004 1989 2097 
7785 2021 2054 1434 2101 
7786 1718 1794 1514 2090 
7787 1662 1345 1923 2146 
7788 14 388 359 2089 
7789 1584 2015 1855 2122 
7790 1335 2016 1717 2029 
7791 1339 1947 2113 2141 
7792 527 516 526 1935 
7793 1055 952 955 2123 
7794 1068 925 629 2071 
7795 1442 1832 1749 1966 
7796 472 399 401 2027 
7797 258 257 256 1790 
7798 1708 1463 1817 2009 
7799 432 430 418 1749 
7800 91 760 918 1942 
7801 375 443 442 1805 
7802 1403 1837 1608 2026 
7803 902 789 880 2050 
7804 1493 2010 1908 2038 
7805 80 1082 514 1010 
7806 1407 1813 1597 2063 
7807 302 301 303 1928 
7808 294 271 315 2111 
7809 294 200 311 2111 
7810 200 315 340 2111 
7811 1407 1597 1841 2063 
7812 522 618 583 2094 
7813 522 929 618 2094 
7814 1710 1932 1609 2021 
7815 456 482 459 1835 
7816 320 279 288 1900 
7817 1632 1888 1522 2070 
7818 1403 1837 1823 1971 
7819 590 592 591 1679 
7820 1048 975 973 2055 
7821 1352 1618 1870 1981 
7822 880 789 57 2050 
7823 1406 1870 1991 2068 
7824 499 2015 379 2122 
7825 14 308 482 2089 
7826 1420 1958 1772 2102 
7827 1737 1818 1391 2020 
7828 929 83 522 618 
7829 1413 1667 2048 2056 
7830 350 207 247 1973 
7831 908 459 501 1835 
7832 348 207 28 614 
7833 212 346 357 1621 
7834 1395 1802 1842 2091 
7835 538 535 605 1759 
7836 957 954 959 1792 
7837 513 589 121 1958 
7838 1402 2069 1592 2076 
7839 1593 1727 2033 2073 
7840 849 1794 846 2034 
7841 750 716 751 2047 
7842 792 853 901 1732 
7843 380 261 17 362 
7844 803 801 818 2139 
7845 250 242 341 2050 
7846 74 629 580 1068 
7847 1344 1823 1971 2001 
7848 1407 1841 1648 2063 
7849 1386 1606 2078 2107 
7850 850 1018 98 1078 
7851 1401 1841 1597 2077 
7852 225 226 224 1872 
7853 300 887 50 793 
7854 1749 1832 1405 1966 
7855 1626 1416 2033 2128 
7856 100 788 923 1970 
7857 380 492 430 1978 
7858 1337 1785 1990 2106 
7859 388 14 482 2089 
7860 100 923 1054 1970 
7861 619 625 30 197 
7862 1019 1018 1017 1794 
7863 498 979 375 1805 
7864 1809 1979 1348 2048 
7865 341 880 57 2050 
7866 730 729 761 1828 
7867 716 717 714 1721 
7868 891 786 834 1899 
7869 570 571 572 1863 
7870 979 1799 375 1805 
7871 419 403 470 1887 
7872 1393 1786 1870 1993 
7873 232 234 236 1836 
7874 1405 1832 1790 1966 
7875 353 227 373 1844 
7876 801 799 843 2139 
7877 921 1007 1079 2094 
7878 1441 1972 1786 2141 
7879 841 908 210 1835 
7880 936 937 938 1757 
7881 1088 1028 922 2109 
7882 283 305 374 1867 
7883 929 1007 1008 2094 
7884 485 427 488 2015 
7885 423 422 504 1768 
7886 832 890 910 1767 
7887 683 739 738 2053 
7888 962 963 1088 2109 
7889 217 215 242 1986 
7890 987 1012 989 1810 
7891 1336 2002 1864 2135 
7892 966 1644 2004 2054 
7893 629 75 518 925 
7894 1327 1874 1646 2041 
7895 288 289 290 2078 
7896 876 814 811 1946 
7897 1456 2066 1642 2138 
7898 787 2066 797 2138 
7899 844 818 843 2139 
7900 1830 2037 1424 2064 
7901 907 1084 97 1018 
7902 449 1925 448 2092 
7903 1667 1413 1831 2056 
7904 519 632 572 2107 
7905 1595 1912 248 2060 
7906 62 1077 494 2075 
7907 1501 1781 2093 2143 
7908 475 411 458 1931 
7909 249 241 248 1912 
7910 900 789 842 1698 
7911 849 796 794 1718 
7912 197 347 619 1595 
7913 1085 445 61 502 
7914 1745 1948 1461 2095 
7915 850 846 849 1794 
7916 758 755 769 1907 
7917 326 1897 220 2074 
7918 253 321 256 1741 
7919 1508 1881 1744 2132 
7920 1327 1929 1874 2041 
7921 927 980 1017 2090 
7922 581 512 600 1665 
7923 367 501 482 1835 
7924 1345 1662 2040 2146 
7925 206 362 260 1978 
7926 445 1690 1026 2075 
7927 1460 1975 1952 2043 
7928 611 80 514 1010 
7929 523 617 591 1973 
7930 390 503 436 1621 
7931 1418 1646 2041 2065 
7932 1844 1876 1504 2043 
7933 460 475 458 1931 
7934 1090 1062 1032 1855 
7935 577 510 578 1644 
7936 1425 2022 1950 2112 
7937 233 232 324 1987 
7938 1404 1716 1959 2062 
7939 322 285 270 2058 
7940 484 261 17 380 
7941 820 871 821 2052 
7942 1456 1663 2001 2034 
7943 1591 1894 1389 2047 
7944 395 394 396 1918 
7945 91 646 760 1942 
7946 844 843 2131 2139 
7947 624 2021 560 2101 
7948 1863 2078 1606 2107 
7949 928 1026 1085 1690 
7950 731 702 760 1942 
7951 1040 945 942 2022 
7952 482 308 367 1835 
7953 926 1014 1013 1894 
7954 978 976 979 1805 
7955 809 807 808 2080 
7956 1386 2078 1863 2107 
7957 381 114 851 1945 
7958 1061 1083 1070 2003 
7959 382 486 121 1958 
7960 844 845 847 2131 
7961 31 511 292 197 
7962 1418 1883 1983 2025 
7963 448 386 447 2092 
7964 729 730 686 1828 
7965 445 389 502 1690 
7966 482 456 388 2089 
7967 550 545 549 2100 
7968 477 69 922 2122 
7969 511 31 625 197 
7970 1074 1092 1001 1811 
7971 219 326 358 1897 
7972 619 1595 347 2060 
7973 539 542 603 2073 
7974 979 66 375 1799 
7975 454 455 385 1682 
7976 728 698 729 2005 
7977 353 323 227 1844 
7978 392 444 421 2057 
7979 440 383 442 2103 
7980 498 1080 65 979 
7981 1505 1905 1709 2060 
7982 1327 1842 1802 2091 
7983 279 287 288 2078 
7984 681 750 742 2121 
7985 782 851 114 1945 
7986 510 1644 1065 2054 
7987 1020 999 1021 1788 
7988 1843 2014 1420 2061 
7989 1413 2048 1809 2056 
7990 439 413 438 1807 
7991 1026 1025 1027 2075 
7992 441 444 445 2075 
7993 370 204 310 1861 
7994 18 199 261 484 
7995 363 336 238 1701 
7996 462 416 463 1814 
7997 308 1835 482 2089 
7998 459 908 795 1835 
7999 236 234 237 1836 
8000 919 981 980 1919 
8001 611 915 79 1010 
8002 971 973 974 1822 
8003 62 1026 1077 2075 
8004 759 1896 695 2120 
8005 642 585 643 2028 
8006 966 1644 964 2004 
8007 787 797 798 2138 
8008 477 379 69 2122 
8009 382 121 589 1958 
8010 695 689 690 1936 
8011 942 940 941 2022 
8012 18 199 484 490 
8013 794 773 144 907 
8014 886 885 836 1924 
8015 224 222 225 1872 
8016 1548 2014 1679 2102 
8017 750 681 717 2121 
8018 629 518 576 2071 
8019 941 938 1043 1798 
8020 655 714 713 1917 
8021 1834 2029 1561 2128 
8022 445 1085 61 1026 
8023 261 258 260 1832 
8024 518 577 575 2136 
8025 474 375 66 1799 
8026 1386 1913 1635 2107 
8027 418 428 464 2006 
8028 304 305 281 1729 
8029 75 629 1068 925 
8030 1032 1062 1057 2122 
8031 885 863 816 2032 
8032 264 263 265 2140 
8033 888 905 858 1690 
8034 323 356 223 1795 
8035 1018 97 907 850 
8036 630 361 34 519 
8037 1027 1041 924 1699 
8038 494 445 62 2075 
8039 284 291 280 1922 
8040 1472 2120 1575 2126 
8041 626 598 608 1965 
8042 1597 1841 2063 2077 
8043 499 488 379 2015 
8044 623 620 562 1932 
8045 732 745 703 2081 
8046 1370 2024 1734 2144 
8047 1874 1929 1482 2041 
8048 583 631 522 2094 
8049 477 499 379 2122 
8050 239 240 349 1944 
8051 1012 1029 918 1942 
8052 448 449 496 1925 
8053 874 848 830 1914 
8054 1338 2014 1843 2061 
8055 609 915 79 611 
8056 583 582 584 1803 
8057 429 382 504 1958 
8058 994 995 992 1943 
8059 379 1057 69 2122 
8060 304 333 358 1911 
8061 979 917 66 1799 
8062 544 606 640 2037 
8063 290 296 295 1793 
8064 439 442 443 2103 
8065 234 235 337 1846 
8066 993 991 1004 2097 
8067 1327 2041 1646 2065 
8068 1002 1000 998 1980 
8069 777 748 778 1904 
8070 491 462 463 1814 
8071 367 908 501 1835 
8072 679 676 678 1847 
8073 381 393 467 1945 
8074 1952 1975 1500 2043 
8075 1038 1989 1011 2133 
8076 721 722 720 1819 
8077 993 1011 1038 1989 
8078 281 302 303 1928 
8079 1460 1876 1844 2043 
8080 375 498 65 979 
8081 29 347 348 515 
8082 246 248 241 2060 
8083 648 1961 727 2116 
8084 748 777 679 1904 
8085 1334 1937 1991 2068 
8086 845 843 826 2131 
8087 852 870 855 1858 
8088 412 401 402 1992 
8089 474 66 917 1799 
8090 272 285 334 2058 
8091 704 705 660 1718 
8092 368 211 36 638 
8093 197 352 248 1595 
8094 754 700 650 1691 
8095 223 326 220 2074 
8096 102 780 931 1999 
8097 922 69 1057 2122 
8098 699 1969 1642 2116 
8099 913 870 914 1930 
8100 1339 2113 1766 2142 
8101 897 886 836 1924 
8102 519 361 34 203 
8103 931 916 102 1999 
8104 964 966 1065 1644 
8105 126 524 453 637 
8106 389 117 502 858 
8107 648 727 779 2116 
8108 555 540 554 1845 
8109 605 548 604 2067 
8110 783 139 648 1961 
8111 728 729 686 2005 
8112 445 1026 62 2075 
8113 347 29 619 515 
8114 352 249 248 1912 
8115 761 646 746 1670 
8116 859 139 783 1961 
8117 842 789 902 1698 
8118 1011 993 1004 1989 
8119 1855 2015 1477 2122 
8120 698 731 729 1764 
8121 597 598 626 1965 
8122 673 672 674 2114 
8123 1040 1039 1003 1866 
8124 347 619 30 197 
8125 1339 1920 2113 2142 
8126 624 561 560 2021 
8127 1000 1035 996 1796 
8128 221 328 316 2049 
8129 347 348 515 2060 
8130 656 721 720 1819 
8131 394 395 393 1918 
8132 936 1046 935 2137 
8133 1075 1028 963 2109 
8134 1579 1846 1836 2084 
8135 736 695 759 1896 
8136 590 520 589 1772 
8137 762 701 751 2144 
8138 688 687 700 1734 
8139 1065 1644 966 2054 
8140 286 293 297 1804 
8141 515 619 347 2060 
8142 989 991 990 1838 
8143 1081 923 1021 1970 
8144 449 447 450 2092 
8145 382 434 487 1772 
8146 970 961 1046 1882 
8147 417 418 430 1749 
8148 1008 1013 1014 1894 
8149 815 866 812 1875 
8150 682 737 672 1865 
8151 411 397 399 1871 
8152 350 247 357 1973 
8153 453 126 637 500 
8154 905 502 117 858 
8155 422 423 415 1768 
8156 501 908 109 459 
8157 503 594 118 636 
8158 718 635 135 770 
8159 771 864 136 906 
8160 848 894 830 1914 
8161 616 615 566 2031 
8162 635 718 135 588 
8163 864 771 136 726 
8164 967 1089 1061 2003 
8165 550 601 551 2100 
8166 661 129 652 2012 
8167 698 688 731 1764 
8168 351 233 319 1960 
8169 947 951 950 1774 
8170 950 1042 954 1955 
8171 464 462 491 2006 
8172 1483 1836 1846 2084 
8173 810 876 811 1946 
8174 1416 1727 2033 2128 
8175 773 794 144 660 
8176 525 659 127 772 
8177 409 406 471 2087 
8178 517 652 129 2012 
8179 1018 1084 927 2090 
8180 429 486 382 1958 
8181 833 867 869 1977 
8182 755 725 769 2125 
8183 266 269 329 1903 
8184 945 1044 944 2112 
8185 295 320 288 1900 
8186 859 719 139 1961 
8187 1063 85 1086 753 
8188 662 661 652 2012 
8189 48 752 366 209 
8190 928 1085 108 888 
8191 96 1084 773 927 
8192 908 367 60 210 
8193 671 669 742 1831 
8194 622 570 558 1913 
8195 631 583 584 1803 
8196 523 591 628 1973 
8197 1434 2054 1644 2101 
8198 788 903 847 1970 
8199 1663 2131 843 2139 
8200 1404 1959 1885 2062 
8201 368 37 345 772 
8202 1031 1056 1072 2077 
8203 481 431 492 1878 
8204 402 468 412 1992 
8205 431 481 480 1878 
8206 638 525 127 772 
8207 332 235 231 2096 
8208 947 1044 951 1774 
8209 813 814 883 1964 
8210 1324 1983 1883 2025 
8211 586 585 642 2028 
8212 965 925 1068 2071 
8213 849 826 797 2034 
8214 859 783 865 1961 
8215 1335 2029 1834 2128 
8216 258 261 355 1832 
8217 211 571 36 638 
8218 945 944 942 2112 
8219 277 278 276 2069 
8220 697 775 755 1769 
8221 916 931 932 1999 
8222 661 569 129 2012 
8223 916 878 102 1999 
8224 930 72 500 1087 
8225 1348 1809 2048 2056 
8226 779 1969 699 2116 
8227 326 219 220 1897 
8228 967 1070 966 2003 
8229 562 555 561 2021 
8230 217 216 215 1986 
8231 782 870 851 1945 
8232 651 142 787 2066 
8233 758 769 649 1907 
8234 37 345 772 740 
8235 229 233 325 1987 
8236 967 2003 966 2004 
8237 1086 85 770 753 
8238 988 1003 1039 1866 
8239 1039 1074 1001 1811 
8240 665 664 663 1890 
8241 771 48 752 366 
8242 888 1085 108 905 
8243 941 1043 1074 1798 
8244 605 533 548 2067 
8245 497 466 506 1967 
8246 636 346 25 369 
8247 595 589 513 1958 
8248 1050 1056 1049 2063 
8249 940 942 943 1950 
8250 939 1045 1034 1997 
8251 442 498 375 1805 
8252 719 648 139 1961 
8253 1018 1019 1078 1794 
8254 580 629 576 2071 
8255 773 706 96 927 
8256 60 908 210 841 
8257 642 544 640 2037 
8258 227 325 373 1876 
8259 662 691 733 1889 
8260 793 861 898 2130 
8261 399 400 401 2027 
8262 377 123 602 2099 
8263 846 850 899 1794 
8264 102 878 780 1999 
8265 721 657 767 1968 
8266 390 594 118 503 
8267 459 908 109 795 
8268 361 211 289 1863 
8269 779 694 699 1969 
8270 500 483 72 930 
8271 977 1031 1073 2077 
8272 965 1068 1075 2071 
8273 25 346 636 617 
8274 269 271 294 1939 
8275 690 689 675 1936 
8276 570 641 558 1913 
8277 787 796 797 2066 
8278 210 367 308 1835 
8279 607 566 615 2031 
8280 474 489 375 1799 
8281 278 279 276 2069 
8282 305 283 267 1867 
8283 454 378 460 1899 
8284 1070 915 966 2054 
8285 307 308 309 2089 
8286 902 868 871 2052 
8287 226 325 227 1876 
8288 1062 1088 922 2122 
8289 760 646 731 1942 
8290 1013 1038 1011 2133 
8291 978 979 1080 1805 
8292 762 700 701 2144 
8293 796 787 142 2066 
8294 528 602 516 2099 
8295 635 618 84 1086 
8296 517 129 569 2012 
8297 221 218 328 2049 
8298 429 504 422 2013 
8299 1055 962 1090 2123 
8300 49 366 887 300 
8301 854 852 855 1858 
8302 768 653 707 1919 
8303 630 572 571 1863 
8304 78 609 510 2054 
8305 482 13 367 308 
8306 1009 1002 998 1980 
8307 449 448 447 2092 
8308 695 736 738 1896 
8309 637 73 580 1064 
8310 245 370 310 1861 
8311 280 282 284 1922 
8312 485 488 499 2015 
8313 727 648 719 1961 
8314 1013 1006 1038 2133 
8315 929 84 618 1086 
8316 879 816 863 2032 
8317 464 428 462 2006 
8318 1073 917 979 1799 
8319 814 912 883 1964 
8320 984 982 1047 2038 
8321 739 683 668 2053 
8322 578 560 604 2101 
8323 333 304 238 1911 
8324 501 13 367 482 
8325 366 906 49 887 
8326 527 526 579 1935 
8327 755 724 725 2125 
8328 593 590 595 2102 
8329 205 51 52 882 
8330 1007 929 1079 2094 
8331 796 142 704 2066 
8332 960 961 968 1974 
8333 699 692 774 1969 
8334 927 1017 1018 2090 
8335 573 575 574 2098 
8336 745 665 703 2081 
8337 648 699 756 2116 
8338 24 212 503 369 
8339 1064 637 73 1087 
8340 868 821 871 2052 
8341 575 573 556 2098 
8342 516 602 123 2099 
8343 76 633 518 2136 
8344 955 962 1055 2123 
8345 593 592 590 2102 
8346 867 896 869 1977 
8347 332 231 228 2096 
8348 696 690 697 2126 
8349 542 596 603 2073 
8350 251 243 250 1994 
8351 265 266 264 2140 
8352 1067 964 925 2136 
8353 446 516 123 2099 
8354 509 429 424 2013 
8355 232 233 229 1987 
8356 501 459 482 1835 
8357 212 436 24 503 
8358 707 653 766 1919 
8359 39 40 208 654 
8360 1033 1004 991 2097 
8361 651 704 142 2066 
8362 380 479 492 1978 
8363 892 828 909 2011 
8364 222 223 220 2074 
8365 98 97 1018 850 
8366 936 939 1046 2137 
8367 920 106 105 884 
8368 749 46 45 201 
8369 633 76 1066 2136 
8370 862 898 861 2130 
8371 747 87 88 926 
8372 673 674 675 2114 
8373 445 61 62 1026 
8374 446 377 465 2099 
8375 42 41 645 340 
8376 931 102 101 780 
8377 65 66 375 979 
8378 202 250 341 2050 
8379 125 126 524 453 
8380 389 116 117 858 
8381 694 692 699 1969 
8382 129 130 652 517 
8383 787 141 142 651 
8384 347 197 248 1595 
8385 382 121 120 589 
8386 786 112 111 454 
8387 880 57 56 341 
8388 92 93 746 1016 
8389 873 807 809 2080 
8390 377 123 122 602 
8391 782 114 113 467 
8392 647 131 132 512 
8393 139 140 783 648 
8394 213 53 54 889 
8395 754 89 90 1058 
8396 99 100 788 923 
8397 829 913 914 1930 
8398 923 1081 1054 1970 
8399 561 555 560 2021 
8400 377 446 123 2099 
8401 489 426 425 2118 
8402 339 20 21 473 
8403 15 16 206 479 
8404 394 392 421 2057 
8405 78 510 1065 2054 
8406 697 758 696 2126 
8407 1053 104 103 881 
8408 43 44 311 744 
8409 347 1595 248 2060 
8410 924 64 63 383 
8411 828 827 909 2011 
8412 921 82 81 612 
8413 718 134 135 588 
8414 864 136 137 726 
8415 759 695 696 2120 
8416 1056 1031 977 2077 
8417 425 426 420 2118 
8418 1056 1050 953 2063 
8419 477 69 70 922 
8420 878 894 780 1999 
8421 797 799 798 2138 
8422 849 846 826 2034 
8423 55 54 895 198 
8424 760 90 91 918 
8425 345 37 38 740 
8426 1028 71 70 387 
8427 246 239 349 1944 
8428 351 319 317 1960 
8429 1027 1077 1026 2075 
8430 429 422 424 2013 
8431 494 441 445 2075 
8432 841 795 908 1835 
8433 47 46 657 262 
8434 792 106 107 1024 
8435 125 124 386 526 
8436 116 115 791 391 
8437 752 48 47 209 
8438 108 107 928 888 
8439 759 696 743 2120 
8440 272 270 285 2058 
8441 95 96 706 927 
8442 210 59 60 841 
8443 200 294 315 2111 
8444 571 36 35 211 
8445 1040 942 941 2022 
8446 73 74 580 1064 
8447 601 641 632 2107 
8448 581 582 521 1917 
8449 915 609 78 2054 
8450 76 518 925 2136 
8451 622 517 569 2012 
8452 1015 89 88 650 
8453 1063 86 85 753 
8454 967 1061 1070 2003 
8455 3 368 638 772 
8456 771 906 4 366 
8457 1 367 908 501 
8458 651 757 704 2066 
8459 2 503 636 369 
8460 658 86 87 1014 
8461 409 471 505 2087 
8462 545 550 551 2100 
8463 887 50 49 300 
8464 765 751 716 2047 
8465 925 964 1066 2136 
8466 801 843 818 2139 
8467 14 13 482 308 
8468 17 18 261 484 
8469 794 143 144 660 
8470 659 127 128 525 
8471 346 25 26 617 
8472 123 124 516 446 
8473 381 114 115 851 
8474 719 139 138 859 
8475 133 132 581 713 
8476 789 58 57 202 
8477 919 94 93 653 
8478 55 56 335 781 
8479 92 91 1029 646 
8480 84 83 929 618 
8481 79 80 611 1010 
8482 796 142 143 704 
8483 128 129 661 569 
8484 967 966 959 2004 
8485 1059 105 104 784 
8486 649 45 44 298 
8487 916 103 102 878 
8488 845 844 843 2131 
8489 52 53 336 785 
8490 118 119 594 390 
8491 459 109 110 795 
8492 68 69 379 1057 
8493 130 131 735 621 
8494 121 122 513 486 
8495 891 113 112 378 
8496 872 140 141 756 
8497 743 43 42 200 
8498 635 7 770 1086 
8499 502 5 1085 905 
8500 773 1084 8 907 
8501 1088 963 1028 2109 
8502 500 6 637 1087 
8503 76 925 1066 2136 
8504 289 288 287 2078 
8505 306 58 59 900 
8506 766 94 95 980 
8507 442 439 440 2103 
8508 309 308 359 2089 
8509 959 966 964 2004 
8510 922 1057 1062 2122 
8511 67 68 476 1030 
8512 519 34 33 203 
8513 648 779 699 2116 
8514 133 134 655 521 
8515 137 138 790 656 
8516 578 624 560 2101 
8517 609 624 510 2054 
8518 915 1065 966 2054 
8519 22 23 310 495 
8520 1065 915 78 2054 
8521 633 577 518 2136 
8522 572 632 641 2107 
8523 511 32 31 292 
8524 436 24 23 212 
8525 764 39 38 296 
8526 207 27 28 614 
8527 483 71 72 930 
8528 520 119 120 434 
8529 385 110 111 839 
8530 518 75 76 925 
8531 40 41 297 763 
8532 347 246 348 2060 
8533 376 20 19 312 
8534 350 26 27 523 
8535 4 136 906 771 
8536 384 22 21 204 
8537 118 2 503 636 
8538 908 109 1 501 
8539 771 4 48 366 
8540 638 127 3 772 
8541 636 25 2 369 
8542 608 33 32 364 
8543 66 67 474 917 
8544 380 17 16 362 
8545 83 82 1079 522 
8546 770 135 7 635 
8547 7 85 770 1086 
8548 117 5 502 905 
8549 637 126 6 500 
8550 1085 5 108 905 
8551 773 8 144 907 
8552 78 77 1065 510 
8553 72 6 500 1087 
8554 199 18 19 490 
8555 388 15 14 359 
8556 50 51 360 793 
8557 1 13 367 501 
8558 906 49 4 366 
8559 619 30 29 347 
8560 3 37 368 772 
8561 903 100 101 1054 
8562 36 3 368 638 
8563 367 60 1 908 
8564 28 29 348 515 
8565 503 2 24 369 
8566 635 84 7 1086 
8567 74 75 629 1068 
8568 625 31 30 197 
8569 1085 61 5 502 
8570 1084 97 8 907 
8571 637 6 73 1087 
8572 1084 8 96 773 
8573 81 80 1082 514 
8574 347 248 246 2060 
8575 34 35 361 630 
8576 79 78 915 609 
8577 63 62 1077 494 
8578 65 64 1080 498 
8579 98 99 899 1078 
8580 1066 77 76 633 
8581 1685 1660 1583 1415 
8582 1685 1583 1660 1359 
8583 2044 1583 1660 1415 
8584 2044 1660 1583 1359 
8585 1524 1037 951 1089 
8586 1524 951 1037 1436 
8587 1949 1506 1353 1555 
8588 1949 1353 1506 1473 
8589 1981 1409 1534 1474 
8590 1981 1534 1409 1761 
8591 2003 1037 1524 1089 
8592 1675 946 947 1518 
8593 1675 947 946 949 
8594 1519 1962 1588 1454 
8595 1588 1962 1519 1866 
8596 1882 1857 1534 1380 
8597 1882 1534 1857 1409 
8598 1867 1574 1365 1614 
8599 1867 1365 1574 1564 
8600 1988 1916 1748 1324 
8601 1988 1748 1916 1451 
8602 1643 1820 1588 1419 
8603 1588 1820 1643 1345 
8604 1875 820 1703 815 
8605 1875 1703 820 1479 
8606 374 1729 1867 305 
8607 1867 1729 374 1614 
8608 1842 1702 1428 1802 
8609 1842 1428 1702 1579 
8610 1414 1782 1785 1531 
8611 1414 1785 1782 1572 
8612 1369 1785 1782 1531 
8613 1369 1782 1785 1572 
8614 1815 686 685 1449 
8615 1815 685 686 680 
8616 1091 1588 945 1071 
8617 945 1588 1091 1521 
8618 1865 688 698 1764 
8619 1865 698 688 682 
8620 2002 2035 1507 1909 
8621 1507 2035 2002 1689 
8622 2087 478 1415 507 
8623 2087 1415 478 1688 
8624 1671 1067 965 1515 
8625 1671 965 1067 958 
8626 2018 1940 1724 1354 
8627 2018 1724 1940 1541 
8628 2018 1502 1341 1478 
8629 2018 1341 1502 1541 
8630 1907 329 264 298 
8631 1907 264 329 1903 
8632 1907 311 329 298 
8633 1907 329 311 1575 
8634 2130 300 301 360 
8635 2130 301 300 1627 
8636 1941 1771 1549 1330 
8637 1941 1549 1771 1426 
8638 1827 1549 1771 1330 
8639 1827 1771 1549 1426 
8640 1595 365 1747 1538 
8641 1595 1747 365 352 
8642 1765 1847 1879 1435 
8643 1879 1847 1765 1349 
8644 1884 1891 1753 1495 
8645 1753 1891 1884 1630 
8646 1813 1045 1950 1448 
8647 1813 1950 1045 948 
8648 1804 1896 1361 1640 
8649 1361 1896 1804 1550 
8650 1919 746 768 653 
8651 1919 768 746 1493 
8652 1867 266 268 267 
8653 1867 268 266 1564 
8654 1968 201 263 262 
8655 1968 263 201 1539 
8656 2109 387 930 1028 
8657 1950 948 946 943 
8658 1950 946 948 1813 
8659 1678 1849 1948 1408 
8660 1948 1849 1678 1495 
8661 1778 1965 1377 1587 
8662 1377 1965 1778 1538 
8663 1668 2000 1476 1364 
8664 1476 2000 1668 1631 
8665 2006 432 1594 464 
8666 2006 1594 432 1442 
8667 490 1594 432 464 
8668 490 432 1594 1442 
8669 1447 293 1657 1804 
8670 1447 1657 293 1900 
8671 1820 1951 1825 1345 
8672 1825 1951 1820 1454 
8673 1804 736 645 1550 
8674 1804 645 736 712 
8675 1720 1812 879 1527 
8676 1720 879 1812 800 
8677 802 879 1812 1527 
8678 802 1812 879 800 
8679 1828 746 761 730 
8680 1828 761 746 1670 
8681 2123 1792 952 955 
8682 2123 952 1792 1455 
8683 1731 259 1442 1602 
8684 1731 1442 259 313 
8685 2125 1394 1756 1535 
8686 2125 1756 1394 1539 
8687 847 1636 848 844 
8688 848 1636 847 1565 
8689 1924 882 1701 897 
8690 1924 1701 882 1563 
8691 582 2028 600 585 
8692 600 2028 582 1443 
8693 1788 1017 981 1514 
8694 1788 981 1017 1020 
8695 2086 1668 1797 1325 
8696 2086 1797 1668 1453 
8697 252 2049 316 328 
8698 316 2049 252 1751 
8699 2109 1925 930 387 
8700 2109 930 1925 1553 
8701 483 930 1925 387 
8702 483 1925 930 1553 
8703 2036 1336 1507 1927 
8704 2036 1507 1336 1689 
8705 1933 1784 1664 1438 
8706 1933 1664 1784 1361 
8707 2053 2046 2048 1511 
8708 2053 2048 2046 1431 
8709 2051 2093 1781 1358 
8710 1781 2093 2051 1929 
8711 1780 1737 1779 1391 
8712 1780 1779 1737 1462 
8713 2077 917 1073 1799 
8714 2077 1073 917 1031 
8715 1894 753 715 658 
8716 1894 715 753 1562 
8717 1977 1589 1755 1666 
8718 1977 1755 1589 1566 
8719 2003 2127 1436 1568 
8720 1436 2127 2003 1524 
8721 1436 1037 2003 1568 
8722 2003 1037 1436 1524 
8723 1690 791 389 858 
8724 1690 389 791 1653 
8725 1800 218 1986 216 
8726 1800 1986 218 1530 
8727 1885 1834 1959 1529 
8728 1885 1959 1834 1626 
8729 1335 1959 1834 1529 
8730 1335 1834 1959 1626 
8731 1752 1060 969 1571 
8732 1752 969 1060 972 
8733 2078 1603 290 1793 
8734 2078 290 1603 1863 
8735 650 926 1591 747 
8736 1591 926 650 1015 
8737 2138 1823 1382 1456 
8738 2138 1382 1823 1812 
8739 1898 1897 1800 1480 
8740 1898 1800 1897 1530 
8741 1965 601 551 598 
8742 1965 551 601 1635 
8743 1997 1048 1448 1045 
8744 1997 1448 1048 1573 
8745 1813 1448 1048 1045 
8746 1813 1048 1448 1573 
8747 959 1955 954 1042 
8748 954 1955 959 1792 
8749 735 512 131 647 
8750 131 512 735 621 
8751 1784 274 272 273 
8752 1784 272 274 1578 
8753 1784 275 274 273 
8754 1784 274 275 1657 
8755 2002 1762 1864 1467 
8756 2002 1864 1762 1336 
8757 1828 768 746 730 
8758 1828 746 768 1493 
8759 602 486 1570 513 
8760 602 1570 486 377 
8761 891 467 1590 782 
8762 1590 467 891 378 
8763 2093 1954 1781 1358 
8764 2093 1781 1954 1601 
8765 2007 1361 1402 1664 
8766 2007 1402 1361 1706 
8767 2066 705 1456 757 
8768 2066 1456 705 1718 
8769 1904 724 723 777 
8770 1904 723 724 1535 
8771 1980 1083 1010 1002 
8772 1980 1010 1083 1609 
8773 2086 1608 1668 1325 
8774 2086 1668 1608 1837 
8775 735 517 130 621 
8776 130 517 735 652 
8777 2144 750 742 701 
8778 2144 742 750 1558 
8779 2101 574 1644 1649 
8780 2101 1644 574 578 
8781 1956 1630 1396 1490 
8782 1396 1630 1956 1677 
8783 1396 1860 1956 1490 
8784 1956 1860 1396 1677 
8785 2022 1866 1074 1040 
8786 2022 1074 1866 1519 
8787 2120 1936 1896 695 
8788 2120 1896 1936 1472 
8789 2097 1058 1463 1033 
8790 2097 1463 1058 1691 
8791 1868 803 805 1728 
8792 1868 805 803 804 
8793 2102 610 1548 1683 
8794 2102 1548 610 593 
8795 546 1548 610 1683 
8796 546 610 1548 593 
8797 2059 1343 1552 1783 
8798 2059 1552 1343 1982 
8799 1618 1991 2068 1334 
8800 2068 1991 1618 1870 
8801 2145 2104 2076 1537 
8802 2145 2076 2104 1346 
8803 2112 946 947 944 
8804 2112 947 946 1518 
8805 2113 1490 1418 1883 
8806 2113 1418 1490 1947 
8807 1618 2068 1474 1334 
8808 1474 2068 1618 1981 
8809 1474 1534 1618 1334 
8810 1618 1534 1474 1981 
8811 2098 529 556 1715 
8812 2098 556 529 573 
8813 383 1077 2075 494 
8814 383 2075 1077 924 
8815 1970 956 1750 1081 
8816 1970 1750 956 1565 
8817 2092 2099 465 1481 
8818 465 2099 2092 447 
8819 1948 1753 2095 1340 
8820 1948 2095 1753 1476 
8821 1861 244 245 370 
8822 1861 245 244 1694 
8823 842 1674 902 911 
8824 902 1674 842 1698 
8825 436 310 23 495 
8826 23 310 436 212 
8827 740 296 38 345 
8828 38 296 740 764 
8829 1919 776 1514 707 
8830 1919 1514 776 1740 
8831 705 1514 776 707 
8832 705 776 1514 1740 
8833 608 292 32 511 
8834 32 292 608 364 
8835 2070 1716 1404 2062 
8836 2070 1404 1716 1888 
8837 923 899 99 1078 
8838 923 99 899 788 
8839 2089 479 493 388 
8840 2089 493 479 1576 
8841 927 766 2090 706 
8842 927 2090 766 980 
8843 841 306 59 900 
8844 841 59 306 210 
8845 1558 1831 1413 2024 
8846 1413 1831 1558 2121 
8847 2075 924 1027 1077 
8848 2075 1027 924 1699 
8849 419 2118 469 425 
8850 469 2118 419 1543 
8851 1976 1631 1507 1397 
8852 1507 1631 1976 1668 
8853 1507 1927 1976 1397 
8854 1976 1927 1507 1668 
8855 2081 667 1581 745 
8856 2081 1581 667 1615 
8857 2121 1581 667 745 
8858 2121 667 1581 1615 
8859 1954 407 461 410 
8860 1954 461 407 1859 
8861 2121 669 742 681 
8862 2121 742 669 1831 
8863 763 340 1804 645 
8864 1804 340 763 297 
8865 519 364 1606 203 
8866 1606 364 519 608 
8867 2097 989 1810 1838 
8868 2097 1810 989 1033 
8869 2114 689 1511 1936 
8870 2114 1511 689 673 
8871 2036 2017 1806 1365 
8872 2036 1806 2017 1516 
8873 2029 2023 1645 1400 
8874 2029 1645 2023 1717 
8875 2055 974 973 1822 
8876 2055 973 974 975 
8877 780 1054 101 931 
8878 101 1054 780 903 
8879 2112 943 942 1950 
8880 2112 942 943 944 
8881 630 211 1863 571 
8882 1863 211 630 361 
8883 510 1066 77 1065 
8884 510 77 1066 633 
3 2 4 1396
8885 1036 1091 1321 1301 
8886 1091 1299 1036 1321 
8887 1162 1186 931 1161 
8888 1186 932 931 956 
8889 932 1186 931 1162 
8890 1161 931 1162 1146 
8891 932 934 1162 1163 
8892 1164 1162 934 1163 
8893 1162 932 916 931 
8894 934 932 933 1163 
8895 916 1162 1163 932 
8896 933 932 916 1163 
8897 931 916 1162 1146 
8898 1162 916 1163 1146 
8899 916 1163 1283 933 
8900 1163 916 1283 1146 
8901 960 933 1283 1163 
8902 916 1283 1053 933 
8903 960 1191 1198 961 
8904 1283 960 1163 1190 
8905 1191 1190 960 1198 
8906 1283 1053 933 960 
8907 1190 1283 960 1059 
8908 961 1198 960 968 
8909 1283 1053 960 1059 
8910 1198 1190 960 1059 
8911 1059 1190 1283 1289 
8912 968 1198 960 1059 
8913 1059 1198 1190 1289 
8914 1198 968 920 1059 
8915 1059 1150 1198 1289 
8916 1059 1150 920 1198 
8917 1163 934 1164 1165 
8918 933 934 1163 1165 
8919 960 933 1163 1165 
8920 1191 960 1165 961 
8921 1190 960 1163 1165 
8922 1165 1190 960 1191 
8923 934 933 935 1165 
8924 933 960 935 1165 
8925 960 935 1165 961 
8926 1058 1234 1004 1015 
8927 1015 1058 1234 1245 
8928 1058 1288 1234 1245 
8929 1148 1263 1033 1288 
8930 1004 1033 1234 1058 
8931 1263 1234 1033 1288 
8932 1033 1148 1288 918 
8933 918 1288 1033 1058 
8934 991 1221 1234 1263 
8935 991 1004 1033 1234 
8936 1234 1033 991 1263 
8937 1288 1234 1033 1058 
8938 991 1222 990 992 
8939 991 1220 1222 1221 
8940 1220 991 1222 990 
8941 991 1219 1220 1221 
8942 991 990 1220 989 
8943 1219 991 1220 989 
8944 1219 989 1242 1263 
8945 1033 1242 989 1263 
8946 1242 1033 989 1012 
8947 991 1219 1221 1263 
8948 1219 991 989 1263 
8949 991 1033 989 1263 
8950 1263 1033 1242 1148 
8951 1148 1012 1033 1242 
8952 1012 1148 1033 918 
8953 988 1220 990 989 
8954 1218 1220 989 1219 
8955 988 1218 1220 989 
8956 1191 1199 970 1200 
8957 1191 969 961 970 
8958 961 1198 969 1191 
8959 1198 961 969 968 
8960 1259 1242 1012 1148 
8961 1148 1029 1012 1259 
8962 1029 1148 1012 918 
8963 989 1217 1218 1219 
8964 1218 988 1217 989 
8965 988 987 1217 989 
8966 1191 1199 969 970 
8967 1199 1198 1191 969 
8968 988 1217 1216 1218 
8969 1217 988 1216 987 
8970 987 986 988 1216 
8971 1242 1217 989 1219 
8972 1242 1217 1012 989 
8973 987 1012 1217 989 
8974 1217 1277 1242 1012 
8975 1047 1012 1217 987 
8976 1012 1217 1277 1047 
8977 984 1216 1215 986 
8978 1259 1242 1277 1012 
8979 1029 1277 1012 1259 
8980 1277 1029 1012 1047 
8981 984 987 1217 1216 
8982 987 984 986 1216 
8983 1217 1047 987 984 
8984 1047 1217 1277 984 
8985 1216 984 1215 1214 
8986 984 1215 985 986 
8987 1016 1029 1259 1277 
8988 1016 1029 1277 1047 
8989 1214 984 1217 1216 
8990 984 1217 1277 1214 
8991 1277 1047 984 982 
8992 1212 982 1277 1214 
8993 1246 1016 1259 1277 
8994 982 984 1277 1214 
8995 982 1246 919 1212 
8996 1165 934 1164 1166 
8997 1165 935 934 936 
8998 1246 1149 919 1212 
8999 1246 919 1016 982 
9000 1047 1277 1016 982 
9001 1246 982 1277 1212 
9002 982 1246 1277 1016 
9003 1046 1191 1165 961 
9004 961 935 1165 1046 
9005 1165 935 936 1046 
9006 1214 1212 982 1213 
9007 1215 983 984 985 
9008 1213 1215 984 1214 
9009 1200 970 1191 1046 
9010 970 961 1191 1046 
9011 982 984 1214 1213 
9012 1166 1165 934 936 
9013 1191 1046 1165 1276 
9014 973 1034 1200 1203 
9015 973 1034 970 1200 
9016 1166 1276 1165 1046 
9017 936 1166 1165 1046 
9018 983 1215 984 1213 
9019 1276 1200 1191 1046 
9020 984 982 983 1213 
9021 1166 1169 1046 939 
9022 1034 970 1200 1046 
9023 1034 1200 1203 1264 
9024 1212 1211 982 1213 
9025 982 1211 981 983 
9026 1166 1169 1276 1046 
9027 1046 936 1166 939 
9028 1276 1264 1200 1046 
9029 1034 1200 1264 1046 
9030 983 982 1211 1213 
9031 1046 1169 1034 939 
9032 982 919 1211 1212 
9033 1211 981 919 982 
9034 919 1149 1211 1212 
9035 973 975 1278 1203 
9036 993 992 1222 991 
9037 1222 1223 991 1221 
9038 1221 1223 991 1234 
9039 1234 993 991 1004 
9040 1264 1276 1169 1046 
9041 1169 1034 1264 1046 
9042 975 1205 1278 1203 
9043 995 996 994 1226 
9044 1225 1226 995 1224 
9045 995 992 1222 994 
9046 995 1222 1225 1224 
9047 1034 973 1278 1203 
9048 1205 975 1278 1049 
9049 1278 1279 1205 1049 
9050 1253 1092 1231 1322 
9051 1203 1278 1034 1264 
9052 975 1278 1048 973 
9053 1222 1223 993 991 
9054 993 1234 991 1223 
9055 975 1278 1049 1048 
9056 974 975 973 1203 
9057 994 992 1222 993 
9058 1278 1048 973 1034 
9059 1241 926 1015 1156 
9060 1156 1015 1241 1245 
9061 1011 1004 1234 1015 
9062 1241 1015 1234 1245 
9063 1205 975 1204 1203 
9064 1226 994 995 1224 
9065 1222 995 994 1224 
9066 939 1169 1034 1045 
9067 1264 1278 1034 1275 
9068 1223 994 1222 993 
9069 968 969 1198 1290 
9070 969 1199 1198 1290 
9071 1004 993 1011 1234 
9072 1169 1264 1034 1275 
9073 1224 994 1222 1223 
9074 1211 981 980 919 
9075 1210 1211 980 919 
9076 1211 1210 1149 919 
9077 1034 1278 1048 1045 
9078 975 974 1204 1203 
9079 920 1198 1290 968 
9080 1198 920 1290 1150 
9081 1223 1241 993 1234 
9082 926 1241 1015 1011 
9083 1015 1241 1234 1011 
9084 1045 1034 1278 1275 
9085 1045 1169 1034 1275 
9086 1035 1265 1226 1225 
9087 968 969 1290 1060 
9088 993 1241 1011 1234 
9089 1166 1168 1169 939 
9090 996 995 1035 1226 
9091 1226 995 1035 1225 
9092 1168 1166 936 939 
9093 920 1150 1254 1290 
9094 1060 1254 920 1024 
9095 1290 920 968 1060 
9096 1223 1270 994 993 
9097 994 1224 1270 1223 
9098 939 936 1168 938 
9099 1250 981 1211 983 
9100 983 1211 1250 1213 
9101 1270 1223 1241 993 
9102 1290 1254 920 1060 
9103 1290 969 1199 1202 
9104 1279 1278 1178 1049 
9105 1011 1038 1241 993 
9106 973 1200 1201 1203 
9107 1200 973 1201 970 
9108 970 1199 1201 1200 
9109 1201 969 1199 970 
9110 1035 1036 1266 995 
9111 1038 994 1270 993 
9112 948 1049 1278 1048 
9113 1241 926 1156 1243 
9114 1202 1290 969 1060 
9115 1278 1045 948 1048 
9116 973 1201 974 1203 
9117 1038 1270 1241 993 
9118 1250 1020 981 983 
9119 1244 1156 926 1243 
9120 1050 949 1176 1179 
9121 926 1241 1011 1243 
9122 1045 1278 948 1275 
9123 926 1244 1243 1014 
9124 1049 1178 1279 1280 
9125 1241 1038 1011 1243 
9126 1204 974 1201 1203 
9127 1070 1197 1300 1291 
9128 1176 1050 1179 1280 
9129 1182 952 953 949 
9130 1038 1241 1270 1243 
9131 1179 949 1182 1183 
9132 957 954 1184 959 
9133 1050 1178 1049 1280 
9134 972 1202 969 1060 
9135 995 1266 1282 1036 
9136 1278 1178 1049 948 
9137 1189 1187 1184 959 
9138 1202 969 1199 1201 
9139 1176 946 949 1050 
9140 1011 926 1243 1013 
9141 1278 1178 948 1275 
9142 1243 1038 1011 1013 
9143 971 1201 973 970 
9144 1201 971 969 970 
9145 1090 1320 1292 962 
9146 1013 926 1243 1014 
9147 939 1168 1169 1170 
9148 939 1169 1045 1170 
9149 949 953 1182 1183 
9150 1178 1050 1049 948 
9151 974 971 1201 973 
9152 1052 1222 995 992 
9153 1222 1282 995 1225 
9154 1168 939 938 1170 
9155 1050 1176 1178 1280 
9156 1275 1045 1169 1170 
9157 1042 1184 954 959 
9158 1189 1184 1272 959 
9159 1230 1228 996 1226 
9160 1035 1265 1230 1226 
9161 1226 994 1227 996 
9162 1187 957 1184 959 
9163 969 1202 972 971 
9164 1265 1035 1266 1225 
9165 996 1035 1230 1226 
9166 1050 1179 1183 949 
9167 995 1266 1035 1225 
9168 994 1226 1227 1224 
9169 946 1176 1178 1050 
9170 1222 1052 995 1282 
9171 969 1202 971 1201 
9172 1179 1050 1183 1280 
9173 1178 948 946 1050 
9174 1166 937 1168 936 
9175 1042 1272 1184 959 
9176 937 1168 936 938 
9177 1227 994 1224 1270 
9178 953 949 1050 1183 
9179 990 1222 1052 992 
9180 1222 990 1052 1220 
9181 1228 1227 996 1226 
9182 1266 995 1282 1225 
9183 1227 994 1270 1038 
9184 1230 1228 998 996 
9185 1076 1043 1092 1322 
9186 934 1166 937 1164 
9187 1220 1222 1282 1052 
9188 1166 934 937 936 
9189 1230 998 1000 996 
9190 1035 1230 1000 996 
9191 1044 1299 1091 1321 
9192 940 938 939 1170 
9193 1045 940 939 1170 
9194 967 1197 1042 959 
9195 1052 1282 1036 995 
9196 1168 1167 937 1166 
9197 1038 1236 1243 1270 
9198 1090 1285 1320 962 
9199 1228 1227 998 996 
9200 1006 1038 1243 1013 
9201 1197 1189 1272 959 
9202 937 1167 1164 1166 
9203 1266 1036 1321 1301 
9204 996 1227 997 994 
9205 943 1045 948 1275 
9206 1197 1272 1042 959 
9207 994 1227 997 1038 
9208 1215 1231 986 1216 
9209 1215 1231 985 986 
9210 948 1178 943 1275 
9211 1001 985 1231 986 
9212 997 998 1227 996 
9213 1176 1178 943 946 
9214 955 1182 1184 954 
9215 954 955 1182 952 
9216 1178 948 943 946 
9217 1038 1270 1227 1236 
9218 1057 1292 922 1062 
9219 1091 1175 1044 1321 
9220 1275 943 1045 1170 
9221 1313 1070 1300 1291 
9222 1236 1038 1243 1006 
9223 975 1204 976 1205 
9224 1215 983 985 999 
9225 1215 1213 983 1229 
9226 1204 975 976 974 
9227 1301 1266 1036 1282 
9228 1250 983 1213 1229 
9229 1184 955 954 957 
9230 1062 1090 1292 962 
9231 931 1186 1284 1161 
9232 1186 931 1284 956 
9233 944 1176 943 946 
9234 1020 1229 983 1250 
9235 977 975 1205 1049 
9236 1279 977 1205 1049 
9237 1070 967 1197 1291 
9238 940 1045 943 1170 
9239 997 1236 1038 1227 
9240 1036 1299 1035 1266 
9241 1184 1185 957 1187 
9242 1321 1299 1036 1266 
9243 1292 1320 1090 1032 
9244 1091 1175 1321 1301 
9245 1236 997 1038 1006 
9246 1173 943 1178 1275 
9247 980 1017 981 1211 
9248 980 1247 1211 1210 
9249 1060 1025 1254 1024 
9250 1178 943 1173 1176 
9251 938 941 1168 1170 
9252 1255 1060 1254 1290 
9253 1292 1057 922 1287 
9254 1014 1243 1238 1244 
9255 950 1184 1182 954 
9256 954 1182 950 952 
9257 953 1182 1055 952 
9258 1201 1271 974 1204 
9259 952 1182 950 949 
9260 1244 1293 1238 1063 
9261 1282 1036 1301 1052 
9262 949 1182 1180 1179 
9263 1211 1017 981 1250 
9264 956 1051 1186 932 
9265 1162 1186 1281 932 
9266 1290 1202 1255 1060 
9267 1299 1265 1035 1266 
9268 1090 1320 1285 1072 
9269 1176 943 1174 944 
9270 1182 953 1055 1183 
9271 1013 1238 1014 1243 
9272 1025 928 1254 1024 
9273 1247 980 1157 1210 
9274 1020 981 1017 1250 
9275 1254 1255 1158 928 
9276 934 1162 1281 932 
9277 1164 1162 1281 934 
9278 980 927 1247 1157 
9279 950 1042 1184 954 
9280 971 1271 974 1201 
9281 1062 1057 1292 1032 
9282 1238 1014 1244 1063 
9283 971 1202 972 1041 
9284 1281 937 1164 934 
9285 972 1255 1202 1060 
9286 1275 1173 943 1170 
9287 1235 1227 998 1228 
9288 1271 971 1202 1201 
9289 941 938 940 1170 
9290 1243 1238 1006 1013 
9291 1042 1180 1184 1272 
9292 1231 1092 1304 1322 
9293 952 955 1182 1055 
9294 1168 937 1043 938 
9295 1091 1036 1071 1301 
9296 1318 922 1062 1088 
9297 1174 1173 943 1176 
9298 1185 1182 1184 955 
9299 1076 1092 1253 1322 
9300 1164 1167 937 1281 
9301 1220 1233 988 990 
9302 988 1218 1233 1220 
9303 1279 1049 1280 1056 
9304 1232 998 1230 1228 
9305 1318 1062 962 1088 
9306 998 1000 1002 1230 
9307 1280 1049 1050 1056 
9308 922 1292 1318 1062 
9309 998 1005 997 1227 
9310 1274 937 1043 1168 
9311 1205 1204 976 1206 
9312 1061 1230 1002 1000 
9313 937 1274 1167 1168 
9314 1152 1287 1292 922 
9315 990 1220 1233 1052 
9316 1304 1092 1043 1322 
9317 1231 1215 985 1023 
9318 1050 1183 1280 1056 
9319 1062 1318 962 1292 
9320 1070 1313 1083 1291 
9321 1023 985 1231 1001 
9322 1183 1050 953 1056 
9323 1220 1282 1233 1052 
9324 1043 941 1168 938 
9325 1236 1243 1238 1006 
9326 1001 1231 1023 1092 
9327 1184 1185 955 957 
9328 1230 1267 1265 1035 
9329 1285 1183 1182 1055 
9330 1057 1287 1292 1032 
9331 1036 1299 1069 1035 
9332 1036 1071 1301 1052 
9333 1054 931 956 1284 
9334 1299 1091 1036 1069 
9335 1171 1043 1168 1274 
9336 977 975 976 1205 
9337 1005 1227 1236 997 
9338 1292 1090 1062 1032 
9339 983 1215 1229 999 
9340 1267 1000 1035 1230 
9341 1229 1020 983 999 
9342 1002 1083 1313 1291 
9343 1236 1005 997 1006 
9344 1248 1247 927 1157 
9345 1023 1215 985 999 
9346 1285 1182 1185 1055 
9347 928 1255 1158 1026 
9348 962 1285 1185 1055 
9349 1000 1061 1230 1267 
9350 988 1218 1216 1268 
9351 986 1039 988 1216 
9352 1293 1122 1119 1063 
9353 929 1238 1293 1063 
9354 1177 1176 949 1179 
9355 977 1205 1207 1279 
9356 967 1070 1061 1291 
9357 1153 1081 1311 1284 
9358 1088 2147 1318 2148 
9359 1139 1059 1150 920 
9360 1059 1139 1150 1141 
9361 1053 1283 1138 1059 
9362 1059 1283 1138 1289 
9363 1141 1150 1059 1289 
9364 1136 1146 931 1161 
9365 1146 1137 931 916 
9366 1283 916 1137 1146 
9367 916 1283 1137 1053 
9368 1141 1059 1138 1289 
9369 1146 1136 931 1137 
9370 1283 1138 1137 1053 
9371 1015 926 1121 1156 
9372 1121 1015 1156 1245 
9373 1015 1121 1120 1245 
9374 1123 1148 1124 918 
9375 1058 1015 1120 1245 
9376 918 1123 1288 1058 
9377 1123 1288 1148 918 
9378 1120 1288 1058 1245 
9379 1123 1288 1058 1120 
9380 1029 1124 1259 1148 
9381 1029 1124 1148 918 
9382 1125 1029 1124 1259 
9383 1126 1128 1149 919 
9384 1016 1029 1125 1259 
9385 919 1128 1246 1016 
9386 1246 1149 1128 919 
9387 1125 1246 1016 1259 
9388 1016 1128 1246 1125 
9389 1176 946 947 949 
9390 957 1185 958 1187 
9391 943 1170 942 940 
9392 1320 1090 1032 1072 
9393 1215 1231 1253 1023 
9394 955 1185 1182 1055 
9395 1319 1197 967 1291 
9396 962 1090 1285 1055 
9397 1168 941 1171 1170 
9398 1150 1139 920 1254 
9399 1254 1139 920 1024 
9400 1126 1210 980 919 
9401 1126 1149 1210 919 
9402 1092 1253 1231 1023 
9403 926 1121 1156 1244 
9404 1216 1039 1231 986 
9405 962 1185 955 1055 
9406 926 1121 1244 1014 
9407 1076 1043 1322 1274 
9408 1051 1186 1022 956 
9409 1231 1001 986 1039 
9410 1247 980 1211 1017 
9411 1051 1281 1186 932 
9412 1060 1255 1254 1025 
9413 1140 1158 1142 928 
9414 1129 1157 927 1127 
9415 980 1127 1210 1126 
9416 1254 1140 1139 1024 
9417 1227 998 1005 1235 
9418 1238 1013 1014 1008 
9419 976 974 1208 1204 
9420 1174 943 942 944 
9421 1051 934 1281 932 
9422 1154 1310 1080 1208 
9423 1122 1244 1121 1014 
9424 1271 971 974 1041 
9425 998 1232 1230 1002 
9426 934 1281 937 1051 
9427 1307 1094 1077 1093 
9428 972 1025 1255 1060 
9429 1287 1101 1099 1057 
9430 1211 1247 1017 1250 
9431 1152 1292 1318 922 
9432 1232 1230 1002 1291 
9433 1230 1061 1002 1291 
9434 1238 1006 1013 1008 
9435 1041 971 1202 1271 
9436 1301 1233 1282 1052 
9437 1186 1311 1081 1284 
9438 1176 944 947 946 
9439 928 1254 1255 1025 
9440 980 927 1017 1247 
9441 1184 1180 950 1182 
9442 1238 1014 1063 1008 
9443 1023 1253 1215 999 
9444 1170 943 942 1173 
9445 1267 1299 1265 1035 
9446 1182 1180 950 949 
9447 1192 1292 1320 962 
9448 943 1174 942 1173 
9449 1205 976 977 1206 
9450 1244 1122 1293 1063 
9451 1271 1208 974 1204 
9452 1183 953 1055 1072 
9453 1192 1285 1185 962 
9454 1180 1042 1184 950 
9455 1227 1005 1236 1235 
9456 1049 1279 977 1056 
9457 1186 1081 956 1284 
9458 1115 1116 1309 1079 
9459 1244 1122 1063 1014 
9460 962 955 1185 958 
9461 1237 1309 1151 1079 
9462 1186 1311 1022 1081 
9463 1140 1254 928 1024 
9464 1127 1157 980 1210 
9465 1197 1042 1319 967 
9466 944 1176 947 1174 
9467 1140 1254 1158 928 
9468 980 927 1157 1127 
9469 1020 1017 1019 1250 
9470 1043 1171 1168 941 
9471 1285 1192 1320 962 
9472 1089 1319 967 1061 
9473 1294 1075 1068 1064 
9474 1202 1027 972 1041 
9475 1262 1292 1287 1032 
9476 958 955 1185 957 
9477 1073 977 1303 1031 
9478 1235 998 1239 1228 
9479 1061 1070 1083 1291 
9480 1202 1027 1255 972 
9481 1180 1042 1181 1272 
9482 1073 977 976 1303 
9483 1237 1159 1309 1079 
9484 1081 1022 1186 956 
9485 1291 1230 1061 1267 
9486 1042 1319 1272 1197 
9487 977 1205 1206 1207 
9488 990 1233 988 1003 
9489 1229 1215 1253 999 
9490 1257 1307 1077 1154 
9491 1078 1249 1308 1153 
9492 1000 1267 1035 1037 
9493 942 941 940 1170 
9494 1253 1023 1252 999 
9495 1021 1081 1311 1153 
9496 1044 1299 1069 1091 
9497 962 1185 1192 958 
9498 958 1185 1192 1188 
9499 1022 1311 1021 1081 
9500 1037 1299 1035 1069 
9501 1003 990 1233 1052 
9502 1233 1301 1071 1052 
9503 1055 1285 1183 1072 
9504 1229 1250 1020 1021 
9505 1286 1279 1280 1056 
9506 1057 1260 1287 1032 
9507 1204 1208 976 1206 
9508 1055 1090 1285 1072 
9509 927 1018 1017 1247 
9510 1000 1061 1267 1037 
9511 1303 1147 1073 1031 
9512 1232 1002 1313 1291 
9513 1083 1002 1061 1291 
9514 1081 923 1054 1284 
9515 1043 1076 937 1274 
9516 1274 1306 937 1167 
9517 1188 958 1185 1187 
9518 1286 1280 1183 1056 
9519 1133 1134 1054 1284 
9520 928 1255 1026 1025 
9521 1092 1231 1304 1001 
9522 1192 1318 1292 962 
9523 1114 1312 1116 1082 
9524 1077 1307 1257 1026 
9525 1005 1236 1237 1006 
9526 949 1180 1177 1179 
9527 1181 1299 1037 1069 
9528 1101 1287 922 1057 
9529 1061 1319 967 1291 
9530 1019 1020 1250 1021 
9531 929 1008 1238 1063 
9532 1078 1249 1248 1308 
9533 1070 1300 1196 1145 
9534 1073 976 979 1303 
9535 1042 1089 1319 967 
9536 1022 1281 1186 1051 
9537 1237 1236 1238 1006 
9538 1183 953 1072 1056 
9539 1320 1292 1262 1032 
9540 1229 1253 1252 999 
9541 927 1018 1247 1248 
9542 1322 1306 1076 1274 
9543 1301 1071 1269 1233 
9544 1285 1302 1183 1072 
9545 1228 998 1239 1232 
9546 931 1284 1136 1161 
9547 1084 1157 1248 927 
9548 923 1081 1153 1284 
9549 1093 1310 1080 1154 
9550 1302 1285 1320 1072 
9551 1054 956 1081 1284 
9552 1173 1172 942 1170 
9553 1322 1043 1304 1274 
9554 1023 1252 1076 1253 
9555 928 1158 1315 1026 
9556 1173 942 1172 1174 
9557 957 958 1067 1187 
9558 1044 944 1174 945 
9559 1255 1256 1158 1026 
9560 1082 1151 1239 1312 
9561 1147 1073 979 1303 
9562 976 974 978 1208 
9563 1089 1319 1061 1037 
9564 1299 1044 1273 1321 
9565 1116 1151 1309 1079 
9566 1308 1135 1078 1153 
9567 1093 1077 1307 1154 
9568 921 1005 1235 1237 
9569 988 1218 1268 1233 
9570 1208 1041 1154 1271 
9571 924 978 1041 1154 
9572 1197 1300 1196 1070 
9573 1080 1209 1208 1310 
9574 1299 1181 1044 1069 
9575 944 942 1174 945 
9576 1095 1310 1080 1093 
9577 1279 1207 977 1286 
9578 1287 1152 1101 922 
9579 1208 974 1041 1271 
9580 1206 976 977 1303 
9581 1299 1037 1035 1267 
9582 1293 929 1063 1086 
9583 1041 1208 1154 978 
9584 1233 1071 1003 1052 
9585 998 1235 1239 1005 
9586 974 1041 978 1208 
9587 941 1172 1171 1170 
9588 1253 1023 1092 1076 
9589 1313 1002 1010 1083 
9590 930 1064 1075 1294 
9591 1071 1175 1091 1301 
9592 1018 1247 1019 1017 
9593 924 1041 1027 1154 
9594 1041 1257 1154 1271 
9595 1151 921 1235 1237 
9596 1064 930 1087 1294 
9597 1026 1255 1027 1025 
9598 1293 1159 1238 929 
9599 978 924 1080 1154 
9600 1019 1247 1250 1017 
9601 1068 1064 1109 1294 
9602 1157 1084 1248 1314 
9603 1202 1257 1041 1271 
9604 1255 1027 1025 972 
9605 937 1306 1281 1167 
9606 1216 1039 988 1268 
9607 1020 1229 1021 999 
9608 1236 1005 1237 1235 
9609 1154 1080 978 1208 
9610 1021 1229 1252 999 
9611 1133 1054 923 1284 
9612 1175 1273 1044 1321 
9613 1312 1151 1116 1082 
9614 928 1315 1085 1026 
9615 1299 1267 1181 1037 
9616 1005 1239 921 1235 
9617 1249 1247 1019 1248 
9618 1296 1108 1106 1066 
9619 1207 1303 977 1261 
9620 1007 1008 1238 929 
9621 1175 1071 1269 1301 
9622 1181 950 1042 1180 
9623 1262 1287 1260 1032 
9624 1247 1019 1250 1249 
9625 1019 1078 923 1153 
9626 1252 1281 1186 1022 
9627 1238 1006 1008 1007 
9628 1177 1176 947 949 
9629 1286 1207 977 1261 
9630 1303 977 1206 1207 
9631 1261 1302 1032 1072 
9632 1291 1061 1319 1267 
9633 1188 1067 1187 1297 
9634 1261 1262 1260 1032 
9635 1286 977 1279 1056 
9636 1247 1018 1019 1248 
9637 1208 979 976 1206 
9638 1039 1216 1231 1268 
9639 1043 1171 1304 1274 
9640 1206 979 976 1303 
9641 924 1027 1077 1154 
9642 1233 1071 1040 1003 
9643 1302 1262 1261 1032 
9644 1099 1260 1287 1057 
9645 1253 1076 1306 1252 
9646 1239 1151 921 1235 
9647 1306 937 1076 1274 
9648 1022 1252 1023 999 
9649 1257 1041 1154 1027 
9650 1151 921 1237 1079 
9651 1261 1072 1286 1302 
9652 1302 1286 1183 1072 
9653 1078 1019 1249 1153 
9654 921 1005 1237 1007 
9655 1027 1257 1255 1026 
9656 1257 1256 1255 1026 
9657 1174 1273 1044 1175 
9658 1172 1171 1269 941 
9659 1202 1257 1027 1041 
9660 1189 1194 1187 959 
9661 1181 1044 1273 1299 
9662 947 944 1174 1044 
9663 1153 1133 923 1284 
9664 1054 931 1284 1136 
9665 941 942 1172 1170 
9666 929 1293 1316 1086 
9667 1267 1061 1319 1037 
9668 1027 1202 1255 1257 
9669 998 1002 1009 1232 
9670 1081 1021 923 1153 
9671 1115 1309 1159 1079 
9672 1175 1091 1044 945 
9673 1009 1239 1005 998 
9674 1032 1302 1320 1072 
9675 957 1187 1194 959 
9676 1174 1177 1176 947 
9677 1160 1087 1294 1317 
9678 1239 1312 1240 1082 
9679 1022 1076 1281 1051 
9680 1262 1302 1320 1032 
9681 1171 1304 1269 941 
9682 923 1021 1019 1153 
9683 1152 1103 1101 922 
9684 921 1009 1239 1005 
9685 950 1177 949 1180 
9686 958 1188 1067 1187 
9687 1006 1237 1005 1007 
9688 1257 1077 1027 1154 
9689 1056 1286 977 1031 
9690 1306 1076 1253 1322 
9691 1044 1273 1177 1181 
9692 1007 1238 1237 929 
9693 1159 1237 1238 929 
9694 966 967 1197 1070 
9695 1076 1252 1281 1306 
9696 1019 1250 1249 1021 
9697 1145 1070 1300 1313 
9698 1249 1078 1248 1019 
9699 1002 1010 1009 1232 
9700 1007 1237 921 1079 
9701 945 1174 1044 1175 
9702 1006 1238 1237 1007 
9703 1284 1134 1054 1136 
9704 1151 1082 1239 921 
9705 950 1181 1177 1180 
9706 1021 1249 1019 1153 
9707 1231 1001 1039 1304 
9708 1175 1071 1091 945 
9709 976 978 979 1208 
9710 945 1269 942 1175 
9711 1071 1040 1269 1233 
9712 1311 1252 1186 1022 
9713 942 1172 1269 941 
9714 1160 1075 1294 930 
9715 1252 1022 1021 999 
9716 1252 1251 1229 1021 
9717 942 1174 945 1175 
9718 1252 1023 1076 1022 
9719 1229 1251 1250 1021 
9720 1018 1078 1019 1248 
9721 1237 1159 1079 929 
9722 1079 1007 1237 929 
9723 1056 1072 1286 1031 
9724 1087 1160 1294 930 
9725 1040 1039 1233 1003 
9726 951 950 1042 1181 
9727 1037 951 1181 1069 
9728 1072 1286 1183 1056 
9729 1027 1077 1257 1026 
9730 1256 1257 1307 1026 
9731 1076 937 1281 1051 
9732 945 1071 1269 1175 
9733 1269 1172 942 1175 
9734 1261 1303 977 1031 
9735 1174 942 1172 1175 
9736 959 967 1197 966 
9737 1261 977 1286 1031 
9738 1181 1319 1089 1037 
9739 1093 924 1077 1154 
9740 1252 1311 1251 1021 
9741 1311 1022 1021 1252 
9742 1042 1319 1181 1272 
9743 1021 1311 1251 1153 
9744 1018 927 1084 1248 
9745 959 1196 1197 1189 
9746 1057 1030 1260 1032 
9747 1009 1239 998 1232 
9748 1305 1294 1068 1298 
9749 1075 1294 1068 1305 
9750 1009 1239 1082 921 
9751 1174 1273 1177 1044 
9752 1080 924 1093 1154 
9753 1306 937 1281 1076 
9754 1002 1313 1010 1232 
9755 1030 1261 1032 1031 
9756 1261 1030 1032 1260 
9757 1251 1249 1250 1021 
9758 1233 1039 988 1003 
9759 1151 1116 1082 921 
9760 1072 1032 1261 1031 
9761 1251 1249 1021 1153 
9762 1040 942 1269 941 
9763 941 1171 1304 1043 
9764 1147 1303 1261 1031 
9765 1256 1315 1158 1026 
9766 1147 917 1073 1031 
9767 1252 1076 1281 1022 
9768 1072 1261 1286 1031 
9769 1151 1116 921 1079 
9770 1269 945 942 1040 
9771 951 1044 1181 1069 
9772 1239 1009 1010 1232 
9773 1074 1304 1001 1092 
9774 1269 1039 1268 1233 
9775 978 1080 979 1208 
9776 1147 1261 1030 1031 
9777 1147 1261 1260 1030 
9778 1030 917 1147 1031 
9779 950 1177 947 949 
9780 1040 1269 1304 941 
9781 1074 1040 1304 941 
9782 1040 1039 1269 1233 
9783 1071 1269 1040 945 
9784 1319 1089 1042 1181 
9785 1077 1094 1307 1026 
9786 1181 950 1177 951 
9787 1177 951 950 947 
9788 1313 1145 1070 1083 
9789 1074 1304 1092 1043 
9790 951 1044 1177 1181 
9791 1177 947 1044 951 
9792 1269 1268 1039 1304 
9793 1039 1233 988 1268 
9794 1010 1145 1313 1083 
9795 1308 1078 1135 1248 
9796 1159 1293 1316 929 
9797 1039 1269 1304 1040 
9798 1040 1304 1039 1074 
9799 1319 1181 1267 1037 
9800 1073 1147 979 917 
9801 1248 1084 1132 1314 
9802 1240 1239 1010 1232 
9803 1009 1082 1239 1010 
9804 1315 1096 1085 1026 
9805 1208 1209 979 1206 
9806 1188 1193 963 1195 
9807 1080 1209 1310 1095 
9808 947 1174 1177 1044 
9809 1206 1209 979 1303 
9810 1187 1067 957 1194 
9811 1304 1074 941 1043 
9812 1075 1160 1294 1305 
9813 1297 1155 1067 1194 
9814 1155 1296 1066 1194 
9815 1260 1099 1030 1057 
9816 1147 979 1209 1303 
9817 1294 1109 1068 1298 
9818 1010 1313 1240 1232 
9819 1318 922 1088 2148 
9820 1188 963 958 1195 
9821 1194 1296 1066 1065 
9822 1097 917 979 1147 
9823 1159 1115 1079 929 
9824 1240 1239 1082 1010 
9825 1195 1155 1067 1297 
9826 1099 1098 1260 1030 
9827 1209 1080 1208 979 
9828 1181 1089 951 1037 
9829 1297 1067 1187 1194 
9830 1268 1231 1039 1304 
9831 1143 1142 1158 928 
9832 1316 1113 929 1086 
9833 1304 1001 1039 1074 
9834 1084 1018 1248 1132 
9835 1209 1097 979 1147 
9836 1114 1240 1312 1082 
9837 951 1042 1089 1181 
9838 1115 1159 1113 929 
9839 1096 1315 1256 1026 
9840 1084 1132 1314 1144 
9841 1096 1105 1315 1085 
9842 1113 1316 1117 1086 
9843 1318 1152 922 2148 
9844 1067 1188 1195 1297 
9845 1143 1158 1315 928 
9846 1147 1260 1098 1030 
9847 1098 917 1147 1030 
9848 1195 958 1188 1067 
9849 1147 1097 917 1098 
9850 1193 1305 963 1195 
9851 1240 1145 1313 1010 
9852 1131 1316 1293 1086 
9853 1085 1143 1315 928 
9854 1316 1113 1159 929 
9855 1298 1109 1068 1107 
9856 1112 1145 1240 1010 
9857 1196 966 1070 1145 
9858 915 1070 966 1145 
9859 1106 1155 1296 1066 
9860 1194 1189 1196 959 
9861 964 957 1194 959 
9862 965 958 963 1195 
9863 1294 1087 1118 1317 
9864 1296 1108 1066 1065 
9865 1068 965 1305 1298 
9866 1068 965 1075 1305 
9867 1155 965 1195 1067 
9868 1209 1080 979 1095 
9869 966 1197 1196 1070 
9870 1305 1193 963 2148 
9871 1068 965 1298 1155 
9872 1082 1114 1240 1010 
9873 965 963 1075 1305 
9874 1196 959 1197 966 
9875 1104 1087 1160 1317 
9876 1075 930 1160 2148 
9877 1155 1066 925 1194 
9878 1067 1155 925 1194 
9879 964 925 1066 1194 
9880 964 1067 925 1194 
9881 1066 964 1194 1065 
9882 1065 1194 1296 1295 
9883 1104 930 1100 1160 
9884 1104 1087 930 1160 
9885 925 965 1155 1067 
9886 915 1145 1010 1083 
9887 965 958 1195 1067 
9888 1145 915 1070 1083 
9889 1155 1068 1107 1298 
9890 1195 1305 965 1298 
9891 1067 964 957 1194 
9892 915 1145 1112 1010 
9893 1298 965 1195 1155 
9894 1114 1112 1240 1010 
9895 1305 965 963 1195 
9896 963 1075 1305 2148 
9897 963 1193 2147 2148 
9898 1283 188 1138 1289 
9899 1146 1161 1136 186 
9900 1141 1138 188 1289 
9901 1150 1141 1139 189 
9902 1283 187 1146 1137 
9903 1150 1289 1141 189 
9904 187 1283 1138 1137 
9905 1136 1146 186 1137 
9906 1137 103 916 1053 
9907 1137 1138 103 1053 
9908 1121 1120 1245 172 
9909 1245 1156 1121 172 
9910 1123 1124 1148 174 
9911 1123 1124 90 918 
9912 1148 1288 1123 174 
9913 918 90 1123 1058 
9914 1288 1123 173 1120 
9915 1120 173 1288 1245 
9916 1058 89 1123 1120 
9917 89 1058 1015 1120 
9918 1124 175 1125 1259 
9919 1124 175 1259 1148 
9920 1128 1149 177 1126 
9921 177 1246 1149 1128 
9922 176 1246 1128 1125 
9923 1125 176 1246 1259 
9924 1053 1138 104 1059 
9925 1059 1138 104 1141 
9926 91 1029 1124 1125 
9927 1124 1029 91 918 
9928 1160 1305 1075 2148 
9929 178 1210 1127 1126 
9930 1140 1139 190 1254 
9931 1127 980 94 1126 
9932 1139 1150 190 1254 
9933 1210 178 1149 1126 
9934 1126 980 94 919 
9935 915 1145 1111 1112 
9936 1107 1155 1106 925 
9937 1145 1110 915 1111 
9938 1121 171 1244 1122 
9939 171 1156 1121 1244 
9940 979 1097 1209 1095 
9941 1101 152 1287 1099 
9942 1099 1101 68 1057 
9943 1068 965 1155 925 
9944 1152 1103 922 2148 
9945 1142 107 1140 928 
9946 1157 1129 179 1127 
9947 191 1140 1158 1142 
9948 1129 927 95 1127 
9949 1119 1122 86 1063 
9950 1119 170 1122 1293 
9951 1126 93 1128 919 
9952 93 1128 919 1016 
9953 1066 1106 1155 925 
9954 1134 1133 184 1284 
9955 1134 1054 100 1133 
9956 1127 179 1157 1210 
9957 191 1140 1254 1158 
9958 928 107 1140 1024 
9959 1068 1155 1107 925 
9960 106 1139 1140 1024 
9961 1139 106 920 1024 
9962 927 980 95 1127 
9963 1134 1284 185 1136 
9964 1244 1122 170 1293 
9965 1063 1122 86 1014 
9966 1134 101 1054 1136 
9967 1284 185 1136 1161 
9968 105 920 1059 1139 
9969 1139 1059 105 1141 
9970 1296 1108 1065 1295 
9971 101 931 1054 1136 
9972 959 1196 1194 966 
9973 931 102 916 1137 
9974 102 931 1136 1137 
9975 959 1194 964 966 
9976 1121 88 1015 1120 
9977 88 1015 926 1121 
9978 1110 1065 1108 1295 
9979 930 1100 1160 2148 
9980 1122 1121 87 1014 
9981 1121 926 87 1014 
9982 966 1196 1295 1145 
9983 1295 915 966 1145 
9984 1065 915 966 1295 
9985 1016 92 1128 1125 
9986 92 1016 1029 1125 
9987 966 1196 1194 1295 
9988 966 1194 964 1065 
9989 1065 966 1194 1295 
9990 153 1152 1103 1101 
9991 1152 153 1287 1101 
9992 1260 1287 152 1099 
9993 1030 1099 68 1057 
9994 1153 184 1133 1284 
9995 1054 923 100 1133 
9996 1098 1260 151 1099 
9997 67 1098 1099 1030 
9998 1094 146 1307 1096 
9999 1094 1307 147 1093 
10000 1077 1094 63 1093 
10001 915 1295 1110 1145 
10002 1295 915 1110 1065 
10003 1135 99 1078 1133 
10004 1135 1078 98 1132 
10005 1108 160 1296 1106 
10006 1101 1103 69 922 
10007 1309 166 1116 1115 
10008 1106 1108 76 1066 
10009 922 69 1101 1057 
10010 1116 165 1312 1114 
10011 162 1110 1145 1111 
10012 1155 159 1107 1106 
10013 1093 1307 147 1154 
10014 924 1077 63 1093 
10015 923 1078 99 1133 
10016 1103 1152 154 2148 
10017 75 1107 1106 925 
10018 151 1147 1260 1098 
10019 1098 67 917 1030 
10020 922 1103 70 2148 
10021 1064 74 1068 1109 
10022 1109 74 1068 1107 
10023 158 1109 1294 1298 
10024 148 1310 1095 1093 
10025 1095 1080 64 1093 
10026 146 1256 1307 1096 
10027 1103 154 1102 2148 
10028 1112 1240 164 1114 
10029 1114 80 1112 1010 
10030 1298 158 1109 1107 
10031 1103 1102 70 2148 
10032 1116 1151 166 1309 
10033 1078 1018 98 1132 
10034 1209 1097 149 1095 
10035 1097 979 65 1095 
10036 1151 165 1312 1116 
10037 1115 82 1116 1079 
10038 1312 164 1240 1114 
10039 80 1114 1082 1010 
10040 1310 1209 149 1095 
10041 979 1080 65 1095 
10042 1087 1104 1118 1317 
10043 1114 1116 81 1082 
10044 148 1310 1093 1154 
10045 1080 924 64 1093 
10046 1131 1117 1316 1086 
10047 1144 1314 1084 1130 
10048 1105 1143 1315 1085 
10049 963 2147 1088 2148 
10050 1147 150 1097 1098 
10051 1097 66 917 1098 
10052 1110 78 915 1111 
10053 1100 71 1102 2148 
10054 1100 1102 155 2148 
10055 1100 930 71 2148 
10056 921 1116 82 1079 
10057 1111 1145 163 1112 
10058 1111 79 915 1112 
10059 1160 1100 155 2148 
10060 1107 1298 159 1155 
10061 1082 1116 81 921 
10062 1107 75 1068 925 
10063 1209 150 1097 1147 
10064 917 979 66 1097 
10065 1240 163 1145 1112 
10066 79 915 1112 1010 
10067 1258 154 1152 2148 
10068 160 1155 1296 1106 
10069 1028 922 70 2148 
10070 1066 76 1106 925 
10071 1063 85 1119 1086 
10072 162 1110 1295 1145 
10073 1318 2147 1193 2148 
10074 1129 1314 1157 180 
10075 73 1064 1087 1109 
10076 1131 1119 85 1086 
10077 1065 78 915 1110 
10078 1129 1130 1314 180 
10079 1258 1102 154 2148 
10080 96 1084 927 1129 
10081 1028 70 1102 2148 
10082 1258 1160 155 2148 
10083 930 1028 71 2148 
10084 1018 1084 97 1132 
10085 929 1113 84 1086 
10086 1085 1096 61 1026 
10087 181 1248 1132 1314 
10088 1113 1117 84 1086 
10089 1315 1256 145 1096 
10090 1113 168 1316 1159 
10091 962 1088 963 2147 
10092 1104 1100 156 1160 
10093 168 1316 1117 1113 
10094 1118 73 1087 1109 
10095 1109 1118 157 1294 
10096 1132 1084 97 1144 
10097 1096 61 1105 1085 
10098 1318 1258 1152 2148 
10099 1028 1088 922 2148 
10100 195 1117 1131 1086 
10101 1084 196 1144 1130 
10102 1105 193 1143 1085 
10103 1087 1104 194 1118 
10104 1105 1315 145 1096 
10105 1132 181 1314 1144 
10106 1084 96 1130 1129 
10107 7 1117 195 1086 
10108 196 1084 8 1130 
10109 5 1143 193 1085 
10110 196 8 1084 1144 
10111 195 1131 7 1086 
10112 1105 5 193 1085 
10113 1028 1102 71 2148 
10114 1258 155 1102 2148 
10115 6 1087 1104 194 
10116 6 1087 194 1118 
10117 1160 156 1104 1317 
10118 1294 1118 157 1317 
10119 194 1104 10 1118 
10120 108 107 1142 928 
10121 1117 1131 11 195 
10122 1144 196 12 1130 
10123 193 1143 9 1105 
10124 1139 1150 189 190 
10125 172 1156 1121 171 
10126 187 1283 188 1138 
10127 188 1141 1289 189 
10128 187 186 1146 1137 
10129 185 1136 1161 186 
10130 1245 1120 173 172 
10131 1124 175 1148 174 
10132 173 1123 1288 174 
10133 90 89 1123 1058 
10134 175 176 1125 1259 
10135 178 177 1149 1126 
10136 177 1246 1128 176 
10137 104 103 1138 1053 
10138 1210 1127 179 178 
10139 190 191 1140 1254 
10140 1157 1129 180 179 
10141 1158 192 191 1142 
10142 1124 91 90 918 
10143 94 95 980 1127 
10144 1287 153 152 1101 
10145 1119 86 85 1063 
10146 171 1244 1122 170 
10147 1119 169 170 1293 
10148 97 98 1018 1132 
10149 62 61 1096 1026 
10150 182 1248 1132 181 
10151 1258 1305 1160 2148 
10152 1075 1028 930 2148 
10153 1256 146 145 1096 
10154 184 1133 183 1153 
10155 99 100 923 1133 
10156 84 83 1113 929 
10157 155 154 1258 1102 
10158 1109 157 158 1294 
10159 1318 1193 1258 2148 
10160 1028 963 1088 2148 
10161 1028 70 71 1102 
10162 1126 94 93 919 
10163 1159 1113 168 167 
10164 1093 147 148 1154 
10165 924 63 64 1093 
10166 1116 1151 165 166 
10167 1097 149 150 1209 
10168 979 65 66 1097 
10169 107 106 1140 1024 
10170 1305 1258 1193 2148 
10171 1028 1075 963 2148 
10172 164 163 1240 1112 
10173 1112 80 79 1010 
10174 104 105 1059 1141 
10175 916 102 103 1137 
10176 931 101 102 1136 
10177 88 89 1015 1120 
10178 95 96 927 1129 
10179 69 68 1101 1057 
10180 1122 87 86 1014 
10181 1284 184 1134 185 
10182 1054 100 101 1134 
10183 1152 154 153 1103 
10184 1029 91 92 1125 
10185 1064 73 74 1109 
10186 1260 152 151 1099 
10187 68 67 1099 1030 
10188 1118 1104 10 1317 
10189 1117 11 1131 1316 
10190 1144 12 1314 1130 
10191 1143 1315 9 1105 
10192 1131 85 7 1086 
10193 5 108 1143 1085 
10194 71 72 930 1100 
10195 1087 72 6 1104 
10196 155 156 1100 1160 
10197 105 106 920 1139 
10198 1298 159 158 1107 
10199 1128 93 92 1016 
10200 1068 74 75 1107 
10201 87 88 926 1121 
10202 1116 82 81 921 
10203 1117 7 84 1086 
10204 1103 70 69 922 
10205 1105 61 5 1085 
10206 8 97 1084 1144 
10207 1087 6 73 1118 
10208 160 159 1155 1106 
10209 1084 96 8 1130 
10210 11 169 1131 1316 
10211 192 1315 9 1143 
10212 1130 12 1314 180 
10213 1104 156 10 1317 
10214 1118 10 157 1317 
10215 1318 1192 1193 2147 
10216 149 148 1310 1095 
10217 1080 64 65 1095 
10218 1147 151 150 1098 
10219 66 67 917 1098 
10220 76 75 1106 925 
10221 167 166 1309 1115 
10222 1307 147 146 1094 
10223 1094 63 62 1077 
10224 1296 161 160 1108 
10225 1108 77 76 1066 
10226 165 164 1312 1114 
10227 183 1308 1135 182 
10228 1316 1117 11 168 
10229 98 99 1078 1135 
10230 1110 161 162 1295 
10231 145 9 1315 1105 
10232 1314 181 12 1144 
10233 163 162 1145 1111 
10234 83 82 1115 1079 
10235 1114 81 80 1082 
10236 77 78 1065 1110 
10237 78 79 915 1111 
10238 962 1318 1088 2147 
10239 1192 1318 962 2147 
10240 1153 1135 183 1308 
10241 1153 183 1135 1133 
10242 1133 1078 1153 923 
10243 1133 1153 1078 1135 
10244 1129 1157 1084 927 
10245 1143 928 108 1142 
10246 108 928 1143 1085 
10247 1086 1119 1293 1131 
10248 1086 1293 1119 1063 
10249 1135 1248 182 1308 
10250 1135 182 1248 1132 
10251 1078 1132 1248 1018 
10252 1248 1132 1078 1135 
10253 1159 1115 167 1309 
10254 167 1115 1159 1113 
10255 1115 929 83 1079 
10256 83 929 1115 1113 
10257 1307 1096 1026 1094 
10258 1026 1096 1307 1256 
10259 1026 1094 62 1077 
10260 1026 62 1094 1096 
10261 1314 1129 1084 1130 
10262 1084 1129 1314 1157 
10263 1158 1143 192 1142 
10264 192 1143 1158 1315 
10265 1131 1293 169 1119 
10266 169 1293 1131 1316 
10267 1104 930 72 1100 
10268 1104 72 930 1087 
10269 1295 1108 161 1296 
10270 1295 161 1108 1110 
10271 1108 1065 77 1066 
10272 77 1065 1108 1110 
10273 1087 1109 1294 1118 
10274 1294 1109 1087 1064 
10275 962 2147 958 1192 
10276 958 2147 962 963 
10277 2147 1188 958 1192 
10278 958 1188 2147 963 
10279 2147 1193 1188 1192 
10280 1188 1193 2147 963 
$EndElements
